{
"type": "FeatureCollection",
"name": "land_use_by_zip",
"crs": { "type": "name", "properties": { "name": "urn:ogc:def:crs:OGC:1.3:CRS84" } },
"features": [
{ "type": "Feature", "properties": { "zipcode": "10152", "total_parcels": 1, "total_lot_area": 0.0, "total_bldg_area": 0.0, "total_built_far": 0.0, "avg_far": null, "dominant_landuse": "one_&_two_family", "pct_one_&_two_family": 0.0, "pct_multi-family_walk-up": 0.0, "pct_multi-family_elevator": 0.0, "pct_mixed_residential_&_commercial": 0.0, "pct_commercial_&_office": 0.0, "pct_industrial": 0.0, "pct_transportation_&_utility": 0.0, "pct_public_facilities_&_institutions": 0.0, "pct_open_space_&_outdoor_recreation": 0.0, "pct_parking_facilities": 0.0, "pct_vacant_land": 0.0 }, "geometry": { "type": "Polygon", "coordinates": [ [ [ -73.97261, 40.75906 ], [ -73.97099, 40.75837 ], [ -73.97307, 40.75843 ], [ -73.97261, 40.75906 ] ] ] } },
{ "type": "Feature", "properties": { "zipcode": "11229", "total_parcels": 12052, "total_lot_area": 38452431.0, "total_bldg_area": 41125673.0, "total_built_far": 10678.45, "avg_far": 1.07, "dominant_landuse": "one_&_two_family", "pct_one_&_two_family": 60.5253, "pct_multi-family_walk-up": 6.0888, "pct_multi-family_elevator": 13.8103, "pct_mixed_residential_&_commercial": 4.2827, "pct_commercial_&_office": 3.923, "pct_industrial": 0.0332, "pct_transportation_&_utility": 1.5525, "pct_public_facilities_&_institutions": 5.1765, "pct_open_space_&_outdoor_recreation": 0.9863, "pct_parking_facilities": 0.6959, "pct_vacant_land": 2.6802 }, "geometry": { "type": "Polygon", "coordinates": [ [ [ -73.96238, 40.60999 ], [ -73.95071, 40.61125 ], [ -73.95015, 40.61329 ], [ -73.94483, 40.61605 ], [ -73.94443, 40.61408 ], [ -73.93754, 40.60856 ], [ -73.93973, 40.60713 ], [ -73.92813, 40.59778 ], [ -73.92957, 40.59682 ], [ -73.91766, 40.58561 ], [ -73.92595, 40.58501 ], [ -73.92797, 40.58876 ], [ -73.93073, 40.58963 ], [ -73.92986, 40.59372 ], [ -73.93243, 40.59524 ], [ -73.959, 40.59178 ], [ -73.96238, 40.60999 ] ] ] } },
{ "type": "Feature", "properties": { "zipcode": "11363", "total_parcels": 2169, "total_lot_area": 19073416.0, "total_bldg_area": 5152168.0, "total_built_far": 873.27, "avg_far": 0.27, "dominant_landuse": "one_&_two_family", "pct_one_&_two_family": 58.6113, "pct_multi-family_walk-up": 1.5806, "pct_multi-family_elevator": 0.8627, "pct_mixed_residential_&_commercial": 1.0672, "pct_commercial_&_office": 2.1244, "pct_industrial": 0.0, "pct_transportation_&_utility": 4.4334, "pct_public_facilities_&_institutions": 2.6273, "pct_open_space_&_outdoor_recreation": 19.6004, "pct_parking_facilities": 1.0287, "pct_vacant_land": 8.0164 }, "geometry": { "type": "Polygon", "coordinates": [ [ [ -73.75557, 40.77153 ], [ -73.75337, 40.77321 ], [ -73.75552, 40.7777 ], [ -73.75077, 40.78264 ], [ -73.73396, 40.77245 ], [ -73.74045, 40.76606 ], [ -73.74877, 40.76408 ], [ -73.75072, 40.76651 ], [ -73.75371, 40.76566 ], [ -73.75557, 40.77153 ] ] ] } },
{ "type": "Feature", "properties": { "zipcode": "11422", "total_parcels": 6880, "total_lot_area": 38906376.0, "total_bldg_area": 12515913.0, "total_built_far": 2979.47, "avg_far": 0.32, "dominant_landuse": "one_&_two_family", "pct_one_&_two_family": 62.6236, "pct_multi-family_walk-up": 4.3038, "pct_multi-family_elevator": 0.0, "pct_mixed_residential_&_commercial": 0.6832, "pct_commercial_&_office": 2.3591, "pct_industrial": 1.0338, "pct_transportation_&_utility": 6.8828, "pct_public_facilities_&_institutions": 2.1391, "pct_open_space_&_outdoor_recreation": 14.0399, "pct_parking_facilities": 0.5801, "pct_vacant_land": 4.9212 }, "geometry": { "type": "Polygon", "coordinates": [ [ [ -73.75202, 40.64666 ], [ -73.74835, 40.64536 ], [ -73.74642, 40.64814 ], [ -73.74655, 40.65255 ], [ -73.74892, 40.65343 ], [ -73.74701, 40.65737 ], [ -73.74858, 40.65759 ], [ -73.74487, 40.66369 ], [ -73.73856, 40.6664 ], [ -73.74222, 40.66723 ], [ -73.73222, 40.68512 ], [ -73.72586, 40.68322 ], [ -73.72833, 40.66304 ], [ -73.72505, 40.65234 ], [ -73.74144, 40.64689 ], [ -73.74228, 40.64012 ], [ -73.73996, 40.63514 ], [ -73.74265, 40.63504 ], [ -73.7412, 40.63759 ], [ -73.7433, 40.63805 ], [ -73.748, 40.63463 ], [ -73.74637, 40.64152 ], [ -73.74872, 40.64502 ], [ -73.75202, 40.64666 ] ] ] } },
{ "type": "Feature", "properties": { "zipcode": "10005", "total_parcels": 65, "total_lot_area": 1515637.0, "total_bldg_area": 28120834.0, "total_built_far": 1075.68, "avg_far": 18.55, "dominant_landuse": "commercial_&_office", "pct_one_&_two_family": 0.0, "pct_multi-family_walk-up": 0.0, "pct_multi-family_elevator": 8.5666, "pct_mixed_residential_&_commercial": 18.5897, "pct_commercial_&_office": 55.8215, "pct_industrial": 0.0, "pct_transportation_&_utility": 11.1785, "pct_public_facilities_&_institutions": 2.2795, "pct_open_space_&_outdoor_recreation": 0.3348, "pct_parking_facilities": 0.0, "pct_vacant_land": 0.0 }, "geometry": { "type": "Polygon", "coordinates": [ [ [ -74.01251, 40.70677 ], [ -74.00913, 40.70929 ], [ -74.00475, 40.70523 ], [ -74.00798, 40.70319 ], [ -74.00903, 40.70531 ], [ -74.01251, 40.70677 ] ] ] } },
{ "type": "Feature", "properties": { "zipcode": "10170", "total_parcels": 1, "total_lot_area": 68302.0, "total_bldg_area": 1044054.0, "total_built_far": 15.29, "avg_far": 15.29, "dominant_landuse": "commercial_&_office", "pct_one_&_two_family": 0.0, "pct_multi-family_walk-up": 0.0, "pct_multi-family_elevator": 0.0, "pct_mixed_residential_&_commercial": 0.0, "pct_commercial_&_office": 100.0, "pct_industrial": 0.0, "pct_transportation_&_utility": 0.0, "pct_public_facilities_&_institutions": 0.0, "pct_open_space_&_outdoor_recreation": 0.0, "pct_parking_facilities": 0.0, "pct_vacant_land": 0.0 }, "geometry": { "type": "Polygon", "coordinates": [ [ [ -73.97711, 40.75188 ], [ -73.9757, 40.75381 ], [ -73.97465, 40.75337 ], [ -73.97605, 40.75144 ], [ -73.97711, 40.75188 ] ] ] } },
{ "type": "Feature", "properties": { "zipcode": "10312", "total_parcels": 19553, "total_lot_area": 143330219.0, "total_bldg_area": 36640247.0, "total_built_far": 11854.11, "avg_far": 0.26, "dominant_landuse": "one_&_two_family", "pct_one_&_two_family": 51.2241, "pct_multi-family_walk-up": 1.0065, "pct_multi-family_elevator": 0.0, "pct_mixed_residential_&_commercial": 0.4982, "pct_commercial_&_office": 3.1115, "pct_industrial": 0.0437, "pct_transportation_&_utility": 8.7379, "pct_public_facilities_&_institutions": 2.5951, "pct_open_space_&_outdoor_recreation": 17.9699, "pct_parking_facilities": 0.3005, "pct_vacant_land": 14.1954 }, "geometry": { "type": "Polygon", "coordinates": [ [ [ -74.21316, 40.55484 ], [ -74.20515, 40.55735 ], [ -74.20703, 40.55762 ], [ -74.19836, 40.56224 ], [ -74.19067, 40.57076 ], [ -74.18956, 40.57627 ], [ -74.18939, 40.57256 ], [ -74.18429, 40.57285 ], [ -74.17957, 40.57105 ], [ -74.17659, 40.56324 ], [ -74.16983, 40.56108 ], [ -74.16962, 40.56624 ], [ -74.16545, 40.56672 ], [ -74.16444, 40.56525 ], [ -74.16589, 40.56028 ], [ -74.16287, 40.55696 ], [ -74.16399, 40.55591 ], [ -74.1616, 40.54672 ], [ -74.15937, 40.54733 ], [ -74.15833, 40.54434 ], [ -74.15221, 40.53814 ], [ -74.1461, 40.53552 ], [ -74.15643, 40.52894 ], [ -74.17201, 40.52326 ], [ -74.17753, 40.51929 ], [ -74.18382, 40.52085 ], [ -74.18767, 40.51946 ], [ -74.19114, 40.52686 ], [ -74.19323, 40.526 ], [ -74.19564, 40.52924 ], [ -74.19454, 40.53062 ], [ -74.19608, 40.52991 ], [ -74.19748, 40.53242 ], [ -74.20289, 40.53171 ], [ -74.19858, 40.53448 ], [ -74.20109, 40.54109 ], [ -74.2031, 40.54429 ], [ -74.20613, 40.54354 ], [ -74.21094, 40.55506 ], [ -74.21316, 40.55484 ] ] ] } },
{ "type": "Feature", "properties": { "zipcode": "11357", "total_parcels": 9813, "total_lot_area": 57125615.0, "total_bldg_area": 26768499.0, "total_built_far": 4908.75, "avg_far": 0.47, "dominant_landuse": "one_&_two_family", "pct_one_&_two_family": 66.8921, "pct_multi-family_walk-up": 9.6452, "pct_multi-family_elevator": 2.7578, "pct_mixed_residential_&_commercial": 0.8486, "pct_commercial_&_office": 4.0275, "pct_industrial": 2.2155, "pct_transportation_&_utility": 0.4339, "pct_public_facilities_&_institutions": 4.7711, "pct_open_space_&_outdoor_recreation": 3.8195, "pct_parking_facilities": 0.6344, "pct_vacant_land": 3.9134 }, "geometry": { "type": "Polygon", "coordinates": [ [ [ -73.83215, 40.79005 ], [ -73.8279, 40.79296 ], [ -73.82946, 40.79682 ], [ -73.82514, 40.79734 ], [ -73.8205, 40.80101 ], [ -73.8137, 40.79708 ], [ -73.81223, 40.79812 ], [ -73.79641, 40.79573 ], [ -73.79442, 40.7948 ], [ -73.79374, 40.78905 ], [ -73.79253, 40.78879 ], [ -73.79266, 40.79052 ], [ -73.79058, 40.78813 ], [ -73.79509, 40.78585 ], [ -73.79106, 40.77903 ], [ -73.79197, 40.77718 ], [ -73.79061, 40.77522 ], [ -73.79338, 40.77348 ], [ -73.82167, 40.77686 ], [ -73.82853, 40.77601 ], [ -73.82528, 40.7817 ], [ -73.82679, 40.78167 ], [ -73.8269, 40.78465 ], [ -73.83059, 40.78464 ], [ -73.83215, 40.79005 ] ] ] } },
{ "type": "Feature", "properties": { "zipcode": "11413", "total_parcels": 9914, "total_lot_area": 66322950.0, "total_bldg_area": 18816526.0, "total_built_far": 4461.27, "avg_far": 0.28, "dominant_landuse": "one_&_two_family", "pct_one_&_two_family": 51.2829, "pct_multi-family_walk-up": 0.9541, "pct_multi-family_elevator": 0.0, "pct_mixed_residential_&_commercial": 0.3677, "pct_commercial_&_office": 1.6033, "pct_industrial": 5.1367, "pct_transportation_&_utility": 5.2621, "pct_public_facilities_&_institutions": 2.5753, "pct_open_space_&_outdoor_recreation": 30.5488, "pct_parking_facilities": 0.4418, "pct_vacant_land": 1.7888 }, "geometry": { "type": "Polygon", "coordinates": [ [ [ -73.76819, 40.66174 ], [ -73.7655, 40.66166 ], [ -73.76353, 40.66629 ], [ -73.76713, 40.6667 ], [ -73.76364, 40.66717 ], [ -73.76225, 40.67194 ], [ -73.76405, 40.67285 ], [ -73.76368, 40.67475 ], [ -73.76203, 40.67395 ], [ -73.75806, 40.67558 ], [ -73.76073, 40.6851 ], [ -73.7495, 40.68814 ], [ -73.74812, 40.69013 ], [ -73.7324, 40.68467 ], [ -73.74222, 40.66723 ], [ -73.73856, 40.6664 ], [ -73.74487, 40.66369 ], [ -73.74858, 40.65759 ], [ -73.74701, 40.65737 ], [ -73.74892, 40.65343 ], [ -73.74655, 40.65255 ], [ -73.74587, 40.65044 ], [ -73.74835, 40.64536 ], [ -73.76735, 40.65616 ], [ -73.76582, 40.6563 ], [ -73.76796, 40.66035 ], [ -73.76603, 40.66039 ], [ -73.76819, 40.66174 ] ] ] } },
{ "type": "Feature", "properties": { "zipcode": "10282", "total_parcels": 18, "total_lot_area": 3022223.0, "total_bldg_area": 7465705.0, "total_built_far": 270.31, "avg_far": 2.47, "dominant_landuse": "commercial_&_office", "pct_one_&_two_family": 0.0, "pct_multi-family_walk-up": 0.0, "pct_multi-family_elevator": 3.3118, "pct_mixed_residential_&_commercial": 3.9213, "pct_commercial_&_office": 7.2382, "pct_industrial": 0.0, "pct_transportation_&_utility": 0.0, "pct_public_facilities_&_institutions": 2.9214, "pct_open_space_&_outdoor_recreation": 0.0, "pct_parking_facilities": 0.0, "pct_vacant_land": 0.0 }, "geometry": { "type": "Polygon", "coordinates": [ [ [ -74.01761, 40.71365 ], [ -74.01671, 40.7187 ], [ -74.01229, 40.71904 ], [ -74.0137, 40.71367 ], [ -74.0162, 40.71477 ], [ -74.01761, 40.71365 ] ] ] } },
{ "type": "Feature", "properties": { "zipcode": "10465", "total_parcels": 8163, "total_lot_area": 87439073.0, "total_bldg_area": 24448695.0, "total_built_far": 5412.34, "avg_far": 0.28, "dominant_landuse": "open_space_&_outdoor_recreation", "pct_one_&_two_family": 31.5346, "pct_multi-family_walk-up": 4.0289, "pct_multi-family_elevator": 2.666, "pct_mixed_residential_&_commercial": 0.7652, "pct_commercial_&_office": 2.1829, "pct_industrial": 2.3716, "pct_transportation_&_utility": 0.2309, "pct_public_facilities_&_institutions": 8.6047, "pct_open_space_&_outdoor_recreation": 34.1439, "pct_parking_facilities": 0.4912, "pct_vacant_land": 12.711 }, "geometry": { "type": "Polygon", "coordinates": [ [ [ -73.84281, 40.82864 ], [ -73.83739, 40.83012 ], [ -73.83844, 40.83513 ], [ -73.83723, 40.83557 ], [ -73.83531, 40.83389 ], [ -73.83224, 40.83527 ], [ -73.82836, 40.83328 ], [ -73.82591, 40.83463 ], [ -73.82549, 40.84584 ], [ -73.82698, 40.85 ], [ -73.82561, 40.85427 ], [ -73.82724, 40.85919 ], [ -73.81881, 40.86248 ], [ -73.82077, 40.86008 ], [ -73.81429, 40.86115 ], [ -73.81247, 40.85877 ], [ -73.81203, 40.85392 ], [ -73.81605, 40.85384 ], [ -73.81677, 40.85221 ], [ -73.81488, 40.84928 ], [ -73.81567, 40.84625 ], [ -73.81345, 40.84379 ], [ -73.8185, 40.84415 ], [ -73.81567, 40.84242 ], [ -73.81474, 40.83909 ], [ -73.81641, 40.83593 ], [ -73.81287, 40.82771 ], [ -73.81374, 40.82408 ], [ -73.80723, 40.82545 ], [ -73.80573, 40.82018 ], [ -73.79758, 40.81582 ], [ -73.8028, 40.81248 ], [ -73.80707, 40.81653 ], [ -73.80499, 40.81222 ], [ -73.80245, 40.81011 ], [ -73.79107, 40.80738 ], [ -73.79021, 40.80504 ], [ -73.79464, 40.80448 ], [ -73.80146, 40.80893 ], [ -73.80393, 40.80853 ], [ -73.81001, 40.81311 ], [ -73.81686, 40.81369 ], [ -73.82957, 40.81107 ], [ -73.8319, 40.80886 ], [ -73.83196, 40.80486 ], [ -73.83798, 40.80623 ], [ -73.84043, 40.81187 ], [ -73.83865, 40.82197 ], [ -73.84281, 40.82864 ] ] ] } },
{ "type": "Feature", "properties": { "zipcode": "11693", "total_parcels": 1966, "total_lot_area": 35195544.0, "total_bldg_area": 6327988.0, "total_built_far": 1051.47, "avg_far": 0.18, "dominant_landuse": "open_space_&_outdoor_recreation", "pct_one_&_two_family": 15.6081, "pct_multi-family_walk-up": 1.485, "pct_multi-family_elevator": 4.6272, "pct_mixed_residential_&_commercial": 0.4507, "pct_commercial_&_office": 1.4466, "pct_industrial": 1.0128, "pct_transportation_&_utility": 6.2409, "pct_public_facilities_&_institutions": 1.7621, "pct_open_space_&_outdoor_recreation": 35.8492, "pct_parking_facilities": 0.6332, "pct_vacant_land": 29.8947 }, "geometry": { "type": "MultiPolygon", "coordinates": [ [ [ [ -73.82009, 40.58698 ], [ -73.80962, 40.59358 ], [ -73.80573, 40.59076 ], [ -73.80582, 40.59187 ], [ -73.80428, 40.59131 ], [ -73.80802, 40.59362 ], [ -73.80606, 40.59556 ], [ -73.80244, 40.59264 ], [ -73.80314, 40.59066 ], [ -73.80533, 40.59052 ], [ -73.80524, 40.58884 ], [ -73.80134, 40.58541 ], [ -73.81564, 40.58281 ], [ -73.81817, 40.58307 ], [ -73.82009, 40.58698 ] ] ], [ [ [ -73.83469, 40.5959 ], [ -73.83232, 40.59781 ], [ -73.82804, 40.5977 ], [ -73.82605, 40.59946 ], [ -73.82457, 40.59817 ], [ -73.82377, 40.60004 ], [ -73.82147, 40.59999 ], [ -73.82445, 40.6008 ], [ -73.8198, 40.6105 ], [ -73.82086, 40.61227 ], [ -73.82163, 40.6085 ], [ -73.8241, 40.61232 ], [ -73.82094, 40.61524 ], [ -73.81416, 40.61465 ], [ -73.81616, 40.61294 ], [ -73.8154, 40.61039 ], [ -73.8145, 40.61106 ], [ -73.81508, 40.60728 ], [ -73.81739, 40.60516 ], [ -73.82071, 40.59517 ], [ -73.83233, 40.59462 ], [ -73.83469, 40.5959 ] ] ] ] } },
{ "type": "Feature", "properties": { "zipcode": "10044", "total_parcels": 23, "total_lot_area": 6085007.0, "total_bldg_area": 10082383.0, "total_built_far": 98.59, "avg_far": 1.66, "dominant_landuse": "multi-family_elevator", "pct_one_&_two_family": 0.0, "pct_multi-family_walk-up": 0.0, "pct_multi-family_elevator": 74.0811, "pct_mixed_residential_&_commercial": 9.1741, "pct_commercial_&_office": 1.375, "pct_industrial": 0.0, "pct_transportation_&_utility": 0.0, "pct_public_facilities_&_institutions": 9.7013, "pct_open_space_&_outdoor_recreation": 0.0, "pct_parking_facilities": 0.0, "pct_vacant_land": 5.4825 }, "geometry": { "type": "Polygon", "coordinates": [ [ [ -73.96159, 40.74982 ], [ -73.94466, 40.76985 ], [ -73.94006, 40.77291 ], [ -73.94056, 40.77012 ], [ -73.95255, 40.75711 ], [ -73.96159, 40.74982 ] ] ] } },
{ "type": "Feature", "properties": { "zipcode": "11209", "total_parcels": 8470, "total_lot_area": 49072046.0, "total_bldg_area": 41660468.0, "total_built_far": 10060.17, "avg_far": 0.85, "dominant_landuse": "one_&_two_family", "pct_one_&_two_family": 31.5557, "pct_multi-family_walk-up": 6.5137, "pct_multi-family_elevator": 5.5, "pct_mixed_residential_&_commercial": 6.2686, "pct_commercial_&_office": 1.8712, "pct_industrial": 0.0186, "pct_transportation_&_utility": 0.3818, "pct_public_facilities_&_institutions": 20.0702, "pct_open_space_&_outdoor_recreation": 27.1145, "pct_parking_facilities": 0.3962, "pct_vacant_land": 0.2665 }, "geometry": { "type": "Polygon", "coordinates": [ [ [ -74.04192, 40.62425 ], [ -74.04104, 40.63034 ], [ -74.03596, 40.63882 ], [ -74.01605, 40.63103 ], [ -74.01888, 40.6243 ], [ -74.02897, 40.61352 ], [ -74.02701, 40.61269 ], [ -74.024, 40.61708 ], [ -74.02453, 40.61545 ], [ -74.02279, 40.6146 ], [ -74.02478, 40.60968 ], [ -74.02003, 40.60713 ], [ -74.0155, 40.60684 ], [ -74.01945, 40.60283 ], [ -74.03232, 40.60596 ], [ -74.04024, 40.61487 ], [ -74.04192, 40.62425 ] ] ] } },
{ "type": "Feature", "properties": { "zipcode": "11214", "total_parcels": 9502, "total_lot_area": 41085804.0, "total_bldg_area": 41222597.0, "total_built_far": 10606.03, "avg_far": 1.0, "dominant_landuse": "one_&_two_family", "pct_one_&_two_family": 28.3991, "pct_multi-family_walk-up": 25.2698, "pct_multi-family_elevator": 4.8039, "pct_mixed_residential_&_commercial": 5.5036, "pct_commercial_&_office": 8.8431, "pct_industrial": 1.5926, "pct_transportation_&_utility": 3.5087, "pct_public_facilities_&_institutions": 5.304, "pct_open_space_&_outdoor_recreation": 11.6064, "pct_parking_facilities": 1.5958, "pct_vacant_land": 3.1189 }, "geometry": { "type": "Polygon", "coordinates": [ [ [ -74.01445, 40.60234 ], [ -74.00082, 40.61631 ], [ -73.99154, 40.61071 ], [ -73.98745, 40.60806 ], [ -73.98842, 40.60712 ], [ -73.98713, 40.60657 ], [ -73.98502, 40.59541 ], [ -73.98602, 40.59445 ], [ -73.98464, 40.59355 ], [ -73.98354, 40.58475 ], [ -73.98027, 40.58313 ], [ -73.98109, 40.58149 ], [ -73.98384, 40.58333 ], [ -73.988, 40.57965 ], [ -73.98936, 40.58024 ], [ -73.98852, 40.58388 ], [ -73.99252, 40.58798 ], [ -73.99945, 40.58557 ], [ -73.99421, 40.58887 ], [ -74.0003, 40.58643 ], [ -73.99764, 40.58846 ], [ -73.99942, 40.58926 ], [ -73.99723, 40.59162 ], [ -74.00021, 40.59136 ], [ -73.99859, 40.59356 ], [ -74.0011, 40.59252 ], [ -74.00412, 40.59647 ], [ -74.01445, 40.60234 ] ] ] } },
{ "type": "Feature", "properties": { "zipcode": "11224", "total_parcels": 2818, "total_lot_area": 35881162.0, "total_bldg_area": 29481426.0, "total_built_far": 2314.17, "avg_far": 0.82, "dominant_landuse": "open_space_&_outdoor_recreation", "pct_one_&_two_family": 13.7165, "pct_multi-family_walk-up": 4.3775, "pct_multi-family_elevator": 16.8749, "pct_mixed_residential_&_commercial": 6.8847, "pct_commercial_&_office": 2.9485, "pct_industrial": 1.1029, "pct_transportation_&_utility": 5.3749, "pct_public_facilities_&_institutions": 4.5108, "pct_open_space_&_outdoor_recreation": 34.496, "pct_parking_facilities": 2.9648, "pct_vacant_land": 6.0222 }, "geometry": { "type": "Polygon", "coordinates": [ [ [ -74.01313, 40.57794 ], [ -74.00733, 40.58197 ], [ -73.99794, 40.58164 ], [ -73.99175, 40.57927 ], [ -73.988, 40.57965 ], [ -73.98384, 40.58333 ], [ -73.98109, 40.58149 ], [ -73.98027, 40.58313 ], [ -73.97073, 40.58319 ], [ -73.97113, 40.58202 ], [ -73.96838, 40.58167 ], [ -73.96992, 40.57558 ], [ -73.95941, 40.57516 ], [ -73.95942, 40.57391 ], [ -74.00209, 40.5696 ], [ -74.00306, 40.57216 ], [ -74.01205, 40.57485 ], [ -74.01313, 40.57794 ] ] ] } },
{ "type": "Feature", "properties": { "zipcode": "10103", "total_parcels": 4, "total_lot_area": 111757.0, "total_bldg_area": 1673349.0, "total_built_far": 42.26, "avg_far": 14.97, "dominant_landuse": "commercial_&_office", "pct_one_&_two_family": 0.0, "pct_multi-family_walk-up": 0.0, "pct_multi-family_elevator": 0.0, "pct_mixed_residential_&_commercial": 21.3606, "pct_commercial_&_office": 55.2583, "pct_industrial": 0.0, "pct_transportation_&_utility": 0.0, "pct_public_facilities_&_institutions": 23.3811, "pct_open_space_&_outdoor_recreation": 0.0, "pct_parking_facilities": 0.0, "pct_vacant_land": 0.0 }, "geometry": { "type": "Polygon", "coordinates": [ [ [ -73.97906, 40.76177 ], [ -73.97583, 40.76042 ], [ -73.97951, 40.76115 ], [ -73.97906, 40.76177 ] ] ] } },
{ "type": "Feature", "properties": { "zipcode": "10169", "total_parcels": 1, "total_lot_area": 69153.0, "total_bldg_area": 1212596.0, "total_built_far": 17.53, "avg_far": 17.53, "dominant_landuse": "commercial_&_office", "pct_one_&_two_family": 0.0, "pct_multi-family_walk-up": 0.0, "pct_multi-family_elevator": 0.0, "pct_mixed_residential_&_commercial": 0.0, "pct_commercial_&_office": 100.0, "pct_industrial": 0.0, "pct_transportation_&_utility": 0.0, "pct_public_facilities_&_institutions": 0.0, "pct_open_space_&_outdoor_recreation": 0.0, "pct_parking_facilities": 0.0, "pct_vacant_land": 0.0 }, "geometry": { "type": "Polygon", "coordinates": [ [ [ -73.97697, 40.75435 ], [ -73.97581, 40.75468 ], [ -73.97628, 40.75406 ], [ -73.97697, 40.75435 ] ] ] } },
{ "type": "Feature", "properties": { "zipcode": "10304", "total_parcels": 9368, "total_lot_area": 80902964.0, "total_bldg_area": 26008403.0, "total_built_far": 5186.31, "avg_far": 0.32, "dominant_landuse": "one_&_two_family", "pct_one_&_two_family": 49.4975, "pct_multi-family_walk-up": 3.8956, "pct_multi-family_elevator": 2.6501, "pct_mixed_residential_&_commercial": 1.7425, "pct_commercial_&_office": 2.3693, "pct_industrial": 0.649, "pct_transportation_&_utility": 2.3025, "pct_public_facilities_&_institutions": 6.2937, "pct_open_space_&_outdoor_recreation": 12.6982, "pct_parking_facilities": 0.4401, "pct_vacant_land": 16.6559 }, "geometry": { "type": "Polygon", "coordinates": [ [ [ -74.12311, 40.5851 ], [ -74.11593, 40.59582 ], [ -74.11131, 40.59706 ], [ -74.11302, 40.60014 ], [ -74.09657, 40.60461 ], [ -74.09673, 40.60819 ], [ -74.09494, 40.60931 ], [ -74.09737, 40.60905 ], [ -74.09935, 40.61242 ], [ -74.09644, 40.61562 ], [ -74.0963, 40.61404 ], [ -74.09352, 40.61292 ], [ -74.09469, 40.61218 ], [ -74.09098, 40.61207 ], [ -74.09253, 40.61814 ], [ -74.08815, 40.617 ], [ -74.08669, 40.62181 ], [ -74.0878, 40.6249 ], [ -74.08501, 40.62589 ], [ -74.08821, 40.62743 ], [ -74.0863, 40.62886 ], [ -74.08808, 40.63108 ], [ -74.08575, 40.63396 ], [ -74.08046, 40.6355 ], [ -74.08248, 40.63346 ], [ -74.08029, 40.6326 ], [ -74.08141, 40.6303 ], [ -74.07821, 40.63352 ], [ -74.07596, 40.63197 ], [ -74.07585, 40.63594 ], [ -74.07364, 40.63642 ], [ -74.07374, 40.63786 ], [ -74.07258, 40.63797 ], [ -74.07296, 40.63032 ], [ -74.06807, 40.62878 ], [ -74.0729, 40.62999 ], [ -74.07231, 40.62718 ], [ -74.07524, 40.62601 ], [ -74.07095, 40.62043 ], [ -74.08164, 40.60618 ], [ -74.08307, 40.60615 ], [ -74.08176, 40.60603 ], [ -74.08292, 40.60291 ], [ -74.08515, 40.60168 ], [ -74.08715, 40.59597 ], [ -74.09793, 40.58752 ], [ -74.10318, 40.58837 ], [ -74.11759, 40.57758 ], [ -74.11915, 40.58151 ], [ -74.12311, 40.5851 ] ] ] } },
{ "type": "Feature", "properties": { "zipcode": "10803", "total_parcels": 29, "total_lot_area": 465988.0, "total_bldg_area": 77895.0, "total_built_far": 5.22, "avg_far": 0.17, "dominant_landuse": "one_&_two_family", "pct_one_&_two_family": 88.7725, "pct_multi-family_walk-up": 0.0, "pct_multi-family_elevator": 0.0, "pct_mixed_residential_&_commercial": 0.0, "pct_commercial_&_office": 0.0, "pct_industrial": 8.4084, "pct_transportation_&_utility": 0.0, "pct_public_facilities_&_institutions": 0.0, "pct_open_space_&_outdoor_recreation": 0.0, "pct_parking_facilities": 0.0, "pct_vacant_land": 2.8192 }, "geometry": { "type": "Polygon", "coordinates": [ [ [ -73.82332, 40.8913 ], [ -73.81381, 40.90487 ], [ -73.81401, 40.91092 ], [ -73.81139, 40.91833 ], [ -73.80839, 40.92444 ], [ -73.8054, 40.92684 ], [ -73.79853, 40.89595 ], [ -73.79473, 40.89159 ], [ -73.79323, 40.89302 ], [ -73.7922, 40.89217 ], [ -73.79306, 40.88991 ], [ -73.7837, 40.88108 ], [ -73.82332, 40.8913 ] ] ] } },
{ "type": "Feature", "properties": { "zipcode": "11231", "total_parcels": 4835, "total_lot_area": 34099457.0, "total_bldg_area": 30139192.0, "total_built_far": 7592.6, "avg_far": 0.88, "dominant_landuse": "industrial", "pct_one_&_two_family": 6.8141, "pct_multi-family_walk-up": 13.2333, "pct_multi-family_elevator": 6.3403, "pct_mixed_residential_&_commercial": 5.3898, "pct_commercial_&_office": 7.8424, "pct_industrial": 29.2811, "pct_transportation_&_utility": 5.3513, "pct_public_facilities_&_institutions": 3.0136, "pct_open_space_&_outdoor_recreation": 8.9378, "pct_parking_facilities": 3.9774, "pct_vacant_land": 6.842 }, "geometry": { "type": "Polygon", "coordinates": [ [ [ -74.02002, 40.67705 ], [ -74.01838, 40.67793 ], [ -74.0194, 40.67957 ], [ -74.01283, 40.68361 ], [ -74.00843, 40.68602 ], [ -74.00236, 40.68574 ], [ -74.00129, 40.68795 ], [ -73.98999, 40.68332 ], [ -73.99058, 40.68155 ], [ -73.98808, 40.68017 ], [ -73.9908, 40.67578 ], [ -73.99528, 40.67578 ], [ -74.00017, 40.6686 ], [ -74.00589, 40.66799 ], [ -74.00693, 40.66618 ], [ -74.00544, 40.67092 ], [ -74.00752, 40.66708 ], [ -74.00706, 40.66855 ], [ -74.00981, 40.66851 ], [ -74.01154, 40.66508 ], [ -74.01319, 40.66484 ], [ -74.01602, 40.66467 ], [ -74.01749, 40.66531 ], [ -74.01915, 40.6716 ], [ -74.01754, 40.67104 ], [ -74.01651, 40.66492 ], [ -74.01229, 40.66573 ], [ -74.01035, 40.66911 ], [ -74.01189, 40.67044 ], [ -74.01426, 40.66974 ], [ -74.01185, 40.67073 ], [ -74.0152, 40.67076 ], [ -74.01424, 40.67213 ], [ -74.01576, 40.67099 ], [ -74.01301, 40.67334 ], [ -74.01632, 40.67288 ], [ -74.0149, 40.67463 ], [ -74.01817, 40.67191 ], [ -74.01887, 40.67224 ], [ -74.01727, 40.67357 ], [ -74.01883, 40.67508 ], [ -74.0179, 40.67645 ], [ -74.02002, 40.67705 ] ] ] } },
{ "type": "Feature", "properties": { "zipcode": "11356", "total_parcels": 4827, "total_lot_area": 32926998.0, "total_bldg_area": 15247473.0, "total_built_far": 3504.25, "avg_far": 0.46, "dominant_landuse": "one_&_two_family", "pct_one_&_two_family": 34.0974, "pct_multi-family_walk-up": 7.1656, "pct_multi-family_elevator": 0.0, "pct_mixed_residential_&_commercial": 2.5196, "pct_commercial_&_office": 5.4411, "pct_industrial": 13.9374, "pct_transportation_&_utility": 4.9247, "pct_public_facilities_&_institutions": 1.6244, "pct_open_space_&_outdoor_recreation": 7.4383, "pct_parking_facilities": 5.2163, "pct_vacant_land": 17.5165 }, "geometry": { "type": "Polygon", "coordinates": [ [ [ -73.85952, 40.78556 ], [ -73.85284, 40.78821 ], [ -73.8548, 40.78885 ], [ -73.85265, 40.79112 ], [ -73.85378, 40.79238 ], [ -73.85263, 40.79494 ], [ -73.84906, 40.79336 ], [ -73.84856, 40.7955 ], [ -73.84351, 40.79493 ], [ -73.84287, 40.79692 ], [ -73.84162, 40.7954 ], [ -73.84041, 40.7977 ], [ -73.83787, 40.7985 ], [ -73.84026, 40.79759 ], [ -73.83843, 40.79679 ], [ -73.83663, 40.79252 ], [ -73.83728, 40.78901 ], [ -73.83106, 40.78938 ], [ -73.83059, 40.78464 ], [ -73.8269, 40.78465 ], [ -73.82679, 40.78167 ], [ -73.82528, 40.7817 ], [ -73.82951, 40.77457 ], [ -73.83343, 40.77143 ], [ -73.83633, 40.77853 ], [ -73.83886, 40.77862 ], [ -73.83849, 40.77547 ], [ -73.84009, 40.77498 ], [ -73.84144, 40.77655 ], [ -73.8458, 40.77618 ], [ -73.84967, 40.7795 ], [ -73.84974, 40.7794 ], [ -73.85013, 40.77937 ], [ -73.85095, 40.77907 ], [ -73.85149, 40.77899 ], [ -73.84982, 40.77963 ], [ -73.85236, 40.77917 ], [ -73.84958, 40.77987 ], [ -73.85169, 40.77987 ], [ -73.84949, 40.78007 ], [ -73.85094, 40.78112 ], [ -73.84925, 40.78227 ], [ -73.85528, 40.78198 ], [ -73.85952, 40.78556 ] ] ] } },
{ "type": "Feature", "properties": { "zipcode": "11371", "total_parcels": 2, "total_lot_area": 29392782.0, "total_bldg_area": 3904529.0, "total_built_far": 0.21, "avg_far": 0.13, "dominant_landuse": "transportation_&_utility", "pct_one_&_two_family": 0.0, "pct_multi-family_walk-up": 0.0, "pct_multi-family_elevator": 0.0, "pct_mixed_residential_&_commercial": 0.0, "pct_commercial_&_office": 0.0, "pct_industrial": 0.0, "pct_transportation_&_utility": 100.0, "pct_public_facilities_&_institutions": 0.0, "pct_open_space_&_outdoor_recreation": 0.0, "pct_parking_facilities": 0.0, "pct_vacant_land": 0.0 }, "geometry": { "type": "Polygon", "coordinates": [ [ [ -73.88908, 40.77357 ], [ -73.88392, 40.77413 ], [ -73.88488, 40.77999 ], [ -73.87871, 40.78059 ], [ -73.87834, 40.78303 ], [ -73.87515, 40.78152 ], [ -73.87125, 40.78604 ], [ -73.86924, 40.78597 ], [ -73.86866, 40.78378 ], [ -73.87256, 40.78082 ], [ -73.85505, 40.77204 ], [ -73.8582, 40.77032 ], [ -73.85625, 40.76889 ], [ -73.86269, 40.76688 ], [ -73.86094, 40.76373 ], [ -73.86598, 40.76886 ], [ -73.87185, 40.77174 ], [ -73.87788, 40.77115 ], [ -73.88773, 40.76691 ], [ -73.88908, 40.77357 ] ] ] } },
{ "type": "Feature", "properties": { "zipcode": "10020", "total_parcels": 14, "total_lot_area": 812850.0, "total_bldg_area": 12685583.0, "total_built_far": 173.64, "avg_far": 15.61, "dominant_landuse": "commercial_&_office", "pct_one_&_two_family": 0.0, "pct_multi-family_walk-up": 0.0, "pct_multi-family_elevator": 0.0, "pct_mixed_residential_&_commercial": 4.0752, "pct_commercial_&_office": 94.4424, "pct_industrial": 0.0, "pct_transportation_&_utility": 0.0, "pct_public_facilities_&_institutions": 0.0, "pct_open_space_&_outdoor_recreation": 0.0, "pct_parking_facilities": 0.0, "pct_vacant_land": 1.4824 }, "geometry": { "type": "MultiPolygon", "coordinates": [ [ [ [ -73.98134, 40.75865 ], [ -73.97891, 40.75844 ], [ -73.97765, 40.75791 ], [ -73.98134, 40.75865 ] ] ], [ [ [ -73.98326, 40.76109 ], [ -73.98043, 40.7599 ], [ -73.98373, 40.76046 ], [ -73.98326, 40.76109 ] ] ] ] } },
{ "type": "Feature", "properties": { "zipcode": "11691", "total_parcels": 6769, "total_lot_area": 54520472.0, "total_bldg_area": 31732267.0, "total_built_far": 4015.18, "avg_far": 0.58, "dominant_landuse": "one_&_two_family", "pct_one_&_two_family": 39.2803, "pct_multi-family_walk-up": 5.223, "pct_multi-family_elevator": 13.8269, "pct_mixed_residential_&_commercial": 2.7004, "pct_commercial_&_office": 2.1245, "pct_industrial": 0.7447, "pct_transportation_&_utility": 4.9418, "pct_public_facilities_&_institutions": 8.27, "pct_open_space_&_outdoor_recreation": 9.6834, "pct_parking_facilities": 1.0831, "pct_vacant_land": 11.4186 }, "geometry": { "type": "Polygon", "coordinates": [ [ [ -73.78926, 40.59651 ], [ -73.78923, 40.59785 ], [ -73.7835, 40.60258 ], [ -73.78307, 40.60598 ], [ -73.77728, 40.60985 ], [ -73.77413, 40.60875 ], [ -73.77603, 40.60273 ], [ -73.7737, 40.59822 ], [ -73.76811, 40.59783 ], [ -73.77116, 40.59939 ], [ -73.769, 40.60939 ], [ -73.77228, 40.61151 ], [ -73.77296, 40.61015 ], [ -73.77417, 40.61183 ], [ -73.7717, 40.61397 ], [ -73.76345, 40.61369 ], [ -73.75473, 40.61041 ], [ -73.74553, 40.61187 ], [ -73.74355, 40.60745 ], [ -73.73826, 40.60256 ], [ -73.73798, 40.59454 ], [ -73.7435, 40.5946 ], [ -73.74401, 40.59603 ], [ -73.75125, 40.59513 ], [ -73.75116, 40.59181 ], [ -73.75357, 40.59094 ], [ -73.76964, 40.59077 ], [ -73.77023, 40.59398 ], [ -73.78506, 40.5922 ], [ -73.78338, 40.59272 ], [ -73.78348, 40.59703 ], [ -73.78926, 40.59651 ] ] ] } },
{ "type": "Feature", "properties": { "zipcode": "11368", "total_parcels": 7944, "total_lot_area": 57475351.0, "total_bldg_area": 40006183.0, "total_built_far": 9560.24, "avg_far": 0.7, "dominant_landuse": "open_space_&_outdoor_recreation", "pct_one_&_two_family": 12.6028, "pct_multi-family_walk-up": 14.4527, "pct_multi-family_elevator": 3.9549, "pct_mixed_residential_&_commercial": 4.5144, "pct_commercial_&_office": 2.3717, "pct_industrial": 1.7858, "pct_transportation_&_utility": 10.8944, "pct_public_facilities_&_institutions": 3.0532, "pct_open_space_&_outdoor_recreation": 40.7597, "pct_parking_facilities": 3.9208, "pct_vacant_land": 1.462 }, "geometry": { "type": "Polygon", "coordinates": [ [ [ -73.87272, 40.75638 ], [ -73.85464, 40.75847 ], [ -73.85976, 40.76184 ], [ -73.86043, 40.76387 ], [ -73.85861, 40.76196 ], [ -73.85684, 40.764 ], [ -73.85818, 40.7624 ], [ -73.85663, 40.76163 ], [ -73.85859, 40.76192 ], [ -73.85159, 40.75935 ], [ -73.8493, 40.76024 ], [ -73.85207, 40.76039 ], [ -73.84981, 40.76127 ], [ -73.84869, 40.76014 ], [ -73.83942, 40.76543 ], [ -73.83692, 40.76277 ], [ -73.83792, 40.75454 ], [ -73.8356, 40.7514 ], [ -73.83218, 40.75151 ], [ -73.8359, 40.74338 ], [ -73.86462, 40.73427 ], [ -73.87272, 40.75638 ] ] ] } },
{ "type": "Feature", "properties": { "zipcode": "11451", "total_parcels": 1, "total_lot_area": 27370.0, "total_bldg_area": 0.0, "total_built_far": 0.0, "avg_far": 0.0, "dominant_landuse": "parking_facilities", "pct_one_&_two_family": 0.0, "pct_multi-family_walk-up": 0.0, "pct_multi-family_elevator": 0.0, "pct_mixed_residential_&_commercial": 0.0, "pct_commercial_&_office": 0.0, "pct_industrial": 0.0, "pct_transportation_&_utility": 0.0, "pct_public_facilities_&_institutions": 0.0, "pct_open_space_&_outdoor_recreation": 0.0, "pct_parking_facilities": 100.0, "pct_vacant_land": 0.0 }, "geometry": { "type": "Polygon", "coordinates": [ [ [ -73.79869, 40.69971 ], [ -73.79677, 40.70051 ], [ -73.79842, 40.70274 ], [ -73.79379, 40.70403 ], [ -73.79237, 40.70212 ], [ -73.79464, 40.70124 ], [ -73.79358, 40.69976 ], [ -73.79754, 40.6982 ], [ -73.79869, 40.69971 ] ] ] } },
{ "type": "Feature", "properties": { "zipcode": "11692", "total_parcels": 2420, "total_lot_area": 32051823.0, "total_bldg_area": 10202627.0, "total_built_far": 1606.61, "avg_far": 0.32, "dominant_landuse": "open_space_&_outdoor_recreation", "pct_one_&_two_family": 18.8708, "pct_multi-family_walk-up": 2.8328, "pct_multi-family_elevator": 9.7097, "pct_mixed_residential_&_commercial": 0.489, "pct_commercial_&_office": 1.3639, "pct_industrial": 1.2128, "pct_transportation_&_utility": 2.3814, "pct_public_facilities_&_institutions": 2.5169, "pct_open_space_&_outdoor_recreation": 43.3526, "pct_parking_facilities": 0.718, "pct_vacant_land": 15.786 }, "geometry": { "type": "Polygon", "coordinates": [ [ [ -73.80533, 40.59052 ], [ -73.80314, 40.59066 ], [ -73.80243, 40.59247 ], [ -73.80471, 40.59768 ], [ -73.79677, 40.59938 ], [ -73.78906, 40.60562 ], [ -73.78617, 40.60307 ], [ -73.79108, 40.59663 ], [ -73.78348, 40.59703 ], [ -73.78338, 40.59272 ], [ -73.78506, 40.5922 ], [ -73.77023, 40.59398 ], [ -73.76964, 40.59077 ], [ -73.80116, 40.5854 ], [ -73.80402, 40.58649 ], [ -73.80533, 40.59052 ] ] ] } },
{ "type": "Feature", "properties": { "zipcode": "10305", "total_parcels": 11158, "total_lot_area": 95001284.0, "total_bldg_area": 23840082.0, "total_built_far": 5642.8, "avg_far": 0.25, "dominant_landuse": "one_&_two_family", "pct_one_&_two_family": 33.6469, "pct_multi-family_walk-up": 3.1961, "pct_multi-family_elevator": 1.5176, "pct_mixed_residential_&_commercial": 1.0394, "pct_commercial_&_office": 4.2199, "pct_industrial": 0.8612, "pct_transportation_&_utility": 2.2568, "pct_public_facilities_&_institutions": 17.1243, "pct_open_space_&_outdoor_recreation": 24.8278, "pct_parking_facilities": 1.0858, "pct_vacant_land": 9.3207 }, "geometry": { "type": "Polygon", "coordinates": [ [ [ -74.10198, 40.58458 ], [ -74.08715, 40.59597 ], [ -74.08515, 40.60168 ], [ -74.08292, 40.60291 ], [ -74.08176, 40.60603 ], [ -74.08307, 40.60615 ], [ -74.08164, 40.60618 ], [ -74.07131, 40.61964 ], [ -74.07524, 40.62601 ], [ -74.07415, 40.62682 ], [ -74.07269, 40.62685 ], [ -74.06992, 40.62131 ], [ -74.06545, 40.61921 ], [ -74.06664, 40.61805 ], [ -74.06426, 40.61818 ], [ -74.0651, 40.61751 ], [ -74.06373, 40.6175 ], [ -74.05647, 40.60726 ], [ -74.05384, 40.60592 ], [ -74.053, 40.59998 ], [ -74.07622, 40.57812 ], [ -74.09116, 40.56672 ], [ -74.09247, 40.56843 ], [ -74.0858, 40.57413 ], [ -74.09213, 40.5774 ], [ -74.09094, 40.57886 ], [ -74.10198, 40.58458 ] ] ] } },
{ "type": "Feature", "properties": { "zipcode": "10306", "total_parcels": 17065, "total_lot_area": 164899003.0, "total_bldg_area": 32589744.0, "total_built_far": 7982.39, "avg_far": 0.2, "dominant_landuse": "open_space_&_outdoor_recreation", "pct_one_&_two_family": 34.8989, "pct_multi-family_walk-up": 1.5003, "pct_multi-family_elevator": 0.8857, "pct_mixed_residential_&_commercial": 0.4883, "pct_commercial_&_office": 2.95, "pct_industrial": 0.2969, "pct_transportation_&_utility": 1.8611, "pct_public_facilities_&_institutions": 3.3865, "pct_open_space_&_outdoor_recreation": 45.9062, "pct_parking_facilities": 0.2081, "pct_vacant_land": 7.4408 }, "geometry": { "type": "Polygon", "coordinates": [ [ [ -74.16984, 40.57088 ], [ -74.15253, 40.58062 ], [ -74.14632, 40.58607 ], [ -74.14583, 40.58856 ], [ -74.13867, 40.58902 ], [ -74.1304, 40.58276 ], [ -74.12264, 40.59942 ], [ -74.11958, 40.60182 ], [ -74.11943, 40.59836 ], [ -74.11782, 40.59839 ], [ -74.11684, 40.60189 ], [ -74.11487, 40.60214 ], [ -74.11131, 40.59706 ], [ -74.11593, 40.59582 ], [ -74.12311, 40.5851 ], [ -74.11915, 40.58151 ], [ -74.11829, 40.57819 ], [ -74.11542, 40.57863 ], [ -74.10127, 40.58877 ], [ -74.09849, 40.58711 ], [ -74.10198, 40.58458 ], [ -74.09094, 40.57886 ], [ -74.09213, 40.5774 ], [ -74.0858, 40.57413 ], [ -74.09231, 40.56862 ], [ -74.09116, 40.56672 ], [ -74.09815, 40.55915 ], [ -74.10107, 40.55854 ], [ -74.10473, 40.5525 ], [ -74.10647, 40.55335 ], [ -74.10913, 40.55191 ], [ -74.11273, 40.54736 ], [ -74.11711, 40.55338 ], [ -74.11811, 40.55063 ], [ -74.11805, 40.55201 ], [ -74.1273, 40.5573 ], [ -74.13603, 40.54989 ], [ -74.13701, 40.54697 ], [ -74.13864, 40.54848 ], [ -74.13383, 40.55235 ], [ -74.14055, 40.55485 ], [ -74.14554, 40.55385 ], [ -74.13966, 40.55865 ], [ -74.15078, 40.56691 ], [ -74.15177, 40.56998 ], [ -74.16444, 40.56525 ], [ -74.16594, 40.567 ], [ -74.16962, 40.56624 ], [ -74.16984, 40.57088 ] ] ] } },
{ "type": "Feature", "properties": { "zipcode": "10307", "total_parcels": 4252, "total_lot_area": 41670271.0, "total_bldg_area": 10503835.0, "total_built_far": 2041.74, "avg_far": 0.25, "dominant_landuse": "one_&_two_family", "pct_one_&_two_family": 51.5058, "pct_multi-family_walk-up": 0.924, "pct_multi-family_elevator": 0.0, "pct_mixed_residential_&_commercial": 1.1945, "pct_commercial_&_office": 2.3677, "pct_industrial": 3.9544, "pct_transportation_&_utility": 1.4072, "pct_public_facilities_&_institutions": 3.9882, "pct_open_space_&_outdoor_recreation": 22.6846, "pct_parking_facilities": 1.0939, "pct_vacant_land": 8.8537 }, "geometry": { "type": "Polygon", "coordinates": [ [ [ -74.25569, 40.50773 ], [ -74.25207, 40.51375 ], [ -74.24653, 40.51617 ], [ -74.24764, 40.51768 ], [ -74.24623, 40.51682 ], [ -74.2409, 40.52021 ], [ -74.23482, 40.51952 ], [ -74.22833, 40.50224 ], [ -74.23685, 40.4999 ], [ -74.23976, 40.49749 ], [ -74.24877, 40.49616 ], [ -74.25344, 40.5002 ], [ -74.25569, 40.50773 ] ] ] } },
{ "type": "Feature", "properties": { "zipcode": "11354", "total_parcels": 5192, "total_lot_area": 44198396.0, "total_bldg_area": 45174672.0, "total_built_far": 5184.55, "avg_far": 1.02, "dominant_landuse": "one_&_two_family", "pct_one_&_two_family": 26.0297, "pct_multi-family_walk-up": 5.4651, "pct_multi-family_elevator": 11.6349, "pct_mixed_residential_&_commercial": 6.4096, "pct_commercial_&_office": 11.6404, "pct_industrial": 11.7581, "pct_transportation_&_utility": 6.5139, "pct_public_facilities_&_institutions": 9.1695, "pct_open_space_&_outdoor_recreation": 3.0409, "pct_parking_facilities": 2.5034, "pct_vacant_land": 4.8011 }, "geometry": { "type": "Polygon", "coordinates": [ [ [ -73.85127, 40.77199 ], [ -73.84898, 40.77356 ], [ -73.8492, 40.77861 ], [ -73.84793, 40.7786 ], [ -73.84801, 40.77696 ], [ -73.84144, 40.77655 ], [ -73.84009, 40.77498 ], [ -73.83849, 40.77547 ], [ -73.83886, 40.77862 ], [ -73.83633, 40.77853 ], [ -73.83343, 40.77143 ], [ -73.82853, 40.77601 ], [ -73.82433, 40.77674 ], [ -73.80398, 40.77419 ], [ -73.80615, 40.77221 ], [ -73.80751, 40.76218 ], [ -73.81609, 40.76252 ], [ -73.82974, 40.75875 ], [ -73.83792, 40.75454 ], [ -73.83692, 40.76277 ], [ -73.83955, 40.76711 ], [ -73.84395, 40.7655 ], [ -73.84723, 40.76631 ], [ -73.84973, 40.76979 ], [ -73.84866, 40.77074 ], [ -73.85127, 40.77199 ] ] ] } },
{ "type": "Feature", "properties": { "zipcode": "11377", "total_parcels": 8187, "total_lot_area": 40313686.0, "total_bldg_area": 41463511.0, "total_built_far": 8944.82, "avg_far": 1.03, "dominant_landuse": "one_&_two_family", "pct_one_&_two_family": 23.8703, "pct_multi-family_walk-up": 15.5491, "pct_multi-family_elevator": 8.7436, "pct_mixed_residential_&_commercial": 3.967, "pct_commercial_&_office": 4.9179, "pct_industrial": 8.6907, "pct_transportation_&_utility": 10.7208, "pct_public_facilities_&_institutions": 4.5696, "pct_open_space_&_outdoor_recreation": 13.7315, "pct_parking_facilities": 3.7147, "pct_vacant_land": 1.143 }, "geometry": { "type": "Polygon", "coordinates": [ [ [ -73.92581, 40.73589 ], [ -73.92397, 40.73578 ], [ -73.92262, 40.73779 ], [ -73.92304, 40.74044 ], [ -73.91484, 40.74345 ], [ -73.91467, 40.74903 ], [ -73.91016, 40.7485 ], [ -73.90946, 40.75086 ], [ -73.91261, 40.75597 ], [ -73.90451, 40.76459 ], [ -73.90286, 40.76389 ], [ -73.90359, 40.76575 ], [ -73.90218, 40.76732 ], [ -73.89432, 40.76615 ], [ -73.89772, 40.76098 ], [ -73.8958, 40.75062 ], [ -73.89731, 40.75046 ], [ -73.89445, 40.74654 ], [ -73.89115, 40.74543 ], [ -73.8907, 40.74226 ], [ -73.89175, 40.74214 ], [ -73.8888, 40.73653 ], [ -73.89138, 40.73592 ], [ -73.88857, 40.73459 ], [ -73.901, 40.73401 ], [ -73.90568, 40.72855 ], [ -73.91904, 40.73202 ], [ -73.92581, 40.73589 ] ] ] } },
{ "type": "Feature", "properties": { "zipcode": "11430", "total_parcels": 29, "total_lot_area": 231573025.0, "total_bldg_area": 17504589.0, "total_built_far": 8.15, "avg_far": 0.08, "dominant_landuse": "transportation_&_utility", "pct_one_&_two_family": 0.0, "pct_multi-family_walk-up": 0.0, "pct_multi-family_elevator": 0.0, "pct_mixed_residential_&_commercial": 0.0, "pct_commercial_&_office": 0.0286, "pct_industrial": 0.0288, "pct_transportation_&_utility": 99.4854, "pct_public_facilities_&_institutions": 0.0126, "pct_open_space_&_outdoor_recreation": 0.152, "pct_parking_facilities": 0.2878, "pct_vacant_land": 0.0049 }, "geometry": { "type": "Polygon", "coordinates": [ [ [ -73.83271, 40.66541 ], [ -73.81334, 40.66281 ], [ -73.81055, 40.66633 ], [ -73.80581, 40.66615 ], [ -73.78079, 40.66233 ], [ -73.75162, 40.64724 ], [ -73.74672, 40.64221 ], [ -73.74676, 40.63782 ], [ -73.748, 40.63463 ], [ -73.76743, 40.62661 ], [ -73.77077, 40.62003 ], [ -73.77173, 40.62358 ], [ -73.77518, 40.61926 ], [ -73.77186, 40.62376 ], [ -73.77751, 40.62778 ], [ -73.78493, 40.62047 ], [ -73.78919, 40.62301 ], [ -73.78347, 40.62812 ], [ -73.78265, 40.63025 ], [ -73.78435, 40.63137 ], [ -73.79079, 40.63428 ], [ -73.79812, 40.63104 ], [ -73.79125, 40.63469 ], [ -73.81629, 40.64596 ], [ -73.82534, 40.64425 ], [ -73.82871, 40.65706 ], [ -73.83271, 40.66541 ] ] ] } },
{ "type": "Feature", "properties": { "zipcode": "10110", "total_parcels": 1, "total_lot_area": 20920.0, "total_bldg_area": 659122.0, "total_built_far": 31.51, "avg_far": 31.51, "dominant_landuse": "commercial_&_office", "pct_one_&_two_family": 0.0, "pct_multi-family_walk-up": 0.0, "pct_multi-family_elevator": 0.0, "pct_mixed_residential_&_commercial": 0.0, "pct_commercial_&_office": 100.0, "pct_industrial": 0.0, "pct_transportation_&_utility": 0.0, "pct_public_facilities_&_institutions": 0.0, "pct_open_space_&_outdoor_recreation": 0.0, "pct_parking_facilities": 0.0, "pct_vacant_land": 0.0 }, "geometry": { "type": "Polygon", "coordinates": [ [ [ -73.98362, 40.75552 ], [ -73.9804, 40.75415 ], [ -73.98412, 40.75484 ], [ -73.98362, 40.75552 ] ] ] } },
{ "type": "Feature", "properties": { "zipcode": "10119", "total_parcels": 1, "total_lot_area": 89775.0, "total_bldg_area": 1899211.0, "total_built_far": 21.16, "avg_far": 21.16, "dominant_landuse": "commercial_&_office", "pct_one_&_two_family": 0.0, "pct_multi-family_walk-up": 0.0, "pct_multi-family_elevator": 0.0, "pct_mixed_residential_&_commercial": 0.0, "pct_commercial_&_office": 100.0, "pct_industrial": 0.0, "pct_transportation_&_utility": 0.0, "pct_public_facilities_&_institutions": 0.0, "pct_open_space_&_outdoor_recreation": 0.0, "pct_parking_facilities": 0.0, "pct_vacant_land": 0.0 }, "geometry": { "type": "Polygon", "coordinates": [ [ [ -73.99433, 40.751 ], [ -73.99346, 40.75219 ], [ -73.99062, 40.75099 ], [ -73.99201, 40.7491 ], [ -73.99433, 40.751 ] ] ] } },
{ "type": "Feature", "properties": { "zipcode": "10301", "total_parcels": 7641, "total_lot_area": 79355259.0, "total_bldg_area": 27616406.0, "total_built_far": 4013.03, "avg_far": 0.35, "dominant_landuse": "one_&_two_family", "pct_one_&_two_family": 38.9058, "pct_multi-family_walk-up": 4.6009, "pct_multi-family_elevator": 3.0413, "pct_mixed_residential_&_commercial": 1.521, "pct_commercial_&_office": 2.5958, "pct_industrial": 0.3939, "pct_transportation_&_utility": 5.0423, "pct_public_facilities_&_institutions": 12.8821, "pct_open_space_&_outdoor_recreation": 21.5142, "pct_parking_facilities": 1.4559, "pct_vacant_land": 7.4709 }, "geometry": { "type": "Polygon", "coordinates": [ [ [ -74.11967, 40.62174 ], [ -74.11713, 40.62453 ], [ -74.11002, 40.62069 ], [ -74.10352, 40.62376 ], [ -74.10598, 40.63202 ], [ -74.10591, 40.63444 ], [ -74.10253, 40.63466 ], [ -74.10313, 40.63735 ], [ -74.10542, 40.6389 ], [ -74.10655, 40.64424 ], [ -74.10478, 40.64598 ], [ -74.09381, 40.64608 ], [ -74.08434, 40.64908 ], [ -74.07734, 40.64742 ], [ -74.07248, 40.64452 ], [ -74.07214, 40.64244 ], [ -74.07041, 40.64267 ], [ -74.07322, 40.64218 ], [ -74.07026, 40.64221 ], [ -74.07288, 40.64094 ], [ -74.07, 40.64109 ], [ -74.07294, 40.64081 ], [ -74.07239, 40.63817 ], [ -74.07585, 40.63594 ], [ -74.07596, 40.63197 ], [ -74.07821, 40.63352 ], [ -74.08141, 40.6303 ], [ -74.08029, 40.6326 ], [ -74.08248, 40.63346 ], [ -74.08073, 40.63571 ], [ -74.08242, 40.63417 ], [ -74.0844, 40.63498 ], [ -74.08808, 40.63108 ], [ -74.0863, 40.62886 ], [ -74.08821, 40.62743 ], [ -74.08501, 40.62589 ], [ -74.0878, 40.6249 ], [ -74.08669, 40.62181 ], [ -74.08815, 40.617 ], [ -74.09253, 40.61814 ], [ -74.09098, 40.61207 ], [ -74.09469, 40.61218 ], [ -74.09352, 40.61292 ], [ -74.0963, 40.61404 ], [ -74.09644, 40.61562 ], [ -74.09935, 40.61242 ], [ -74.09737, 40.60905 ], [ -74.09494, 40.60931 ], [ -74.09671, 40.60825 ], [ -74.09691, 40.60439 ], [ -74.11302, 40.60014 ], [ -74.11487, 40.60214 ], [ -74.11366, 40.60454 ], [ -74.11032, 40.60858 ], [ -74.1054, 40.61041 ], [ -74.11296, 40.61117 ], [ -74.1147, 40.61807 ], [ -74.11794, 40.61785 ], [ -74.11967, 40.62174 ] ] ] } },
{ "type": "Feature", "properties": { "zipcode": "11694", "total_parcels": 3770, "total_lot_area": 42041924.0, "total_bldg_area": 13899903.0, "total_built_far": 2159.95, "avg_far": 0.33, "dominant_landuse": "open_space_&_outdoor_recreation", "pct_one_&_two_family": 32.3179, "pct_multi-family_walk-up": 4.3601, "pct_multi-family_elevator": 3.7817, "pct_mixed_residential_&_commercial": 1.0265, "pct_commercial_&_office": 2.1111, "pct_industrial": 0.0956, "pct_transportation_&_utility": 3.9618, "pct_public_facilities_&_institutions": 6.4104, "pct_open_space_&_outdoor_recreation": 36.3215, "pct_parking_facilities": 0.5184, "pct_vacant_land": 2.2688 }, "geometry": { "type": "Polygon", "coordinates": [ [ [ -73.88305, 40.56838 ], [ -73.87662, 40.56923 ], [ -73.85044, 40.58213 ], [ -73.8393, 40.58186 ], [ -73.81913, 40.58805 ], [ -73.81957, 40.58459 ], [ -73.81817, 40.58307 ], [ -73.8157, 40.58343 ], [ -73.87938, 40.56184 ], [ -73.88305, 40.56838 ] ] ] } },
{ "type": "Feature", "properties": { "zipcode": "10303", "total_parcels": 5558, "total_lot_area": 63760879.0, "total_bldg_area": 13926139.0, "total_built_far": 2878.51, "avg_far": 0.22, "dominant_landuse": "transportation_&_utility", "pct_one_&_two_family": 24.2646, "pct_multi-family_walk-up": 3.0903, "pct_multi-family_elevator": 2.3873, "pct_mixed_residential_&_commercial": 0.5581, "pct_commercial_&_office": 10.0699, "pct_industrial": 6.4956, "pct_transportation_&_utility": 26.4078, "pct_public_facilities_&_institutions": 1.2881, "pct_open_space_&_outdoor_recreation": 3.5259, "pct_parking_facilities": 0.7004, "pct_vacant_land": 20.0036 }, "geometry": { "type": "Polygon", "coordinates": [ [ [ -74.19592, 40.63522 ], [ -74.1891, 40.64219 ], [ -74.18714, 40.64054 ], [ -74.18771, 40.64264 ], [ -74.18508, 40.64442 ], [ -74.18383, 40.64351 ], [ -74.18373, 40.64469 ], [ -74.17979, 40.64546 ], [ -74.17802, 40.64281 ], [ -74.17381, 40.64503 ], [ -74.17046, 40.64138 ], [ -74.16471, 40.64227 ], [ -74.16092, 40.64037 ], [ -74.16133, 40.6389 ], [ -74.16019, 40.64021 ], [ -74.15671, 40.6398 ], [ -74.1545, 40.6392 ], [ -74.15433, 40.63745 ], [ -74.15233, 40.63771 ], [ -74.15273, 40.63884 ], [ -74.14941, 40.63756 ], [ -74.14882, 40.6389 ], [ -74.14309, 40.63978 ], [ -74.14563, 40.63525 ], [ -74.14615, 40.62493 ], [ -74.14877, 40.6251 ], [ -74.15154, 40.6212 ], [ -74.16239, 40.62239 ], [ -74.16535, 40.62023 ], [ -74.16848, 40.62156 ], [ -74.17368, 40.61983 ], [ -74.17903, 40.61335 ], [ -74.18016, 40.60929 ], [ -74.18356, 40.61022 ], [ -74.17924, 40.61554 ], [ -74.17767, 40.62507 ], [ -74.18642, 40.63029 ], [ -74.18824, 40.62921 ], [ -74.18946, 40.63083 ], [ -74.19174, 40.62865 ], [ -74.1924, 40.63106 ], [ -74.19544, 40.6315 ], [ -74.19231, 40.63325 ], [ -74.19592, 40.63522 ] ] ] } },
{ "type": "Feature", "properties": { "zipcode": "10463", "total_parcels": 2474, "total_lot_area": 31017427.0, "total_bldg_area": 42936868.0, "total_built_far": 3180.13, "avg_far": 1.38, "dominant_landuse": "multi-family_elevator", "pct_one_&_two_family": 15.4492, "pct_multi-family_walk-up": 5.6864, "pct_multi-family_elevator": 25.9014, "pct_mixed_residential_&_commercial": 5.77, "pct_commercial_&_office": 6.9635, "pct_industrial": 1.056, "pct_transportation_&_utility": 8.1697, "pct_public_facilities_&_institutions": 9.328, "pct_open_space_&_outdoor_recreation": 11.6374, "pct_parking_facilities": 1.4752, "pct_vacant_land": 6.4536 }, "geometry": { "type": "Polygon", "coordinates": [ [ [ -73.92497, 40.87914 ], [ -73.92096, 40.88729 ], [ -73.91604, 40.88487 ], [ -73.91398, 40.88637 ], [ -73.9168, 40.88707 ], [ -73.91634, 40.89129 ], [ -73.90626, 40.88757 ], [ -73.90443, 40.89016 ], [ -73.90237, 40.88725 ], [ -73.89984, 40.88654 ], [ -73.89646, 40.89371 ], [ -73.89663, 40.91132 ], [ -73.87801, 40.90597 ], [ -73.87991, 40.89735 ], [ -73.88719, 40.89003 ], [ -73.88697, 40.88281 ], [ -73.89733, 40.87145 ], [ -73.90045, 40.8747 ], [ -73.89958, 40.87661 ], [ -73.9017, 40.87627 ], [ -73.90367, 40.8695 ], [ -73.90837, 40.86725 ], [ -73.90793, 40.86903 ], [ -73.91014, 40.86425 ], [ -73.91252, 40.86188 ], [ -73.90889, 40.86794 ], [ -73.90853, 40.87179 ], [ -73.91053, 40.87407 ], [ -73.92497, 40.87914 ] ] ] } },
{ "type": "Feature", "properties": { "zipcode": "10003", "total_parcels": 1856, "total_lot_area": 9655922.0, "total_bldg_area": 55071079.0, "total_built_far": 8214.52, "avg_far": 5.7, "dominant_landuse": "mixed_residential_&_commercial", "pct_one_&_two_family": 2.2663, "pct_multi-family_walk-up": 11.2692, "pct_multi-family_elevator": 17.0495, "pct_mixed_residential_&_commercial": 28.0833, "pct_commercial_&_office": 16.1181, "pct_industrial": 0.124, "pct_transportation_&_utility": 1.4089, "pct_public_facilities_&_institutions": 17.332, "pct_open_space_&_outdoor_recreation": 4.5793, "pct_parking_facilities": 0.8222, "pct_vacant_land": 0.7462 }, "geometry": { "type": "Polygon", "coordinates": [ [ [ -73.99937, 40.73132 ], [ -73.99697, 40.73141 ], [ -73.99094, 40.73967 ], [ -73.97986, 40.73497 ], [ -73.98864, 40.72293 ], [ -73.9926, 40.72414 ], [ -73.99164, 40.72683 ], [ -73.99375, 40.72901 ], [ -73.99937, 40.73132 ] ] ] } },
{ "type": "Feature", "properties": { "zipcode": "10004", "total_parcels": 118, "total_lot_area": 14988210.0, "total_bldg_area": 32429100.0, "total_built_far": 1118.73, "avg_far": 2.16, "dominant_landuse": "public_facilities_&_institutions", "pct_one_&_two_family": 0.0, "pct_multi-family_walk-up": 0.0, "pct_multi-family_elevator": 0.4595, "pct_mixed_residential_&_commercial": 2.1205, "pct_commercial_&_office": 9.624, "pct_industrial": 0.0, "pct_transportation_&_utility": 4.8989, "pct_public_facilities_&_institutions": 55.8289, "pct_open_space_&_outdoor_recreation": 7.2224, "pct_parking_facilities": 1.3, "pct_vacant_land": 0.1034 }, "geometry": { "type": "MultiPolygon", "coordinates": [ [ [ [ -74.01769, 40.70386 ], [ -74.01603, 40.70639 ], [ -74.01516, 40.70481 ], [ -74.0124, 40.70679 ], [ -74.00903, 40.70531 ], [ -74.00773, 40.7028 ], [ -74.00917, 40.70186 ], [ -74.00745, 40.70133 ], [ -74.01358, 40.70037 ], [ -74.01769, 40.70386 ] ] ], [ [ [ -74.01734, 40.7049 ], [ -74.01712, 40.70746 ], [ -74.01646, 40.70719 ], [ -74.01734, 40.7049 ] ] ], [ [ [ -74.02661, 40.68588 ], [ -74.01966, 40.69316 ], [ -74.01184, 40.69215 ], [ -74.01333, 40.69203 ], [ -74.01231, 40.68928 ], [ -74.01488, 40.68725 ], [ -74.02373, 40.68394 ], [ -74.02661, 40.68588 ] ] ], [ [ [ -74.04721, 40.69089 ], [ -74.04389, 40.69018 ], [ -74.04362, 40.68876 ], [ -74.04625, 40.68932 ], [ -74.04721, 40.69089 ] ] ] ] } },
{ "type": "Feature", "properties": { "zipcode": "10006", "total_parcels": 65, "total_lot_area": 912459.0, "total_bldg_area": 11642728.0, "total_built_far": 773.74, "avg_far": 12.76, "dominant_landuse": "commercial_&_office", "pct_one_&_two_family": 0.0, "pct_multi-family_walk-up": 0.0, "pct_multi-family_elevator": 11.0286, "pct_mixed_residential_&_commercial": 15.7034, "pct_commercial_&_office": 42.0173, "pct_industrial": 0.0, "pct_transportation_&_utility": 0.0, "pct_public_facilities_&_institutions": 14.8, "pct_open_space_&_outdoor_recreation": 5.112, "pct_parking_facilities": 10.6624, "pct_vacant_land": 0.6685 }, "geometry": { "type": "Polygon", "coordinates": [ [ [ -74.01566, 40.70488 ], [ -74.0137, 40.71367 ], [ -74.01012, 40.71209 ], [ -74.01123, 40.71037 ], [ -74.00999, 40.70981 ], [ -74.01325, 40.70587 ], [ -74.01566, 40.70488 ] ] ] } },
{ "type": "Feature", "properties": { "zipcode": "10466", "total_parcels": 9232, "total_lot_area": 39036552.0, "total_bldg_area": 30753190.0, "total_built_far": 7623.09, "avg_far": 0.79, "dominant_landuse": "one_&_two_family", "pct_one_&_two_family": 45.5805, "pct_multi-family_walk-up": 14.7784, "pct_multi-family_elevator": 7.6116, "pct_mixed_residential_&_commercial": 1.8887, "pct_commercial_&_office": 4.0542, "pct_industrial": 3.1555, "pct_transportation_&_utility": 3.1875, "pct_public_facilities_&_institutions": 10.6453, "pct_open_space_&_outdoor_recreation": 3.9139, "pct_parking_facilities": 1.6455, "pct_vacant_land": 2.5694 }, "geometry": { "type": "Polygon", "coordinates": [ [ [ -73.86538, 40.88688 ], [ -73.86136, 40.89466 ], [ -73.86356, 40.89538 ], [ -73.86133, 40.90019 ], [ -73.86111, 40.89759 ], [ -73.85926, 40.90034 ], [ -73.85619, 40.89919 ], [ -73.85624, 40.89763 ], [ -73.84955, 40.90304 ], [ -73.8468, 40.90155 ], [ -73.84572, 40.9048 ], [ -73.84139, 40.90417 ], [ -73.83841, 40.89406 ], [ -73.82402, 40.88975 ], [ -73.82237, 40.88948 ], [ -73.82324, 40.8912 ], [ -73.81956, 40.89016 ], [ -73.84306, 40.87922 ], [ -73.86538, 40.88688 ] ] ] } },
{ "type": "Feature", "properties": { "zipcode": "10007", "total_parcels": 231, "total_lot_area": 4414471.0, "total_bldg_area": 38257902.0, "total_built_far": 1865.58, "avg_far": 8.67, "dominant_landuse": "commercial_&_office", "pct_one_&_two_family": 0.0572, "pct_multi-family_walk-up": 0.6503, "pct_multi-family_elevator": 4.3627, "pct_mixed_residential_&_commercial": 17.3925, "pct_commercial_&_office": 52.4354, "pct_industrial": 0.0, "pct_transportation_&_utility": 1.8458, "pct_public_facilities_&_institutions": 21.493, "pct_open_space_&_outdoor_recreation": 0.7625, "pct_parking_facilities": 0.7863, "pct_vacant_land": 0.2145 }, "geometry": { "type": "Polygon", "coordinates": [ [ [ -74.01338, 40.71441 ], [ -74.01273, 40.71711 ], [ -74.00774, 40.71518 ], [ -74.00625, 40.71708 ], [ -74.00309, 40.71396 ], [ -74.00075, 40.71451 ], [ -74.00089, 40.71301 ], [ -74.0086, 40.71139 ], [ -74.00999, 40.70981 ], [ -74.01123, 40.71037 ], [ -74.01012, 40.71209 ], [ -74.01338, 40.71441 ] ], [ [ -74.00925, 40.71326 ], [ -74.0081, 40.712 ], [ -74.00767, 40.71253 ], [ -74.00925, 40.71326 ] ] ] } },
{ "type": "Feature", "properties": { "zipcode": "10009", "total_parcels": 1327, "total_lot_area": 12373979.0, "total_bldg_area": 31915588.0, "total_built_far": 4366.11, "avg_far": 2.58, "dominant_landuse": "mixed_residential_&_commercial", "pct_one_&_two_family": 0.2448, "pct_multi-family_walk-up": 11.4784, "pct_multi-family_elevator": 20.8345, "pct_mixed_residential_&_commercial": 38.5189, "pct_commercial_&_office": 0.8165, "pct_industrial": 0.2404, "pct_transportation_&_utility": 13.2705, "pct_public_facilities_&_institutions": 6.3657, "pct_open_space_&_outdoor_recreation": 7.6787, "pct_parking_facilities": 0.225, "pct_vacant_land": 0.2872 }, "geometry": { "type": "Polygon", "coordinates": [ [ [ -73.98845, 40.72328 ], [ -73.97986, 40.73497 ], [ -73.97365, 40.73231 ], [ -73.97128, 40.72925 ], [ -73.97364, 40.71861 ], [ -73.98845, 40.72328 ] ] ] } },
{ "type": "Feature", "properties": { "zipcode": "10010", "total_parcels": 601, "total_lot_area": 6447584.0, "total_bldg_area": 44761399.0, "total_built_far": 3832.33, "avg_far": 6.94, "dominant_landuse": "mixed_residential_&_commercial", "pct_one_&_two_family": 0.2364, "pct_multi-family_walk-up": 2.902, "pct_multi-family_elevator": 12.9462, "pct_mixed_residential_&_commercial": 34.9761, "pct_commercial_&_office": 21.9295, "pct_industrial": 0.1549, "pct_transportation_&_utility": 0.0383, "pct_public_facilities_&_institutions": 16.8473, "pct_open_space_&_outdoor_recreation": 8.7721, "pct_parking_facilities": 0.8589, "pct_vacant_land": 0.3383 }, "geometry": { "type": "Polygon", "coordinates": [ [ [ -73.99374, 40.74162 ], [ -73.99048, 40.74481 ], [ -73.97439, 40.73769 ], [ -73.97238, 40.743 ], [ -73.97157, 40.74299 ], [ -73.97249, 40.73581 ], [ -73.97447, 40.73625 ], [ -73.97365, 40.73231 ], [ -73.99374, 40.74162 ] ] ] } },
{ "type": "Feature", "properties": { "zipcode": "10308", "total_parcels": 8421, "total_lot_area": 63327162.0, "total_bldg_area": 15461575.0, "total_built_far": 4064.68, "avg_far": 0.24, "dominant_landuse": "one_&_two_family", "pct_one_&_two_family": 46.6953, "pct_multi-family_walk-up": 2.1796, "pct_multi-family_elevator": 0.0, "pct_mixed_residential_&_commercial": 0.5769, "pct_commercial_&_office": 2.0317, "pct_industrial": 0.1332, "pct_transportation_&_utility": 3.4304, "pct_public_facilities_&_institutions": 1.8143, "pct_open_space_&_outdoor_recreation": 35.8064, "pct_parking_facilities": 0.3747, "pct_vacant_land": 6.9221 }, "geometry": { "type": "Polygon", "coordinates": [ [ [ -74.16555, 40.56064 ], [ -74.16439, 40.56562 ], [ -74.15177, 40.56998 ], [ -74.15078, 40.56691 ], [ -74.13966, 40.55865 ], [ -74.14554, 40.55385 ], [ -74.14055, 40.55485 ], [ -74.13383, 40.55235 ], [ -74.13864, 40.54848 ], [ -74.13568, 40.54637 ], [ -74.14197, 40.54255 ], [ -74.14217, 40.53729 ], [ -74.1461, 40.53552 ], [ -74.1507, 40.53711 ], [ -74.15833, 40.54434 ], [ -74.15937, 40.54733 ], [ -74.1616, 40.54672 ], [ -74.16399, 40.55591 ], [ -74.16287, 40.55696 ], [ -74.16555, 40.56064 ] ] ] } },
{ "type": "Feature", "properties": { "zipcode": "10309", "total_parcels": 10607, "total_lot_area": 169926575.0, "total_bldg_area": 26936588.0, "total_built_far": 5425.53, "avg_far": 0.16, "dominant_landuse": "vacant_land", "pct_one_&_two_family": 25.8257, "pct_multi-family_walk-up": 0.8324, "pct_multi-family_elevator": 0.0, "pct_mixed_residential_&_commercial": 0.3515, "pct_commercial_&_office": 5.5255, "pct_industrial": 8.3648, "pct_transportation_&_utility": 5.3283, "pct_public_facilities_&_institutions": 5.9883, "pct_open_space_&_outdoor_recreation": 19.0894, "pct_parking_facilities": 1.2229, "pct_vacant_land": 26.0504 }, "geometry": { "type": "Polygon", "coordinates": [ [ [ -74.24801, 40.54309 ], [ -74.24359, 40.54765 ], [ -74.24054, 40.54755 ], [ -74.23644, 40.55064 ], [ -74.23637, 40.55234 ], [ -74.23317, 40.55253 ], [ -74.23047, 40.55559 ], [ -74.22064, 40.55593 ], [ -74.21969, 40.55461 ], [ -74.21511, 40.55603 ], [ -74.21418, 40.5577 ], [ -74.21353, 40.55653 ], [ -74.21241, 40.5579 ], [ -74.20639, 40.5581 ], [ -74.20515, 40.55735 ], [ -74.21316, 40.55484 ], [ -74.21094, 40.55506 ], [ -74.20613, 40.54354 ], [ -74.2031, 40.54429 ], [ -74.20109, 40.54109 ], [ -74.19858, 40.53448 ], [ -74.20289, 40.53171 ], [ -74.19748, 40.53242 ], [ -74.19608, 40.52991 ], [ -74.19454, 40.53062 ], [ -74.19564, 40.52924 ], [ -74.19323, 40.526 ], [ -74.19114, 40.52686 ], [ -74.18767, 40.51946 ], [ -74.18382, 40.52085 ], [ -74.18317, 40.5199 ], [ -74.1952, 40.5099 ], [ -74.2012, 40.51293 ], [ -74.20732, 40.5119 ], [ -74.2174, 40.50322 ], [ -74.22467, 40.50155 ], [ -74.22833, 40.50224 ], [ -74.23482, 40.51952 ], [ -74.24279, 40.5207 ], [ -74.24405, 40.5252 ], [ -74.24146, 40.53107 ], [ -74.24206, 40.53427 ], [ -74.24557, 40.53687 ], [ -74.24553, 40.54072 ], [ -74.24801, 40.54309 ] ] ] } },
{ "type": "Feature", "properties": { "zipcode": "10467", "total_parcels": 4674, "total_lot_area": 79987353.0, "total_bldg_area": 49365695.0, "total_built_far": 6591.7, "avg_far": 0.62, "dominant_landuse": "open_space_&_outdoor_recreation", "pct_one_&_two_family": 7.4297, "pct_multi-family_walk-up": 6.4474, "pct_multi-family_elevator": 6.6125, "pct_mixed_residential_&_commercial": 3.1041, "pct_commercial_&_office": 2.1091, "pct_industrial": 0.1846, "pct_transportation_&_utility": 1.8493, "pct_public_facilities_&_institutions": 3.5934, "pct_open_space_&_outdoor_recreation": 67.692, "pct_parking_facilities": 0.4527, "pct_vacant_land": 0.5009 }, "geometry": { "type": "Polygon", "coordinates": [ [ [ -73.88733, 40.88881 ], [ -73.88059, 40.89669 ], [ -73.87783, 40.8868 ], [ -73.87813, 40.88215 ], [ -73.87467, 40.88156 ], [ -73.87495, 40.87995 ], [ -73.87092, 40.88026 ], [ -73.86356, 40.89538 ], [ -73.86136, 40.89466 ], [ -73.86538, 40.88688 ], [ -73.85569, 40.88421 ], [ -73.86247, 40.87321 ], [ -73.86133, 40.87287 ], [ -73.86288, 40.85795 ], [ -73.8774, 40.85549 ], [ -73.87789, 40.85932 ], [ -73.87393, 40.86307 ], [ -73.87621, 40.86676 ], [ -73.87861, 40.86759 ], [ -73.88079, 40.86639 ], [ -73.87911, 40.86803 ], [ -73.88147, 40.86857 ], [ -73.88701, 40.88247 ], [ -73.88733, 40.88881 ] ] ] } },
{ "type": "Feature", "properties": { "zipcode": "10468", "total_parcels": 1599, "total_lot_area": 25746389.0, "total_bldg_area": 38236214.0, "total_built_far": 3588.97, "avg_far": 1.49, "dominant_landuse": "transportation_&_utility", "pct_one_&_two_family": 5.1265, "pct_multi-family_walk-up": 10.3214, "pct_multi-family_elevator": 11.0303, "pct_mixed_residential_&_commercial": 5.7307, "pct_commercial_&_office": 3.0242, "pct_industrial": 1.3076, "pct_transportation_&_utility": 27.3487, "pct_public_facilities_&_institutions": 23.2082, "pct_open_space_&_outdoor_recreation": 7.1376, "pct_parking_facilities": 1.2902, "pct_vacant_land": 4.4558 }, "geometry": { "type": "Polygon", "coordinates": [ [ [ -73.91929, 40.85748 ], [ -73.91085, 40.86653 ], [ -73.9091, 40.87168 ], [ -73.90889, 40.86794 ], [ -73.91323, 40.86205 ], [ -73.9106, 40.86362 ], [ -73.90793, 40.86903 ], [ -73.90837, 40.86725 ], [ -73.90367, 40.8695 ], [ -73.9017, 40.87627 ], [ -73.89958, 40.87661 ], [ -73.90045, 40.8747 ], [ -73.89733, 40.87145 ], [ -73.88697, 40.88281 ], [ -73.88478, 40.87842 ], [ -73.88738, 40.87272 ], [ -73.89174, 40.86951 ], [ -73.89995, 40.85742 ], [ -73.91002, 40.86102 ], [ -73.91616, 40.85878 ], [ -73.91742, 40.85677 ], [ -73.91929, 40.85748 ] ] ] } },
{ "type": "Feature", "properties": { "zipcode": "10011", "total_parcels": 2046, "total_lot_area": 13593915.0, "total_bldg_area": 60904230.0, "total_built_far": 8301.21, "avg_far": 4.48, "dominant_landuse": "mixed_residential_&_commercial", "pct_one_&_two_family": 3.3112, "pct_multi-family_walk-up": 10.7117, "pct_multi-family_elevator": 16.131, "pct_mixed_residential_&_commercial": 22.179, "pct_commercial_&_office": 18.0153, "pct_industrial": 0.5707, "pct_transportation_&_utility": 12.8951, "pct_public_facilities_&_institutions": 7.3143, "pct_open_space_&_outdoor_recreation": 5.2455, "pct_parking_facilities": 0.3893, "pct_vacant_land": 3.2009 }, "geometry": { "type": "Polygon", "coordinates": [ [ [ -74.01229, 40.74387 ], [ -74.00899, 40.74395 ], [ -74.01186, 40.74553 ], [ -74.00945, 40.74569 ], [ -74.01169, 40.74666 ], [ -74.0093, 40.74674 ], [ -74.01154, 40.74762 ], [ -74.00913, 40.74774 ], [ -74.0113, 40.74865 ], [ -74.00925, 40.74997 ], [ -74.01063, 40.75131 ], [ -74.0091, 40.7507 ], [ -74.00853, 40.75192 ], [ -74.00846, 40.75034 ], [ -73.99206, 40.74392 ], [ -73.99403, 40.74122 ], [ -73.9908, 40.73987 ], [ -73.99697, 40.73141 ], [ -73.99861, 40.73221 ], [ -73.9996, 40.73104 ], [ -74.00095, 40.73171 ], [ -73.99956, 40.73361 ], [ -74.00273, 40.74029 ], [ -74.01229, 40.74387 ] ] ] } },
{ "type": "Feature", "properties": { "zipcode": "10012", "total_parcels": 1174, "total_lot_area": 5588704.0, "total_bldg_area": 28905915.0, "total_built_far": 5029.24, "avg_far": 5.17, "dominant_landuse": "mixed_residential_&_commercial", "pct_one_&_two_family": 1.1723, "pct_multi-family_walk-up": 6.6071, "pct_multi-family_elevator": 14.2792, "pct_mixed_residential_&_commercial": 37.8476, "pct_commercial_&_office": 19.3048, "pct_industrial": 0.0, "pct_transportation_&_utility": 0.049, "pct_public_facilities_&_institutions": 17.1581, "pct_open_space_&_outdoor_recreation": 1.8046, "pct_parking_facilities": 1.082, "pct_vacant_land": 0.5019 }, "geometry": { "type": "Polygon", "coordinates": [ [ [ -74.00458, 40.72417 ], [ -74.00036, 40.73183 ], [ -73.99164, 40.72683 ], [ -73.99426, 40.71978 ], [ -74.00458, 40.72417 ] ] ] } },
{ "type": "Feature", "properties": { "zipcode": "10469", "total_parcels": 11368, "total_lot_area": 43371834.0, "total_bldg_area": 31397617.0, "total_built_far": 9009.11, "avg_far": 0.72, "dominant_landuse": "one_&_two_family", "pct_one_&_two_family": 58.806, "pct_multi-family_walk-up": 10.1622, "pct_multi-family_elevator": 2.1043, "pct_mixed_residential_&_commercial": 2.9408, "pct_commercial_&_office": 6.1933, "pct_industrial": 0.8182, "pct_transportation_&_utility": 6.4277, "pct_public_facilities_&_institutions": 8.1826, "pct_open_space_&_outdoor_recreation": 1.4898, "pct_parking_facilities": 0.865, "pct_vacant_land": 1.8902 }, "geometry": { "type": "Polygon", "coordinates": [ [ [ -73.86288, 40.85795 ], [ -73.86177, 40.85899 ], [ -73.86133, 40.87287 ], [ -73.86247, 40.87321 ], [ -73.85569, 40.88421 ], [ -73.84306, 40.87922 ], [ -73.83874, 40.88127 ], [ -73.82652, 40.85651 ], [ -73.83277, 40.85599 ], [ -73.8474, 40.85868 ], [ -73.86288, 40.85795 ] ] ] } },
{ "type": "Feature", "properties": { "zipcode": "10013", "total_parcels": 1588, "total_lot_area": 9040967.0, "total_bldg_area": 52658499.0, "total_built_far": 7600.76, "avg_far": 5.82, "dominant_landuse": "mixed_residential_&_commercial", "pct_one_&_two_family": 0.803, "pct_multi-family_walk-up": 2.7894, "pct_multi-family_elevator": 9.9947, "pct_mixed_residential_&_commercial": 38.2682, "pct_commercial_&_office": 25.8784, "pct_industrial": 2.4099, "pct_transportation_&_utility": 7.7193, "pct_public_facilities_&_institutions": 5.8733, "pct_open_space_&_outdoor_recreation": 3.7485, "pct_parking_facilities": 1.796, "pct_vacant_land": 0.4998 }, "geometry": { "type": "Polygon", "coordinates": [ [ [ -74.0163, 40.72076 ], [ -74.01278, 40.72031 ], [ -74.01615, 40.72163 ], [ -74.01254, 40.7215 ], [ -74.01109, 40.72611 ], [ -74.00911, 40.72591 ], [ -74.00962, 40.72756 ], [ -74.00284, 40.72674 ], [ -74.00458, 40.72417 ], [ -73.99426, 40.71978 ], [ -73.99858, 40.71347 ], [ -74.00625, 40.71708 ], [ -74.00924, 40.71552 ], [ -74.01273, 40.71711 ], [ -74.01291, 40.71972 ], [ -74.0163, 40.72076 ] ] ] } },
{ "type": "Feature", "properties": { "zipcode": "10310", "total_parcels": 6196, "total_lot_area": 39741920.0, "total_bldg_area": 14204337.0, "total_built_far": 2818.28, "avg_far": 0.36, "dominant_landuse": "one_&_two_family", "pct_one_&_two_family": 57.1945, "pct_multi-family_walk-up": 4.3683, "pct_multi-family_elevator": 1.5913, "pct_mixed_residential_&_commercial": 1.85, "pct_commercial_&_office": 3.0223, "pct_industrial": 2.3985, "pct_transportation_&_utility": 6.1791, "pct_public_facilities_&_institutions": 13.5192, "pct_open_space_&_outdoor_recreation": 4.3453, "pct_parking_facilities": 2.2366, "pct_vacant_land": 2.694 }, "geometry": { "type": "Polygon", "coordinates": [ [ [ -74.13205, 40.62366 ], [ -74.12919, 40.62866 ], [ -74.13017, 40.63237 ], [ -74.12689, 40.63721 ], [ -74.12696, 40.64018 ], [ -74.12066, 40.6412 ], [ -74.11092, 40.64555 ], [ -74.10478, 40.64598 ], [ -74.10655, 40.64424 ], [ -74.10542, 40.6389 ], [ -74.10313, 40.63735 ], [ -74.10253, 40.63466 ], [ -74.10591, 40.63444 ], [ -74.10352, 40.62376 ], [ -74.10445, 40.62291 ], [ -74.11002, 40.62069 ], [ -74.11713, 40.62453 ], [ -74.12008, 40.62167 ], [ -74.12204, 40.62418 ], [ -74.12616, 40.6229 ], [ -74.13205, 40.62366 ] ] ] } },
{ "type": "Feature", "properties": { "zipcode": "10470", "total_parcels": 2334, "total_lot_area": 20423046.0, "total_bldg_area": 9358568.0, "total_built_far": 2083.56, "avg_far": 0.46, "dominant_landuse": "open_space_&_outdoor_recreation", "pct_one_&_two_family": 24.1638, "pct_multi-family_walk-up": 5.7975, "pct_multi-family_elevator": 1.9461, "pct_mixed_residential_&_commercial": 2.587, "pct_commercial_&_office": 2.8755, "pct_industrial": 2.3802, "pct_transportation_&_utility": 9.2645, "pct_public_facilities_&_institutions": 2.2798, "pct_open_space_&_outdoor_recreation": 44.7048, "pct_parking_facilities": 2.3892, "pct_vacant_land": 1.413 }, "geometry": { "type": "Polygon", "coordinates": [ [ [ -73.8804, 40.89664 ], [ -73.87801, 40.90597 ], [ -73.86078, 40.90079 ], [ -73.85434, 40.90897 ], [ -73.85138, 40.91004 ], [ -73.85353, 40.90747 ], [ -73.84479, 40.90505 ], [ -73.8468, 40.90155 ], [ -73.84955, 40.90304 ], [ -73.85624, 40.89763 ], [ -73.85619, 40.89919 ], [ -73.85926, 40.90034 ], [ -73.86111, 40.89759 ], [ -73.86133, 40.90019 ], [ -73.87092, 40.88026 ], [ -73.87495, 40.87995 ], [ -73.87467, 40.88156 ], [ -73.87813, 40.88215 ], [ -73.87783, 40.8868 ], [ -73.8804, 40.89664 ] ] ] } },
{ "type": "Feature", "properties": { "zipcode": "10014", "total_parcels": 1924, "total_lot_area": 9952329.0, "total_bldg_area": 36416273.0, "total_built_far": 6296.59, "avg_far": 3.66, "dominant_landuse": "mixed_residential_&_commercial", "pct_one_&_two_family": 7.49, "pct_multi-family_walk-up": 14.6846, "pct_multi-family_elevator": 11.9425, "pct_mixed_residential_&_commercial": 19.6135, "pct_commercial_&_office": 14.071, "pct_industrial": 0.4316, "pct_transportation_&_utility": 17.1096, "pct_public_facilities_&_institutions": 3.8381, "pct_open_space_&_outdoor_recreation": 4.9581, "pct_parking_facilities": 1.2292, "pct_vacant_land": 3.7008 }, "geometry": { "type": "Polygon", "coordinates": [ [ [ -74.01234, 40.74019 ], [ -74.00771, 40.74283 ], [ -74.00273, 40.74029 ], [ -73.99956, 40.73361 ], [ -74.00373, 40.72625 ], [ -74.00962, 40.72756 ], [ -74.00911, 40.72591 ], [ -74.01109, 40.72611 ], [ -74.01002, 40.73938 ], [ -74.01234, 40.74019 ] ] ] } },
{ "type": "Feature", "properties": { "zipcode": "10016", "total_parcels": 1357, "total_lot_area": 10114780.0, "total_bldg_area": 77050478.0, "total_built_far": 7719.61, "avg_far": 7.62, "dominant_landuse": "mixed_residential_&_commercial", "pct_one_&_two_family": 1.4372, "pct_multi-family_walk-up": 4.3904, "pct_multi-family_elevator": 14.7203, "pct_mixed_residential_&_commercial": 27.715, "pct_commercial_&_office": 22.7328, "pct_industrial": 0.0, "pct_transportation_&_utility": 1.4348, "pct_public_facilities_&_institutions": 19.2478, "pct_open_space_&_outdoor_recreation": 1.8528, "pct_parking_facilities": 1.2155, "pct_vacant_land": 5.1262 }, "geometry": { "type": "Polygon", "coordinates": [ [ [ -73.9873, 40.74468 ], [ -73.98182, 40.7522 ], [ -73.97078, 40.74754 ], [ -73.96999, 40.74887 ], [ -73.9677, 40.74787 ], [ -73.97223, 40.74325 ], [ -73.97439, 40.73769 ], [ -73.98498, 40.74209 ], [ -73.9873, 40.74468 ] ] ] } },
{ "type": "Feature", "properties": { "zipcode": "10464", "total_parcels": 1477, "total_lot_area": 115425982.0, "total_bldg_area": 3666975.0, "total_built_far": 618.13, "avg_far": 0.03, "dominant_landuse": "open_space_&_outdoor_recreation", "pct_one_&_two_family": 4.814, "pct_multi-family_walk-up": 0.9509, "pct_multi-family_elevator": 0.3021, "pct_mixed_residential_&_commercial": 0.4394, "pct_commercial_&_office": 0.7547, "pct_industrial": 0.2944, "pct_transportation_&_utility": 1.1191, "pct_public_facilities_&_institutions": 0.4116, "pct_open_space_&_outdoor_recreation": 88.131, "pct_parking_facilities": 0.1523, "pct_vacant_land": 2.1685 }, "geometry": { "type": "MultiPolygon", "coordinates": [ [ [ [ -73.79256, 40.85597 ], [ -73.78934, 40.85882 ], [ -73.78844, 40.85404 ], [ -73.78704, 40.85405 ], [ -73.78833, 40.85361 ], [ -73.78367, 40.85143 ], [ -73.78487, 40.85103 ], [ -73.78208, 40.84686 ], [ -73.7833, 40.84452 ], [ -73.78131, 40.84112 ], [ -73.78403, 40.83659 ], [ -73.79119, 40.84696 ], [ -73.78943, 40.85119 ], [ -73.79256, 40.85597 ] ] ], [ [ [ -73.82046, 40.86931 ], [ -73.81869, 40.87194 ], [ -73.81516, 40.889 ], [ -73.79302, 40.88336 ], [ -73.7961, 40.87701 ], [ -73.80298, 40.8689 ], [ -73.80582, 40.8689 ], [ -73.80577, 40.86952 ], [ -73.80882, 40.87125 ], [ -73.80479, 40.8666 ], [ -73.80181, 40.8659 ], [ -73.798, 40.87213 ], [ -73.79522, 40.87232 ], [ -73.79344, 40.87701 ], [ -73.79452, 40.8775 ], [ -73.7909, 40.8809 ], [ -73.78518, 40.87775 ], [ -73.78756, 40.87255 ], [ -73.78572, 40.8737 ], [ -73.78539, 40.87205 ], [ -73.78359, 40.87378 ], [ -73.78251, 40.87166 ], [ -73.79018, 40.86815 ], [ -73.7919, 40.86083 ], [ -73.79403, 40.85655 ], [ -73.79842, 40.85496 ], [ -73.80021, 40.84793 ], [ -73.80563, 40.85471 ], [ -73.80457, 40.86119 ], [ -73.80758, 40.86039 ], [ -73.80759, 40.85866 ], [ -73.81097, 40.86271 ], [ -73.81385, 40.86403 ], [ -73.8151, 40.86306 ], [ -73.81509, 40.86524 ], [ -73.81675, 40.86454 ], [ -73.81469, 40.86824 ], [ -73.81592, 40.87062 ], [ -73.81893, 40.86954 ], [ -73.81747, 40.86731 ], [ -73.82046, 40.86931 ] ] ] ] } },
{ "type": "Feature", "properties": { "zipcode": "10017", "total_parcels": 460, "total_lot_area": 6265463.0, "total_bldg_area": 72638948.0, "total_built_far": 4076.3, "avg_far": 11.59, "dominant_landuse": "commercial_&_office", "pct_one_&_two_family": 1.0193, "pct_multi-family_walk-up": 0.5984, "pct_multi-family_elevator": 6.6871, "pct_mixed_residential_&_commercial": 13.4795, "pct_commercial_&_office": 52.4148, "pct_industrial": 0.0, "pct_transportation_&_utility": 7.3424, "pct_public_facilities_&_institutions": 13.6347, "pct_open_space_&_outdoor_recreation": 2.6629, "pct_parking_facilities": 0.227, "pct_vacant_land": 1.9339 }, "geometry": { "type": "Polygon", "coordinates": [ [ [ -73.98137, 40.75281 ], [ -73.9804, 40.75415 ], [ -73.97878, 40.75348 ], [ -73.97994, 40.75478 ], [ -73.97765, 40.75791 ], [ -73.97444, 40.75656 ], [ -73.97697, 40.75435 ], [ -73.97419, 40.75399 ], [ -73.97282, 40.75587 ], [ -73.96471, 40.75172 ], [ -73.9677, 40.74787 ], [ -73.96999, 40.74887 ], [ -73.97078, 40.74754 ], [ -73.98137, 40.75281 ] ], [ [ -73.97977, 40.75214 ], [ -73.97653, 40.75077 ], [ -73.97396, 40.75144 ], [ -73.9757, 40.75381 ], [ -73.97711, 40.75188 ], [ -73.97977, 40.75214 ] ] ] } },
{ "type": "Feature", "properties": { "zipcode": "10018", "total_parcels": 588, "total_lot_area": 7061484.0, "total_bldg_area": 54529853.0, "total_built_far": 5047.24, "avg_far": 7.72, "dominant_landuse": "commercial_&_office", "pct_one_&_two_family": 0.0, "pct_multi-family_walk-up": 1.1154, "pct_multi-family_elevator": 3.6729, "pct_mixed_residential_&_commercial": 7.9705, "pct_commercial_&_office": 36.9782, "pct_industrial": 1.9037, "pct_transportation_&_utility": 23.3966, "pct_public_facilities_&_institutions": 7.1079, "pct_open_space_&_outdoor_recreation": 4.1066, "pct_parking_facilities": 3.7741, "pct_vacant_land": 9.868 }, "geometry": { "type": "Polygon", "coordinates": [ [ [ -74.00669, 40.75992 ], [ -74.00474, 40.75903 ], [ -74.0023, 40.76154 ], [ -74.00445, 40.76268 ], [ -74.00172, 40.76221 ], [ -73.99813, 40.75904 ], [ -73.98089, 40.75348 ], [ -73.98408, 40.7491 ], [ -74.0015, 40.75645 ], [ -74.00007, 40.7584 ], [ -74.00284, 40.75969 ], [ -74.00585, 40.75594 ], [ -74.00496, 40.75787 ], [ -74.00669, 40.75992 ] ] ] } },
{ "type": "Feature", "properties": { "zipcode": "10019", "total_parcels": 1048, "total_lot_area": 13485859.0, "total_bldg_area": 97564655.0, "total_built_far": 6244.81, "avg_far": 7.23, "dominant_landuse": "commercial_&_office", "pct_one_&_two_family": 0.1355, "pct_multi-family_walk-up": 3.8319, "pct_multi-family_elevator": 10.6644, "pct_mixed_residential_&_commercial": 23.683, "pct_commercial_&_office": 25.8355, "pct_industrial": 1.0939, "pct_transportation_&_utility": 22.055, "pct_public_facilities_&_institutions": 8.1015, "pct_open_space_&_outdoor_recreation": 2.7415, "pct_parking_facilities": 0.5361, "pct_vacant_land": 0.9996 }, "geometry": { "type": "Polygon", "coordinates": [ [ [ -73.99713, 40.7661 ], [ -73.99485, 40.76926 ], [ -73.99748, 40.77186 ], [ -73.99494, 40.77172 ], [ -73.99623, 40.77332 ], [ -73.97623, 40.76568 ], [ -73.97697, 40.76688 ], [ -73.97454, 40.76976 ], [ -73.97293, 40.76904 ], [ -73.97255, 40.7649 ], [ -73.97583, 40.76042 ], [ -73.97951, 40.76115 ], [ -73.97674, 40.75917 ], [ -73.98326, 40.76109 ], [ -73.98134, 40.75865 ], [ -73.99713, 40.7661 ] ] ] } },
{ "type": "Feature", "properties": { "zipcode": "10021", "total_parcels": 1180, "total_lot_area": 6403006.0, "total_bldg_area": 47002377.0, "total_built_far": 5740.93, "avg_far": 7.34, "dominant_landuse": "multi-family_elevator", "pct_one_&_two_family": 8.7237, "pct_multi-family_walk-up": 8.2841, "pct_multi-family_elevator": 32.6353, "pct_mixed_residential_&_commercial": 26.9502, "pct_commercial_&_office": 4.1643, "pct_industrial": 0.1931, "pct_transportation_&_utility": 3.0966, "pct_public_facilities_&_institutions": 14.6551, "pct_open_space_&_outdoor_recreation": 0.0, "pct_parking_facilities": 0.8537, "pct_vacant_land": 0.3181 }, "geometry": { "type": "Polygon", "coordinates": [ [ [ -73.96799, 40.77115 ], [ -73.96515, 40.77504 ], [ -73.94904, 40.76826 ], [ -73.95231, 40.76456 ], [ -73.95516, 40.76492 ], [ -73.96408, 40.76786 ], [ -73.96799, 40.77115 ] ] ] } },
{ "type": "Feature", "properties": { "zipcode": "10314", "total_parcels": 21075, "total_lot_area": 329787232.0, "total_bldg_area": 60605759.0, "total_built_far": 11028.73, "avg_far": 0.18, "dominant_landuse": "one_&_two_family", "pct_one_&_two_family": 22.2963, "pct_multi-family_walk-up": 2.5711, "pct_multi-family_elevator": 0.4137, "pct_mixed_residential_&_commercial": 0.342, "pct_commercial_&_office": 4.6947, "pct_industrial": 4.1028, "pct_transportation_&_utility": 16.9057, "pct_public_facilities_&_institutions": 11.755, "pct_open_space_&_outdoor_recreation": 14.1196, "pct_parking_facilities": 0.8883, "pct_vacant_land": 21.7741 }, "geometry": { "type": "Polygon", "coordinates": [ [ [ -74.20596, 40.58005 ], [ -74.20364, 40.58532 ], [ -74.20406, 40.58963 ], [ -74.19702, 40.59876 ], [ -74.20263, 40.60586 ], [ -74.20236, 40.61315 ], [ -74.20038, 40.61643 ], [ -74.20115, 40.62935 ], [ -74.19599, 40.63517 ], [ -74.19231, 40.63325 ], [ -74.19544, 40.6315 ], [ -74.1924, 40.63106 ], [ -74.19174, 40.62865 ], [ -74.18946, 40.63083 ], [ -74.18824, 40.62921 ], [ -74.18642, 40.63029 ], [ -74.17767, 40.62507 ], [ -74.17924, 40.61554 ], [ -74.18356, 40.61022 ], [ -74.18179, 40.60968 ], [ -74.18016, 40.60929 ], [ -74.17903, 40.61335 ], [ -74.17368, 40.61983 ], [ -74.16848, 40.62156 ], [ -74.16535, 40.62023 ], [ -74.16239, 40.62239 ], [ -74.15154, 40.6212 ], [ -74.14877, 40.6251 ], [ -74.14615, 40.62493 ], [ -74.14823, 40.6215 ], [ -74.14468, 40.6199 ], [ -74.1469, 40.61705 ], [ -74.14234, 40.61661 ], [ -74.14168, 40.62163 ], [ -74.13756, 40.62163 ], [ -74.13639, 40.62347 ], [ -74.1318, 40.62102 ], [ -74.13103, 40.62311 ], [ -74.12204, 40.62418 ], [ -74.11794, 40.61785 ], [ -74.1147, 40.61807 ], [ -74.11296, 40.61117 ], [ -74.1054, 40.61041 ], [ -74.11088, 40.60809 ], [ -74.1142, 40.60243 ], [ -74.11684, 40.60189 ], [ -74.11782, 40.59839 ], [ -74.11943, 40.59836 ], [ -74.1206, 40.60181 ], [ -74.12628, 40.59345 ], [ -74.1304, 40.58276 ], [ -74.13867, 40.58902 ], [ -74.14583, 40.58856 ], [ -74.14632, 40.58607 ], [ -74.15253, 40.58062 ], [ -74.16984, 40.57088 ], [ -74.16983, 40.56108 ], [ -74.17762, 40.5638 ], [ -74.18001, 40.57144 ], [ -74.18939, 40.57256 ], [ -74.19081, 40.57739 ], [ -74.19502, 40.57948 ], [ -74.20596, 40.58005 ] ], [ [ -74.18246, 40.60421 ], [ -74.18041, 40.60293 ], [ -74.17696, 40.60599 ], [ -74.17918, 40.60787 ], [ -74.18246, 40.60421 ] ] ] } },
{ "type": "Feature", "properties": { "zipcode": "10471", "total_parcels": 2348, "total_lot_area": 54610695.0, "total_bldg_area": 17767104.0, "total_built_far": 1372.54, "avg_far": 0.33, "dominant_landuse": "open_space_&_outdoor_recreation", "pct_one_&_two_family": 24.1367, "pct_multi-family_walk-up": 1.566, "pct_multi-family_elevator": 7.1686, "pct_mixed_residential_&_commercial": 0.527, "pct_commercial_&_office": 0.7641, "pct_industrial": 0.0, "pct_transportation_&_utility": 2.8576, "pct_public_facilities_&_institutions": 16.4964, "pct_open_space_&_outdoor_recreation": 41.2365, "pct_parking_facilities": 0.2266, "pct_vacant_land": 4.8896 }, "geometry": { "type": "Polygon", "coordinates": [ [ [ -73.92096, 40.88729 ], [ -73.91052, 40.91528 ], [ -73.89663, 40.91132 ], [ -73.89646, 40.89371 ], [ -73.89984, 40.88654 ], [ -73.90237, 40.88725 ], [ -73.90443, 40.89016 ], [ -73.90626, 40.88757 ], [ -73.91634, 40.89129 ], [ -73.9168, 40.88707 ], [ -73.91398, 40.88637 ], [ -73.91604, 40.88487 ], [ -73.92096, 40.88729 ] ] ] } },
{ "type": "Feature", "properties": { "zipcode": "10022", "total_parcels": 1068, "total_lot_area": 7990751.0, "total_bldg_area": 86690413.0, "total_built_far": 6986.42, "avg_far": 10.85, "dominant_landuse": "commercial_&_office", "pct_one_&_two_family": 1.5254, "pct_multi-family_walk-up": 3.3234, "pct_multi-family_elevator": 22.0403, "pct_mixed_residential_&_commercial": 23.1859, "pct_commercial_&_office": 36.3954, "pct_industrial": 0.0, "pct_transportation_&_utility": 4.9226, "pct_public_facilities_&_institutions": 4.9177, "pct_open_space_&_outdoor_recreation": 1.3833, "pct_parking_facilities": 0.808, "pct_vacant_land": 1.2218 }, "geometry": { "type": "Polygon", "coordinates": [ [ [ -73.9772, 40.75854 ], [ -73.97347, 40.76366 ], [ -73.97141, 40.76359 ], [ -73.97255, 40.7649 ], [ -73.96062, 40.76067 ], [ -73.95848, 40.75854 ], [ -73.96471, 40.75172 ], [ -73.9772, 40.75854 ] ], [ [ -73.97352, 40.75781 ], [ -73.97191, 40.75713 ], [ -73.97099, 40.75837 ], [ -73.97261, 40.75906 ], [ -73.97352, 40.75781 ] ] ] } },
{ "type": "Feature", "properties": { "zipcode": "10023", "total_parcels": 1259, "total_lot_area": 10376619.0, "total_bldg_area": 60400437.0, "total_built_far": 5913.74, "avg_far": 5.82, "dominant_landuse": "mixed_residential_&_commercial", "pct_one_&_two_family": 2.2943, "pct_multi-family_walk-up": 11.524, "pct_multi-family_elevator": 22.5722, "pct_mixed_residential_&_commercial": 29.1596, "pct_commercial_&_office": 8.8448, "pct_industrial": 0.0, "pct_transportation_&_utility": 1.8599, "pct_public_facilities_&_institutions": 11.6894, "pct_open_space_&_outdoor_recreation": 10.0039, "pct_parking_facilities": 0.2044, "pct_vacant_land": 1.7159 }, "geometry": { "type": "Polygon", "coordinates": [ [ [ -73.99597, 40.77401 ], [ -73.99343, 40.77302 ], [ -73.99032, 40.77732 ], [ -73.9892, 40.77686 ], [ -73.99154, 40.77453 ], [ -73.98863, 40.77412 ], [ -73.98877, 40.77667 ], [ -73.98433, 40.78332 ], [ -73.97407, 40.7788 ], [ -73.97172, 40.78202 ], [ -73.97103, 40.77994 ], [ -73.96373, 40.77699 ], [ -73.97028, 40.76803 ], [ -73.97454, 40.76976 ], [ -73.97697, 40.76688 ], [ -73.97623, 40.76568 ], [ -73.99597, 40.77401 ] ] ] } },
{ "type": "Feature", "properties": { "zipcode": "10024", "total_parcels": 1739, "total_lot_area": 12243874.0, "total_bldg_area": 49432006.0, "total_built_far": 7459.2, "avg_far": 4.04, "dominant_landuse": "open_space_&_outdoor_recreation", "pct_one_&_two_family": 3.86, "pct_multi-family_walk-up": 14.0211, "pct_multi-family_elevator": 19.5031, "pct_mixed_residential_&_commercial": 16.0966, "pct_commercial_&_office": 1.7565, "pct_industrial": 0.0899, "pct_transportation_&_utility": 2.4053, "pct_public_facilities_&_institutions": 14.0569, "pct_open_space_&_outdoor_recreation": 27.802, "pct_parking_facilities": 0.2642, "pct_vacant_land": 0.1153 }, "geometry": { "type": "Polygon", "coordinates": [ [ [ -73.98814, 40.78141 ], [ -73.98011, 40.79313 ], [ -73.97293, 40.79138 ], [ -73.96735, 40.78783 ], [ -73.96256, 40.79163 ], [ -73.95578, 40.78791 ], [ -73.96373, 40.77699 ], [ -73.97103, 40.77994 ], [ -73.97172, 40.78202 ], [ -73.97407, 40.7788 ], [ -73.98376, 40.7833 ], [ -73.98568, 40.78031 ], [ -73.98814, 40.78141 ] ] ] } },
{ "type": "Feature", "properties": { "zipcode": "10025", "total_parcels": 1570, "total_lot_area": 16747554.0, "total_bldg_area": 74807474.0, "total_built_far": 7136.55, "avg_far": 4.47, "dominant_landuse": "multi-family_elevator", "pct_one_&_two_family": 1.3213, "pct_multi-family_walk-up": 8.7878, "pct_multi-family_elevator": 33.2334, "pct_mixed_residential_&_commercial": 13.3595, "pct_commercial_&_office": 1.9862, "pct_industrial": 0.1204, "pct_transportation_&_utility": 10.0257, "pct_public_facilities_&_institutions": 11.2948, "pct_open_space_&_outdoor_recreation": 18.4786, "pct_parking_facilities": 0.6372, "pct_vacant_land": 0.6863 }, "geometry": { "type": "Polygon", "coordinates": [ [ [ -73.98011, 40.79313 ], [ -73.96922, 40.80851 ], [ -73.96542, 40.80864 ], [ -73.96485, 40.80671 ], [ -73.96201, 40.80551 ], [ -73.95936, 40.80612 ], [ -73.96108, 40.8018 ], [ -73.95862, 40.79998 ], [ -73.96418, 40.79236 ], [ -73.96256, 40.79163 ], [ -73.96462, 40.78884 ], [ -73.96735, 40.78783 ], [ -73.97293, 40.79138 ], [ -73.98011, 40.79313 ] ] ] } },
{ "type": "Feature", "properties": { "zipcode": "10026", "total_parcels": 981, "total_lot_area": 5547308.0, "total_bldg_area": 18000598.0, "total_built_far": 3097.24, "avg_far": 3.24, "dominant_landuse": "multi-family_elevator", "pct_one_&_two_family": 2.8138, "pct_multi-family_walk-up": 22.0021, "pct_multi-family_elevator": 34.9057, "pct_mixed_residential_&_commercial": 22.5748, "pct_commercial_&_office": 1.3746, "pct_industrial": 0.0, "pct_transportation_&_utility": 0.0, "pct_public_facilities_&_institutions": 12.1974, "pct_open_space_&_outdoor_recreation": 1.1804, "pct_parking_facilities": 1.1359, "pct_vacant_land": 1.4145 }, "geometry": { "type": "Polygon", "coordinates": [ [ [ -73.96092, 40.80226 ], [ -73.95725, 40.8094 ], [ -73.95781, 40.81126 ], [ -73.95497, 40.81006 ], [ -73.95681, 40.80755 ], [ -73.94467, 40.80313 ], [ -73.94922, 40.79691 ], [ -73.95922, 40.80023 ], [ -73.96092, 40.80226 ] ] ] } },
{ "type": "Feature", "properties": { "zipcode": "10027", "total_parcels": 2189, "total_lot_area": 17732382.0, "total_bldg_area": 47657022.0, "total_built_far": 6108.97, "avg_far": 2.69, "dominant_landuse": "public_facilities_&_institutions", "pct_one_&_two_family": 3.0096, "pct_multi-family_walk-up": 12.3507, "pct_multi-family_elevator": 17.141, "pct_mixed_residential_&_commercial": 13.1373, "pct_commercial_&_office": 6.172, "pct_industrial": 0.6264, "pct_transportation_&_utility": 2.5379, "pct_public_facilities_&_institutions": 24.2179, "pct_open_space_&_outdoor_recreation": 14.7244, "pct_parking_facilities": 1.3075, "pct_vacant_land": 4.7551 }, "geometry": { "type": "Polygon", "coordinates": [ [ [ -73.96922, 40.80851 ], [ -73.96207, 40.8181 ], [ -73.96298, 40.81851 ], [ -73.95874, 40.82162 ], [ -73.95752, 40.82114 ], [ -73.95887, 40.82001 ], [ -73.95336, 40.81806 ], [ -73.95297, 40.81507 ], [ -73.95086, 40.81419 ], [ -73.94787, 40.82113 ], [ -73.94608, 40.82126 ], [ -73.94868, 40.81569 ], [ -73.94247, 40.81263 ], [ -73.9434, 40.81063 ], [ -73.9404, 40.80896 ], [ -73.94275, 40.80574 ], [ -73.9443, 40.80639 ], [ -73.94613, 40.80388 ], [ -73.94513, 40.80305 ], [ -73.95681, 40.80755 ], [ -73.95497, 40.81006 ], [ -73.95781, 40.81126 ], [ -73.95725, 40.8094 ], [ -73.96001, 40.80591 ], [ -73.96485, 40.80671 ], [ -73.96417, 40.80764 ], [ -73.9659, 40.80881 ], [ -73.96698, 40.8076 ], [ -73.96922, 40.80851 ] ], [ [ -73.96402, 40.81133 ], [ -73.96348, 40.81037 ], [ -73.96306, 40.81095 ], [ -73.96402, 40.81133 ] ] ] } },
{ "type": "Feature", "properties": { "zipcode": "10451", "total_parcels": 1200, "total_lot_area": 21380271.0, "total_bldg_area": 42971701.0, "total_built_far": 2413.19, "avg_far": 2.01, "dominant_landuse": "public_facilities_&_institutions", "pct_one_&_two_family": 0.9416, "pct_multi-family_walk-up": 4.8868, "pct_multi-family_elevator": 13.7757, "pct_mixed_residential_&_commercial": 11.813, "pct_commercial_&_office": 9.2841, "pct_industrial": 8.2746, "pct_transportation_&_utility": 7.2275, "pct_public_facilities_&_institutions": 14.3565, "pct_open_space_&_outdoor_recreation": 13.3251, "pct_parking_facilities": 8.2321, "pct_vacant_land": 5.5339 }, "geometry": { "type": "Polygon", "coordinates": [ [ [ -73.93306, 40.82816 ], [ -73.9268, 40.83104 ], [ -73.9245, 40.83028 ], [ -73.92593, 40.82781 ], [ -73.92267, 40.82685 ], [ -73.92046, 40.83091 ], [ -73.9202, 40.8281 ], [ -73.91532, 40.82655 ], [ -73.91169, 40.82776 ], [ -73.90992, 40.82585 ], [ -73.91057, 40.82465 ], [ -73.9084, 40.82355 ], [ -73.91176, 40.81964 ], [ -73.91742, 40.82128 ], [ -73.92035, 40.81463 ], [ -73.9318, 40.80788 ], [ -73.93306, 40.82816 ] ] ] } },
{ "type": "Feature", "properties": { "zipcode": "10452", "total_parcels": 1518, "total_lot_area": 16766349.0, "total_bldg_area": 36103275.0, "total_built_far": 3256.13, "avg_far": 2.15, "dominant_landuse": "multi-family_elevator", "pct_one_&_two_family": 3.4067, "pct_multi-family_walk-up": 12.8005, "pct_multi-family_elevator": 21.6268, "pct_mixed_residential_&_commercial": 12.9535, "pct_commercial_&_office": 5.6794, "pct_industrial": 1.4996, "pct_transportation_&_utility": 11.2142, "pct_public_facilities_&_institutions": 9.132, "pct_open_space_&_outdoor_recreation": 12.3752, "pct_parking_facilities": 4.2188, "pct_vacant_land": 4.4086 }, "geometry": { "type": "Polygon", "coordinates": [ [ [ -73.93346, 40.83318 ], [ -73.9273, 40.84656 ], [ -73.92324, 40.84498 ], [ -73.91666, 40.84684 ], [ -73.91114, 40.84506 ], [ -73.91375, 40.83874 ], [ -73.92267, 40.82685 ], [ -73.92593, 40.82781 ], [ -73.9245, 40.83028 ], [ -73.9268, 40.83104 ], [ -73.93306, 40.82816 ], [ -73.93346, 40.83318 ] ] ] } },
{ "type": "Feature", "properties": { "zipcode": "10472", "total_parcels": 4342, "total_lot_area": 19935348.0, "total_bldg_area": 26281342.0, "total_built_far": 5242.72, "avg_far": 1.32, "dominant_landuse": "multi-family_walk-up", "pct_one_&_two_family": 23.563, "pct_multi-family_walk-up": 27.7459, "pct_multi-family_elevator": 15.2792, "pct_mixed_residential_&_commercial": 5.3776, "pct_commercial_&_office": 6.1678, "pct_industrial": 2.4867, "pct_transportation_&_utility": 6.7252, "pct_public_facilities_&_institutions": 7.0343, "pct_open_space_&_outdoor_recreation": 2.1512, "pct_parking_facilities": 1.3646, "pct_vacant_land": 1.6031 }, "geometry": { "type": "Polygon", "coordinates": [ [ [ -73.88441, 40.82297 ], [ -73.88389, 40.82981 ], [ -73.87762, 40.83657 ], [ -73.86905, 40.8357 ], [ -73.84504, 40.8288 ], [ -73.88441, 40.82297 ] ] ] } },
{ "type": "Feature", "properties": { "zipcode": "10028", "total_parcels": 1153, "total_lot_area": 6115890.0, "total_bldg_area": 38764814.0, "total_built_far": 5536.15, "avg_far": 6.34, "dominant_landuse": "multi-family_elevator", "pct_one_&_two_family": 4.8365, "pct_multi-family_walk-up": 15.3803, "pct_multi-family_elevator": 32.6198, "pct_mixed_residential_&_commercial": 27.2764, "pct_commercial_&_office": 1.9089, "pct_industrial": 0.0373, "pct_transportation_&_utility": 0.3548, "pct_public_facilities_&_institutions": 6.3336, "pct_open_space_&_outdoor_recreation": 10.3664, "pct_parking_facilities": 0.3111, "pct_vacant_land": 0.5126 }, "geometry": { "type": "Polygon", "coordinates": [ [ [ -73.96277, 40.77831 ], [ -73.95992, 40.78221 ], [ -73.94428, 40.77561 ], [ -73.94573, 40.77362 ], [ -73.94434, 40.77311 ], [ -73.9475, 40.77012 ], [ -73.94736, 40.77139 ], [ -73.96277, 40.77831 ] ] ] } },
{ "type": "Feature", "properties": { "zipcode": "10029", "total_parcels": 1529, "total_lot_area": 15637948.0, "total_bldg_area": 47120670.0, "total_built_far": 4521.7, "avg_far": 3.01, "dominant_landuse": "multi-family_elevator", "pct_one_&_two_family": 0.3787, "pct_multi-family_walk-up": 7.4351, "pct_multi-family_elevator": 40.2994, "pct_mixed_residential_&_commercial": 17.5479, "pct_commercial_&_office": 3.0479, "pct_industrial": 0.3156, "pct_transportation_&_utility": 1.6396, "pct_public_facilities_&_institutions": 18.0049, "pct_open_space_&_outdoor_recreation": 6.1225, "pct_parking_facilities": 2.0768, "pct_vacant_land": 3.0404 }, "geometry": { "type": "Polygon", "coordinates": [ [ [ -73.9639, 40.79275 ], [ -73.9582, 40.80055 ], [ -73.94922, 40.79691 ], [ -73.94569, 40.80081 ], [ -73.93109, 40.79409 ], [ -73.9436, 40.78265 ], [ -73.9639, 40.79275 ] ] ] } },
{ "type": "Feature", "properties": { "zipcode": "10030", "total_parcels": 1109, "total_lot_area": 5674276.0, "total_bldg_area": 14429101.0, "total_built_far": 3021.42, "avg_far": 2.54, "dominant_landuse": "multi-family_walk-up", "pct_one_&_two_family": 6.8617, "pct_multi-family_walk-up": 25.908, "pct_multi-family_elevator": 14.3477, "pct_mixed_residential_&_commercial": 17.4933, "pct_commercial_&_office": 1.563, "pct_industrial": 0.0, "pct_transportation_&_utility": 0.0887, "pct_public_facilities_&_institutions": 11.2475, "pct_open_space_&_outdoor_recreation": 20.1702, "pct_parking_facilities": 0.524, "pct_vacant_land": 1.752 }, "geometry": { "type": "Polygon", "coordinates": [ [ [ -73.94836, 40.81637 ], [ -73.94476, 40.82403 ], [ -73.93623, 40.82044 ], [ -73.9418, 40.81282 ], [ -73.94836, 40.81637 ] ] ] } },
{ "type": "Feature", "properties": { "zipcode": "10453", "total_parcels": 2087, "total_lot_area": 17790941.0, "total_bldg_area": 36005829.0, "total_built_far": 4013.36, "avg_far": 2.02, "dominant_landuse": "multi-family_elevator", "pct_one_&_two_family": 11.4398, "pct_multi-family_walk-up": 13.96, "pct_multi-family_elevator": 19.2228, "pct_mixed_residential_&_commercial": 13.0247, "pct_commercial_&_office": 5.1246, "pct_industrial": 1.3053, "pct_transportation_&_utility": 3.2665, "pct_public_facilities_&_institutions": 17.5999, "pct_open_space_&_outdoor_recreation": 7.3113, "pct_parking_facilities": 2.1829, "pct_vacant_land": 5.4182 }, "geometry": { "type": "Polygon", "coordinates": [ [ [ -73.9273, 40.84656 ], [ -73.91929, 40.85748 ], [ -73.91742, 40.85677 ], [ -73.91539, 40.85913 ], [ -73.91002, 40.86102 ], [ -73.89995, 40.85742 ], [ -73.91114, 40.84506 ], [ -73.91666, 40.84684 ], [ -73.92324, 40.84498 ], [ -73.9273, 40.84656 ] ] ] } },
{ "type": "Feature", "properties": { "zipcode": "10454", "total_parcels": 1726, "total_lot_area": 22247099.0, "total_bldg_area": 29007710.0, "total_built_far": 2991.92, "avg_far": 1.3, "dominant_landuse": "industrial", "pct_one_&_two_family": 4.8456, "pct_multi-family_walk-up": 3.8458, "pct_multi-family_elevator": 12.0564, "pct_mixed_residential_&_commercial": 6.1633, "pct_commercial_&_office": 2.9253, "pct_industrial": 28.3358, "pct_transportation_&_utility": 8.8846, "pct_public_facilities_&_institutions": 5.5742, "pct_open_space_&_outdoor_recreation": 8.7901, "pct_parking_facilities": 2.8802, "pct_vacant_land": 2.4437 }, "geometry": { "type": "Polygon", "coordinates": [ [ [ -73.9318, 40.80788 ], [ -73.92091, 40.81433 ], [ -73.91069, 40.80881 ], [ -73.90496, 40.80853 ], [ -73.90307, 40.80988 ], [ -73.90218, 40.80488 ], [ -73.91141, 40.79669 ], [ -73.91362, 40.79679 ], [ -73.91986, 40.79935 ], [ -73.92302, 40.80242 ], [ -73.92725, 40.80256 ], [ -73.9318, 40.80788 ] ] ] } },
{ "type": "Feature", "properties": { "zipcode": "10473", "total_parcels": 4858, "total_lot_area": 46781442.0, "total_bldg_area": 29933985.0, "total_built_far": 3988.38, "avg_far": 0.64, "dominant_landuse": "open_space_&_outdoor_recreation", "pct_one_&_two_family": 20.3744, "pct_multi-family_walk-up": 8.6978, "pct_multi-family_elevator": 17.6493, "pct_mixed_residential_&_commercial": 2.196, "pct_commercial_&_office": 3.9594, "pct_industrial": 3.1504, "pct_transportation_&_utility": 1.6158, "pct_public_facilities_&_institutions": 5.2647, "pct_open_space_&_outdoor_recreation": 20.9382, "pct_parking_facilities": 3.3315, "pct_vacant_land": 12.3585 }, "geometry": { "type": "Polygon", "coordinates": [ [ [ -73.88441, 40.82297 ], [ -73.84281, 40.82864 ], [ -73.84007, 40.82123 ], [ -73.84685, 40.81071 ], [ -73.84889, 40.81305 ], [ -73.85285, 40.81445 ], [ -73.84936, 40.81231 ], [ -73.85029, 40.80848 ], [ -73.84764, 40.80513 ], [ -73.85431, 40.80443 ], [ -73.85911, 40.80637 ], [ -73.85903, 40.80995 ], [ -73.85944, 40.80804 ], [ -73.86111, 40.80976 ], [ -73.86759, 40.81061 ], [ -73.87074, 40.8145 ], [ -73.88098, 40.81824 ], [ -73.88441, 40.82297 ] ] ] } },
{ "type": "Feature", "properties": { "zipcode": "10474", "total_parcels": 1215, "total_lot_area": 36418543.0, "total_bldg_area": 15827849.0, "total_built_far": 1301.0, "avg_far": 0.43, "dominant_landuse": "industrial", "pct_one_&_two_family": 1.298, "pct_multi-family_walk-up": 1.9333, "pct_multi-family_elevator": 0.617, "pct_mixed_residential_&_commercial": 1.2597, "pct_commercial_&_office": 1.4035, "pct_industrial": 39.7787, "pct_transportation_&_utility": 12.9618, "pct_public_facilities_&_institutions": 2.2206, "pct_open_space_&_outdoor_recreation": 1.9455, "pct_parking_facilities": 2.9072, "pct_vacant_land": 4.1172 }, "geometry": { "type": "Polygon", "coordinates": [ [ [ -73.90299, 40.80936 ], [ -73.88993, 40.82061 ], [ -73.88441, 40.82297 ], [ -73.87935, 40.81637 ], [ -73.872, 40.81374 ], [ -73.86813, 40.80687 ], [ -73.87169, 40.80153 ], [ -73.87567, 40.80097 ], [ -73.87836, 40.8013 ], [ -73.87835, 40.80295 ], [ -73.88482, 40.8019 ], [ -73.89176, 40.80645 ], [ -73.90218, 40.80488 ], [ -73.90299, 40.80936 ] ] ] } },
{ "type": "Feature", "properties": { "zipcode": "10475", "total_parcels": 822, "total_lot_area": 25567749.0, "total_bldg_area": 30498549.0, "total_built_far": 499.3, "avg_far": 1.19, "dominant_landuse": "multi-family_elevator", "pct_one_&_two_family": 5.2479, "pct_multi-family_walk-up": 1.3516, "pct_multi-family_elevator": 30.7048, "pct_mixed_residential_&_commercial": 0.5513, "pct_commercial_&_office": 20.4089, "pct_industrial": 3.399, "pct_transportation_&_utility": 4.95, "pct_public_facilities_&_institutions": 14.4971, "pct_open_space_&_outdoor_recreation": 0.8551, "pct_parking_facilities": 6.9811, "pct_vacant_land": 6.5214 }, "geometry": { "type": "Polygon", "coordinates": [ [ [ -73.83783, 40.88161 ], [ -73.81956, 40.89016 ], [ -73.81516, 40.889 ], [ -73.81541, 40.88665 ], [ -73.81981, 40.88557 ], [ -73.8233, 40.8731 ], [ -73.81881, 40.86248 ], [ -73.82724, 40.85919 ], [ -73.83582, 40.8738 ], [ -73.83783, 40.88161 ] ] ] } },
{ "type": "Feature", "properties": { "zipcode": "10031", "total_parcels": 1599, "total_lot_area": 9230005.0, "total_bldg_area": 26361161.0, "total_built_far": 4778.73, "avg_far": 2.86, "dominant_landuse": "multi-family_walk-up", "pct_one_&_two_family": 6.2174, "pct_multi-family_walk-up": 21.8387, "pct_multi-family_elevator": 19.5205, "pct_mixed_residential_&_commercial": 12.5853, "pct_commercial_&_office": 2.6055, "pct_industrial": 0.5406, "pct_transportation_&_utility": 5.564, "pct_public_facilities_&_institutions": 19.8983, "pct_open_space_&_outdoor_recreation": 10.5594, "pct_parking_facilities": 0.1285, "pct_vacant_land": 0.5418 }, "geometry": { "type": "Polygon", "coordinates": [ [ [ -73.95919, 40.82434 ], [ -73.95633, 40.82795 ], [ -73.95383, 40.82865 ], [ -73.95028, 40.83433 ], [ -73.94971, 40.8327 ], [ -73.93967, 40.82967 ], [ -73.94292, 40.82326 ], [ -73.94476, 40.82403 ], [ -73.94608, 40.82126 ], [ -73.94787, 40.82113 ], [ -73.95086, 40.81419 ], [ -73.95297, 40.81507 ], [ -73.95336, 40.81806 ], [ -73.95887, 40.82001 ], [ -73.95752, 40.82114 ], [ -73.95919, 40.82434 ] ] ] } },
{ "type": "Feature", "properties": { "zipcode": "10032", "total_parcels": 1018, "total_lot_area": 13048963.0, "total_bldg_area": 35102216.0, "total_built_far": 3382.95, "avg_far": 2.69, "dominant_landuse": "open_space_&_outdoor_recreation", "pct_one_&_two_family": 1.327, "pct_multi-family_walk-up": 12.2038, "pct_multi-family_elevator": 15.458, "pct_mixed_residential_&_commercial": 12.397, "pct_commercial_&_office": 1.8891, "pct_industrial": 0.0946, "pct_transportation_&_utility": 3.1615, "pct_public_facilities_&_institutions": 15.0763, "pct_open_space_&_outdoor_recreation": 27.4476, "pct_parking_facilities": 2.1749, "pct_vacant_land": 1.455 }, "geometry": { "type": "Polygon", "coordinates": [ [ [ -73.95028, 40.83433 ], [ -73.94605, 40.84458 ], [ -73.94701, 40.85046 ], [ -73.94319, 40.84976 ], [ -73.94407, 40.84785 ], [ -73.94248, 40.84832 ], [ -73.94261, 40.84623 ], [ -73.93445, 40.84325 ], [ -73.93508, 40.83927 ], [ -73.94108, 40.82908 ], [ -73.94971, 40.8327 ], [ -73.95028, 40.83433 ] ] ] } },
{ "type": "Feature", "properties": { "zipcode": "10455", "total_parcels": 1778, "total_lot_area": 13789804.0, "total_bldg_area": 25561126.0, "total_built_far": 3066.16, "avg_far": 1.85, "dominant_landuse": "industrial", "pct_one_&_two_family": 8.2084, "pct_multi-family_walk-up": 12.0505, "pct_multi-family_elevator": 12.6167, "pct_mixed_residential_&_commercial": 12.4633, "pct_commercial_&_office": 7.4613, "pct_industrial": 20.952, "pct_transportation_&_utility": 4.0344, "pct_public_facilities_&_institutions": 14.0524, "pct_open_space_&_outdoor_recreation": 3.3534, "pct_parking_facilities": 2.6884, "pct_vacant_land": 1.9312 }, "geometry": { "type": "Polygon", "coordinates": [ [ [ -73.92091, 40.81433 ], [ -73.91742, 40.82128 ], [ -73.90531, 40.81793 ], [ -73.9016, 40.8197 ], [ -73.89543, 40.81585 ], [ -73.90496, 40.80853 ], [ -73.91248, 40.80934 ], [ -73.91518, 40.81043 ], [ -73.91495, 40.8122 ], [ -73.92091, 40.81433 ] ] ] } },
{ "type": "Feature", "properties": { "zipcode": "10456", "total_parcels": 2833, "total_lot_area": 19377815.0, "total_bldg_area": 41522716.0, "total_built_far": 5052.51, "avg_far": 2.14, "dominant_landuse": "multi-family_elevator", "pct_one_&_two_family": 8.7423, "pct_multi-family_walk-up": 20.1859, "pct_multi-family_elevator": 20.9906, "pct_mixed_residential_&_commercial": 13.3277, "pct_commercial_&_office": 4.0881, "pct_industrial": 2.6435, "pct_transportation_&_utility": 2.2048, "pct_public_facilities_&_institutions": 16.9332, "pct_open_space_&_outdoor_recreation": 5.8976, "pct_parking_facilities": 2.6867, "pct_vacant_land": 2.1394 }, "geometry": { "type": "Polygon", "coordinates": [ [ [ -73.92064, 40.82865 ], [ -73.91986, 40.83195 ], [ -73.91314, 40.83981 ], [ -73.91139, 40.83787 ], [ -73.90891, 40.83838 ], [ -73.90959, 40.84275 ], [ -73.905, 40.84253 ], [ -73.90598, 40.8385 ], [ -73.89637, 40.83351 ], [ -73.89938, 40.83118 ], [ -73.89851, 40.82995 ], [ -73.90347, 40.81874 ], [ -73.90531, 40.81793 ], [ -73.91134, 40.81981 ], [ -73.9084, 40.82355 ], [ -73.91057, 40.82465 ], [ -73.90992, 40.82585 ], [ -73.91169, 40.82776 ], [ -73.91532, 40.82655 ], [ -73.92064, 40.82865 ] ] ] } },
{ "type": "Feature", "properties": { "zipcode": "10033", "total_parcels": 781, "total_lot_area": 11209685.0, "total_bldg_area": 24189914.0, "total_built_far": 2458.67, "avg_far": 2.16, "dominant_landuse": "open_space_&_outdoor_recreation", "pct_one_&_two_family": 0.4346, "pct_multi-family_walk-up": 10.6437, "pct_multi-family_elevator": 18.0812, "pct_mixed_residential_&_commercial": 16.6088, "pct_commercial_&_office": 3.8171, "pct_industrial": 0.0204, "pct_transportation_&_utility": 3.1475, "pct_public_facilities_&_institutions": 8.4125, "pct_open_space_&_outdoor_recreation": 35.8941, "pct_parking_facilities": 1.0027, "pct_vacant_land": 1.9375 }, "geometry": { "type": "Polygon", "coordinates": [ [ [ -73.94407, 40.84785 ], [ -73.93873, 40.85645 ], [ -73.92709, 40.85182 ], [ -73.93088, 40.84812 ], [ -73.92841, 40.84703 ], [ -73.93491, 40.83574 ], [ -73.94017, 40.83038 ], [ -73.93508, 40.83927 ], [ -73.93445, 40.84325 ], [ -73.94261, 40.84623 ], [ -73.94248, 40.84832 ], [ -73.94407, 40.84785 ] ] ] } },
{ "type": "Feature", "properties": { "zipcode": "10034", "total_parcels": 554, "total_lot_area": 26497054.0, "total_bldg_area": 19667574.0, "total_built_far": 1448.21, "avg_far": 0.74, "dominant_landuse": "open_space_&_outdoor_recreation", "pct_one_&_two_family": 0.1897, "pct_multi-family_walk-up": 5.3792, "pct_multi-family_elevator": 3.9406, "pct_mixed_residential_&_commercial": 6.3322, "pct_commercial_&_office": 2.1967, "pct_industrial": 0.8607, "pct_transportation_&_utility": 13.2657, "pct_public_facilities_&_institutions": 3.4971, "pct_open_space_&_outdoor_recreation": 58.5084, "pct_parking_facilities": 2.1052, "pct_vacant_land": 3.68 }, "geometry": { "type": "Polygon", "coordinates": [ [ [ -73.94686, 40.85058 ], [ -73.94212, 40.85372 ], [ -73.93247, 40.86762 ], [ -73.92935, 40.87536 ], [ -73.92641, 40.87765 ], [ -73.92312, 40.87731 ], [ -73.92167, 40.87328 ], [ -73.91989, 40.87379 ], [ -73.92101, 40.87555 ], [ -73.91059, 40.87246 ], [ -73.91118, 40.86873 ], [ -73.91443, 40.86419 ], [ -73.91591, 40.86427 ], [ -73.915, 40.86353 ], [ -73.91959, 40.85883 ], [ -73.92145, 40.86038 ], [ -73.92216, 40.85561 ], [ -73.92643, 40.86534 ], [ -73.93156, 40.86681 ], [ -73.94319, 40.84976 ], [ -73.94686, 40.85058 ] ] ] } },
{ "type": "Feature", "properties": { "zipcode": "10457", "total_parcels": 2944, "total_lot_area": 25346111.0, "total_bldg_area": 40537846.0, "total_built_far": 6137.58, "avg_far": 1.6, "dominant_landuse": "open_space_&_outdoor_recreation", "pct_one_&_two_family": 7.6363, "pct_multi-family_walk-up": 11.9623, "pct_multi-family_elevator": 10.0981, "pct_mixed_residential_&_commercial": 7.7292, "pct_commercial_&_office": 4.9974, "pct_industrial": 5.8919, "pct_transportation_&_utility": 4.3157, "pct_public_facilities_&_institutions": 11.0451, "pct_open_space_&_outdoor_recreation": 30.854, "pct_parking_facilities": 2.9307, "pct_vacant_land": 2.0428 }, "geometry": { "type": "Polygon", "coordinates": [ [ [ -73.91267, 40.83843 ], [ -73.91104, 40.84521 ], [ -73.89995, 40.85742 ], [ -73.89039, 40.85469 ], [ -73.88737, 40.85222 ], [ -73.88803, 40.851 ], [ -73.88382, 40.8515 ], [ -73.88451, 40.84871 ], [ -73.89217, 40.84105 ], [ -73.8884, 40.83885 ], [ -73.89084, 40.83678 ], [ -73.89697, 40.83434 ], [ -73.90121, 40.8355 ], [ -73.90057, 40.83659 ], [ -73.90598, 40.8385 ], [ -73.905, 40.84253 ], [ -73.90959, 40.84275 ], [ -73.90947, 40.83818 ], [ -73.91267, 40.83843 ] ] ] } },
{ "type": "Feature", "properties": { "zipcode": "10458", "total_parcels": 2726, "total_lot_area": 19182809.0, "total_bldg_area": 39352838.0, "total_built_far": 5682.11, "avg_far": 2.05, "dominant_landuse": "public_facilities_&_institutions", "pct_one_&_two_family": 9.0857, "pct_multi-family_walk-up": 18.9795, "pct_multi-family_elevator": 12.264, "pct_mixed_residential_&_commercial": 13.1793, "pct_commercial_&_office": 7.1999, "pct_industrial": 0.4564, "pct_transportation_&_utility": 3.6938, "pct_public_facilities_&_institutions": 27.9794, "pct_open_space_&_outdoor_recreation": 2.2615, "pct_parking_facilities": 2.8568, "pct_vacant_land": 1.8262 }, "geometry": { "type": "Polygon", "coordinates": [ [ [ -73.89995, 40.85742 ], [ -73.89174, 40.86951 ], [ -73.88738, 40.87272 ], [ -73.88478, 40.87842 ], [ -73.88147, 40.86857 ], [ -73.87911, 40.86803 ], [ -73.88079, 40.86639 ], [ -73.87861, 40.86759 ], [ -73.87621, 40.86676 ], [ -73.87393, 40.86307 ], [ -73.87793, 40.85921 ], [ -73.87677, 40.85541 ], [ -73.88071, 40.8568 ], [ -73.88382, 40.8515 ], [ -73.88803, 40.851 ], [ -73.88737, 40.85222 ], [ -73.89039, 40.85469 ], [ -73.89995, 40.85742 ] ] ] } },
{ "type": "Feature", "properties": { "zipcode": "10035", "total_parcels": 1424, "total_lot_area": 35039998.0, "total_bldg_area": 22788117.0, "total_built_far": 3469.67, "avg_far": 0.65, "dominant_landuse": "open_space_&_outdoor_recreation", "pct_one_&_two_family": 0.3551, "pct_multi-family_walk-up": 3.3296, "pct_multi-family_elevator": 7.1089, "pct_mixed_residential_&_commercial": 3.3057, "pct_commercial_&_office": 1.9605, "pct_industrial": 0.3999, "pct_transportation_&_utility": 10.8092, "pct_public_facilities_&_institutions": 7.1672, "pct_open_space_&_outdoor_recreation": 62.9857, "pct_parking_facilities": 1.0996, "pct_vacant_land": 1.3903 }, "geometry": { "type": "MultiPolygon", "coordinates": [ [ [ [ -73.93624, 40.78569 ], [ -73.93087, 40.79109 ], [ -73.92614, 40.79135 ], [ -73.92837, 40.79284 ], [ -73.9256, 40.802 ], [ -73.92189, 40.80153 ], [ -73.91377, 40.7945 ], [ -73.92342, 40.78297 ], [ -73.92712, 40.78108 ], [ -73.93543, 40.78325 ], [ -73.93624, 40.78569 ] ] ], [ [ [ -73.94681, 40.80128 ], [ -73.9446, 40.80323 ], [ -73.94613, 40.80388 ], [ -73.9443, 40.80639 ], [ -73.94275, 40.80574 ], [ -73.93995, 40.80958 ], [ -73.93458, 40.80827 ], [ -73.93024, 40.80283 ], [ -73.92934, 40.79634 ], [ -73.93124, 40.79419 ], [ -73.94681, 40.80128 ] ] ] ] } },
{ "type": "Feature", "properties": { "zipcode": "10036", "total_parcels": 1009, "total_lot_area": 9689201.0, "total_bldg_area": 79447616.0, "total_built_far": 5702.15, "avg_far": 8.2, "dominant_landuse": "commercial_&_office", "pct_one_&_two_family": 0.3059, "pct_multi-family_walk-up": 6.44, "pct_multi-family_elevator": 5.8235, "pct_mixed_residential_&_commercial": 17.5311, "pct_commercial_&_office": 36.1381, "pct_industrial": 2.7812, "pct_transportation_&_utility": 21.8849, "pct_public_facilities_&_institutions": 4.0713, "pct_open_space_&_outdoor_recreation": 0.9128, "pct_parking_facilities": 3.1266, "pct_vacant_land": 0.8128 }, "geometry": { "type": "Polygon", "coordinates": [ [ [ -74.00357, 40.7638 ], [ -74.00135, 40.7629 ], [ -74.00286, 40.76469 ], [ -73.99918, 40.76414 ], [ -74.00206, 40.76591 ], [ -73.99849, 40.76424 ], [ -73.99509, 40.76525 ], [ -73.97812, 40.75728 ], [ -73.9804, 40.75415 ], [ -73.98362, 40.75552 ], [ -73.9846, 40.75418 ], [ -73.99924, 40.75953 ], [ -74.00357, 40.7638 ] ] ] } },
{ "type": "Feature", "properties": { "zipcode": "10037", "total_parcels": 377, "total_lot_area": 4723559.0, "total_bldg_area": 13569247.0, "total_built_far": 1001.68, "avg_far": 2.87, "dominant_landuse": "multi-family_elevator", "pct_one_&_two_family": 1.0396, "pct_multi-family_walk-up": 7.7384, "pct_multi-family_elevator": 47.0207, "pct_mixed_residential_&_commercial": 6.3285, "pct_commercial_&_office": 4.2233, "pct_industrial": 2.6148, "pct_transportation_&_utility": 0.4564, "pct_public_facilities_&_institutions": 17.974, "pct_open_space_&_outdoor_recreation": 9.4195, "pct_parking_facilities": 1.6039, "pct_vacant_land": 1.5103 }, "geometry": { "type": "Polygon", "coordinates": [ [ [ -73.94317, 40.81094 ], [ -73.93718, 40.81914 ], [ -73.93398, 40.8177 ], [ -73.93492, 40.80992 ], [ -73.93364, 40.80707 ], [ -73.94317, 40.81094 ] ] ] } },
{ "type": "Feature", "properties": { "zipcode": "10459", "total_parcels": 2570, "total_lot_area": 13517782.0, "total_bldg_area": 24611340.0, "total_built_far": 4067.67, "avg_far": 1.82, "dominant_landuse": "multi-family_walk-up", "pct_one_&_two_family": 16.8828, "pct_multi-family_walk-up": 21.5422, "pct_multi-family_elevator": 7.9511, "pct_mixed_residential_&_commercial": 16.0264, "pct_commercial_&_office": 7.0375, "pct_industrial": 1.8187, "pct_transportation_&_utility": 1.952, "pct_public_facilities_&_institutions": 11.9955, "pct_open_space_&_outdoor_recreation": 9.0023, "pct_parking_facilities": 2.3946, "pct_vacant_land": 3.0852 }, "geometry": { "type": "MultiPolygon", "coordinates": [ [ [ [ -73.90267, 40.8208 ], [ -73.89851, 40.82995 ], [ -73.89938, 40.83118 ], [ -73.89637, 40.83351 ], [ -73.89419, 40.83329 ], [ -73.89416, 40.83498 ], [ -73.88566, 40.83048 ], [ -73.88202, 40.8354 ], [ -73.87998, 40.83468 ], [ -73.88389, 40.82981 ], [ -73.88441, 40.82297 ], [ -73.8872, 40.8226 ], [ -73.89516, 40.81568 ], [ -73.90138, 40.81869 ], [ -73.90267, 40.8208 ] ] ], [ [ [ -73.90344, 40.81897 ], [ -73.90353, 40.81997 ], [ -73.90299, 40.82003 ], [ -73.90344, 40.81897 ] ] ] ] } },
{ "type": "Feature", "properties": { "zipcode": "10460", "total_parcels": 2881, "total_lot_area": 28844514.0, "total_bldg_area": 29927974.0, "total_built_far": 4268.42, "avg_far": 1.04, "dominant_landuse": "open_space_&_outdoor_recreation", "pct_one_&_two_family": 10.1981, "pct_multi-family_walk-up": 11.2019, "pct_multi-family_elevator": 7.2274, "pct_mixed_residential_&_commercial": 7.4294, "pct_commercial_&_office": 4.4833, "pct_industrial": 2.439, "pct_transportation_&_utility": 4.4126, "pct_public_facilities_&_institutions": 5.8025, "pct_open_space_&_outdoor_recreation": 42.5998, "pct_parking_facilities": 1.6366, "pct_vacant_land": 2.4723 }, "geometry": { "type": "Polygon", "coordinates": [ [ [ -73.89697, 40.83434 ], [ -73.88874, 40.83797 ], [ -73.89217, 40.84105 ], [ -73.88451, 40.84871 ], [ -73.88071, 40.8568 ], [ -73.87765, 40.85537 ], [ -73.87234, 40.85625 ], [ -73.87186, 40.84328 ], [ -73.87041, 40.8454 ], [ -73.86517, 40.84247 ], [ -73.86294, 40.8343 ], [ -73.87762, 40.83657 ], [ -73.87998, 40.83468 ], [ -73.88202, 40.8354 ], [ -73.88566, 40.83048 ], [ -73.89416, 40.83498 ], [ -73.89419, 40.83329 ], [ -73.89697, 40.83434 ] ] ] } },
{ "type": "Feature", "properties": { "zipcode": "10038", "total_parcels": 361, "total_lot_area": 6080775.0, "total_bldg_area": 31322806.0, "total_built_far": 2371.92, "avg_far": 5.15, "dominant_landuse": "mixed_residential_&_commercial", "pct_one_&_two_family": 0.0992, "pct_multi-family_walk-up": 0.6236, "pct_multi-family_elevator": 13.6502, "pct_mixed_residential_&_commercial": 27.8888, "pct_commercial_&_office": 18.8345, "pct_industrial": 0.1077, "pct_transportation_&_utility": 9.197, "pct_public_facilities_&_institutions": 8.5058, "pct_open_space_&_outdoor_recreation": 2.4844, "pct_parking_facilities": 0.7481, "pct_vacant_land": 17.2687 }, "geometry": { "type": "Polygon", "coordinates": [ [ [ -74.01054, 40.70915 ], [ -74.0086, 40.71139 ], [ -74.00089, 40.71301 ], [ -74.00075, 40.71451 ], [ -73.9975, 40.71407 ], [ -73.996, 40.70889 ], [ -74.00127, 40.70693 ], [ -74.00146, 40.70491 ], [ -74.00381, 40.70531 ], [ -74.00286, 40.70407 ], [ -74.00455, 40.70484 ], [ -74.00363, 40.7033 ], [ -74.00598, 40.70338 ], [ -74.00551, 40.70236 ], [ -74.00798, 40.70319 ], [ -74.00475, 40.70523 ], [ -74.01054, 40.70915 ] ] ] } },
{ "type": "Feature", "properties": { "zipcode": "10039", "total_parcels": 295, "total_lot_area": 5753960.0, "total_bldg_area": 13545587.0, "total_built_far": 1004.18, "avg_far": 2.35, "dominant_landuse": "mixed_residential_&_commercial", "pct_one_&_two_family": 0.0264, "pct_multi-family_walk-up": 7.227, "pct_multi-family_elevator": 18.326, "pct_mixed_residential_&_commercial": 38.6749, "pct_commercial_&_office": 3.1326, "pct_industrial": 1.4735, "pct_transportation_&_utility": 2.6232, "pct_public_facilities_&_institutions": 11.7227, "pct_open_space_&_outdoor_recreation": 14.6452, "pct_parking_facilities": 0.5253, "pct_vacant_land": 1.6232 }, "geometry": { "type": "Polygon", "coordinates": [ [ [ -73.94384, 40.82365 ], [ -73.9406, 40.82641 ], [ -73.94154, 40.82682 ], [ -73.93868, 40.8328 ], [ -73.93491, 40.83574 ], [ -73.93523, 40.83307 ], [ -73.9344, 40.82553 ], [ -73.93398, 40.8177 ], [ -73.93429, 40.81724 ], [ -73.93718, 40.81914 ], [ -73.93623, 40.82044 ], [ -73.94384, 40.82365 ] ] ] } },
{ "type": "Feature", "properties": { "zipcode": "10040", "total_parcels": 434, "total_lot_area": 11157243.0, "total_bldg_area": 18285907.0, "total_built_far": 1382.68, "avg_far": 1.64, "dominant_landuse": "open_space_&_outdoor_recreation", "pct_one_&_two_family": 0.1007, "pct_multi-family_walk-up": 10.2526, "pct_multi-family_elevator": 15.1317, "pct_mixed_residential_&_commercial": 11.6602, "pct_commercial_&_office": 2.4344, "pct_industrial": 0.0713, "pct_transportation_&_utility": 0.7493, "pct_public_facilities_&_institutions": 12.0575, "pct_open_space_&_outdoor_recreation": 46.5569, "pct_parking_facilities": 0.4828, "pct_vacant_land": 0.5026 }, "geometry": { "type": "Polygon", "coordinates": [ [ [ -73.93873, 40.85645 ], [ -73.93118, 40.86683 ], [ -73.92643, 40.86534 ], [ -73.92216, 40.85561 ], [ -73.92841, 40.84703 ], [ -73.93088, 40.84812 ], [ -73.92709, 40.85182 ], [ -73.93873, 40.85645 ] ] ] } },
{ "type": "Feature", "properties": { "zipcode": "10065", "total_parcels": 1046, "total_lot_area": 43235863.0, "total_bldg_area": 44906671.0, "total_built_far": 4870.08, "avg_far": 1.04, "dominant_landuse": "open_space_&_outdoor_recreation", "pct_one_&_two_family": 1.2656, "pct_multi-family_walk-up": 0.8236, "pct_multi-family_elevator": 3.1593, "pct_mixed_residential_&_commercial": 4.3769, "pct_commercial_&_office": 1.0251, "pct_industrial": 0.1044, "pct_transportation_&_utility": 0.1706, "pct_public_facilities_&_institutions": 4.1208, "pct_open_space_&_outdoor_recreation": 84.7682, "pct_parking_facilities": 0.0348, "pct_vacant_land": 0.1049 }, "geometry": { "type": "Polygon", "coordinates": [ [ [ -73.97316, 40.76514 ], [ -73.97293, 40.76904 ], [ -73.97028, 40.76803 ], [ -73.96844, 40.77052 ], [ -73.96188, 40.76694 ], [ -73.95231, 40.76456 ], [ -73.95848, 40.75854 ], [ -73.96062, 40.76067 ], [ -73.97316, 40.76514 ] ] ] } },
{ "type": "Feature", "properties": { "zipcode": "10069", "total_parcels": 39, "total_lot_area": 2084984.0, "total_bldg_area": 5977386.0, "total_built_far": 147.61, "avg_far": 2.87, "dominant_landuse": "open_space_&_outdoor_recreation", "pct_one_&_two_family": 0.0, "pct_multi-family_walk-up": 0.0, "pct_multi-family_elevator": 5.8552, "pct_mixed_residential_&_commercial": 20.1152, "pct_commercial_&_office": 0.0, "pct_industrial": 0.0, "pct_transportation_&_utility": 0.0, "pct_public_facilities_&_institutions": 1.4215, "pct_open_space_&_outdoor_recreation": 49.0456, "pct_parking_facilities": 0.0, "pct_vacant_land": 23.5624 }, "geometry": { "type": "Polygon", "coordinates": [ [ [ -73.99092, 40.77508 ], [ -73.98852, 40.77978 ], [ -73.98654, 40.78066 ], [ -73.98863, 40.77412 ], [ -73.99092, 40.77508 ] ] ] } },
{ "type": "Feature", "properties": { "zipcode": "10075", "total_parcels": 670, "total_lot_area": 3512254.0, "total_bldg_area": 24456364.0, "total_built_far": 3398.92, "avg_far": 6.96, "dominant_landuse": "multi-family_elevator", "pct_one_&_two_family": 6.9376, "pct_multi-family_walk-up": 13.3088, "pct_multi-family_elevator": 39.3152, "pct_mixed_residential_&_commercial": 23.8254, "pct_commercial_&_office": 2.8254, "pct_industrial": 0.0, "pct_transportation_&_utility": 0.5959, "pct_public_facilities_&_institutions": 7.5888, "pct_open_space_&_outdoor_recreation": 4.0715, "pct_parking_facilities": 0.4363, "pct_vacant_land": 0.5918 }, "geometry": { "type": "Polygon", "coordinates": [ [ [ -73.96469, 40.77568 ], [ -73.96237, 40.77773 ], [ -73.94736, 40.77139 ], [ -73.9475, 40.77012 ], [ -73.95186, 40.76944 ], [ -73.96469, 40.77568 ] ] ] } },
{ "type": "Feature", "properties": { "zipcode": "10461", "total_parcels": 7525, "total_lot_area": 41248564.0, "total_bldg_area": 37638412.0, "total_built_far": 6701.81, "avg_far": 0.91, "dominant_landuse": "one_&_two_family", "pct_one_&_two_family": 33.5027, "pct_multi-family_walk-up": 10.008, "pct_multi-family_elevator": 3.0161, "pct_mixed_residential_&_commercial": 3.3987, "pct_commercial_&_office": 8.8944, "pct_industrial": 3.0783, "pct_transportation_&_utility": 5.6664, "pct_public_facilities_&_institutions": 21.036, "pct_open_space_&_outdoor_recreation": 2.649, "pct_parking_facilities": 2.3235, "pct_vacant_land": 2.293 }, "geometry": { "type": "Polygon", "coordinates": [ [ [ -73.85276, 40.84498 ], [ -73.86179, 40.85798 ], [ -73.84931, 40.85872 ], [ -73.83277, 40.85599 ], [ -73.82652, 40.85651 ], [ -73.82561, 40.83501 ], [ -73.82836, 40.83328 ], [ -73.83224, 40.83527 ], [ -73.83531, 40.83389 ], [ -73.83723, 40.83557 ], [ -73.83844, 40.83513 ], [ -73.83739, 40.83012 ], [ -73.84231, 40.82908 ], [ -73.84228, 40.83127 ], [ -73.84458, 40.8313 ], [ -73.84003, 40.83566 ], [ -73.84559, 40.83565 ], [ -73.85521, 40.84298 ], [ -73.85027, 40.8446 ], [ -73.85276, 40.84498 ] ] ] } },
{ "type": "Feature", "properties": { "zipcode": "10128", "total_parcels": 1304, "total_lot_area": 7642040.0, "total_bldg_area": 45506694.0, "total_built_far": 5796.0, "avg_far": 5.95, "dominant_landuse": "multi-family_elevator", "pct_one_&_two_family": 6.09, "pct_multi-family_walk-up": 14.1164, "pct_multi-family_elevator": 32.4165, "pct_mixed_residential_&_commercial": 25.3259, "pct_commercial_&_office": 2.3245, "pct_industrial": 0.7477, "pct_transportation_&_utility": 2.0532, "pct_public_facilities_&_institutions": 14.9336, "pct_open_space_&_outdoor_recreation": 1.1512, "pct_parking_facilities": 0.8228, "pct_vacant_land": 0.0182 }, "geometry": { "type": "Polygon", "coordinates": [ [ [ -73.95947, 40.78283 ], [ -73.95578, 40.78791 ], [ -73.94927, 40.78606 ], [ -73.94422, 40.78393 ], [ -73.94194, 40.77603 ], [ -73.94447, 40.77307 ], [ -73.94573, 40.77362 ], [ -73.94428, 40.77561 ], [ -73.9572, 40.78018 ], [ -73.95947, 40.78283 ] ] ] } },
{ "type": "Feature", "properties": { "zipcode": "10165", "total_parcels": 1, "total_lot_area": 42050.0, "total_bldg_area": 1150564.0, "total_built_far": 27.36, "avg_far": 27.36, "dominant_landuse": "commercial_&_office", "pct_one_&_two_family": 0.0, "pct_multi-family_walk-up": 0.0, "pct_multi-family_elevator": 0.0, "pct_mixed_residential_&_commercial": 0.0, "pct_commercial_&_office": 100.0, "pct_industrial": 0.0, "pct_transportation_&_utility": 0.0, "pct_public_facilities_&_institutions": 0.0, "pct_open_space_&_outdoor_recreation": 0.0, "pct_parking_facilities": 0.0, "pct_vacant_land": 0.0 }, "geometry": { "type": "Polygon", "coordinates": [ [ [ -73.97977, 40.75214 ], [ -73.97768, 40.75212 ], [ -73.97816, 40.75146 ], [ -73.97977, 40.75214 ] ] ] } },
{ "type": "Feature", "properties": { "zipcode": "10278", "total_parcels": 2, "total_lot_area": 208580.0, "total_bldg_area": 2559294.0, "total_built_far": 24.72, "avg_far": 12.27, "dominant_landuse": "commercial_&_office", "pct_one_&_two_family": 0.0, "pct_multi-family_walk-up": 0.0, "pct_multi-family_elevator": 0.0, "pct_mixed_residential_&_commercial": 0.0, "pct_commercial_&_office": 100.0, "pct_industrial": 0.0, "pct_transportation_&_utility": 0.0, "pct_public_facilities_&_institutions": 0.0, "pct_open_space_&_outdoor_recreation": 0.0, "pct_parking_facilities": 0.0, "pct_vacant_land": 0.0 }, "geometry": { "type": "Polygon", "coordinates": [ [ [ -74.00309, 40.71396 ], [ -74.00453, 40.71628 ], [ -74.00212, 40.71516 ], [ -74.00309, 40.71396 ] ] ] } },
{ "type": "Feature", "properties": { "zipcode": "10462", "total_parcels": 4672, "total_lot_area": 37078081.0, "total_bldg_area": 36606973.0, "total_built_far": 5100.1, "avg_far": 0.99, "dominant_landuse": "open_space_&_outdoor_recreation", "pct_one_&_two_family": 18.2019, "pct_multi-family_walk-up": 7.8477, "pct_multi-family_elevator": 13.4424, "pct_mixed_residential_&_commercial": 17.5726, "pct_commercial_&_office": 5.0666, "pct_industrial": 4.4085, "pct_transportation_&_utility": 7.0113, "pct_public_facilities_&_institutions": 4.2446, "pct_open_space_&_outdoor_recreation": 18.3982, "pct_parking_facilities": 2.2636, "pct_vacant_land": 1.2525 }, "geometry": { "type": "Polygon", "coordinates": [ [ [ -73.87234, 40.85625 ], [ -73.86179, 40.85798 ], [ -73.85276, 40.84498 ], [ -73.85027, 40.8446 ], [ -73.85521, 40.84298 ], [ -73.84559, 40.83565 ], [ -73.84003, 40.83566 ], [ -73.84458, 40.8313 ], [ -73.84228, 40.83127 ], [ -73.84238, 40.82869 ], [ -73.86637, 40.83503 ], [ -73.86294, 40.8343 ], [ -73.86394, 40.84005 ], [ -73.86828, 40.84497 ], [ -73.87041, 40.8454 ], [ -73.87186, 40.84328 ], [ -73.87234, 40.85625 ] ] ] } },
{ "type": "Feature", "properties": { "zipcode": "10001", "total_parcels": 981, "total_lot_area": 13974154.0, "total_bldg_area": 105768874.0, "total_built_far": 6567.95, "avg_far": 7.57, "dominant_landuse": "commercial_&_office", "pct_one_&_two_family": 0.1207, "pct_multi-family_walk-up": 1.3433, "pct_multi-family_elevator": 11.5888, "pct_mixed_residential_&_commercial": 11.7035, "pct_commercial_&_office": 36.3249, "pct_industrial": 1.4739, "pct_transportation_&_utility": 10.934, "pct_public_facilities_&_institutions": 13.4504, "pct_open_space_&_outdoor_recreation": 3.7056, "pct_parking_facilities": 3.2592, "pct_vacant_land": 6.0604 }, "geometry": { "type": "Polygon", "coordinates": [ [ [ -74.00979, 40.75308 ], [ -74.00832, 40.75249 ], [ -74.00284, 40.75969 ], [ -74.00007, 40.7584 ], [ -74.0015, 40.75645 ], [ -73.98408, 40.7491 ], [ -73.98819, 40.74345 ], [ -73.99048, 40.74481 ], [ -73.99206, 40.74392 ], [ -74.00846, 40.75034 ], [ -74.00802, 40.75179 ], [ -74.00979, 40.75308 ] ], [ [ -74.00097, 40.75205 ], [ -73.99859, 40.75024 ], [ -73.99812, 40.7509 ], [ -74.00097, 40.75205 ] ], [ [ -73.99768, 40.75144 ], [ -73.99201, 40.7491 ], [ -73.99062, 40.75099 ], [ -73.99679, 40.75272 ], [ -73.99768, 40.75144 ] ] ] } },
{ "type": "Feature", "properties": { "zipcode": "10002", "total_parcels": 1674, "total_lot_area": 18464870.0, "total_bldg_area": 44888890.0, "total_built_far": 6310.44, "avg_far": 2.43, "dominant_landuse": "multi-family_elevator", "pct_one_&_two_family": 0.0959, "pct_multi-family_walk-up": 3.3676, "pct_multi-family_elevator": 25.489, "pct_mixed_residential_&_commercial": 20.9568, "pct_commercial_&_office": 4.185, "pct_industrial": 0.6433, "pct_transportation_&_utility": 7.4088, "pct_public_facilities_&_institutions": 9.5613, "pct_open_space_&_outdoor_recreation": 23.6028, "pct_parking_facilities": 1.1246, "pct_vacant_land": 3.2826 }, "geometry": { "type": "Polygon", "coordinates": [ [ [ -73.9975, 40.71407 ], [ -73.9926, 40.72414 ], [ -73.975, 40.71978 ], [ -73.97724, 40.71315 ], [ -73.97963, 40.71097 ], [ -73.996, 40.70889 ], [ -73.9975, 40.71407 ] ] ] } },
{ "type": "Feature", "properties": { "zipcode": "10280", "total_parcels": 21, "total_lot_area": 946065.0, "total_bldg_area": 7643084.0, "total_built_far": 145.34, "avg_far": 8.08, "dominant_landuse": "mixed_residential_&_commercial", "pct_one_&_two_family": 0.0, "pct_multi-family_walk-up": 0.0, "pct_multi-family_elevator": 9.3735, "pct_mixed_residential_&_commercial": 59.8944, "pct_commercial_&_office": 21.0711, "pct_industrial": 0.0, "pct_transportation_&_utility": 0.0, "pct_public_facilities_&_institutions": 9.383, "pct_open_space_&_outdoor_recreation": 0.0, "pct_parking_facilities": 0.0, "pct_vacant_land": 0.2781 }, "geometry": { "type": "Polygon", "coordinates": [ [ [ -74.01934, 40.70614 ], [ -74.01721, 40.71354 ], [ -74.0162, 40.71477 ], [ -74.0137, 40.71367 ], [ -74.01664, 40.70463 ], [ -74.01849, 40.7042 ], [ -74.0175, 40.7047 ], [ -74.01934, 40.70614 ] ], [ [ -74.01712, 40.70746 ], [ -74.01734, 40.7049 ], [ -74.01646, 40.70719 ], [ -74.01712, 40.70746 ] ] ] } },
{ "type": "Feature", "properties": { "zipcode": "10302", "total_parcels": 4562, "total_lot_area": 24591282.0, "total_bldg_area": 10292666.0, "total_built_far": 2310.61, "avg_far": 0.42, "dominant_landuse": "one_&_two_family", "pct_one_&_two_family": 57.019, "pct_multi-family_walk-up": 3.656, "pct_multi-family_elevator": 0.2465, "pct_mixed_residential_&_commercial": 2.814, "pct_commercial_&_office": 9.4359, "pct_industrial": 4.6203, "pct_transportation_&_utility": 7.0073, "pct_public_facilities_&_institutions": 6.4933, "pct_open_space_&_outdoor_recreation": 2.8305, "pct_parking_facilities": 2.8403, "pct_vacant_land": 2.5367 }, "geometry": { "type": "Polygon", "coordinates": [ [ [ -74.14823, 40.6215 ], [ -74.14559, 40.62661 ], [ -74.14563, 40.63525 ], [ -74.14309, 40.63978 ], [ -74.13441, 40.64209 ], [ -74.12696, 40.64018 ], [ -74.12689, 40.63721 ], [ -74.13017, 40.63237 ], [ -74.12913, 40.62895 ], [ -74.13114, 40.6269 ], [ -74.13206, 40.62339 ], [ -74.13061, 40.62349 ], [ -74.13055, 40.6231 ], [ -74.1318, 40.62102 ], [ -74.13639, 40.62347 ], [ -74.13756, 40.62163 ], [ -74.14168, 40.62163 ], [ -74.14234, 40.61661 ], [ -74.1469, 40.61705 ], [ -74.14468, 40.6199 ], [ -74.14823, 40.6215 ] ] ] } },
{ "type": "Feature", "properties": { "zipcode": "11375", "total_parcels": 6881, "total_lot_area": 41992442.0, "total_bldg_area": 50929907.0, "total_built_far": 5800.62, "avg_far": 1.21, "dominant_landuse": "one_&_two_family", "pct_one_&_two_family": 43.1039, "pct_multi-family_walk-up": 4.197, "pct_multi-family_elevator": 15.9035, "pct_mixed_residential_&_commercial": 4.303, "pct_commercial_&_office": 3.6066, "pct_industrial": 0.0297, "pct_transportation_&_utility": 4.0603, "pct_public_facilities_&_institutions": 6.1693, "pct_open_space_&_outdoor_recreation": 16.9079, "pct_parking_facilities": 0.395, "pct_vacant_land": 1.2968 }, "geometry": { "type": "Polygon", "coordinates": [ [ [ -73.85852, 40.72153 ], [ -73.85178, 40.7277 ], [ -73.85288, 40.73043 ], [ -73.85114, 40.73095 ], [ -73.85326, 40.73109 ], [ -73.85216, 40.73295 ], [ -73.8547, 40.73283 ], [ -73.85615, 40.73565 ], [ -73.83785, 40.74333 ], [ -73.83619, 40.73421 ], [ -73.83225, 40.72669 ], [ -73.82677, 40.72129 ], [ -73.8257, 40.71606 ], [ -73.84302, 40.70918 ], [ -73.85594, 40.7064 ], [ -73.85852, 40.72153 ] ] ] } },
{ "type": "Feature", "properties": { "zipcode": "11210", "total_parcels": 8575, "total_lot_area": 32351963.0, "total_bldg_area": 36136732.0, "total_built_far": 7610.83, "avg_far": 1.12, "dominant_landuse": "one_&_two_family", "pct_one_&_two_family": 63.5657, "pct_multi-family_walk-up": 4.9804, "pct_multi-family_elevator": 8.3714, "pct_mixed_residential_&_commercial": 4.1989, "pct_commercial_&_office": 3.2416, "pct_industrial": 1.6784, "pct_transportation_&_utility": 2.2496, "pct_public_facilities_&_institutions": 9.538, "pct_open_space_&_outdoor_recreation": 0.8978, "pct_parking_facilities": 0.4146, "pct_vacant_land": 0.6623 }, "geometry": { "type": "Polygon", "coordinates": [ [ [ -73.95825, 40.6364 ], [ -73.95453, 40.63864 ], [ -73.94829, 40.63882 ], [ -73.94841, 40.63999 ], [ -73.93776, 40.63926 ], [ -73.93751, 40.63692 ], [ -73.93561, 40.63704 ], [ -73.93439, 40.63483 ], [ -73.93389, 40.62592 ], [ -73.9369, 40.62523 ], [ -73.93561, 40.62357 ], [ -73.94184, 40.62062 ], [ -73.94468, 40.61617 ], [ -73.95258, 40.61104 ], [ -73.95825, 40.6364 ] ] ] } },
{ "type": "Feature", "properties": { "zipcode": "11232", "total_parcels": 2959, "total_lot_area": 48956530.0, "total_bldg_area": 28710869.0, "total_built_far": 4278.12, "avg_far": 0.59, "dominant_landuse": "open_space_&_outdoor_recreation", "pct_one_&_two_family": 3.6063, "pct_multi-family_walk-up": 4.8204, "pct_multi-family_elevator": 0.2889, "pct_mixed_residential_&_commercial": 1.8244, "pct_commercial_&_office": 5.4102, "pct_industrial": 13.3634, "pct_transportation_&_utility": 22.484, "pct_public_facilities_&_institutions": 1.7252, "pct_open_space_&_outdoor_recreation": 44.086, "pct_parking_facilities": 1.0213, "pct_vacant_land": 0.8066 }, "geometry": { "type": "Polygon", "coordinates": [ [ [ -74.02429, 40.65111 ], [ -74.02124, 40.65081 ], [ -74.02205, 40.65337 ], [ -74.01929, 40.65409 ], [ -74.0201, 40.65525 ], [ -74.01712, 40.65478 ], [ -74.01915, 40.65615 ], [ -74.0164, 40.65559 ], [ -74.01869, 40.65778 ], [ -74.01423, 40.65666 ], [ -74.01744, 40.65943 ], [ -74.01559, 40.66074 ], [ -74.01194, 40.65897 ], [ -74.01113, 40.65968 ], [ -74.01407, 40.66148 ], [ -74.00855, 40.65963 ], [ -74.00749, 40.66055 ], [ -74.00996, 40.66307 ], [ -74.00355, 40.66219 ], [ -74.00768, 40.66477 ], [ -74.00083, 40.663 ], [ -73.99953, 40.6644 ], [ -74.00292, 40.6664 ], [ -73.99932, 40.66813 ], [ -73.99846, 40.67157 ], [ -73.99484, 40.6668 ], [ -73.99608, 40.66525 ], [ -73.99167, 40.66303 ], [ -74.00214, 40.65296 ], [ -73.99398, 40.6471 ], [ -73.99773, 40.64341 ], [ -74.01056, 40.65122 ], [ -74.01263, 40.64923 ], [ -74.01121, 40.65111 ], [ -74.01343, 40.65245 ], [ -74.01926, 40.64685 ], [ -74.02429, 40.65111 ] ] ] } },
{ "type": "Feature", "properties": { "zipcode": "11096", "total_parcels": 1, "total_lot_area": 14182.0, "total_bldg_area": 0.0, "total_built_far": 0.0, "avg_far": 0.0, "dominant_landuse": "vacant_land", "pct_one_&_two_family": 0.0, "pct_multi-family_walk-up": 0.0, "pct_multi-family_elevator": 0.0, "pct_mixed_residential_&_commercial": 0.0, "pct_commercial_&_office": 0.0, "pct_industrial": 0.0, "pct_transportation_&_utility": 0.0, "pct_public_facilities_&_institutions": 0.0, "pct_open_space_&_outdoor_recreation": 0.0, "pct_parking_facilities": 0.0, "pct_vacant_land": 100.0 }, "geometry": { "type": "Polygon", "coordinates": [ [ [ -73.76881, 40.62403 ], [ -73.76743, 40.62661 ], [ -73.74602, 40.63521 ], [ -73.74394, 40.63754 ], [ -73.74542, 40.6336 ], [ -73.74169, 40.6309 ], [ -73.74662, 40.6307 ], [ -73.74099, 40.62302 ], [ -73.73802, 40.62342 ], [ -73.73737, 40.61492 ], [ -73.74675, 40.6114 ], [ -73.76002, 40.61135 ], [ -73.76672, 40.615 ], [ -73.76881, 40.62403 ] ] ] } },
{ "type": "Feature", "properties": { "zipcode": "11211", "total_parcels": 5430, "total_lot_area": 22204267.0, "total_bldg_area": 41334313.0, "total_built_far": 10814.03, "avg_far": 1.86, "dominant_landuse": "multi-family_walk-up", "pct_one_&_two_family": 8.0139, "pct_multi-family_walk-up": 24.7411, "pct_multi-family_elevator": 12.2396, "pct_mixed_residential_&_commercial": 18.6453, "pct_commercial_&_office": 2.9262, "pct_industrial": 16.405, "pct_transportation_&_utility": 3.9478, "pct_public_facilities_&_institutions": 6.7717, "pct_open_space_&_outdoor_recreation": 2.5563, "pct_parking_facilities": 1.5818, "pct_vacant_land": 0.4945 }, "geometry": { "type": "Polygon", "coordinates": [ [ [ -73.96442, 40.70753 ], [ -73.96129, 40.7145 ], [ -73.95165, 40.72349 ], [ -73.94976, 40.71869 ], [ -73.94699, 40.71958 ], [ -73.94038, 40.71809 ], [ -73.93561, 40.71922 ], [ -73.93559, 40.72299 ], [ -73.92717, 40.72523 ], [ -73.92271, 40.71648 ], [ -73.93832, 40.71252 ], [ -73.93721, 40.7101 ], [ -73.9402, 40.70982 ], [ -73.94069, 40.71196 ], [ -73.95105, 40.71057 ], [ -73.95024, 40.70547 ], [ -73.95746, 40.70082 ], [ -73.96442, 40.70753 ] ] ] } },
{ "type": "Feature", "properties": { "zipcode": "11233", "total_parcels": 7987, "total_lot_area": 23733590.0, "total_bldg_area": 35876820.0, "total_built_far": 11739.24, "avg_far": 1.51, "dominant_landuse": "multi-family_walk-up", "pct_one_&_two_family": 28.4104, "pct_multi-family_walk-up": 32.8284, "pct_multi-family_elevator": 8.0582, "pct_mixed_residential_&_commercial": 8.0519, "pct_commercial_&_office": 1.8263, "pct_industrial": 1.7391, "pct_transportation_&_utility": 0.9887, "pct_public_facilities_&_institutions": 9.2845, "pct_open_space_&_outdoor_recreation": 3.6241, "pct_parking_facilities": 1.8304, "pct_vacant_land": 2.5028 }, "geometry": { "type": "Polygon", "coordinates": [ [ [ -73.93822, 40.68389 ], [ -73.91805, 40.68721 ], [ -73.90347, 40.6789 ], [ -73.90435, 40.67609 ], [ -73.90254, 40.67588 ], [ -73.92337, 40.66683 ], [ -73.9256, 40.6685 ], [ -73.925, 40.67474 ], [ -73.93053, 40.67504 ], [ -73.92906, 40.67928 ], [ -73.93757, 40.68059 ], [ -73.93822, 40.68389 ] ] ] } },
{ "type": "Feature", "properties": { "zipcode": "11212", "total_parcels": 6504, "total_lot_area": 29784663.0, "total_bldg_area": 44326840.0, "total_built_far": 7694.68, "avg_far": 1.49, "dominant_landuse": "multi-family_walk-up", "pct_one_&_two_family": 21.5446, "pct_multi-family_walk-up": 23.2233, "pct_multi-family_elevator": 17.8683, "pct_mixed_residential_&_commercial": 8.5184, "pct_commercial_&_office": 4.2213, "pct_industrial": 2.7361, "pct_transportation_&_utility": 3.7824, "pct_public_facilities_&_institutions": 8.8632, "pct_open_space_&_outdoor_recreation": 5.1165, "pct_parking_facilities": 1.5706, "pct_vacant_land": 1.7736 }, "geometry": { "type": "Polygon", "coordinates": [ [ [ -73.93161, 40.66356 ], [ -73.90348, 40.67551 ], [ -73.90066, 40.66059 ], [ -73.89881, 40.65741 ], [ -73.90968, 40.65414 ], [ -73.9217, 40.65437 ], [ -73.93032, 40.66066 ], [ -73.93161, 40.66356 ] ] ] } },
{ "type": "Feature", "properties": { "zipcode": "11234", "total_parcels": 19383, "total_lot_area": 272169560.0, "total_bldg_area": 71021574.0, "total_built_far": 14531.73, "avg_far": 0.26, "dominant_landuse": "open_space_&_outdoor_recreation", "pct_one_&_two_family": 16.1069, "pct_multi-family_walk-up": 1.3958, "pct_multi-family_elevator": 0.5782, "pct_mixed_residential_&_commercial": 0.4657, "pct_commercial_&_office": 2.1009, "pct_industrial": 0.3784, "pct_transportation_&_utility": 5.3664, "pct_public_facilities_&_institutions": 21.1857, "pct_open_space_&_outdoor_recreation": 42.7037, "pct_parking_facilities": 0.605, "pct_vacant_land": 8.9675 }, "geometry": { "type": "Polygon", "coordinates": [ [ [ -73.94443, 40.61408 ], [ -73.94184, 40.62062 ], [ -73.93561, 40.62357 ], [ -73.9369, 40.62523 ], [ -73.93389, 40.62592 ], [ -73.93439, 40.63483 ], [ -73.92608, 40.63816 ], [ -73.91973, 40.64272 ], [ -73.9197, 40.63296 ], [ -73.89826, 40.62299 ], [ -73.90016, 40.62168 ], [ -73.89702, 40.62157 ], [ -73.88733, 40.60957 ], [ -73.89153, 40.60929 ], [ -73.89855, 40.60533 ], [ -73.89874, 40.60389 ], [ -73.88493, 40.6047 ], [ -73.87669, 40.58492 ], [ -73.88174, 40.57915 ], [ -73.8957, 40.57664 ], [ -73.89644, 40.58283 ], [ -73.89942, 40.58798 ], [ -73.91766, 40.58561 ], [ -73.92957, 40.59682 ], [ -73.92813, 40.59778 ], [ -73.93973, 40.60713 ], [ -73.93754, 40.60856 ], [ -73.94443, 40.61408 ] ] ] } },
{ "type": "Feature", "properties": { "zipcode": "11101", "total_parcels": 3187, "total_lot_area": 54208924.0, "total_bldg_area": 86781371.0, "total_built_far": 6033.72, "avg_far": 1.6, "dominant_landuse": "industrial", "pct_one_&_two_family": 1.7304, "pct_multi-family_walk-up": 2.5447, "pct_multi-family_elevator": 3.8425, "pct_mixed_residential_&_commercial": 8.2804, "pct_commercial_&_office": 12.6751, "pct_industrial": 27.1519, "pct_transportation_&_utility": 22.1375, "pct_public_facilities_&_institutions": 4.6179, "pct_open_space_&_outdoor_recreation": 7.1099, "pct_parking_facilities": 3.9233, "pct_vacant_land": 4.4465 }, "geometry": { "type": "Polygon", "coordinates": [ [ [ -73.96248, 40.7368 ], [ -73.95973, 40.74526 ], [ -73.95621, 40.74387 ], [ -73.9548, 40.74805 ], [ -73.95684, 40.74883 ], [ -73.94472, 40.76288 ], [ -73.94247, 40.76199 ], [ -73.9433, 40.76066 ], [ -73.93918, 40.75917 ], [ -73.93749, 40.7602 ], [ -73.93832, 40.75887 ], [ -73.92727, 40.75285 ], [ -73.92246, 40.75743 ], [ -73.91447, 40.75366 ], [ -73.9115, 40.75456 ], [ -73.90985, 40.75164 ], [ -73.92525, 40.74854 ], [ -73.92817, 40.73822 ], [ -73.92583, 40.73571 ], [ -73.93161, 40.73683 ], [ -73.93742, 40.73376 ], [ -73.93164, 40.72922 ], [ -73.92751, 40.72912 ], [ -73.92906, 40.72769 ], [ -73.93752, 40.72982 ], [ -73.94216, 40.73568 ], [ -73.94706, 40.73752 ], [ -73.95509, 40.7394 ], [ -73.96248, 40.7368 ] ] ] } },
{ "type": "Feature", "properties": { "zipcode": "11213", "total_parcels": 5061, "total_lot_area": 21099304.0, "total_bldg_area": 34139221.0, "total_built_far": 7684.77, "avg_far": 1.62, "dominant_landuse": "one_&_two_family", "pct_one_&_two_family": 29.5748, "pct_multi-family_walk-up": 22.7799, "pct_multi-family_elevator": 13.6122, "pct_mixed_residential_&_commercial": 8.3068, "pct_commercial_&_office": 1.6643, "pct_industrial": 1.0055, "pct_transportation_&_utility": 1.1656, "pct_public_facilities_&_institutions": 11.9238, "pct_open_space_&_outdoor_recreation": 7.1809, "pct_parking_facilities": 0.7286, "pct_vacant_land": 1.9699 }, "geometry": { "type": "Polygon", "coordinates": [ [ [ -73.94798, 40.66703 ], [ -73.94709, 40.67656 ], [ -73.94189, 40.67605 ], [ -73.94124, 40.67955 ], [ -73.93563, 40.68081 ], [ -73.93487, 40.67959 ], [ -73.92906, 40.67928 ], [ -73.93053, 40.67504 ], [ -73.925, 40.67474 ], [ -73.9256, 40.6685 ], [ -73.92439, 40.66638 ], [ -73.93068, 40.66362 ], [ -73.94216, 40.6635 ], [ -73.94277, 40.66629 ], [ -73.94798, 40.66703 ] ] ] } },
{ "type": "Feature", "properties": { "zipcode": "11215", "total_parcels": 8998, "total_lot_area": 26570753.0, "total_bldg_area": 47380279.0, "total_built_far": 15945.03, "avg_far": 1.78, "dominant_landuse": "multi-family_walk-up", "pct_one_&_two_family": 27.3612, "pct_multi-family_walk-up": 27.383, "pct_multi-family_elevator": 4.1324, "pct_mixed_residential_&_commercial": 9.8729, "pct_commercial_&_office": 5.7326, "pct_industrial": 9.4907, "pct_transportation_&_utility": 3.0875, "pct_public_facilities_&_institutions": 6.9332, "pct_open_space_&_outdoor_recreation": 1.4081, "pct_parking_facilities": 2.8531, "pct_vacant_land": 1.1257 }, "geometry": { "type": "Polygon", "coordinates": [ [ [ -74.00214, 40.65296 ], [ -73.99167, 40.66303 ], [ -73.99608, 40.66525 ], [ -73.99484, 40.6668 ], [ -73.99862, 40.67183 ], [ -73.99528, 40.67578 ], [ -73.9908, 40.67578 ], [ -73.98786, 40.68003 ], [ -73.97041, 40.67262 ], [ -73.9802, 40.66111 ], [ -73.97516, 40.65872 ], [ -73.97705, 40.65586 ], [ -73.97977, 40.65723 ], [ -73.9818, 40.65525 ], [ -73.98029, 40.6473 ], [ -73.98906, 40.64412 ], [ -74.00214, 40.65296 ] ] ] } },
{ "type": "Feature", "properties": { "zipcode": "11102", "total_parcels": 2948, "total_lot_area": 13384980.0, "total_bldg_area": 20802280.0, "total_built_far": 4190.43, "avg_far": 1.55, "dominant_landuse": "multi-family_walk-up", "pct_one_&_two_family": 17.9114, "pct_multi-family_walk-up": 26.2289, "pct_multi-family_elevator": 19.9171, "pct_mixed_residential_&_commercial": 12.306, "pct_commercial_&_office": 2.2626, "pct_industrial": 4.4475, "pct_transportation_&_utility": 2.2947, "pct_public_facilities_&_institutions": 5.6918, "pct_open_space_&_outdoor_recreation": 2.8952, "pct_parking_facilities": 2.3065, "pct_vacant_land": 3.2888 }, "geometry": { "type": "Polygon", "coordinates": [ [ [ -73.93786, 40.77409 ], [ -73.93474, 40.77808 ], [ -73.92398, 40.77461 ], [ -73.922, 40.77795 ], [ -73.91425, 40.77096 ], [ -73.92188, 40.76357 ], [ -73.93523, 40.76953 ], [ -73.93425, 40.77103 ], [ -73.93786, 40.77409 ] ] ] } },
{ "type": "Feature", "properties": { "zipcode": "11103", "total_parcels": 4532, "total_lot_area": 16295283.0, "total_bldg_area": 18662939.0, "total_built_far": 6106.79, "avg_far": 1.15, "dominant_landuse": "multi-family_walk-up", "pct_one_&_two_family": 21.5886, "pct_multi-family_walk-up": 32.1527, "pct_multi-family_elevator": 1.4611, "pct_mixed_residential_&_commercial": 9.0441, "pct_commercial_&_office": 4.8764, "pct_industrial": 2.9774, "pct_transportation_&_utility": 1.5652, "pct_public_facilities_&_institutions": 4.2707, "pct_open_space_&_outdoor_recreation": 19.7258, "pct_parking_facilities": 1.7645, "pct_vacant_land": 0.5303 }, "geometry": { "type": "Polygon", "coordinates": [ [ [ -73.92283, 40.7576 ], [ -73.91842, 40.76239 ], [ -73.92108, 40.7632 ], [ -73.92006, 40.76581 ], [ -73.91644, 40.76973 ], [ -73.91487, 40.76947 ], [ -73.91431, 40.77152 ], [ -73.91094, 40.76885 ], [ -73.90202, 40.76742 ], [ -73.90359, 40.76575 ], [ -73.90286, 40.76389 ], [ -73.90451, 40.76459 ], [ -73.91261, 40.75597 ], [ -73.9115, 40.75456 ], [ -73.91257, 40.7533 ], [ -73.92283, 40.7576 ] ] ] } },
{ "type": "Feature", "properties": { "zipcode": "11216", "total_parcels": 6070, "total_lot_area": 17968208.0, "total_bldg_area": 33497845.0, "total_built_far": 10895.62, "avg_far": 1.86, "dominant_landuse": "multi-family_walk-up", "pct_one_&_two_family": 24.0855, "pct_multi-family_walk-up": 37.2161, "pct_multi-family_elevator": 6.4481, "pct_mixed_residential_&_commercial": 9.9555, "pct_commercial_&_office": 4.1619, "pct_industrial": 1.1693, "pct_transportation_&_utility": 0.9679, "pct_public_facilities_&_institutions": 8.968, "pct_open_space_&_outdoor_recreation": 4.8021, "pct_parking_facilities": 0.9689, "pct_vacant_land": 1.1405 }, "geometry": { "type": "Polygon", "coordinates": [ [ [ -73.9579, 40.67087 ], [ -73.95483, 40.67847 ], [ -73.95679, 40.68887 ], [ -73.95157, 40.68949 ], [ -73.95181, 40.6916 ], [ -73.94572, 40.6924 ], [ -73.94396, 40.6836 ], [ -73.93853, 40.68423 ], [ -73.9374, 40.67973 ], [ -73.94124, 40.67955 ], [ -73.94189, 40.67605 ], [ -73.94709, 40.67656 ], [ -73.94773, 40.66971 ], [ -73.9579, 40.67087 ] ] ] } },
{ "type": "Feature", "properties": { "zipcode": "11217", "total_parcels": 3988, "total_lot_area": 14007640.0, "total_bldg_area": 38058887.0, "total_built_far": 8303.69, "avg_far": 2.72, "dominant_landuse": "multi-family_walk-up", "pct_one_&_two_family": 17.7762, "pct_multi-family_walk-up": 23.6703, "pct_multi-family_elevator": 9.5863, "pct_mixed_residential_&_commercial": 17.0844, "pct_commercial_&_office": 8.454, "pct_industrial": 3.5116, "pct_transportation_&_utility": 1.6472, "pct_public_facilities_&_institutions": 9.4126, "pct_open_space_&_outdoor_recreation": 2.6103, "pct_parking_facilities": 1.0832, "pct_vacant_land": 4.3095 }, "geometry": { "type": "Polygon", "coordinates": [ [ [ -73.99042, 40.68269 ], [ -73.98635, 40.68872 ], [ -73.98182, 40.68733 ], [ -73.98201, 40.68932 ], [ -73.97929, 40.68825 ], [ -73.97951, 40.68986 ], [ -73.97313, 40.68962 ], [ -73.97232, 40.68277 ], [ -73.97064, 40.68241 ], [ -73.97276, 40.67759 ], [ -73.97137, 40.67345 ], [ -73.98856, 40.67956 ], [ -73.99042, 40.68269 ] ] ] } },
{ "type": "Feature", "properties": { "zipcode": "11218", "total_parcels": 6870, "total_lot_area": 24637145.0, "total_bldg_area": 36292244.0, "total_built_far": 8159.51, "avg_far": 1.47, "dominant_landuse": "one_&_two_family", "pct_one_&_two_family": 42.9758, "pct_multi-family_walk-up": 20.1016, "pct_multi-family_elevator": 10.8617, "pct_mixed_residential_&_commercial": 7.113, "pct_commercial_&_office": 4.0986, "pct_industrial": 2.7607, "pct_transportation_&_utility": 1.7122, "pct_public_facilities_&_institutions": 5.4682, "pct_open_space_&_outdoor_recreation": 2.8258, "pct_parking_facilities": 0.9302, "pct_vacant_land": 0.8173 }, "geometry": { "type": "Polygon", "coordinates": [ [ [ -73.99193, 40.6422 ], [ -73.98029, 40.6473 ], [ -73.9818, 40.65525 ], [ -73.97977, 40.65723 ], [ -73.97705, 40.65586 ], [ -73.97516, 40.65872 ], [ -73.9714, 40.64826 ], [ -73.96703, 40.64995 ], [ -73.96503, 40.63667 ], [ -73.97816, 40.63028 ], [ -73.98058, 40.63536 ], [ -73.99193, 40.6422 ] ] ] } },
{ "type": "Feature", "properties": { "zipcode": "11236", "total_parcels": 14680, "total_lot_area": 66058739.0, "total_bldg_area": 44336700.0, "total_built_far": 12602.36, "avg_far": 0.67, "dominant_landuse": "one_&_two_family", "pct_one_&_two_family": 44.0897, "pct_multi-family_walk-up": 8.7356, "pct_multi-family_elevator": 4.9719, "pct_mixed_residential_&_commercial": 1.0543, "pct_commercial_&_office": 4.4287, "pct_industrial": 6.9785, "pct_transportation_&_utility": 5.2613, "pct_public_facilities_&_institutions": 7.9427, "pct_open_space_&_outdoor_recreation": 11.0466, "pct_parking_facilities": 1.8357, "pct_vacant_land": 2.267 }, "geometry": { "type": "Polygon", "coordinates": [ [ [ -73.9217, 40.65437 ], [ -73.90968, 40.65414 ], [ -73.89904, 40.65737 ], [ -73.898, 40.6538 ], [ -73.89125, 40.65003 ], [ -73.87954, 40.63886 ], [ -73.87635, 40.63347 ], [ -73.87804, 40.63449 ], [ -73.88243, 40.62898 ], [ -73.88886, 40.62591 ], [ -73.88947, 40.62308 ], [ -73.89149, 40.62185 ], [ -73.89826, 40.62299 ], [ -73.9186, 40.6321 ], [ -73.9217, 40.65437 ] ] ] } },
{ "type": "Feature", "properties": { "zipcode": "11237", "total_parcels": 4361, "total_lot_area": 19162482.0, "total_bldg_area": 26060557.0, "total_built_far": 7204.38, "avg_far": 1.36, "dominant_landuse": "industrial", "pct_one_&_two_family": 8.742, "pct_multi-family_walk-up": 27.2425, "pct_multi-family_elevator": 1.9967, "pct_mixed_residential_&_commercial": 10.0321, "pct_commercial_&_office": 5.9427, "pct_industrial": 27.4257, "pct_transportation_&_utility": 3.6532, "pct_public_facilities_&_institutions": 5.6257, "pct_open_space_&_outdoor_recreation": 1.892, "pct_parking_facilities": 3.7743, "pct_vacant_land": 1.387 }, "geometry": { "type": "Polygon", "coordinates": [ [ [ -73.9348, 40.71337 ], [ -73.92271, 40.71648 ], [ -73.92433, 40.71557 ], [ -73.92074, 40.71053 ], [ -73.92189, 40.7094 ], [ -73.91181, 40.70343 ], [ -73.9129, 40.70236 ], [ -73.91068, 40.70105 ], [ -73.91181, 40.69994 ], [ -73.90426, 40.6957 ], [ -73.9058, 40.69413 ], [ -73.90159, 40.69163 ], [ -73.90361, 40.68986 ], [ -73.91186, 40.69512 ], [ -73.9103, 40.6967 ], [ -73.91181, 40.69755 ], [ -73.91336, 40.69597 ], [ -73.9161, 40.69795 ], [ -73.91782, 40.69621 ], [ -73.92964, 40.70206 ], [ -73.93224, 40.7052 ], [ -73.9348, 40.71337 ] ] ] } },
{ "type": "Feature", "properties": { "zipcode": "11104", "total_parcels": 1821, "total_lot_area": 7698805.0, "total_bldg_area": 13128325.0, "total_built_far": 2277.11, "avg_far": 1.71, "dominant_landuse": "one_&_two_family", "pct_one_&_two_family": 25.5681, "pct_multi-family_walk-up": 20.3303, "pct_multi-family_elevator": 18.7108, "pct_mixed_residential_&_commercial": 7.6023, "pct_commercial_&_office": 5.7407, "pct_industrial": 5.2554, "pct_transportation_&_utility": 4.746, "pct_public_facilities_&_institutions": 3.9955, "pct_open_space_&_outdoor_recreation": 5.931, "pct_parking_facilities": 1.0774, "pct_vacant_land": 0.6496 }, "geometry": { "type": "Polygon", "coordinates": [ [ [ -73.92763, 40.7366 ], [ -73.92525, 40.74854 ], [ -73.90985, 40.75164 ], [ -73.91016, 40.7485 ], [ -73.91467, 40.74903 ], [ -73.91484, 40.74345 ], [ -73.92304, 40.74044 ], [ -73.92397, 40.73578 ], [ -73.92763, 40.7366 ] ] ] } },
{ "type": "Feature", "properties": { "zipcode": "11105", "total_parcels": 5557, "total_lot_area": 38770961.0, "total_bldg_area": 21175750.0, "total_built_far": 5617.47, "avg_far": 0.55, "dominant_landuse": "transportation_&_utility", "pct_one_&_two_family": 19.2877, "pct_multi-family_walk-up": 12.2666, "pct_multi-family_elevator": 0.2795, "pct_mixed_residential_&_commercial": 3.4872, "pct_commercial_&_office": 2.5726, "pct_industrial": 6.2066, "pct_transportation_&_utility": 39.4448, "pct_public_facilities_&_institutions": 3.0454, "pct_open_space_&_outdoor_recreation": 7.3643, "pct_parking_facilities": 3.167, "pct_vacant_land": 2.5907 }, "geometry": { "type": "Polygon", "coordinates": [ [ [ -73.9214, 40.77845 ], [ -73.91797, 40.78126 ], [ -73.91997, 40.78263 ], [ -73.90986, 40.79095 ], [ -73.90018, 40.78897 ], [ -73.89593, 40.78565 ], [ -73.89875, 40.78278 ], [ -73.90119, 40.78271 ], [ -73.90268, 40.78035 ], [ -73.8943, 40.78423 ], [ -73.89606, 40.78319 ], [ -73.89542, 40.78172 ], [ -73.89275, 40.78297 ], [ -73.89165, 40.78218 ], [ -73.893, 40.78178 ], [ -73.8912, 40.77856 ], [ -73.89656, 40.77625 ], [ -73.8937, 40.77423 ], [ -73.90202, 40.76742 ], [ -73.91094, 40.76885 ], [ -73.92052, 40.7759 ], [ -73.9214, 40.77845 ] ] ] } },
{ "type": "Feature", "properties": { "zipcode": "11219", "total_parcels": 8694, "total_lot_area": 26978408.0, "total_bldg_area": 43788919.0, "total_built_far": 13240.01, "avg_far": 1.62, "dominant_landuse": "multi-family_walk-up", "pct_one_&_two_family": 28.8076, "pct_multi-family_walk-up": 32.3683, "pct_multi-family_elevator": 3.2553, "pct_mixed_residential_&_commercial": 11.737, "pct_commercial_&_office": 4.2519, "pct_industrial": 2.8142, "pct_transportation_&_utility": 5.2256, "pct_public_facilities_&_institutions": 8.4827, "pct_open_space_&_outdoor_recreation": 0.4115, "pct_parking_facilities": 0.8656, "pct_vacant_land": 1.4704 }, "geometry": { "type": "Polygon", "coordinates": [ [ [ -74.0127, 40.62902 ], [ -74.00854, 40.63303 ], [ -74.00631, 40.63258 ], [ -74.00796, 40.63358 ], [ -73.99398, 40.6471 ], [ -73.98906, 40.64412 ], [ -73.99179, 40.64172 ], [ -73.98118, 40.6352 ], [ -73.99729, 40.61971 ], [ -74.0127, 40.62902 ] ] ] } },
{ "type": "Feature", "properties": { "zipcode": "11238", "total_parcels": 4849, "total_lot_area": 18782812.0, "total_bldg_area": 40510245.0, "total_built_far": 8903.04, "avg_far": 2.16, "dominant_landuse": "multi-family_walk-up", "pct_one_&_two_family": 14.859, "pct_multi-family_walk-up": 31.1224, "pct_multi-family_elevator": 13.6683, "pct_mixed_residential_&_commercial": 11.9116, "pct_commercial_&_office": 3.1386, "pct_industrial": 2.1139, "pct_transportation_&_utility": 3.094, "pct_public_facilities_&_institutions": 12.2793, "pct_open_space_&_outdoor_recreation": 3.8269, "pct_parking_facilities": 1.6218, "pct_vacant_land": 1.8814 }, "geometry": { "type": "Polygon", "coordinates": [ [ [ -73.98023, 40.66105 ], [ -73.97041, 40.67262 ], [ -73.97276, 40.67759 ], [ -73.97064, 40.68241 ], [ -73.97232, 40.68277 ], [ -73.97337, 40.68588 ], [ -73.97173, 40.68753 ], [ -73.97214, 40.68958 ], [ -73.97076, 40.68764 ], [ -73.95714, 40.68996 ], [ -73.95483, 40.67847 ], [ -73.95722, 40.67144 ], [ -73.96134, 40.67135 ], [ -73.96219, 40.66964 ], [ -73.96096, 40.66329 ], [ -73.96289, 40.6638 ], [ -73.96502, 40.66217 ], [ -73.96374, 40.65987 ], [ -73.96281, 40.6605 ], [ -73.9619, 40.65487 ], [ -73.96621, 40.65319 ], [ -73.96465, 40.65089 ], [ -73.9714, 40.64826 ], [ -73.97448, 40.65834 ], [ -73.98023, 40.66105 ] ] ] } },
{ "type": "Feature", "properties": { "zipcode": "11239", "total_parcels": 654, "total_lot_area": 18010164.0, "total_bldg_area": 16506783.0, "total_built_far": 744.76, "avg_far": 0.92, "dominant_landuse": "multi-family_elevator", "pct_one_&_two_family": 7.769, "pct_multi-family_walk-up": 2.6509, "pct_multi-family_elevator": 22.5306, "pct_mixed_residential_&_commercial": 3.8678, "pct_commercial_&_office": 8.0541, "pct_industrial": 0.1519, "pct_transportation_&_utility": 0.0, "pct_public_facilities_&_institutions": 6.4763, "pct_open_space_&_outdoor_recreation": 15.6038, "pct_parking_facilities": 19.1052, "pct_vacant_land": 13.4552 }, "geometry": { "type": "Polygon", "coordinates": [ [ [ -73.89125, 40.65003 ], [ -73.88221, 40.6545 ], [ -73.87489, 40.64509 ], [ -73.87338, 40.64682 ], [ -73.87973, 40.65556 ], [ -73.86718, 40.66045 ], [ -73.86317, 40.65828 ], [ -73.85696, 40.65058 ], [ -73.85502, 40.6431 ], [ -73.87396, 40.63377 ], [ -73.88959, 40.64811 ], [ -73.89125, 40.65003 ] ] ] } },
{ "type": "Feature", "properties": { "zipcode": "11106", "total_parcels": 3155, "total_lot_area": 17678668.0, "total_bldg_area": 24271258.0, "total_built_far": 4472.53, "avg_far": 1.37, "dominant_landuse": "multi-family_walk-up", "pct_one_&_two_family": 13.437, "pct_multi-family_walk-up": 19.1121, "pct_multi-family_elevator": 16.7737, "pct_mixed_residential_&_commercial": 8.3624, "pct_commercial_&_office": 8.3954, "pct_industrial": 10.0349, "pct_transportation_&_utility": 10.5841, "pct_public_facilities_&_institutions": 5.6821, "pct_open_space_&_outdoor_recreation": 4.6005, "pct_parking_facilities": 2.1139, "pct_vacant_land": 0.6283 }, "geometry": { "type": "Polygon", "coordinates": [ [ [ -73.94472, 40.76288 ], [ -73.93496, 40.77173 ], [ -73.93523, 40.76953 ], [ -73.91842, 40.76239 ], [ -73.92727, 40.75285 ], [ -73.93832, 40.75887 ], [ -73.93749, 40.7602 ], [ -73.93918, 40.75917 ], [ -73.9433, 40.76066 ], [ -73.94247, 40.76199 ], [ -73.94472, 40.76288 ] ] ] } },
{ "type": "Feature", "properties": { "zipcode": "11109", "total_parcels": 12, "total_lot_area": 365412.0, "total_bldg_area": 3736618.0, "total_built_far": 104.47, "avg_far": 10.23, "dominant_landuse": "multi-family_elevator", "pct_one_&_two_family": 0.0, "pct_multi-family_walk-up": 0.0, "pct_multi-family_elevator": 52.3759, "pct_mixed_residential_&_commercial": 41.7436, "pct_commercial_&_office": 0.0, "pct_industrial": 0.0, "pct_transportation_&_utility": 0.0, "pct_public_facilities_&_institutions": 0.0, "pct_open_space_&_outdoor_recreation": 0.0, "pct_parking_facilities": 0.0, "pct_vacant_land": 5.8805 }, "geometry": { "type": "Polygon", "coordinates": [ [ [ -73.95973, 40.74526 ], [ -73.95684, 40.74883 ], [ -73.9548, 40.74805 ], [ -73.95621, 40.74387 ], [ -73.95973, 40.74526 ] ] ] } },
{ "type": "Feature", "properties": { "zipcode": "11201", "total_parcels": 3324, "total_lot_area": 31695317.0, "total_bldg_area": 92568215.0, "total_built_far": 9312.03, "avg_far": 2.92, "dominant_landuse": "open_space_&_outdoor_recreation", "pct_one_&_two_family": 5.9903, "pct_multi-family_walk-up": 7.9734, "pct_multi-family_elevator": 12.1405, "pct_mixed_residential_&_commercial": 14.5962, "pct_commercial_&_office": 8.7009, "pct_industrial": 1.1065, "pct_transportation_&_utility": 14.0067, "pct_public_facilities_&_institutions": 8.9538, "pct_open_space_&_outdoor_recreation": 24.1351, "pct_parking_facilities": 1.1609, "pct_vacant_land": 0.754 }, "geometry": { "type": "Polygon", "coordinates": [ [ [ -74.00843, 40.68602 ], [ -74.00587, 40.68621 ], [ -74.00299, 40.69043 ], [ -74.00096, 40.69013 ], [ -74.00197, 40.69184 ], [ -74.00096, 40.69407 ], [ -73.99385, 40.70483 ], [ -73.97923, 40.70577 ], [ -73.98045, 40.69667 ], [ -73.9771, 40.68977 ], [ -73.97951, 40.68986 ], [ -73.97929, 40.68825 ], [ -73.98201, 40.68932 ], [ -73.98182, 40.68733 ], [ -73.98635, 40.68872 ], [ -73.98999, 40.68332 ], [ -74.00086, 40.68796 ], [ -74.00236, 40.68574 ], [ -74.00843, 40.68602 ] ] ] } },
{ "type": "Feature", "properties": { "zipcode": "11220", "total_parcels": 9011, "total_lot_area": 35558731.0, "total_bldg_area": 45919725.0, "total_built_far": 13657.22, "avg_far": 1.29, "dominant_landuse": "one_&_two_family", "pct_one_&_two_family": 24.6465, "pct_multi-family_walk-up": 16.8236, "pct_multi-family_elevator": 1.9692, "pct_mixed_residential_&_commercial": 9.3089, "pct_commercial_&_office": 3.7983, "pct_industrial": 9.3167, "pct_transportation_&_utility": 18.868, "pct_public_facilities_&_institutions": 4.7108, "pct_open_space_&_outdoor_recreation": 6.7402, "pct_parking_facilities": 1.5826, "pct_vacant_land": 2.0021 }, "geometry": { "type": "Polygon", "coordinates": [ [ [ -74.03847, 40.63568 ], [ -74.03576, 40.64063 ], [ -74.03674, 40.64167 ], [ -74.03407, 40.64431 ], [ -74.03287, 40.64359 ], [ -74.0305, 40.6453 ], [ -74.02826, 40.64405 ], [ -74.02606, 40.64626 ], [ -74.02962, 40.64847 ], [ -74.02455, 40.64715 ], [ -74.02564, 40.64975 ], [ -74.02441, 40.65092 ], [ -74.01926, 40.64685 ], [ -74.01343, 40.65245 ], [ -74.01121, 40.65111 ], [ -74.01263, 40.64923 ], [ -74.01056, 40.65122 ], [ -73.99773, 40.64341 ], [ -74.00796, 40.63358 ], [ -74.00631, 40.63258 ], [ -74.00854, 40.63303 ], [ -74.01214, 40.62868 ], [ -74.02604, 40.63574 ], [ -74.03596, 40.63882 ], [ -74.03847, 40.63568 ] ] ] } },
{ "type": "Feature", "properties": { "zipcode": "11355", "total_parcels": 6830, "total_lot_area": 48546340.0, "total_bldg_area": 39898444.0, "total_built_far": 6384.87, "avg_far": 0.82, "dominant_landuse": "open_space_&_outdoor_recreation", "pct_one_&_two_family": 31.4934, "pct_multi-family_walk-up": 5.4568, "pct_multi-family_elevator": 6.4181, "pct_mixed_residential_&_commercial": 6.6612, "pct_commercial_&_office": 3.2752, "pct_industrial": 0.9891, "pct_transportation_&_utility": 0.5265, "pct_public_facilities_&_institutions": 4.2985, "pct_open_space_&_outdoor_recreation": 39.1603, "pct_parking_facilities": 1.097, "pct_vacant_land": 0.4803 }, "geometry": { "type": "Polygon", "coordinates": [ [ [ -73.83792, 40.75454 ], [ -73.82974, 40.75875 ], [ -73.81609, 40.76252 ], [ -73.80751, 40.76218 ], [ -73.80955, 40.75069 ], [ -73.80751, 40.75014 ], [ -73.81416, 40.74614 ], [ -73.81431, 40.74297 ], [ -73.81063, 40.74237 ], [ -73.81133, 40.73891 ], [ -73.8246, 40.74271 ], [ -73.83586, 40.74323 ], [ -73.8322, 40.75173 ], [ -73.8356, 40.7514 ], [ -73.83792, 40.75454 ] ] ] } },
{ "type": "Feature", "properties": { "zipcode": "11203", "total_parcels": 11053, "total_lot_area": 39910526.0, "total_bldg_area": 41038561.0, "total_built_far": 10822.74, "avg_far": 1.03, "dominant_landuse": "one_&_two_family", "pct_one_&_two_family": 44.7913, "pct_multi-family_walk-up": 12.3656, "pct_multi-family_elevator": 2.9251, "pct_mixed_residential_&_commercial": 4.1588, "pct_commercial_&_office": 3.3251, "pct_industrial": 2.8485, "pct_transportation_&_utility": 1.8252, "pct_public_facilities_&_institutions": 15.5882, "pct_open_space_&_outdoor_recreation": 9.0565, "pct_parking_facilities": 1.6313, "pct_vacant_land": 0.9333 }, "geometry": { "type": "Polygon", "coordinates": [ [ [ -73.94764, 40.65996 ], [ -73.94295, 40.66024 ], [ -73.94283, 40.66285 ], [ -73.93993, 40.6639 ], [ -73.93161, 40.66356 ], [ -73.93032, 40.66066 ], [ -73.92088, 40.65361 ], [ -73.91973, 40.64272 ], [ -73.93224, 40.63496 ], [ -73.93536, 40.63477 ], [ -73.93776, 40.63926 ], [ -73.94607, 40.64043 ], [ -73.94764, 40.65996 ] ] ] } },
{ "type": "Feature", "properties": { "zipcode": "11204", "total_parcels": 9954, "total_lot_area": 31615394.0, "total_bldg_area": 37456336.0, "total_built_far": 11747.64, "avg_far": 1.18, "dominant_landuse": "one_&_two_family", "pct_one_&_two_family": 45.8195, "pct_multi-family_walk-up": 21.9166, "pct_multi-family_elevator": 2.5412, "pct_mixed_residential_&_commercial": 6.6044, "pct_commercial_&_office": 2.354, "pct_industrial": 1.0802, "pct_transportation_&_utility": 3.4688, "pct_public_facilities_&_institutions": 6.5045, "pct_open_space_&_outdoor_recreation": 8.5156, "pct_parking_facilities": 0.1662, "pct_vacant_land": 0.99 }, "geometry": { "type": "Polygon", "coordinates": [ [ [ -74.0002, 40.61692 ], [ -73.98085, 40.63552 ], [ -73.97749, 40.63059 ], [ -73.9794, 40.62917 ], [ -73.97658, 40.62757 ], [ -73.97703, 40.62153 ], [ -73.9753, 40.62091 ], [ -73.97445, 40.61087 ], [ -73.97296, 40.60863 ], [ -73.98804, 40.6066 ], [ -73.98754, 40.6082 ], [ -73.99834, 40.61428 ], [ -74.0002, 40.61692 ] ] ] } },
{ "type": "Feature", "properties": { "zipcode": "11221", "total_parcels": 9149, "total_lot_area": 25937802.0, "total_bldg_area": 43796342.0, "total_built_far": 14493.31, "avg_far": 1.69, "dominant_landuse": "multi-family_walk-up", "pct_one_&_two_family": 30.9328, "pct_multi-family_walk-up": 34.1135, "pct_multi-family_elevator": 8.1591, "pct_mixed_residential_&_commercial": 7.8279, "pct_commercial_&_office": 1.8876, "pct_industrial": 0.8488, "pct_transportation_&_utility": 0.3334, "pct_public_facilities_&_institutions": 10.7899, "pct_open_space_&_outdoor_recreation": 2.0424, "pct_parking_facilities": 1.0972, "pct_vacant_land": 1.7436 }, "geometry": { "type": "Polygon", "coordinates": [ [ [ -73.94564, 40.69203 ], [ -73.93413, 40.69335 ], [ -73.9347, 40.69629 ], [ -73.93779, 40.69669 ], [ -73.93026, 40.69853 ], [ -73.92759, 40.70176 ], [ -73.91782, 40.69621 ], [ -73.9161, 40.69795 ], [ -73.91336, 40.69597 ], [ -73.91181, 40.69755 ], [ -73.9103, 40.6967 ], [ -73.91186, 40.69512 ], [ -73.90885, 40.6934 ], [ -73.91539, 40.68617 ], [ -73.91805, 40.68721 ], [ -73.94108, 40.68366 ], [ -73.94396, 40.6836 ], [ -73.94564, 40.69203 ] ] ] } },
{ "type": "Feature", "properties": { "zipcode": "11358", "total_parcels": 8641, "total_lot_area": 36590354.0, "total_bldg_area": 20465557.0, "total_built_far": 5529.65, "avg_far": 0.56, "dominant_landuse": "one_&_two_family", "pct_one_&_two_family": 71.5611, "pct_multi-family_walk-up": 7.5412, "pct_multi-family_elevator": 0.3756, "pct_mixed_residential_&_commercial": 3.1516, "pct_commercial_&_office": 3.5918, "pct_industrial": 0.2149, "pct_transportation_&_utility": 2.1257, "pct_public_facilities_&_institutions": 3.1775, "pct_open_space_&_outdoor_recreation": 6.8304, "pct_parking_facilities": 0.7564, "pct_vacant_land": 0.5471 }, "geometry": { "type": "Polygon", "coordinates": [ [ [ -73.80913, 40.75027 ], [ -73.80615, 40.77221 ], [ -73.80418, 40.77277 ], [ -73.80392, 40.77469 ], [ -73.79823, 40.77485 ], [ -73.79338, 40.77348 ], [ -73.79167, 40.77462 ], [ -73.78541, 40.76013 ], [ -73.78009, 40.75249 ], [ -73.7923, 40.74837 ], [ -73.79605, 40.75005 ], [ -73.7985, 40.74876 ], [ -73.80913, 40.75027 ] ] ] } },
{ "type": "Feature", "properties": { "zipcode": "11359", "total_parcels": 2, "total_lot_area": 6016250.0, "total_bldg_area": 421996.0, "total_built_far": 0.07, "avg_far": 0.07, "dominant_landuse": "public_facilities_&_institutions", "pct_one_&_two_family": 0.0, "pct_multi-family_walk-up": 0.0, "pct_multi-family_elevator": 0.0, "pct_mixed_residential_&_commercial": 0.0, "pct_commercial_&_office": 0.0, "pct_industrial": 0.0, "pct_transportation_&_utility": 0.0, "pct_public_facilities_&_institutions": 98.5041, "pct_open_space_&_outdoor_recreation": 0.0, "pct_parking_facilities": 0.0, "pct_vacant_land": 1.4959 }, "geometry": { "type": "Polygon", "coordinates": [ [ [ -73.78079, 40.79404 ], [ -73.78314, 40.79499 ], [ -73.782, 40.79498 ], [ -73.77936, 40.79668 ], [ -73.77625, 40.79614 ], [ -73.77073, 40.78813 ], [ -73.77427, 40.78676 ], [ -73.77634, 40.78849 ], [ -73.7741, 40.7863 ], [ -73.7812, 40.78959 ], [ -73.78239, 40.79138 ], [ -73.78079, 40.79404 ] ] ] } },
{ "type": "Feature", "properties": { "zipcode": "11205", "total_parcels": 3140, "total_lot_area": 16179449.0, "total_bldg_area": 32195961.0, "total_built_far": 5830.87, "avg_far": 1.99, "dominant_landuse": "multi-family_walk-up", "pct_one_&_two_family": 8.7032, "pct_multi-family_walk-up": 17.8568, "pct_multi-family_elevator": 15.3492, "pct_mixed_residential_&_commercial": 14.6939, "pct_commercial_&_office": 4.9163, "pct_industrial": 10.3021, "pct_transportation_&_utility": 1.7781, "pct_public_facilities_&_institutions": 16.8774, "pct_open_space_&_outdoor_recreation": 3.7621, "pct_parking_facilities": 2.3792, "pct_vacant_land": 2.3155 }, "geometry": { "type": "Polygon", "coordinates": [ [ [ -73.98065, 40.70156 ], [ -73.97907, 40.70596 ], [ -73.97279, 40.70938 ], [ -73.96721, 40.70426 ], [ -73.96773, 40.69772 ], [ -73.95359, 40.69975 ], [ -73.95144, 40.68976 ], [ -73.95545, 40.68866 ], [ -73.95844, 40.69014 ], [ -73.97076, 40.68764 ], [ -73.97214, 40.68958 ], [ -73.97269, 40.68742 ], [ -73.97313, 40.68962 ], [ -73.9771, 40.68977 ], [ -73.97783, 40.69344 ], [ -73.98014, 40.69468 ], [ -73.98065, 40.70156 ] ] ] } },
{ "type": "Feature", "properties": { "zipcode": "11206", "total_parcels": 4581, "total_lot_area": 27489906.0, "total_bldg_area": 51812189.0, "total_built_far": 8421.25, "avg_far": 1.88, "dominant_landuse": "multi-family_elevator", "pct_one_&_two_family": 7.0107, "pct_multi-family_walk-up": 18.738, "pct_multi-family_elevator": 19.3613, "pct_mixed_residential_&_commercial": 16.0299, "pct_commercial_&_office": 4.3913, "pct_industrial": 10.8771, "pct_transportation_&_utility": 1.9148, "pct_public_facilities_&_institutions": 12.7042, "pct_open_space_&_outdoor_recreation": 3.1968, "pct_parking_facilities": 2.1754, "pct_vacant_land": 1.4175 }, "geometry": { "type": "Polygon", "coordinates": [ [ [ -73.95784, 40.70027 ], [ -73.95024, 40.70547 ], [ -73.95105, 40.71057 ], [ -73.94069, 40.71196 ], [ -73.9402, 40.70982 ], [ -73.93721, 40.7101 ], [ -73.93832, 40.71252 ], [ -73.93545, 40.71283 ], [ -73.93088, 40.70318 ], [ -73.92759, 40.70176 ], [ -73.93026, 40.69853 ], [ -73.93779, 40.69669 ], [ -73.9347, 40.69629 ], [ -73.93413, 40.69335 ], [ -73.95181, 40.6916 ], [ -73.95359, 40.69975 ], [ -73.95743, 40.69891 ], [ -73.95784, 40.70027 ] ] ] } },
{ "type": "Feature", "properties": { "zipcode": "11222", "total_parcels": 5272, "total_lot_area": 38187638.0, "total_bldg_area": 38837291.0, "total_built_far": 8738.08, "avg_far": 1.02, "dominant_landuse": "industrial", "pct_one_&_two_family": 5.7228, "pct_multi-family_walk-up": 14.5046, "pct_multi-family_elevator": 1.4778, "pct_mixed_residential_&_commercial": 8.993, "pct_commercial_&_office": 6.3894, "pct_industrial": 22.6378, "pct_transportation_&_utility": 21.3441, "pct_public_facilities_&_institutions": 1.8098, "pct_open_space_&_outdoor_recreation": 7.9469, "pct_parking_facilities": 2.7809, "pct_vacant_land": 3.0447 }, "geometry": { "type": "Polygon", "coordinates": [ [ [ -73.96267, 40.73645 ], [ -73.95509, 40.7394 ], [ -73.94706, 40.73752 ], [ -73.94216, 40.73568 ], [ -73.93752, 40.72982 ], [ -73.92921, 40.72778 ], [ -73.92717, 40.72523 ], [ -73.93559, 40.72299 ], [ -73.93561, 40.71922 ], [ -73.94976, 40.71869 ], [ -73.95165, 40.72349 ], [ -73.95475, 40.7206 ], [ -73.95604, 40.7214 ], [ -73.95418, 40.72264 ], [ -73.95514, 40.72433 ], [ -73.96161, 40.72495 ], [ -73.96267, 40.73645 ] ] ] } },
{ "type": "Feature", "properties": { "zipcode": "11360", "total_parcels": 2520, "total_lot_area": 26379584.0, "total_bldg_area": 13270200.0, "total_built_far": 1508.62, "avg_far": 0.5, "dominant_landuse": "one_&_two_family", "pct_one_&_two_family": 39.6824, "pct_multi-family_walk-up": 14.2551, "pct_multi-family_elevator": 11.5898, "pct_mixed_residential_&_commercial": 0.3707, "pct_commercial_&_office": 3.8078, "pct_industrial": 0.0, "pct_transportation_&_utility": 0.0467, "pct_public_facilities_&_institutions": 3.1961, "pct_open_space_&_outdoor_recreation": 22.1727, "pct_parking_facilities": 0.4666, "pct_vacant_land": 4.3677 }, "geometry": { "type": "Polygon", "coordinates": [ [ [ -73.79497, 40.78619 ], [ -73.79058, 40.78813 ], [ -73.79258, 40.79072 ], [ -73.79152, 40.78957 ], [ -73.78239, 40.79138 ], [ -73.7741, 40.7863 ], [ -73.76402, 40.77234 ], [ -73.76545, 40.77358 ], [ -73.76984, 40.77261 ], [ -73.77105, 40.77447 ], [ -73.78995, 40.76997 ], [ -73.79159, 40.77326 ], [ -73.79106, 40.77903 ], [ -73.79497, 40.78619 ] ] ] } },
{ "type": "Feature", "properties": { "zipcode": "11361", "total_parcels": 6440, "total_lot_area": 31728176.0, "total_bldg_area": 17243660.0, "total_built_far": 3811.12, "avg_far": 0.54, "dominant_landuse": "one_&_two_family", "pct_one_&_two_family": 63.1361, "pct_multi-family_walk-up": 9.2979, "pct_multi-family_elevator": 0.9043, "pct_mixed_residential_&_commercial": 2.1008, "pct_commercial_&_office": 6.0449, "pct_industrial": 0.3178, "pct_transportation_&_utility": 3.5949, "pct_public_facilities_&_institutions": 5.2827, "pct_open_space_&_outdoor_recreation": 7.5748, "pct_parking_facilities": 0.6611, "pct_vacant_land": 1.0048 }, "geometry": { "type": "Polygon", "coordinates": [ [ [ -73.7893, 40.76933 ], [ -73.77897, 40.77312 ], [ -73.77105, 40.77447 ], [ -73.76984, 40.77261 ], [ -73.76545, 40.77358 ], [ -73.7602, 40.76866 ], [ -73.75626, 40.75843 ], [ -73.78121, 40.75151 ], [ -73.78009, 40.75249 ], [ -73.7893, 40.76933 ] ] ] } },
{ "type": "Feature", "properties": { "zipcode": "11207", "total_parcels": 11403, "total_lot_area": 54761432.0, "total_bldg_area": 50507611.0, "total_built_far": 12597.72, "avg_far": 0.92, "dominant_landuse": "one_&_two_family", "pct_one_&_two_family": 24.9507, "pct_multi-family_walk-up": 14.9927, "pct_multi-family_elevator": 6.9444, "pct_mixed_residential_&_commercial": 6.2731, "pct_commercial_&_office": 3.8016, "pct_industrial": 6.7626, "pct_transportation_&_utility": 9.3313, "pct_public_facilities_&_institutions": 6.701, "pct_open_space_&_outdoor_recreation": 14.2599, "pct_parking_facilities": 2.9324, "pct_vacant_land": 2.4329 }, "geometry": { "type": "Polygon", "coordinates": [ [ [ -73.91605, 40.68607 ], [ -73.90885, 40.6934 ], [ -73.90361, 40.68986 ], [ -73.90124, 40.69144 ], [ -73.90116, 40.68788 ], [ -73.89652, 40.6824 ], [ -73.8942, 40.68531 ], [ -73.89252, 40.68342 ], [ -73.89014, 40.685 ], [ -73.88819, 40.68256 ], [ -73.8865, 40.68335 ], [ -73.88266, 40.66601 ], [ -73.87611, 40.65713 ], [ -73.87973, 40.65556 ], [ -73.87338, 40.64682 ], [ -73.87489, 40.64509 ], [ -73.88221, 40.6545 ], [ -73.89125, 40.65003 ], [ -73.898, 40.6538 ], [ -73.90145, 40.66366 ], [ -73.90042, 40.66381 ], [ -73.90254, 40.67588 ], [ -73.90435, 40.67609 ], [ -73.90347, 40.6789 ], [ -73.91605, 40.68607 ] ] ] } },
{ "type": "Feature", "properties": { "zipcode": "11208", "total_parcels": 11298, "total_lot_area": 55414739.0, "total_bldg_area": 40385712.0, "total_built_far": 11131.92, "avg_far": 0.73, "dominant_landuse": "one_&_two_family", "pct_one_&_two_family": 29.0927, "pct_multi-family_walk-up": 11.4517, "pct_multi-family_elevator": 5.3255, "pct_mixed_residential_&_commercial": 4.5725, "pct_commercial_&_office": 2.4106, "pct_industrial": 6.3865, "pct_transportation_&_utility": 4.4164, "pct_public_facilities_&_institutions": 6.3236, "pct_open_space_&_outdoor_recreation": 20.0909, "pct_parking_facilities": 3.4909, "pct_vacant_land": 5.8832 }, "geometry": { "type": "Polygon", "coordinates": [ [ [ -73.88909, 40.68464 ], [ -73.87402, 40.69419 ], [ -73.86892, 40.69515 ], [ -73.86603, 40.68192 ], [ -73.8641, 40.68237 ], [ -73.86387, 40.67947 ], [ -73.86235, 40.67916 ], [ -73.86039, 40.67127 ], [ -73.85763, 40.67166 ], [ -73.85568, 40.66387 ], [ -73.85843, 40.66345 ], [ -73.85761, 40.66012 ], [ -73.86317, 40.65828 ], [ -73.86823, 40.66033 ], [ -73.87611, 40.65713 ], [ -73.88266, 40.66601 ], [ -73.8865, 40.68335 ], [ -73.88819, 40.68256 ], [ -73.88909, 40.68464 ] ] ] } },
{ "type": "Feature", "properties": { "zipcode": "11005", "total_parcels": 7, "total_lot_area": 4764910.0, "total_bldg_area": 3750565.0, "total_built_far": 0.89, "avg_far": 0.79, "dominant_landuse": "multi-family_elevator", "pct_one_&_two_family": 0.0, "pct_multi-family_walk-up": 0.0, "pct_multi-family_elevator": 88.7383, "pct_mixed_residential_&_commercial": 0.0, "pct_commercial_&_office": 0.0, "pct_industrial": 0.0, "pct_transportation_&_utility": 0.0, "pct_public_facilities_&_institutions": 0.0, "pct_open_space_&_outdoor_recreation": 11.2617, "pct_parking_facilities": 0.0, "pct_vacant_land": 0.0 }, "geometry": { "type": "Polygon", "coordinates": [ [ [ -73.72142, 40.75653 ], [ -73.71778, 40.75921 ], [ -73.71332, 40.75973 ], [ -73.70782, 40.75622 ], [ -73.71277, 40.75191 ], [ -73.71541, 40.75568 ], [ -73.72142, 40.75653 ] ] ] } },
{ "type": "Feature", "properties": { "zipcode": "11223", "total_parcels": 10310, "total_lot_area": 39750635.0, "total_bldg_area": 38075904.0, "total_built_far": 10480.29, "avg_far": 0.96, "dominant_landuse": "one_&_two_family", "pct_one_&_two_family": 43.8828, "pct_multi-family_walk-up": 13.05, "pct_multi-family_elevator": 9.5526, "pct_mixed_residential_&_commercial": 5.6412, "pct_commercial_&_office": 3.7365, "pct_industrial": 1.4898, "pct_transportation_&_utility": 10.7076, "pct_public_facilities_&_institutions": 5.9357, "pct_open_space_&_outdoor_recreation": 2.6309, "pct_parking_facilities": 0.4913, "pct_vacant_land": 2.5888 }, "geometry": { "type": "Polygon", "coordinates": [ [ [ -73.98502, 40.59541 ], [ -73.98726, 40.60724 ], [ -73.96179, 40.60981 ], [ -73.95906, 40.59212 ], [ -73.96513, 40.59111 ], [ -73.9677, 40.58723 ], [ -73.96679, 40.58511 ], [ -73.96906, 40.584 ], [ -73.9775, 40.58278 ], [ -73.98281, 40.58379 ], [ -73.98464, 40.59355 ], [ -73.98602, 40.59445 ], [ -73.98502, 40.59541 ] ] ] } },
{ "type": "Feature", "properties": { "zipcode": "11225", "total_parcels": 3940, "total_lot_area": 18815847.0, "total_bldg_area": 32683883.0, "total_built_far": 5898.64, "avg_far": 1.74, "dominant_landuse": "one_&_two_family", "pct_one_&_two_family": 28.8401, "pct_multi-family_walk-up": 14.1786, "pct_multi-family_elevator": 12.6638, "pct_mixed_residential_&_commercial": 11.9994, "pct_commercial_&_office": 2.5118, "pct_industrial": 0.8503, "pct_transportation_&_utility": 2.3273, "pct_public_facilities_&_institutions": 9.9943, "pct_open_space_&_outdoor_recreation": 14.9402, "pct_parking_facilities": 0.6203, "pct_vacant_land": 0.8607 }, "geometry": { "type": "Polygon", "coordinates": [ [ [ -73.96479, 40.66205 ], [ -73.96289, 40.6638 ], [ -73.96096, 40.66329 ], [ -73.96134, 40.67135 ], [ -73.94773, 40.66971 ], [ -73.94803, 40.66658 ], [ -73.94277, 40.66629 ], [ -73.94216, 40.6635 ], [ -73.93998, 40.66345 ], [ -73.94283, 40.66285 ], [ -73.94295, 40.66024 ], [ -73.94764, 40.65996 ], [ -73.94726, 40.65644 ], [ -73.96021, 40.65551 ], [ -73.96125, 40.6566 ], [ -73.9619, 40.65487 ], [ -73.96281, 40.6605 ], [ -73.96374, 40.65987 ], [ -73.96479, 40.66205 ] ] ] } },
{ "type": "Feature", "properties": { "zipcode": "11362", "total_parcels": 3413, "total_lot_area": 43408739.0, "total_bldg_area": 12057620.0, "total_built_far": 1565.5, "avg_far": 0.28, "dominant_landuse": "one_&_two_family", "pct_one_&_two_family": 36.5999, "pct_multi-family_walk-up": 13.1253, "pct_multi-family_elevator": 0.4741, "pct_mixed_residential_&_commercial": 0.4937, "pct_commercial_&_office": 3.0556, "pct_industrial": 0.6743, "pct_transportation_&_utility": 0.2527, "pct_public_facilities_&_institutions": 5.6219, "pct_open_space_&_outdoor_recreation": 36.4927, "pct_parking_facilities": 0.0981, "pct_vacant_land": 3.1117 }, "geometry": { "type": "Polygon", "coordinates": [ [ [ -73.75921, 40.76432 ], [ -73.75072, 40.76651 ], [ -73.74877, 40.76408 ], [ -73.74126, 40.76571 ], [ -73.73396, 40.77245 ], [ -73.71332, 40.75973 ], [ -73.72015, 40.75791 ], [ -73.73233, 40.74365 ], [ -73.74277, 40.75162 ], [ -73.74681, 40.75203 ], [ -73.75005, 40.75841 ], [ -73.7523, 40.75946 ], [ -73.75585, 40.75776 ], [ -73.75921, 40.76432 ] ] ] } },
{ "type": "Feature", "properties": { "zipcode": "11001", "total_parcels": 1244, "total_lot_area": 4916721.0, "total_bldg_area": 1952114.0, "total_built_far": 534.27, "avg_far": 0.4, "dominant_landuse": "one_&_two_family", "pct_one_&_two_family": 91.4065, "pct_multi-family_walk-up": 2.6345, "pct_multi-family_elevator": 0.0, "pct_mixed_residential_&_commercial": 0.6654, "pct_commercial_&_office": 2.2232, "pct_industrial": 0.0, "pct_transportation_&_utility": 0.6983, "pct_public_facilities_&_institutions": 1.7695, "pct_open_space_&_outdoor_recreation": 0.0, "pct_parking_facilities": 0.2548, "pct_vacant_land": 0.3478 }, "geometry": { "type": "Polygon", "coordinates": [ [ [ -73.72988, 40.72239 ], [ -73.71049, 40.72723 ], [ -73.71371, 40.73618 ], [ -73.70051, 40.73906 ], [ -73.69399, 40.73078 ], [ -73.69257, 40.72378 ], [ -73.6879, 40.72332 ], [ -73.68909, 40.71799 ], [ -73.68475, 40.71498 ], [ -73.68497, 40.71325 ], [ -73.68767, 40.71343 ], [ -73.68793, 40.71155 ], [ -73.69627, 40.7134 ], [ -73.7013, 40.71093 ], [ -73.70824, 40.71357 ], [ -73.70751, 40.71613 ], [ -73.71053, 40.71785 ], [ -73.71382, 40.71785 ], [ -73.71507, 40.71606 ], [ -73.71977, 40.71631 ], [ -73.71966, 40.71859 ], [ -73.72239, 40.72087 ], [ -73.72918, 40.71917 ], [ -73.72988, 40.72239 ] ] ] } },
{ "type": "Feature", "properties": { "zipcode": "11004", "total_parcels": 2500, "total_lot_area": 21431278.0, "total_bldg_area": 8645425.0, "total_built_far": 927.91, "avg_far": 0.4, "dominant_landuse": "one_&_two_family", "pct_one_&_two_family": 47.6581, "pct_multi-family_walk-up": 21.3728, "pct_multi-family_elevator": 0.0747, "pct_mixed_residential_&_commercial": 0.6455, "pct_commercial_&_office": 3.2842, "pct_industrial": 0.0, "pct_transportation_&_utility": 0.2513, "pct_public_facilities_&_institutions": 25.7206, "pct_open_space_&_outdoor_recreation": 0.657, "pct_parking_facilities": 0.1164, "pct_vacant_land": 0.2195 }, "geometry": { "type": "Polygon", "coordinates": [ [ [ -73.72273, 40.75435 ], [ -73.72149, 40.75643 ], [ -73.71541, 40.75568 ], [ -73.71277, 40.75191 ], [ -73.70782, 40.75622 ], [ -73.70527, 40.75477 ], [ -73.7101, 40.75059 ], [ -73.70786, 40.74919 ], [ -73.7045, 40.75098 ], [ -73.70092, 40.73873 ], [ -73.71371, 40.73618 ], [ -73.72273, 40.75435 ] ] ] } },
{ "type": "Feature", "properties": { "zipcode": "11235", "total_parcels": 7931, "total_lot_area": 54891771.0, "total_bldg_area": 48909654.0, "total_built_far": 8260.85, "avg_far": 0.89, "dominant_landuse": "one_&_two_family", "pct_one_&_two_family": 25.5906, "pct_multi-family_walk-up": 7.6461, "pct_multi-family_elevator": 9.8955, "pct_mixed_residential_&_commercial": 4.6398, "pct_commercial_&_office": 5.3939, "pct_industrial": 0.4939, "pct_transportation_&_utility": 4.7987, "pct_public_facilities_&_institutions": 11.5284, "pct_open_space_&_outdoor_recreation": 20.3539, "pct_parking_facilities": 0.5917, "pct_vacant_land": 8.2614 }, "geometry": { "type": "Polygon", "coordinates": [ [ [ -73.97464, 40.58311 ], [ -73.96691, 40.58496 ], [ -73.9677, 40.58723 ], [ -73.96414, 40.59163 ], [ -73.94061, 40.59381 ], [ -73.93591, 40.5956 ], [ -73.93018, 40.59435 ], [ -73.93073, 40.58963 ], [ -73.92797, 40.58876 ], [ -73.92537, 40.58469 ], [ -73.90027, 40.5881 ], [ -73.89695, 40.58359 ], [ -73.90874, 40.5816 ], [ -73.92965, 40.58344 ], [ -73.93184, 40.58308 ], [ -73.9325, 40.58116 ], [ -73.93157, 40.57568 ], [ -73.9442, 40.57582 ], [ -73.95897, 40.57344 ], [ -73.95941, 40.57516 ], [ -73.96992, 40.57558 ], [ -73.96838, 40.58167 ], [ -73.97464, 40.58311 ] ] ] } },
{ "type": "Feature", "properties": { "zipcode": "11370", "total_parcels": 4111, "total_lot_area": 32519713.0, "total_bldg_area": 16643155.0, "total_built_far": 3751.76, "avg_far": 0.51, "dominant_landuse": "public_facilities_&_institutions", "pct_one_&_two_family": 19.5853, "pct_multi-family_walk-up": 12.5025, "pct_multi-family_elevator": 0.1208, "pct_mixed_residential_&_commercial": 0.4626, "pct_commercial_&_office": 5.171, "pct_industrial": 0.5858, "pct_transportation_&_utility": 1.3469, "pct_public_facilities_&_institutions": 57.1691, "pct_open_space_&_outdoor_recreation": 2.0754, "pct_parking_facilities": 0.5098, "pct_vacant_land": 0.4304 }, "geometry": { "type": "MultiPolygon", "coordinates": [ [ [ [ -73.89266, 40.79382 ], [ -73.89089, 40.79778 ], [ -73.88789, 40.7984 ], [ -73.87258, 40.79122 ], [ -73.8708, 40.78793 ], [ -73.87281, 40.7859 ], [ -73.87831, 40.78536 ], [ -73.88831, 40.78701 ], [ -73.89218, 40.79039 ], [ -73.89266, 40.79382 ] ] ], [ [ [ -73.90189, 40.76753 ], [ -73.8937, 40.77423 ], [ -73.89656, 40.77625 ], [ -73.89423, 40.77815 ], [ -73.89142, 40.77634 ], [ -73.89017, 40.77785 ], [ -73.88755, 40.76635 ], [ -73.88277, 40.76731 ], [ -73.88241, 40.76536 ], [ -73.88427, 40.76517 ], [ -73.88219, 40.75631 ], [ -73.89652, 40.75439 ], [ -73.89772, 40.76098 ], [ -73.89432, 40.76615 ], [ -73.90189, 40.76753 ] ] ] ] } },
{ "type": "Feature", "properties": { "zipcode": "11364", "total_parcels": 6048, "total_lot_area": 56886144.0, "total_bldg_area": 20002405.0, "total_built_far": 2957.1, "avg_far": 0.35, "dominant_landuse": "one_&_two_family", "pct_one_&_two_family": 39.9156, "pct_multi-family_walk-up": 14.4783, "pct_multi-family_elevator": 3.8802, "pct_mixed_residential_&_commercial": 0.3602, "pct_commercial_&_office": 1.5778, "pct_industrial": 0.0029, "pct_transportation_&_utility": 0.1261, "pct_public_facilities_&_institutions": 4.914, "pct_open_space_&_outdoor_recreation": 34.5408, "pct_parking_facilities": 0.0347, "pct_vacant_land": 0.1623 }, "geometry": { "type": "Polygon", "coordinates": [ [ [ -73.77981, 40.75189 ], [ -73.7523, 40.75946 ], [ -73.7481, 40.7559 ], [ -73.74681, 40.75203 ], [ -73.74277, 40.75162 ], [ -73.7327, 40.74385 ], [ -73.74674, 40.73258 ], [ -73.74654, 40.73578 ], [ -73.7637, 40.73286 ], [ -73.76504, 40.73448 ], [ -73.76249, 40.73673 ], [ -73.76557, 40.74326 ], [ -73.76776, 40.74583 ], [ -73.77576, 40.74337 ], [ -73.77981, 40.75189 ] ] ] } },
{ "type": "Feature", "properties": { "zipcode": "11365", "total_parcels": 6399, "total_lot_area": 51009618.0, "total_bldg_area": 22501612.0, "total_built_far": 3639.25, "avg_far": 0.44, "dominant_landuse": "one_&_two_family", "pct_one_&_two_family": 40.3947, "pct_multi-family_walk-up": 15.8275, "pct_multi-family_elevator": 11.4398, "pct_mixed_residential_&_commercial": 0.8467, "pct_commercial_&_office": 3.1241, "pct_industrial": 0.075, "pct_transportation_&_utility": 0.7424, "pct_public_facilities_&_institutions": 3.6729, "pct_open_space_&_outdoor_recreation": 22.8555, "pct_parking_facilities": 0.1889, "pct_vacant_land": 0.8232 }, "geometry": { "type": "Polygon", "coordinates": [ [ [ -73.81431, 40.74297 ], [ -73.81416, 40.74614 ], [ -73.80751, 40.75014 ], [ -73.7985, 40.74876 ], [ -73.79605, 40.75005 ], [ -73.7923, 40.74837 ], [ -73.77981, 40.75189 ], [ -73.77286, 40.73628 ], [ -73.77584, 40.73649 ], [ -73.80041, 40.72837 ], [ -73.81089, 40.72717 ], [ -73.81295, 40.73621 ], [ -73.8105, 40.7367 ], [ -73.81095, 40.73835 ], [ -73.80632, 40.73849 ], [ -73.81084, 40.73922 ], [ -73.81063, 40.74237 ], [ -73.81431, 40.74297 ] ] ] } },
{ "type": "Feature", "properties": { "zipcode": "11226", "total_parcels": 5313, "total_lot_area": 43596239.0, "total_bldg_area": 52455290.0, "total_built_far": 8689.14, "avg_far": 1.2, "dominant_landuse": "open_space_&_outdoor_recreation", "pct_one_&_two_family": 16.1077, "pct_multi-family_walk-up": 10.3346, "pct_multi-family_elevator": 12.5841, "pct_mixed_residential_&_commercial": 7.3007, "pct_commercial_&_office": 2.984, "pct_industrial": 0.3398, "pct_transportation_&_utility": 1.0555, "pct_public_facilities_&_institutions": 4.4169, "pct_open_space_&_outdoor_recreation": 43.2422, "pct_parking_facilities": 0.8499, "pct_vacant_land": 0.4726 }, "geometry": { "type": "Polygon", "coordinates": [ [ [ -73.96538, 40.63628 ], [ -73.96703, 40.64995 ], [ -73.96465, 40.65089 ], [ -73.96621, 40.65319 ], [ -73.96169, 40.65495 ], [ -73.96167, 40.65654 ], [ -73.96021, 40.65551 ], [ -73.94726, 40.65644 ], [ -73.94552, 40.64017 ], [ -73.95453, 40.63864 ], [ -73.9631, 40.63406 ], [ -73.964, 40.63648 ], [ -73.96538, 40.63628 ] ] ] } },
{ "type": "Feature", "properties": { "zipcode": "11366", "total_parcels": 3655, "total_lot_area": 19870490.0, "total_bldg_area": 13096947.0, "total_built_far": 1945.47, "avg_far": 0.66, "dominant_landuse": "one_&_two_family", "pct_one_&_two_family": 59.8837, "pct_multi-family_walk-up": 7.8393, "pct_multi-family_elevator": 0.1427, "pct_mixed_residential_&_commercial": 1.5872, "pct_commercial_&_office": 3.6974, "pct_industrial": 0.0, "pct_transportation_&_utility": 0.5379, "pct_public_facilities_&_institutions": 24.241, "pct_open_space_&_outdoor_recreation": 1.5601, "pct_parking_facilities": 0.1246, "pct_vacant_land": 0.2313 }, "geometry": { "type": "Polygon", "coordinates": [ [ [ -73.81089, 40.72717 ], [ -73.80041, 40.72837 ], [ -73.77584, 40.73649 ], [ -73.77286, 40.73628 ], [ -73.77576, 40.74337 ], [ -73.76776, 40.74583 ], [ -73.76249, 40.73673 ], [ -73.76504, 40.73448 ], [ -73.7637, 40.73286 ], [ -73.76555, 40.73254 ], [ -73.75677, 40.72638 ], [ -73.76924, 40.7259 ], [ -73.77738, 40.72244 ], [ -73.77804, 40.72328 ], [ -73.77523, 40.72524 ], [ -73.77757, 40.73019 ], [ -73.80904, 40.71991 ], [ -73.81089, 40.72717 ] ] ] } },
{ "type": "Feature", "properties": { "zipcode": "11021", "total_parcels": 8, "total_lot_area": 27640.0, "total_bldg_area": 12658.0, "total_built_far": 3.91, "avg_far": 0.46, "dominant_landuse": "one_&_two_family", "pct_one_&_two_family": 100.0, "pct_multi-family_walk-up": 0.0, "pct_multi-family_elevator": 0.0, "pct_mixed_residential_&_commercial": 0.0, "pct_commercial_&_office": 0.0, "pct_industrial": 0.0, "pct_transportation_&_utility": 0.0, "pct_public_facilities_&_institutions": 0.0, "pct_open_space_&_outdoor_recreation": 0.0, "pct_parking_facilities": 0.0, "pct_vacant_land": 0.0 }, "geometry": { "type": "MultiPolygon", "coordinates": [ [ [ [ -73.70744, 40.78241 ], [ -73.70411, 40.78282 ], [ -73.70333, 40.7804 ], [ -73.70727, 40.78107 ], [ -73.70744, 40.78241 ] ] ], [ [ [ -73.71997, 40.79753 ], [ -73.7185, 40.79914 ], [ -73.71392, 40.79923 ], [ -73.71283, 40.79515 ], [ -73.71946, 40.79437 ], [ -73.71997, 40.79753 ] ] ], [ [ [ -73.74966, 40.78211 ], [ -73.74798, 40.7877 ], [ -73.74306, 40.79073 ], [ -73.74532, 40.79462 ], [ -73.74219, 40.79547 ], [ -73.73921, 40.79368 ], [ -73.7381, 40.79438 ], [ -73.73962, 40.79655 ], [ -73.73482, 40.79777 ], [ -73.73298, 40.79653 ], [ -73.733, 40.79434 ], [ -73.73034, 40.79377 ], [ -73.72461, 40.79536 ], [ -73.72188, 40.7948 ], [ -73.72205, 40.79342 ], [ -73.71236, 40.7938 ], [ -73.70645, 40.78687 ], [ -73.70797, 40.78603 ], [ -73.70611, 40.78567 ], [ -73.70551, 40.78742 ], [ -73.70435, 40.78361 ], [ -73.70736, 40.78326 ], [ -73.70813, 40.78531 ], [ -73.7111, 40.78468 ], [ -73.71594, 40.78229 ], [ -73.71458, 40.78046 ], [ -73.71682, 40.7819 ], [ -73.73396, 40.77245 ], [ -73.74966, 40.78211 ] ] ] ] } },
{ "type": "Feature", "properties": { "zipcode": "11228", "total_parcels": 7865, "total_lot_area": 32311734.0, "total_bldg_area": 19944179.0, "total_built_far": 7526.73, "avg_far": 0.62, "dominant_landuse": "one_&_two_family", "pct_one_&_two_family": 43.7291, "pct_multi-family_walk-up": 12.3386, "pct_multi-family_elevator": 0.0972, "pct_mixed_residential_&_commercial": 3.123, "pct_commercial_&_office": 1.2669, "pct_industrial": 0.0311, "pct_transportation_&_utility": 0.0909, "pct_public_facilities_&_institutions": 5.8695, "pct_open_space_&_outdoor_recreation": 32.9976, "pct_parking_facilities": 0.24, "pct_vacant_land": 0.2161 }, "geometry": { "type": "Polygon", "coordinates": [ [ [ -74.02868, 40.61384 ], [ -74.01888, 40.6243 ], [ -74.01605, 40.63103 ], [ -73.99787, 40.61915 ], [ -74.01478, 40.60201 ], [ -74.01945, 40.60283 ], [ -74.0155, 40.60684 ], [ -74.02003, 40.60713 ], [ -74.02478, 40.60968 ], [ -74.02279, 40.6146 ], [ -74.02453, 40.61545 ], [ -74.02372, 40.61694 ], [ -74.02701, 40.61269 ], [ -74.02868, 40.61384 ] ] ] } },
{ "type": "Feature", "properties": { "zipcode": "11367", "total_parcels": 4774, "total_lot_area": 39490128.0, "total_bldg_area": 21705413.0, "total_built_far": 3673.24, "avg_far": 0.55, "dominant_landuse": "one_&_two_family", "pct_one_&_two_family": 27.5814, "pct_multi-family_walk-up": 21.8408, "pct_multi-family_elevator": 2.8881, "pct_mixed_residential_&_commercial": 0.9476, "pct_commercial_&_office": 2.5561, "pct_industrial": 0.0, "pct_transportation_&_utility": 3.588, "pct_public_facilities_&_institutions": 13.5401, "pct_open_space_&_outdoor_recreation": 26.4378, "pct_parking_facilities": 0.3114, "pct_vacant_land": 0.3056 }, "geometry": { "type": "Polygon", "coordinates": [ [ [ -73.83769, 40.74323 ], [ -73.8246, 40.74271 ], [ -73.8151, 40.73923 ], [ -73.80632, 40.73849 ], [ -73.81095, 40.73835 ], [ -73.8105, 40.7367 ], [ -73.81299, 40.73602 ], [ -73.80861, 40.71842 ], [ -73.81177, 40.71762 ], [ -73.81212, 40.71906 ], [ -73.81822, 40.71639 ], [ -73.82648, 40.7162 ], [ -73.82658, 40.72095 ], [ -73.83225, 40.72669 ], [ -73.83619, 40.73421 ], [ -73.83769, 40.74323 ] ] ] } },
{ "type": "Feature", "properties": { "zipcode": "11369", "total_parcels": 5368, "total_lot_area": 18375331.0, "total_bldg_area": 14928233.0, "total_built_far": 4043.91, "avg_far": 0.81, "dominant_landuse": "one_&_two_family", "pct_one_&_two_family": 61.6221, "pct_multi-family_walk-up": 10.6006, "pct_multi-family_elevator": 2.5785, "pct_mixed_residential_&_commercial": 2.2491, "pct_commercial_&_office": 6.938, "pct_industrial": 0.4894, "pct_transportation_&_utility": 0.7113, "pct_public_facilities_&_institutions": 7.0511, "pct_open_space_&_outdoor_recreation": 0.8727, "pct_parking_facilities": 5.5945, "pct_vacant_land": 1.1957 }, "geometry": { "type": "Polygon", "coordinates": [ [ [ -73.88773, 40.76691 ], [ -73.8767, 40.7715 ], [ -73.87129, 40.77164 ], [ -73.86598, 40.76886 ], [ -73.85464, 40.75847 ], [ -73.87793, 40.75634 ], [ -73.87832, 40.75846 ], [ -73.87886, 40.75624 ], [ -73.88183, 40.75593 ], [ -73.88427, 40.76517 ], [ -73.88241, 40.76536 ], [ -73.88277, 40.76731 ], [ -73.88773, 40.76691 ] ] ] } },
{ "type": "Feature", "properties": { "zipcode": "11040", "total_parcels": 593, "total_lot_area": 3395550.0, "total_bldg_area": 1589074.0, "total_built_far": 212.98, "avg_far": 0.47, "dominant_landuse": "one_&_two_family", "pct_one_&_two_family": 73.1118, "pct_multi-family_walk-up": 15.928, "pct_multi-family_elevator": 0.0, "pct_mixed_residential_&_commercial": 1.2361, "pct_commercial_&_office": 4.055, "pct_industrial": 0.0, "pct_transportation_&_utility": 0.3902, "pct_public_facilities_&_institutions": 4.3229, "pct_open_space_&_outdoor_recreation": 0.0, "pct_parking_facilities": 0.6545, "pct_vacant_land": 0.3014 }, "geometry": { "type": "Polygon", "coordinates": [ [ [ -73.70941, 40.75108 ], [ -73.70527, 40.75477 ], [ -73.70163, 40.75249 ], [ -73.68778, 40.75479 ], [ -73.69141, 40.76832 ], [ -73.68643, 40.77125 ], [ -73.68672, 40.76535 ], [ -73.68494, 40.76296 ], [ -73.66974, 40.76314 ], [ -73.66532, 40.75998 ], [ -73.66039, 40.76061 ], [ -73.65741, 40.75057 ], [ -73.65749, 40.74429 ], [ -73.6513, 40.73713 ], [ -73.67996, 40.73098 ], [ -73.67907, 40.72919 ], [ -73.68155, 40.72516 ], [ -73.69235, 40.72373 ], [ -73.69399, 40.73078 ], [ -73.70098, 40.7389 ], [ -73.7045, 40.75098 ], [ -73.70786, 40.74919 ], [ -73.70941, 40.75108 ] ] ] } },
{ "type": "Feature", "properties": { "zipcode": "11230", "total_parcels": 7956, "total_lot_area": 32980439.0, "total_bldg_area": 44207729.0, "total_built_far": 8526.71, "avg_far": 1.34, "dominant_landuse": "one_&_two_family", "pct_one_&_two_family": 52.6249, "pct_multi-family_walk-up": 10.578, "pct_multi-family_elevator": 11.4692, "pct_mixed_residential_&_commercial": 6.595, "pct_commercial_&_office": 2.9647, "pct_industrial": 1.1017, "pct_transportation_&_utility": 3.9358, "pct_public_facilities_&_institutions": 5.1258, "pct_open_space_&_outdoor_recreation": 4.0142, "pct_parking_facilities": 0.6832, "pct_vacant_land": 0.8062 }, "geometry": { "type": "Polygon", "coordinates": [ [ [ -73.9794, 40.62917 ], [ -73.96451, 40.63669 ], [ -73.9631, 40.63406 ], [ -73.9584, 40.63633 ], [ -73.95717, 40.6354 ], [ -73.9531, 40.61142 ], [ -73.97299, 40.60881 ], [ -73.97445, 40.61087 ], [ -73.9753, 40.62091 ], [ -73.97703, 40.62153 ], [ -73.97658, 40.62757 ], [ -73.9794, 40.62917 ] ] ] } },
{ "type": "Feature", "properties": { "zipcode": "11372", "total_parcels": 2734, "total_lot_area": 13870648.0, "total_bldg_area": 28267061.0, "total_built_far": 3816.22, "avg_far": 2.04, "dominant_landuse": "multi-family_elevator", "pct_one_&_two_family": 22.5612, "pct_multi-family_walk-up": 17.5821, "pct_multi-family_elevator": 29.2273, "pct_mixed_residential_&_commercial": 9.4756, "pct_commercial_&_office": 12.5765, "pct_industrial": 0.0335, "pct_transportation_&_utility": 0.5103, "pct_public_facilities_&_institutions": 5.9992, "pct_open_space_&_outdoor_recreation": 1.1046, "pct_parking_facilities": 0.6996, "pct_vacant_land": 0.2301 }, "geometry": { "type": "Polygon", "coordinates": [ [ [ -73.89731, 40.75046 ], [ -73.8958, 40.75062 ], [ -73.89652, 40.75439 ], [ -73.87886, 40.75624 ], [ -73.87832, 40.75846 ], [ -73.87793, 40.75634 ], [ -73.87229, 40.75735 ], [ -73.86974, 40.74913 ], [ -73.89037, 40.74623 ], [ -73.89445, 40.74654 ], [ -73.89731, 40.75046 ] ] ] } },
{ "type": "Feature", "properties": { "zipcode": "11373", "total_parcels": 7215, "total_lot_area": 27683644.0, "total_bldg_area": 42770179.0, "total_built_far": 8586.24, "avg_far": 1.54, "dominant_landuse": "one_&_two_family", "pct_one_&_two_family": 28.9759, "pct_multi-family_walk-up": 24.8666, "pct_multi-family_elevator": 9.8535, "pct_mixed_residential_&_commercial": 7.9583, "pct_commercial_&_office": 7.9199, "pct_industrial": 1.8904, "pct_transportation_&_utility": 5.9116, "pct_public_facilities_&_institutions": 6.9051, "pct_open_space_&_outdoor_recreation": 3.0586, "pct_parking_facilities": 1.3181, "pct_vacant_land": 1.1733 }, "geometry": { "type": "Polygon", "coordinates": [ [ [ -73.89183, 40.74655 ], [ -73.86958, 40.74862 ], [ -73.86458, 40.73419 ], [ -73.86904, 40.73285 ], [ -73.87143, 40.72925 ], [ -73.87524, 40.73072 ], [ -73.8872, 40.72787 ], [ -73.88852, 40.73453 ], [ -73.89138, 40.73592 ], [ -73.8888, 40.73653 ], [ -73.89175, 40.74214 ], [ -73.8907, 40.74226 ], [ -73.89183, 40.74655 ] ] ] } },
{ "type": "Feature", "properties": { "zipcode": "11374", "total_parcels": 3293, "total_lot_area": 17275607.0, "total_bldg_area": 27731913.0, "total_built_far": 3009.77, "avg_far": 1.61, "dominant_landuse": "one_&_two_family", "pct_one_&_two_family": 40.3919, "pct_multi-family_walk-up": 4.7141, "pct_multi-family_elevator": 18.1446, "pct_mixed_residential_&_commercial": 12.3582, "pct_commercial_&_office": 7.2477, "pct_industrial": 0.0265, "pct_transportation_&_utility": 9.5233, "pct_public_facilities_&_institutions": 4.9295, "pct_open_space_&_outdoor_recreation": 1.0148, "pct_parking_facilities": 1.0575, "pct_vacant_land": 0.5639 }, "geometry": { "type": "Polygon", "coordinates": [ [ [ -73.87359, 40.72819 ], [ -73.86904, 40.73285 ], [ -73.85418, 40.73695 ], [ -73.85615, 40.73565 ], [ -73.8547, 40.73283 ], [ -73.85216, 40.73295 ], [ -73.85326, 40.73109 ], [ -73.85114, 40.73095 ], [ -73.85288, 40.73043 ], [ -73.85178, 40.7277 ], [ -73.85852, 40.72153 ], [ -73.85755, 40.71076 ], [ -73.85962, 40.71035 ], [ -73.85976, 40.71184 ], [ -73.86208, 40.7122 ], [ -73.85963, 40.7136 ], [ -73.86004, 40.71493 ], [ -73.87142, 40.72547 ], [ -73.87113, 40.72837 ], [ -73.87359, 40.72819 ] ] ] } },
{ "type": "Feature", "properties": { "zipcode": "11378", "total_parcels": 8208, "total_lot_area": 50304728.0, "total_bldg_area": 29787587.0, "total_built_far": 6372.05, "avg_far": 0.59, "dominant_landuse": "industrial", "pct_one_&_two_family": 27.5965, "pct_multi-family_walk-up": 5.2049, "pct_multi-family_elevator": 0.3995, "pct_mixed_residential_&_commercial": 1.7981, "pct_commercial_&_office": 2.5289, "pct_industrial": 30.3803, "pct_transportation_&_utility": 3.484, "pct_public_facilities_&_institutions": 1.4637, "pct_open_space_&_outdoor_recreation": 16.8049, "pct_parking_facilities": 5.6973, "pct_vacant_land": 2.7397 }, "geometry": { "type": "Polygon", "coordinates": [ [ [ -73.93742, 40.73376 ], [ -73.93161, 40.73683 ], [ -73.92672, 40.73591 ], [ -73.91904, 40.73202 ], [ -73.90568, 40.72855 ], [ -73.901, 40.73401 ], [ -73.88857, 40.73459 ], [ -73.8872, 40.72861 ], [ -73.88817, 40.72617 ], [ -73.8862, 40.72216 ], [ -73.89275, 40.71915 ], [ -73.89427, 40.72314 ], [ -73.89903, 40.72384 ], [ -73.89982, 40.72124 ], [ -73.8974, 40.72155 ], [ -73.89737, 40.72048 ], [ -73.90063, 40.71976 ], [ -73.90034, 40.71802 ], [ -73.89835, 40.7192 ], [ -73.89727, 40.71815 ], [ -73.89902, 40.71738 ], [ -73.8975, 40.71638 ], [ -73.90477, 40.71287 ], [ -73.92404, 40.71401 ], [ -73.92271, 40.71648 ], [ -73.92906, 40.72769 ], [ -73.92751, 40.72912 ], [ -73.93164, 40.72922 ], [ -73.93742, 40.73376 ] ] ] } },
{ "type": "Feature", "properties": { "zipcode": "11434", "total_parcels": 10874, "total_lot_area": 64062044.0, "total_bldg_area": 32419693.0, "total_built_far": 5434.15, "avg_far": 0.51, "dominant_landuse": "one_&_two_family", "pct_one_&_two_family": 49.8947, "pct_multi-family_walk-up": 0.8079, "pct_multi-family_elevator": 8.6908, "pct_mixed_residential_&_commercial": 0.9707, "pct_commercial_&_office": 4.6682, "pct_industrial": 4.2336, "pct_transportation_&_utility": 4.1895, "pct_public_facilities_&_institutions": 8.4504, "pct_open_space_&_outdoor_recreation": 13.6982, "pct_parking_facilities": 2.3291, "pct_vacant_land": 1.4454 }, "geometry": { "type": "Polygon", "coordinates": [ [ [ -73.80196, 40.6659 ], [ -73.78941, 40.66684 ], [ -73.78808, 40.67301 ], [ -73.79082, 40.67415 ], [ -73.78943, 40.67452 ], [ -73.79277, 40.67994 ], [ -73.7937, 40.68681 ], [ -73.78078, 40.69103 ], [ -73.78169, 40.69232 ], [ -73.77784, 40.69432 ], [ -73.77731, 40.69225 ], [ -73.76929, 40.69665 ], [ -73.76521, 40.69279 ], [ -73.7662, 40.69218 ], [ -73.76305, 40.68594 ], [ -73.75805, 40.67922 ], [ -73.75983, 40.67897 ], [ -73.75806, 40.67558 ], [ -73.76203, 40.67395 ], [ -73.76368, 40.67475 ], [ -73.76405, 40.67285 ], [ -73.76225, 40.67194 ], [ -73.76364, 40.66717 ], [ -73.76713, 40.6667 ], [ -73.76353, 40.66629 ], [ -73.7655, 40.66166 ], [ -73.76819, 40.66174 ], [ -73.76622, 40.66107 ], [ -73.76796, 40.66035 ], [ -73.76582, 40.6563 ], [ -73.78079, 40.66233 ], [ -73.80196, 40.6659 ] ] ] } },
{ "type": "Feature", "properties": { "zipcode": "11379", "total_parcels": 8729, "total_lot_area": 46188530.0, "total_bldg_area": 19833719.0, "total_built_far": 6908.17, "avg_far": 0.43, "dominant_landuse": "open_space_&_outdoor_recreation", "pct_one_&_two_family": 36.4977, "pct_multi-family_walk-up": 5.8287, "pct_multi-family_elevator": 0.91, "pct_mixed_residential_&_commercial": 1.2954, "pct_commercial_&_office": 3.4185, "pct_industrial": 0.8245, "pct_transportation_&_utility": 5.0406, "pct_public_facilities_&_institutions": 1.4852, "pct_open_space_&_outdoor_recreation": 43.7799, "pct_parking_facilities": 0.3509, "pct_vacant_land": 0.4751 }, "geometry": { "type": "Polygon", "coordinates": [ [ [ -73.90205, 40.7142 ], [ -73.8975, 40.71638 ], [ -73.89902, 40.71738 ], [ -73.89727, 40.71815 ], [ -73.89835, 40.7192 ], [ -73.90034, 40.71802 ], [ -73.90063, 40.71976 ], [ -73.89737, 40.72048 ], [ -73.8974, 40.72155 ], [ -73.89982, 40.72124 ], [ -73.90011, 40.7233 ], [ -73.89582, 40.7239 ], [ -73.89275, 40.71915 ], [ -73.89116, 40.71946 ], [ -73.8862, 40.72216 ], [ -73.88817, 40.72617 ], [ -73.8872, 40.72787 ], [ -73.87524, 40.73072 ], [ -73.87143, 40.72925 ], [ -73.87359, 40.72819 ], [ -73.87113, 40.72837 ], [ -73.87142, 40.72547 ], [ -73.85963, 40.7136 ], [ -73.87492, 40.70682 ], [ -73.88383, 40.70638 ], [ -73.90205, 40.7142 ] ] ] } },
{ "type": "Feature", "properties": { "zipcode": "11385", "total_parcels": 14679, "total_lot_area": 95068306.0, "total_bldg_area": 52213338.0, "total_built_far": 17057.6, "avg_far": 0.55, "dominant_landuse": "open_space_&_outdoor_recreation", "pct_one_&_two_family": 19.9266, "pct_multi-family_walk-up": 11.0901, "pct_multi-family_elevator": 0.3646, "pct_mixed_residential_&_commercial": 3.5152, "pct_commercial_&_office": 2.9501, "pct_industrial": 6.631, "pct_transportation_&_utility": 5.5329, "pct_public_facilities_&_institutions": 2.3355, "pct_open_space_&_outdoor_recreation": 46.1629, "pct_parking_facilities": 0.8903, "pct_vacant_land": 0.3989 }, "geometry": { "type": "Polygon", "coordinates": [ [ [ -73.92404, 40.71401 ], [ -73.90285, 40.71379 ], [ -73.88383, 40.70638 ], [ -73.87492, 40.70682 ], [ -73.86208, 40.7122 ], [ -73.85976, 40.71184 ], [ -73.85962, 40.71035 ], [ -73.8573, 40.71146 ], [ -73.85668, 40.70769 ], [ -73.85215, 40.70225 ], [ -73.85529, 40.7026 ], [ -73.85703, 40.70117 ], [ -73.85858, 40.70124 ], [ -73.85815, 40.7029 ], [ -73.86916, 40.70289 ], [ -73.8708, 40.69788 ], [ -73.86892, 40.69515 ], [ -73.87402, 40.69419 ], [ -73.88961, 40.68421 ], [ -73.89252, 40.68342 ], [ -73.8942, 40.68531 ], [ -73.89652, 40.6824 ], [ -73.90116, 40.68788 ], [ -73.90124, 40.69144 ], [ -73.9058, 40.69413 ], [ -73.90426, 40.6957 ], [ -73.91181, 40.69994 ], [ -73.91068, 40.70105 ], [ -73.9129, 40.70236 ], [ -73.91181, 40.70343 ], [ -73.92189, 40.7094 ], [ -73.92074, 40.71053 ], [ -73.92404, 40.71401 ] ] ] } },
{ "type": "Feature", "properties": { "zipcode": "11435", "total_parcels": 6208, "total_lot_area": 28080932.0, "total_bldg_area": 28681899.0, "total_built_far": 4977.74, "avg_far": 1.02, "dominant_landuse": "one_&_two_family", "pct_one_&_two_family": 46.016, "pct_multi-family_walk-up": 13.3849, "pct_multi-family_elevator": 9.0132, "pct_mixed_residential_&_commercial": 4.7602, "pct_commercial_&_office": 5.0657, "pct_industrial": 3.1129, "pct_transportation_&_utility": 3.8819, "pct_public_facilities_&_institutions": 7.3264, "pct_open_space_&_outdoor_recreation": 3.549, "pct_parking_facilities": 1.8644, "pct_vacant_land": 1.4126 }, "geometry": { "type": "Polygon", "coordinates": [ [ [ -73.82569, 40.71607 ], [ -73.81822, 40.71639 ], [ -73.81212, 40.71906 ], [ -73.81141, 40.71653 ], [ -73.80784, 40.716 ], [ -73.81022, 40.71571 ], [ -73.80951, 40.71214 ], [ -73.80353, 40.70028 ], [ -73.8021, 40.70064 ], [ -73.8012, 40.69534 ], [ -73.79346, 40.68648 ], [ -73.80589, 40.6829 ], [ -73.81946, 40.7084 ], [ -73.82569, 40.71607 ] ] ] } },
{ "type": "Feature", "properties": { "zipcode": "11436", "total_parcels": 4470, "total_lot_area": 14628095.0, "total_bldg_area": 8494457.0, "total_built_far": 2292.63, "avg_far": 0.58, "dominant_landuse": "one_&_two_family", "pct_one_&_two_family": 81.4292, "pct_multi-family_walk-up": 0.7602, "pct_multi-family_elevator": 2.0308, "pct_mixed_residential_&_commercial": 1.0801, "pct_commercial_&_office": 3.4062, "pct_industrial": 0.4129, "pct_transportation_&_utility": 1.619, "pct_public_facilities_&_institutions": 4.0689, "pct_open_space_&_outdoor_recreation": 2.7078, "pct_parking_facilities": 0.5869, "pct_vacant_land": 1.8237 }, "geometry": { "type": "Polygon", "coordinates": [ [ [ -73.8057, 40.68295 ], [ -73.79391, 40.6863 ], [ -73.79139, 40.67629 ], [ -73.78943, 40.67452 ], [ -73.79082, 40.67415 ], [ -73.78808, 40.67301 ], [ -73.78941, 40.66684 ], [ -73.80166, 40.66676 ], [ -73.80144, 40.67334 ], [ -73.8057, 40.68295 ] ] ] } },
{ "type": "Feature", "properties": { "zipcode": "11411", "total_parcels": 5370, "total_lot_area": 20893935.0, "total_bldg_area": 8093760.0, "total_built_far": 2201.98, "avg_far": 0.39, "dominant_landuse": "one_&_two_family", "pct_one_&_two_family": 90.0578, "pct_multi-family_walk-up": 0.802, "pct_multi-family_elevator": 0.0, "pct_mixed_residential_&_commercial": 0.2972, "pct_commercial_&_office": 2.3789, "pct_industrial": 0.0, "pct_transportation_&_utility": 0.5905, "pct_public_facilities_&_institutions": 4.571, "pct_open_space_&_outdoor_recreation": 1.0092, "pct_parking_facilities": 0.1097, "pct_vacant_land": 0.1646 }, "geometry": { "type": "Polygon", "coordinates": [ [ [ -73.74895, 40.7015 ], [ -73.74331, 40.70296 ], [ -73.74114, 40.70181 ], [ -73.72772, 40.70192 ], [ -73.72586, 40.68322 ], [ -73.74745, 40.68935 ], [ -73.7456, 40.69296 ], [ -73.74895, 40.7015 ] ] ] } },
{ "type": "Feature", "properties": { "zipcode": "11412", "total_parcels": 8782, "total_lot_area": 32380230.0, "total_bldg_area": 15742242.0, "total_built_far": 4498.79, "avg_far": 0.49, "dominant_landuse": "one_&_two_family", "pct_one_&_two_family": 84.5032, "pct_multi-family_walk-up": 1.7942, "pct_multi-family_elevator": 0.0672, "pct_mixed_residential_&_commercial": 2.1305, "pct_commercial_&_office": 1.6216, "pct_industrial": 1.9618, "pct_transportation_&_utility": 2.2264, "pct_public_facilities_&_institutions": 4.3061, "pct_open_space_&_outdoor_recreation": 0.3125, "pct_parking_facilities": 0.3459, "pct_vacant_land": 0.7044 }, "geometry": { "type": "Polygon", "coordinates": [ [ [ -73.77563, 40.70535 ], [ -73.75246, 40.71032 ], [ -73.74603, 40.69576 ], [ -73.74603, 40.69156 ], [ -73.7495, 40.68814 ], [ -73.76073, 40.6851 ], [ -73.76061, 40.68277 ], [ -73.7662, 40.69218 ], [ -73.76521, 40.69279 ], [ -73.77212, 40.6987 ], [ -73.77563, 40.70535 ] ] ] } },
{ "type": "Feature", "properties": { "zipcode": "11414", "total_parcels": 5985, "total_lot_area": 52436118.0, "total_bldg_area": 15992072.0, "total_built_far": 2951.97, "avg_far": 0.3, "dominant_landuse": "open_space_&_outdoor_recreation", "pct_one_&_two_family": 37.3485, "pct_multi-family_walk-up": 6.3375, "pct_multi-family_elevator": 2.6778, "pct_mixed_residential_&_commercial": 0.5956, "pct_commercial_&_office": 2.6857, "pct_industrial": 0.0108, "pct_transportation_&_utility": 2.4956, "pct_public_facilities_&_institutions": 1.4954, "pct_open_space_&_outdoor_recreation": 39.0424, "pct_parking_facilities": 0.6468, "pct_vacant_land": 6.5376 }, "geometry": { "type": "Polygon", "coordinates": [ [ [ -73.86317, 40.65828 ], [ -73.85761, 40.66012 ], [ -73.85843, 40.66345 ], [ -73.85568, 40.66387 ], [ -73.85763, 40.67166 ], [ -73.86039, 40.67127 ], [ -73.86132, 40.67502 ], [ -73.83331, 40.66676 ], [ -73.82641, 40.64826 ], [ -73.83218, 40.65336 ], [ -73.83108, 40.64853 ], [ -73.83681, 40.64925 ], [ -73.83592, 40.6455 ], [ -73.84922, 40.64433 ], [ -73.8527, 40.64692 ], [ -73.84942, 40.65141 ], [ -73.85592, 40.65128 ], [ -73.86317, 40.65828 ] ] ] } },
{ "type": "Feature", "properties": { "zipcode": "11415", "total_parcels": 1308, "total_lot_area": 10365256.0, "total_bldg_area": 11795363.0, "total_built_far": 1224.55, "avg_far": 1.14, "dominant_landuse": "one_&_two_family", "pct_one_&_two_family": 32.4769, "pct_multi-family_walk-up": 9.1133, "pct_multi-family_elevator": 14.4759, "pct_mixed_residential_&_commercial": 4.7845, "pct_commercial_&_office": 6.3988, "pct_industrial": 0.433, "pct_transportation_&_utility": 5.8329, "pct_public_facilities_&_institutions": 5.7034, "pct_open_space_&_outdoor_recreation": 19.7225, "pct_parking_facilities": 0.3359, "pct_vacant_land": 0.723 }, "geometry": { "type": "Polygon", "coordinates": [ [ [ -73.83598, 40.71171 ], [ -73.8313, 40.71419 ], [ -73.8257, 40.71606 ], [ -73.81831, 40.70616 ], [ -73.82226, 40.70546 ], [ -73.82154, 40.70373 ], [ -73.83234, 40.70076 ], [ -73.83524, 40.70499 ], [ -73.83405, 40.71003 ], [ -73.83598, 40.71171 ] ], [ [ -73.83008, 40.71391 ], [ -73.82712, 40.71271 ], [ -73.82632, 40.71373 ], [ -73.82721, 40.71507 ], [ -73.83008, 40.71391 ] ] ] } },
{ "type": "Feature", "properties": { "zipcode": "11416", "total_parcels": 3845, "total_lot_area": 12216444.0, "total_bldg_area": 9186907.0, "total_built_far": 3211.73, "avg_far": 0.75, "dominant_landuse": "one_&_two_family", "pct_one_&_two_family": 55.9445, "pct_multi-family_walk-up": 11.594, "pct_multi-family_elevator": 0.0, "pct_mixed_residential_&_commercial": 5.2631, "pct_commercial_&_office": 7.1269, "pct_industrial": 4.2775, "pct_transportation_&_utility": 6.626, "pct_public_facilities_&_institutions": 5.5269, "pct_open_space_&_outdoor_recreation": 1.2118, "pct_parking_facilities": 1.7452, "pct_vacant_land": 0.5848 }, "geometry": { "type": "Polygon", "coordinates": [ [ [ -73.86629, 40.68319 ], [ -73.83751, 40.6913 ], [ -73.83479, 40.68558 ], [ -73.85721, 40.67949 ], [ -73.86328, 40.67907 ], [ -73.8641, 40.68237 ], [ -73.86603, 40.68192 ], [ -73.86629, 40.68319 ] ] ] } },
{ "type": "Feature", "properties": { "zipcode": "11417", "total_parcels": 5907, "total_lot_area": 20909472.0, "total_bldg_area": 12464529.0, "total_built_far": 4026.84, "avg_far": 0.6, "dominant_landuse": "one_&_two_family", "pct_one_&_two_family": 59.8615, "pct_multi-family_walk-up": 7.4004, "pct_multi-family_elevator": 0.0, "pct_mixed_residential_&_commercial": 2.6417, "pct_commercial_&_office": 3.6651, "pct_industrial": 1.9553, "pct_transportation_&_utility": 5.7884, "pct_public_facilities_&_institutions": 5.1423, "pct_open_space_&_outdoor_recreation": 10.2838, "pct_parking_facilities": 1.315, "pct_vacant_land": 1.8217 }, "geometry": { "type": "Polygon", "coordinates": [ [ [ -73.86132, 40.67502 ], [ -73.86235, 40.67916 ], [ -73.85268, 40.68008 ], [ -73.83444, 40.68568 ], [ -73.83094, 40.67812 ], [ -73.83208, 40.67526 ], [ -73.83698, 40.67468 ], [ -73.83331, 40.66676 ], [ -73.86132, 40.67502 ] ] ] } },
{ "type": "Feature", "properties": { "zipcode": "11418", "total_parcels": 5233, "total_lot_area": 23023291.0, "total_bldg_area": 18637672.0, "total_built_far": 4297.71, "avg_far": 0.81, "dominant_landuse": "one_&_two_family", "pct_one_&_two_family": 50.0276, "pct_multi-family_walk-up": 9.9453, "pct_multi-family_elevator": 2.5857, "pct_mixed_residential_&_commercial": 4.9416, "pct_commercial_&_office": 4.1179, "pct_industrial": 5.1074, "pct_transportation_&_utility": 15.1329, "pct_public_facilities_&_institutions": 5.4224, "pct_open_space_&_outdoor_recreation": 0.0132, "pct_parking_facilities": 1.3721, "pct_vacant_land": 0.9458 }, "geometry": { "type": "Polygon", "coordinates": [ [ [ -73.85475, 40.70677 ], [ -73.83612, 40.71182 ], [ -73.83405, 40.71003 ], [ -73.83578, 40.70692 ], [ -73.83322, 40.70112 ], [ -73.82154, 40.70373 ], [ -73.82226, 40.70546 ], [ -73.81912, 40.70667 ], [ -73.81372, 40.69715 ], [ -73.84499, 40.68916 ], [ -73.84629, 40.69401 ], [ -73.85475, 40.70677 ] ] ] } },
{ "type": "Feature", "properties": { "zipcode": "11419", "total_parcels": 7594, "total_lot_area": 21190852.0, "total_bldg_area": 14844137.0, "total_built_far": 5576.68, "avg_far": 0.7, "dominant_landuse": "one_&_two_family", "pct_one_&_two_family": 76.4223, "pct_multi-family_walk-up": 7.1157, "pct_multi-family_elevator": 0.1473, "pct_mixed_residential_&_commercial": 5.1569, "pct_commercial_&_office": 3.4123, "pct_industrial": 0.8535, "pct_transportation_&_utility": 1.2054, "pct_public_facilities_&_institutions": 2.8044, "pct_open_space_&_outdoor_recreation": 1.1172, "pct_parking_facilities": 0.5884, "pct_vacant_land": 1.0774 }, "geometry": { "type": "Polygon", "coordinates": [ [ [ -73.83778, 40.69082 ], [ -73.81372, 40.69715 ], [ -73.80802, 40.68706 ], [ -73.83216, 40.67942 ], [ -73.83778, 40.69082 ] ] ] } },
{ "type": "Feature", "properties": { "zipcode": "11420", "total_parcels": 9388, "total_lot_area": 40904242.0, "total_bldg_area": 19100352.0, "total_built_far": 5136.92, "avg_far": 0.47, "dominant_landuse": "one_&_two_family", "pct_one_&_two_family": 61.3401, "pct_multi-family_walk-up": 1.8002, "pct_multi-family_elevator": 0.0, "pct_mixed_residential_&_commercial": 1.626, "pct_commercial_&_office": 2.372, "pct_industrial": 0.5693, "pct_transportation_&_utility": 5.1788, "pct_public_facilities_&_institutions": 2.6954, "pct_open_space_&_outdoor_recreation": 20.0568, "pct_parking_facilities": 0.2856, "pct_vacant_land": 3.9588 }, "geometry": { "type": "Polygon", "coordinates": [ [ [ -73.83698, 40.67468 ], [ -73.83208, 40.67526 ], [ -73.83094, 40.67812 ], [ -73.83216, 40.67942 ], [ -73.80802, 40.68706 ], [ -73.80156, 40.67376 ], [ -73.80129, 40.66847 ], [ -73.80196, 40.6659 ], [ -73.81055, 40.66633 ], [ -73.81207, 40.66303 ], [ -73.82683, 40.66371 ], [ -73.83271, 40.66541 ], [ -73.83698, 40.67468 ] ] ] } },
{ "type": "Feature", "properties": { "zipcode": "11421", "total_parcels": 6244, "total_lot_area": 17040538.0, "total_bldg_area": 14400044.0, "total_built_far": 5169.64, "avg_far": 0.85, "dominant_landuse": "one_&_two_family", "pct_one_&_two_family": 71.9828, "pct_multi-family_walk-up": 10.3009, "pct_multi-family_elevator": 3.1905, "pct_mixed_residential_&_commercial": 5.3197, "pct_commercial_&_office": 2.0863, "pct_industrial": 0.3788, "pct_transportation_&_utility": 2.0279, "pct_public_facilities_&_institutions": 3.0935, "pct_open_space_&_outdoor_recreation": 0.7336, "pct_parking_facilities": 0.5034, "pct_vacant_land": 0.3825 }, "geometry": { "type": "Polygon", "coordinates": [ [ [ -73.8708, 40.69788 ], [ -73.86916, 40.70289 ], [ -73.85815, 40.7029 ], [ -73.85858, 40.70124 ], [ -73.85703, 40.70117 ], [ -73.85529, 40.7026 ], [ -73.85215, 40.70225 ], [ -73.84431, 40.68954 ], [ -73.86629, 40.68319 ], [ -73.86872, 40.69462 ], [ -73.8708, 40.69788 ] ] ] } },
{ "type": "Feature", "properties": { "zipcode": "11423", "total_parcels": 5279, "total_lot_area": 32049419.0, "total_bldg_area": 14565128.0, "total_built_far": 2904.81, "avg_far": 0.45, "dominant_landuse": "one_&_two_family", "pct_one_&_two_family": 60.4008, "pct_multi-family_walk-up": 4.8253, "pct_multi-family_elevator": 3.0209, "pct_mixed_residential_&_commercial": 1.7008, "pct_commercial_&_office": 2.0266, "pct_industrial": 1.9687, "pct_transportation_&_utility": 5.2875, "pct_public_facilities_&_institutions": 2.9099, "pct_open_space_&_outdoor_recreation": 15.4969, "pct_parking_facilities": 0.8083, "pct_vacant_land": 1.3414 }, "geometry": { "type": "MultiPolygon", "coordinates": [ [ [ [ -73.78116, 40.72921 ], [ -73.77757, 40.73019 ], [ -73.77523, 40.72524 ], [ -73.77804, 40.72328 ], [ -73.78116, 40.72921 ] ] ], [ [ [ -73.7816, 40.71275 ], [ -73.77357, 40.71512 ], [ -73.77738, 40.72244 ], [ -73.76624, 40.7264 ], [ -73.76081, 40.72249 ], [ -73.76205, 40.72202 ], [ -73.76117, 40.72119 ], [ -73.76, 40.72176 ], [ -73.7529, 40.71021 ], [ -73.77418, 40.70509 ], [ -73.77678, 40.70782 ], [ -73.77937, 40.70781 ], [ -73.7816, 40.71275 ] ] ] ] } },
{ "type": "Feature", "properties": { "zipcode": "11426", "total_parcels": 4525, "total_lot_area": 26648023.0, "total_bldg_area": 9927876.0, "total_built_far": 1991.27, "avg_far": 0.37, "dominant_landuse": "one_&_two_family", "pct_one_&_two_family": 56.7623, "pct_multi-family_walk-up": 7.4245, "pct_multi-family_elevator": 0.5742, "pct_mixed_residential_&_commercial": 0.5554, "pct_commercial_&_office": 2.4029, "pct_industrial": 0.4711, "pct_transportation_&_utility": 0.2687, "pct_public_facilities_&_institutions": 22.9304, "pct_open_space_&_outdoor_recreation": 6.8663, "pct_parking_facilities": 0.6159, "pct_vacant_land": 1.1285 }, "geometry": { "type": "Polygon", "coordinates": [ [ [ -73.73291, 40.73095 ], [ -73.72821, 40.73306 ], [ -73.72611, 40.73638 ], [ -73.72673, 40.74079 ], [ -73.73233, 40.74365 ], [ -73.72736, 40.75084 ], [ -73.72293, 40.75413 ], [ -73.71148, 40.7325 ], [ -73.71049, 40.72723 ], [ -73.7295, 40.72259 ], [ -73.73212, 40.72802 ], [ -73.73125, 40.73028 ], [ -73.73291, 40.73095 ] ] ] } },
{ "type": "Feature", "properties": { "zipcode": "11697", "total_parcels": 30, "total_lot_area": 37625610.0, "total_bldg_area": 14960588.0, "total_built_far": 3.26, "avg_far": 0.4, "dominant_landuse": "one_&_two_family", "pct_one_&_two_family": 44.5541, "pct_multi-family_walk-up": 0.0, "pct_multi-family_elevator": 0.0, "pct_mixed_residential_&_commercial": 0.0, "pct_commercial_&_office": 0.0, "pct_industrial": 0.0, "pct_transportation_&_utility": 0.0, "pct_public_facilities_&_institutions": 1.9516, "pct_open_space_&_outdoor_recreation": 23.846, "pct_parking_facilities": 0.0, "pct_vacant_land": 0.279 }, "geometry": { "type": "Polygon", "coordinates": [ [ [ -73.94074, 40.54182 ], [ -73.94025, 40.55262 ], [ -73.93866, 40.55568 ], [ -73.92757, 40.55814 ], [ -73.92628, 40.56092 ], [ -73.91766, 40.56283 ], [ -73.91216, 40.56584 ], [ -73.91017, 40.56492 ], [ -73.91024, 40.56239 ], [ -73.90844, 40.56076 ], [ -73.89455, 40.5643 ], [ -73.89537, 40.56695 ], [ -73.89261, 40.56859 ], [ -73.8839, 40.56891 ], [ -73.87938, 40.56184 ], [ -73.89492, 40.55708 ], [ -73.90691, 40.5556 ], [ -73.94074, 40.54182 ] ] ] } },
{ "type": "Feature", "properties": { "zipcode": "11427", "total_parcels": 4266, "total_lot_area": 26619559.0, "total_bldg_area": 11033866.0, "total_built_far": 2161.1, "avg_far": 0.41, "dominant_landuse": "one_&_two_family", "pct_one_&_two_family": 55.9779, "pct_multi-family_walk-up": 13.2083, "pct_multi-family_elevator": 0.6083, "pct_mixed_residential_&_commercial": 0.7141, "pct_commercial_&_office": 1.9272, "pct_industrial": 0.0, "pct_transportation_&_utility": 0.33, "pct_public_facilities_&_institutions": 10.0942, "pct_open_space_&_outdoor_recreation": 16.1921, "pct_parking_facilities": 0.1432, "pct_vacant_land": 0.8047 }, "geometry": { "type": "Polygon", "coordinates": [ [ [ -73.76624, 40.7264 ], [ -73.75677, 40.72638 ], [ -73.76555, 40.73254 ], [ -73.74654, 40.73578 ], [ -73.74674, 40.73258 ], [ -73.7327, 40.74385 ], [ -73.72673, 40.74079 ], [ -73.72611, 40.73638 ], [ -73.72821, 40.73306 ], [ -73.73291, 40.73095 ], [ -73.73125, 40.73028 ], [ -73.7317, 40.72905 ], [ -73.73356, 40.72935 ], [ -73.73408, 40.72803 ], [ -73.73871, 40.72909 ], [ -73.75772, 40.71793 ], [ -73.76, 40.72176 ], [ -73.76117, 40.72119 ], [ -73.76205, 40.72202 ], [ -73.76081, 40.72249 ], [ -73.76624, 40.7264 ] ] ] } },
{ "type": "Feature", "properties": { "zipcode": "11428", "total_parcels": 4344, "total_lot_area": 15271613.0, "total_bldg_area": 8437459.0, "total_built_far": 2327.36, "avg_far": 0.55, "dominant_landuse": "one_&_two_family", "pct_one_&_two_family": 81.8777, "pct_multi-family_walk-up": 2.6853, "pct_multi-family_elevator": 0.506, "pct_mixed_residential_&_commercial": 3.4943, "pct_commercial_&_office": 4.5924, "pct_industrial": 0.3369, "pct_transportation_&_utility": 1.0, "pct_public_facilities_&_institutions": 4.6368, "pct_open_space_&_outdoor_recreation": 0.0, "pct_parking_facilities": 0.3921, "pct_vacant_land": 0.4489 }, "geometry": { "type": "Polygon", "coordinates": [ [ [ -73.75726, 40.71814 ], [ -73.73871, 40.72909 ], [ -73.73408, 40.72803 ], [ -73.73356, 40.72935 ], [ -73.7317, 40.72905 ], [ -73.7295, 40.72259 ], [ -73.72966, 40.72048 ], [ -73.73257, 40.72031 ], [ -73.73543, 40.71703 ], [ -73.75371, 40.71332 ], [ -73.75726, 40.71814 ] ] ] } },
{ "type": "Feature", "properties": { "zipcode": "11429", "total_parcels": 5826, "total_lot_area": 24112109.0, "total_bldg_area": 10383807.0, "total_built_far": 2850.07, "avg_far": 0.43, "dominant_landuse": "one_&_two_family", "pct_one_&_two_family": 77.2499, "pct_multi-family_walk-up": 1.4219, "pct_multi-family_elevator": 0.1618, "pct_mixed_residential_&_commercial": 1.1286, "pct_commercial_&_office": 1.7122, "pct_industrial": 2.059, "pct_transportation_&_utility": 6.513, "pct_public_facilities_&_institutions": 5.3075, "pct_open_space_&_outdoor_recreation": 0.467, "pct_parking_facilities": 1.1232, "pct_vacant_land": 1.4951 }, "geometry": { "type": "Polygon", "coordinates": [ [ [ -73.75371, 40.71332 ], [ -73.73543, 40.71703 ], [ -73.73257, 40.72031 ], [ -73.72966, 40.72048 ], [ -73.72697, 40.71072 ], [ -73.7265, 40.69689 ], [ -73.72772, 40.70192 ], [ -73.74114, 40.70181 ], [ -73.74331, 40.70296 ], [ -73.74864, 40.70159 ], [ -73.75371, 40.71332 ] ] ] } },
{ "type": "Feature", "properties": { "zipcode": "11432", "total_parcels": 6642, "total_lot_area": 39780491.0, "total_bldg_area": 34285314.0, "total_built_far": 4983.73, "avg_far": 0.86, "dominant_landuse": "one_&_two_family", "pct_one_&_two_family": 56.4019, "pct_multi-family_walk-up": 3.8164, "pct_multi-family_elevator": 6.35, "pct_mixed_residential_&_commercial": 5.2687, "pct_commercial_&_office": 5.3992, "pct_industrial": 0.0203, "pct_transportation_&_utility": 7.1646, "pct_public_facilities_&_institutions": 11.8795, "pct_open_space_&_outdoor_recreation": 1.184, "pct_parking_facilities": 1.1805, "pct_vacant_land": 1.3072 }, "geometry": { "type": "Polygon", "coordinates": [ [ [ -73.81177, 40.71762 ], [ -73.79847, 40.72353 ], [ -73.79773, 40.71766 ], [ -73.7903, 40.72092 ], [ -73.79175, 40.72578 ], [ -73.7808, 40.72843 ], [ -73.77357, 40.71512 ], [ -73.78178, 40.71314 ], [ -73.77968, 40.7086 ], [ -73.7833, 40.70795 ], [ -73.78289, 40.70695 ], [ -73.78869, 40.70747 ], [ -73.79232, 40.706 ], [ -73.79165, 40.70486 ], [ -73.79396, 40.70583 ], [ -73.79609, 40.70329 ], [ -73.80413, 40.70146 ], [ -73.81015, 40.71347 ], [ -73.81022, 40.71571 ], [ -73.80784, 40.716 ], [ -73.81177, 40.71762 ] ] ] } },
{ "type": "Feature", "properties": { "zipcode": "11433", "total_parcels": 6476, "total_lot_area": 31897952.0, "total_bldg_area": 20674179.0, "total_built_far": 3951.55, "avg_far": 0.65, "dominant_landuse": "one_&_two_family", "pct_one_&_two_family": 47.0807, "pct_multi-family_walk-up": 4.0176, "pct_multi-family_elevator": 3.1483, "pct_mixed_residential_&_commercial": 1.8024, "pct_commercial_&_office": 3.2319, "pct_industrial": 7.907, "pct_transportation_&_utility": 12.2836, "pct_public_facilities_&_institutions": 8.8035, "pct_open_space_&_outdoor_recreation": 4.7667, "pct_parking_facilities": 2.0705, "pct_vacant_land": 4.0574 }, "geometry": { "type": "Polygon", "coordinates": [ [ [ -73.80413, 40.70146 ], [ -73.79842, 40.70274 ], [ -73.79677, 40.70051 ], [ -73.79934, 40.69929 ], [ -73.79754, 40.6982 ], [ -73.79358, 40.69976 ], [ -73.79464, 40.70124 ], [ -73.79237, 40.70212 ], [ -73.79379, 40.70403 ], [ -73.79609, 40.70329 ], [ -73.79489, 40.70546 ], [ -73.79285, 40.70442 ], [ -73.78957, 40.70722 ], [ -73.78382, 40.70793 ], [ -73.78337, 40.70683 ], [ -73.77968, 40.7086 ], [ -73.77678, 40.70782 ], [ -73.7699, 40.69636 ], [ -73.77731, 40.69225 ], [ -73.77863, 40.69401 ], [ -73.78169, 40.69232 ], [ -73.78078, 40.69103 ], [ -73.7937, 40.68681 ], [ -73.80048, 40.69422 ], [ -73.80277, 40.69911 ], [ -73.8021, 40.70064 ], [ -73.80413, 40.70146 ] ] ] } },
{ "type": "Feature", "properties": { "zipcode": "11249", "total_parcels": 1536, "total_lot_area": 13086440.0, "total_bldg_area": 28347895.0, "total_built_far": 3369.65, "avg_far": 2.17, "dominant_landuse": "mixed_residential_&_commercial", "pct_one_&_two_family": 2.1795, "pct_multi-family_walk-up": 13.6058, "pct_multi-family_elevator": 10.1038, "pct_mixed_residential_&_commercial": 26.1457, "pct_commercial_&_office": 8.5419, "pct_industrial": 7.3004, "pct_transportation_&_utility": 6.229, "pct_public_facilities_&_institutions": 4.0469, "pct_open_space_&_outdoor_recreation": 12.0131, "pct_parking_facilities": 0.6591, "pct_vacant_land": 6.1509 }, "geometry": { "type": "Polygon", "coordinates": [ [ [ -73.96994, 40.70931 ], [ -73.96758, 40.7165 ], [ -73.96161, 40.72495 ], [ -73.95514, 40.72433 ], [ -73.95418, 40.72264 ], [ -73.95604, 40.7214 ], [ -73.95475, 40.7206 ], [ -73.96129, 40.7145 ], [ -73.96485, 40.70745 ], [ -73.95746, 40.70082 ], [ -73.95755, 40.69927 ], [ -73.96773, 40.69772 ], [ -73.96721, 40.70426 ], [ -73.96926, 40.70562 ], [ -73.96994, 40.70931 ] ] ] } }
]
}
