{
"type": "FeatureCollection",
"name": "non_citibike_bike_demand",
"crs": { "type": "name", "properties": { "name": "urn:ogc:def:crs:OGC:1.3:CRS84" } },
"features": [
{ "type": "Feature", "properties": { "zcta5ce20": "11229", "distributed_trips": 209.5 }, "geometry": { "type": "Polygon", "coordinates": [ [ [ -73.962, 40.61 ], [ -73.955, 40.611 ], [ -73.954, 40.611 ], [ -73.954, 40.611 ], [ -73.953, 40.611 ], [ -73.953, 40.611 ], [ -73.953, 40.611 ], [ -73.951, 40.611 ], [ -73.951, 40.612 ], [ -73.95, 40.613 ], [ -73.95, 40.613 ], [ -73.95, 40.613 ], [ -73.95, 40.614 ], [ -73.949, 40.614 ], [ -73.949, 40.613 ], [ -73.948, 40.614 ], [ -73.948, 40.615 ], [ -73.947, 40.615 ], [ -73.947, 40.615 ], [ -73.946, 40.615 ], [ -73.946, 40.616 ], [ -73.946, 40.616 ], [ -73.946, 40.615 ], [ -73.945, 40.616 ], [ -73.944, 40.614 ], [ -73.944, 40.614 ], [ -73.943, 40.613 ], [ -73.943, 40.613 ], [ -73.943, 40.613 ], [ -73.943, 40.613 ], [ -73.942, 40.612 ], [ -73.942, 40.612 ], [ -73.941, 40.612 ], [ -73.941, 40.612 ], [ -73.941, 40.611 ], [ -73.94, 40.61 ], [ -73.94, 40.61 ], [ -73.94, 40.61 ], [ -73.939, 40.61 ], [ -73.939, 40.61 ], [ -73.939, 40.61 ], [ -73.938, 40.609 ], [ -73.938, 40.609 ], [ -73.938, 40.609 ], [ -73.94, 40.607 ], [ -73.934, 40.602 ], [ -73.934, 40.603 ], [ -73.928, 40.598 ], [ -73.93, 40.597 ], [ -73.921, 40.589 ], [ -73.918, 40.586 ], [ -73.918, 40.586 ], [ -73.918, 40.586 ], [ -73.918, 40.586 ], [ -73.918, 40.585 ], [ -73.918, 40.585 ], [ -73.919, 40.585 ], [ -73.919, 40.585 ], [ -73.919, 40.585 ], [ -73.92, 40.585 ], [ -73.92, 40.585 ], [ -73.921, 40.585 ], [ -73.921, 40.585 ], [ -73.923, 40.585 ], [ -73.923, 40.585 ], [ -73.923, 40.585 ], [ -73.924, 40.585 ], [ -73.925, 40.585 ], [ -73.925, 40.585 ], [ -73.926, 40.585 ], [ -73.926, 40.585 ], [ -73.925, 40.585 ], [ -73.926, 40.586 ], [ -73.927, 40.586 ], [ -73.928, 40.588 ], [ -73.928, 40.589 ], [ -73.93, 40.589 ], [ -73.931, 40.59 ], [ -73.931, 40.591 ], [ -73.931, 40.591 ], [ -73.93, 40.592 ], [ -73.93, 40.592 ], [ -73.93, 40.592 ], [ -73.93, 40.592 ], [ -73.93, 40.592 ], [ -73.93, 40.593 ], [ -73.93, 40.593 ], [ -73.93, 40.593 ], [ -73.93, 40.593 ], [ -73.93, 40.593 ], [ -73.93, 40.593 ], [ -73.93, 40.594 ], [ -73.93, 40.594 ], [ -73.93, 40.594 ], [ -73.93, 40.594 ], [ -73.93, 40.594 ], [ -73.931, 40.595 ], [ -73.931, 40.595 ], [ -73.931, 40.595 ], [ -73.932, 40.595 ], [ -73.932, 40.595 ], [ -73.933, 40.595 ], [ -73.933, 40.595 ], [ -73.935, 40.594 ], [ -73.935, 40.595 ], [ -73.936, 40.595 ], [ -73.936, 40.596 ], [ -73.937, 40.595 ], [ -73.937, 40.595 ], [ -73.938, 40.595 ], [ -73.938, 40.594 ], [ -73.939, 40.594 ], [ -73.939, 40.595 ], [ -73.94, 40.595 ], [ -73.94, 40.594 ], [ -73.941, 40.594 ], [ -73.941, 40.594 ], [ -73.944, 40.594 ], [ -73.944, 40.594 ], [ -73.945, 40.594 ], [ -73.944, 40.593 ], [ -73.957, 40.592 ], [ -73.957, 40.593 ], [ -73.958, 40.593 ], [ -73.958, 40.592 ], [ -73.959, 40.592 ], [ -73.959, 40.593 ], [ -73.96, 40.593 ], [ -73.96, 40.593 ], [ -73.959, 40.593 ], [ -73.959, 40.594 ], [ -73.96, 40.594 ], [ -73.96, 40.594 ], [ -73.959, 40.594 ], [ -73.96, 40.595 ], [ -73.96, 40.595 ], [ -73.96, 40.595 ], [ -73.96, 40.595 ], [ -73.96, 40.596 ], [ -73.96, 40.596 ], [ -73.96, 40.596 ], [ -73.96, 40.596 ], [ -73.961, 40.598 ], [ -73.96, 40.598 ], [ -73.96, 40.6 ], [ -73.96, 40.601 ], [ -73.961, 40.601 ], [ -73.961, 40.603 ], [ -73.96, 40.603 ], [ -73.96, 40.603 ], [ -73.961, 40.603 ], [ -73.961, 40.605 ], [ -73.962, 40.605 ], [ -73.962, 40.608 ], [ -73.962, 40.608 ], [ -73.962, 40.61 ], [ -73.962, 40.61 ], [ -73.962, 40.61 ] ] ] } },
{ "type": "Feature", "properties": { "zcta5ce20": "11363", "distributed_trips": 14.0 }, "geometry": { "type": "MultiPolygon", "coordinates": [ [ [ [ -73.755, 40.772 ], [ -73.755, 40.772 ], [ -73.754, 40.772 ], [ -73.754, 40.773 ], [ -73.754, 40.773 ], [ -73.753, 40.773 ], [ -73.754, 40.774 ], [ -73.754, 40.774 ], [ -73.754, 40.775 ], [ -73.754, 40.775 ], [ -73.754, 40.775 ], [ -73.755, 40.776 ], [ -73.755, 40.777 ], [ -73.755, 40.777 ], [ -73.755, 40.777 ], [ -73.755, 40.778 ], [ -73.754, 40.778 ], [ -73.755, 40.778 ], [ -73.754, 40.778 ], [ -73.754, 40.779 ], [ -73.754, 40.779 ], [ -73.753, 40.781 ], [ -73.753, 40.781 ], [ -73.752, 40.782 ], [ -73.751, 40.783 ], [ -73.75, 40.782 ], [ -73.74, 40.776 ], [ -73.739, 40.776 ], [ -73.74, 40.776 ], [ -73.738, 40.775 ], [ -73.734, 40.772 ], [ -73.735, 40.771 ], [ -73.735, 40.772 ], [ -73.736, 40.771 ], [ -73.736, 40.771 ], [ -73.737, 40.769 ], [ -73.738, 40.768 ], [ -73.74, 40.767 ], [ -73.741, 40.766 ], [ -73.742, 40.765 ], [ -73.744, 40.765 ], [ -73.747, 40.764 ], [ -73.749, 40.764 ], [ -73.751, 40.767 ], [ -73.753, 40.765 ], [ -73.754, 40.766 ], [ -73.754, 40.766 ], [ -73.754, 40.766 ], [ -73.754, 40.766 ], [ -73.754, 40.767 ], [ -73.754, 40.767 ], [ -73.755, 40.767 ], [ -73.755, 40.769 ], [ -73.755, 40.769 ], [ -73.754, 40.769 ], [ -73.754, 40.769 ], [ -73.755, 40.769 ], [ -73.755, 40.77 ], [ -73.756, 40.771 ], [ -73.755, 40.772 ] ] ], [ [ [ -73.755, 40.778 ], [ -73.755, 40.778 ], [ -73.755, 40.778 ], [ -73.755, 40.778 ] ] ] ] } },
{ "type": "Feature", "properties": { "zcta5ce20": "11422", "distributed_trips": 33.9 }, "geometry": { "type": "Polygon", "coordinates": [ [ [ -73.752, 40.647 ], [ -73.752, 40.647 ], [ -73.748, 40.645 ], [ -73.747, 40.647 ], [ -73.747, 40.647 ], [ -73.747, 40.647 ], [ -73.746, 40.648 ], [ -73.746, 40.649 ], [ -73.746, 40.649 ], [ -73.746, 40.649 ], [ -73.746, 40.65 ], [ -73.746, 40.65 ], [ -73.746, 40.65 ], [ -73.746, 40.65 ], [ -73.746, 40.65 ], [ -73.746, 40.65 ], [ -73.746, 40.652 ], [ -73.747, 40.652 ], [ -73.746, 40.653 ], [ -73.748, 40.653 ], [ -73.748, 40.653 ], [ -73.749, 40.653 ], [ -73.749, 40.654 ], [ -73.748, 40.654 ], [ -73.748, 40.655 ], [ -73.749, 40.656 ], [ -73.748, 40.657 ], [ -73.747, 40.657 ], [ -73.747, 40.658 ], [ -73.749, 40.658 ], [ -73.748, 40.659 ], [ -73.748, 40.659 ], [ -73.747, 40.659 ], [ -73.747, 40.659 ], [ -73.747, 40.66 ], [ -73.747, 40.661 ], [ -73.746, 40.662 ], [ -73.745, 40.664 ], [ -73.744, 40.663 ], [ -73.743, 40.665 ], [ -73.74, 40.665 ], [ -73.739, 40.666 ], [ -73.741, 40.666 ], [ -73.741, 40.667 ], [ -73.742, 40.667 ], [ -73.742, 40.667 ], [ -73.742, 40.667 ], [ -73.738, 40.675 ], [ -73.737, 40.675 ], [ -73.737, 40.675 ], [ -73.737, 40.675 ], [ -73.736, 40.676 ], [ -73.737, 40.676 ], [ -73.736, 40.678 ], [ -73.735, 40.678 ], [ -73.735, 40.678 ], [ -73.735, 40.679 ], [ -73.735, 40.679 ], [ -73.735, 40.68 ], [ -73.734, 40.68 ], [ -73.734, 40.68 ], [ -73.732, 40.685 ], [ -73.726, 40.683 ], [ -73.726, 40.681 ], [ -73.726, 40.68 ], [ -73.727, 40.676 ], [ -73.728, 40.674 ], [ -73.728, 40.674 ], [ -73.728, 40.674 ], [ -73.728, 40.673 ], [ -73.728, 40.668 ], [ -73.728, 40.667 ], [ -73.728, 40.666 ], [ -73.728, 40.665 ], [ -73.728, 40.665 ], [ -73.728, 40.663 ], [ -73.728, 40.663 ], [ -73.728, 40.662 ], [ -73.726, 40.659 ], [ -73.726, 40.658 ], [ -73.725, 40.655 ], [ -73.725, 40.654 ], [ -73.725, 40.653 ], [ -73.725, 40.653 ], [ -73.725, 40.652 ], [ -73.727, 40.652 ], [ -73.727, 40.652 ], [ -73.73, 40.651 ], [ -73.731, 40.65 ], [ -73.735, 40.65 ], [ -73.739, 40.648 ], [ -73.741, 40.647 ], [ -73.742, 40.642 ], [ -73.742, 40.642 ], [ -73.741, 40.641 ], [ -73.742, 40.64 ], [ -73.741, 40.639 ], [ -73.74, 40.636 ], [ -73.74, 40.635 ], [ -73.742, 40.635 ], [ -73.743, 40.635 ], [ -73.743, 40.635 ], [ -73.743, 40.636 ], [ -73.742, 40.636 ], [ -73.741, 40.637 ], [ -73.741, 40.638 ], [ -73.742, 40.638 ], [ -73.742, 40.638 ], [ -73.743, 40.638 ], [ -73.744, 40.638 ], [ -73.744, 40.637 ], [ -73.744, 40.637 ], [ -73.746, 40.635 ], [ -73.748, 40.635 ], [ -73.746, 40.639 ], [ -73.746, 40.64 ], [ -73.746, 40.64 ], [ -73.746, 40.641 ], [ -73.746, 40.641 ], [ -73.747, 40.642 ], [ -73.747, 40.643 ], [ -73.747, 40.643 ], [ -73.748, 40.643 ], [ -73.748, 40.644 ], [ -73.748, 40.644 ], [ -73.749, 40.645 ], [ -73.749, 40.645 ], [ -73.749, 40.645 ], [ -73.749, 40.645 ], [ -73.749, 40.645 ], [ -73.75, 40.645 ], [ -73.75, 40.645 ], [ -73.752, 40.647 ] ] ] } },
{ "type": "Feature", "properties": { "zcta5ce20": "10312", "distributed_trips": 1.4 }, "geometry": { "type": "Polygon", "coordinates": [ [ [ -74.213, 40.555 ], [ -74.211, 40.556 ], [ -74.21, 40.556 ], [ -74.205, 40.557 ], [ -74.206, 40.558 ], [ -74.207, 40.558 ], [ -74.206, 40.558 ], [ -74.205, 40.559 ], [ -74.202, 40.559 ], [ -74.201, 40.56 ], [ -74.198, 40.563 ], [ -74.194, 40.566 ], [ -74.192, 40.568 ], [ -74.191, 40.571 ], [ -74.19, 40.572 ], [ -74.19, 40.573 ], [ -74.19, 40.574 ], [ -74.191, 40.576 ], [ -74.19, 40.576 ], [ -74.189, 40.574 ], [ -74.189, 40.573 ], [ -74.184, 40.573 ], [ -74.184, 40.573 ], [ -74.18, 40.571 ], [ -74.18, 40.571 ], [ -74.179, 40.57 ], [ -74.178, 40.564 ], [ -74.177, 40.563 ], [ -74.175, 40.563 ], [ -74.174, 40.563 ], [ -74.171, 40.561 ], [ -74.17, 40.561 ], [ -74.17, 40.566 ], [ -74.166, 40.567 ], [ -74.165, 40.567 ], [ -74.165, 40.565 ], [ -74.164, 40.565 ], [ -74.165, 40.561 ], [ -74.165, 40.561 ], [ -74.166, 40.56 ], [ -74.165, 40.56 ], [ -74.164, 40.557 ], [ -74.164, 40.557 ], [ -74.164, 40.557 ], [ -74.163, 40.557 ], [ -74.163, 40.557 ], [ -74.163, 40.557 ], [ -74.163, 40.557 ], [ -74.163, 40.556 ], [ -74.164, 40.556 ], [ -74.164, 40.556 ], [ -74.163, 40.553 ], [ -74.163, 40.552 ], [ -74.163, 40.551 ], [ -74.162, 40.551 ], [ -74.162, 40.55 ], [ -74.162, 40.549 ], [ -74.162, 40.549 ], [ -74.162, 40.549 ], [ -74.161, 40.547 ], [ -74.162, 40.547 ], [ -74.161, 40.547 ], [ -74.162, 40.547 ], [ -74.162, 40.547 ], [ -74.161, 40.547 ], [ -74.161, 40.546 ], [ -74.159, 40.547 ], [ -74.159, 40.547 ], [ -74.159, 40.546 ], [ -74.159, 40.546 ], [ -74.159, 40.545 ], [ -74.158, 40.545 ], [ -74.158, 40.544 ], [ -74.158, 40.544 ], [ -74.157, 40.544 ], [ -74.156, 40.543 ], [ -74.157, 40.543 ], [ -74.156, 40.542 ], [ -74.156, 40.543 ], [ -74.154, 40.541 ], [ -74.154, 40.54 ], [ -74.154, 40.54 ], [ -74.154, 40.54 ], [ -74.152, 40.539 ], [ -74.153, 40.539 ], [ -74.152, 40.538 ], [ -74.152, 40.538 ], [ -74.152, 40.538 ], [ -74.151, 40.538 ], [ -74.151, 40.537 ], [ -74.151, 40.537 ], [ -74.15, 40.537 ], [ -74.15, 40.537 ], [ -74.15, 40.537 ], [ -74.147, 40.536 ], [ -74.147, 40.536 ], [ -74.146, 40.536 ], [ -74.148, 40.535 ], [ -74.149, 40.535 ], [ -74.15, 40.534 ], [ -74.15, 40.534 ], [ -74.15, 40.534 ], [ -74.15, 40.534 ], [ -74.151, 40.533 ], [ -74.151, 40.533 ], [ -74.152, 40.532 ], [ -74.153, 40.532 ], [ -74.154, 40.531 ], [ -74.155, 40.53 ], [ -74.155, 40.53 ], [ -74.155, 40.53 ], [ -74.156, 40.529 ], [ -74.157, 40.529 ], [ -74.158, 40.529 ], [ -74.159, 40.528 ], [ -74.16, 40.527 ], [ -74.16, 40.527 ], [ -74.16, 40.527 ], [ -74.16, 40.528 ], [ -74.16, 40.527 ], [ -74.161, 40.527 ], [ -74.161, 40.527 ], [ -74.162, 40.527 ], [ -74.162, 40.527 ], [ -74.164, 40.526 ], [ -74.164, 40.526 ], [ -74.165, 40.526 ], [ -74.165, 40.526 ], [ -74.166, 40.525 ], [ -74.168, 40.524 ], [ -74.168, 40.524 ], [ -74.169, 40.524 ], [ -74.169, 40.524 ], [ -74.17, 40.523 ], [ -74.17, 40.523 ], [ -74.171, 40.523 ], [ -74.171, 40.524 ], [ -74.172, 40.523 ], [ -74.173, 40.523 ], [ -74.176, 40.521 ], [ -74.177, 40.52 ], [ -74.177, 40.519 ], [ -74.178, 40.52 ], [ -74.179, 40.52 ], [ -74.179, 40.52 ], [ -74.18, 40.52 ], [ -74.181, 40.521 ], [ -74.183, 40.52 ], [ -74.184, 40.521 ], [ -74.185, 40.52 ], [ -74.188, 40.52 ], [ -74.19, 40.523 ], [ -74.189, 40.523 ], [ -74.191, 40.527 ], [ -74.193, 40.526 ], [ -74.196, 40.529 ], [ -74.195, 40.531 ], [ -74.196, 40.53 ], [ -74.198, 40.532 ], [ -74.2, 40.532 ], [ -74.202, 40.532 ], [ -74.203, 40.532 ], [ -74.203, 40.532 ], [ -74.201, 40.533 ], [ -74.199, 40.534 ], [ -74.199, 40.535 ], [ -74.201, 40.541 ], [ -74.201, 40.541 ], [ -74.201, 40.541 ], [ -74.202, 40.543 ], [ -74.202, 40.542 ], [ -74.203, 40.544 ], [ -74.206, 40.543 ], [ -74.207, 40.544 ], [ -74.211, 40.555 ], [ -74.213, 40.554 ], [ -74.213, 40.555 ] ] ] } },
{ "type": "Feature", "properties": { "zcta5ce20": "11357", "distributed_trips": 46.3 }, "geometry": { "type": "MultiPolygon", "coordinates": [ [ [ [ -73.832, 40.79 ], [ -73.832, 40.791 ], [ -73.832, 40.791 ], [ -73.831, 40.791 ], [ -73.831, 40.792 ], [ -73.831, 40.792 ], [ -73.83, 40.792 ], [ -73.83, 40.792 ], [ -73.829, 40.792 ], [ -73.829, 40.792 ], [ -73.829, 40.793 ], [ -73.829, 40.793 ], [ -73.829, 40.793 ], [ -73.828, 40.793 ], [ -73.828, 40.793 ], [ -73.828, 40.794 ], [ -73.828, 40.795 ], [ -73.828, 40.795 ], [ -73.828, 40.795 ], [ -73.828, 40.795 ], [ -73.828, 40.796 ], [ -73.829, 40.796 ], [ -73.829, 40.796 ], [ -73.829, 40.796 ], [ -73.829, 40.796 ], [ -73.829, 40.796 ], [ -73.829, 40.797 ], [ -73.829, 40.797 ], [ -73.828, 40.797 ], [ -73.828, 40.797 ], [ -73.828, 40.797 ], [ -73.828, 40.797 ], [ -73.827, 40.797 ], [ -73.827, 40.797 ], [ -73.827, 40.797 ], [ -73.827, 40.797 ], [ -73.827, 40.798 ], [ -73.827, 40.798 ], [ -73.827, 40.798 ], [ -73.826, 40.797 ], [ -73.825, 40.797 ], [ -73.824, 40.798 ], [ -73.824, 40.798 ], [ -73.824, 40.798 ], [ -73.823, 40.798 ], [ -73.824, 40.799 ], [ -73.823, 40.798 ], [ -73.823, 40.799 ], [ -73.823, 40.799 ], [ -73.823, 40.799 ], [ -73.823, 40.799 ], [ -73.823, 40.799 ], [ -73.823, 40.799 ], [ -73.823, 40.799 ], [ -73.822, 40.8 ], [ -73.822, 40.8 ], [ -73.821, 40.801 ], [ -73.82, 40.801 ], [ -73.82, 40.801 ], [ -73.82, 40.801 ], [ -73.819, 40.801 ], [ -73.819, 40.8 ], [ -73.818, 40.8 ], [ -73.818, 40.8 ], [ -73.818, 40.8 ], [ -73.817, 40.799 ], [ -73.817, 40.799 ], [ -73.816, 40.799 ], [ -73.814, 40.798 ], [ -73.814, 40.798 ], [ -73.814, 40.798 ], [ -73.814, 40.798 ], [ -73.814, 40.797 ], [ -73.813, 40.798 ], [ -73.814, 40.797 ], [ -73.813, 40.797 ], [ -73.813, 40.798 ], [ -73.813, 40.797 ], [ -73.813, 40.797 ], [ -73.813, 40.797 ], [ -73.812, 40.798 ], [ -73.812, 40.798 ], [ -73.812, 40.798 ], [ -73.812, 40.798 ], [ -73.811, 40.797 ], [ -73.811, 40.797 ], [ -73.811, 40.797 ], [ -73.81, 40.797 ], [ -73.809, 40.797 ], [ -73.808, 40.797 ], [ -73.806, 40.796 ], [ -73.806, 40.797 ], [ -73.806, 40.796 ], [ -73.806, 40.797 ], [ -73.806, 40.797 ], [ -73.805, 40.796 ], [ -73.805, 40.796 ], [ -73.805, 40.796 ], [ -73.805, 40.796 ], [ -73.805, 40.796 ], [ -73.805, 40.796 ], [ -73.805, 40.796 ], [ -73.805, 40.796 ], [ -73.805, 40.796 ], [ -73.804, 40.796 ], [ -73.804, 40.797 ], [ -73.804, 40.796 ], [ -73.804, 40.796 ], [ -73.804, 40.797 ], [ -73.804, 40.797 ], [ -73.804, 40.796 ], [ -73.804, 40.797 ], [ -73.804, 40.796 ], [ -73.803, 40.797 ], [ -73.803, 40.797 ], [ -73.803, 40.797 ], [ -73.803, 40.796 ], [ -73.803, 40.796 ], [ -73.803, 40.796 ], [ -73.802, 40.796 ], [ -73.802, 40.797 ], [ -73.802, 40.797 ], [ -73.802, 40.796 ], [ -73.802, 40.796 ], [ -73.801, 40.797 ], [ -73.801, 40.796 ], [ -73.801, 40.796 ], [ -73.8, 40.796 ], [ -73.799, 40.796 ], [ -73.799, 40.796 ], [ -73.799, 40.796 ], [ -73.798, 40.796 ], [ -73.797, 40.795 ], [ -73.797, 40.795 ], [ -73.797, 40.795 ], [ -73.797, 40.795 ], [ -73.795, 40.795 ], [ -73.794, 40.795 ], [ -73.795, 40.795 ], [ -73.794, 40.795 ], [ -73.794, 40.794 ], [ -73.795, 40.794 ], [ -73.795, 40.793 ], [ -73.795, 40.793 ], [ -73.795, 40.793 ], [ -73.795, 40.792 ], [ -73.794, 40.789 ], [ -73.793, 40.789 ], [ -73.793, 40.789 ], [ -73.793, 40.791 ], [ -73.792, 40.789 ], [ -73.791, 40.788 ], [ -73.794, 40.787 ], [ -73.795, 40.786 ], [ -73.795, 40.786 ], [ -73.794, 40.786 ], [ -73.794, 40.786 ], [ -73.794, 40.786 ], [ -73.794, 40.784 ], [ -73.794, 40.784 ], [ -73.794, 40.784 ], [ -73.794, 40.784 ], [ -73.794, 40.782 ], [ -73.793, 40.783 ], [ -73.793, 40.782 ], [ -73.793, 40.782 ], [ -73.793, 40.782 ], [ -73.793, 40.782 ], [ -73.793, 40.781 ], [ -73.793, 40.781 ], [ -73.792, 40.781 ], [ -73.792, 40.781 ], [ -73.792, 40.781 ], [ -73.792, 40.779 ], [ -73.791, 40.779 ], [ -73.791, 40.779 ], [ -73.792, 40.778 ], [ -73.792, 40.778 ], [ -73.792, 40.777 ], [ -73.791, 40.777 ], [ -73.791, 40.775 ], [ -73.791, 40.775 ], [ -73.791, 40.775 ], [ -73.791, 40.775 ], [ -73.791, 40.775 ], [ -73.791, 40.775 ], [ -73.793, 40.774 ], [ -73.793, 40.774 ], [ -73.793, 40.773 ], [ -73.794, 40.774 ], [ -73.794, 40.774 ], [ -73.794, 40.774 ], [ -73.795, 40.774 ], [ -73.795, 40.774 ], [ -73.796, 40.774 ], [ -73.796, 40.774 ], [ -73.797, 40.774 ], [ -73.797, 40.774 ], [ -73.798, 40.774 ], [ -73.798, 40.775 ], [ -73.798, 40.774 ], [ -73.799, 40.774 ], [ -73.799, 40.774 ], [ -73.801, 40.774 ], [ -73.801, 40.775 ], [ -73.802, 40.775 ], [ -73.802, 40.774 ], [ -73.803, 40.774 ], [ -73.803, 40.775 ], [ -73.804, 40.775 ], [ -73.804, 40.774 ], [ -73.804, 40.774 ], [ -73.804, 40.775 ], [ -73.806, 40.775 ], [ -73.807, 40.775 ], [ -73.807, 40.775 ], [ -73.807, 40.775 ], [ -73.81, 40.775 ], [ -73.81, 40.775 ], [ -73.81, 40.775 ], [ -73.81, 40.775 ], [ -73.81, 40.775 ], [ -73.812, 40.775 ], [ -73.812, 40.776 ], [ -73.813, 40.776 ], [ -73.813, 40.776 ], [ -73.813, 40.775 ], [ -73.814, 40.775 ], [ -73.814, 40.776 ], [ -73.815, 40.776 ], [ -73.816, 40.776 ], [ -73.818, 40.776 ], [ -73.822, 40.777 ], [ -73.822, 40.776 ], [ -73.822, 40.776 ], [ -73.823, 40.776 ], [ -73.823, 40.777 ], [ -73.824, 40.777 ], [ -73.825, 40.776 ], [ -73.826, 40.776 ], [ -73.826, 40.776 ], [ -73.828, 40.776 ], [ -73.828, 40.776 ], [ -73.829, 40.776 ], [ -73.826, 40.78 ], [ -73.825, 40.782 ], [ -73.827, 40.782 ], [ -73.827, 40.785 ], [ -73.828, 40.785 ], [ -73.831, 40.785 ], [ -73.831, 40.785 ], [ -73.83, 40.785 ], [ -73.83, 40.786 ], [ -73.831, 40.786 ], [ -73.831, 40.786 ], [ -73.831, 40.788 ], [ -73.831, 40.788 ], [ -73.831, 40.789 ], [ -73.831, 40.789 ], [ -73.831, 40.789 ], [ -73.831, 40.789 ], [ -73.832, 40.79 ], [ -73.832, 40.79 ], [ -73.832, 40.79 ] ] ], [ [ [ -73.806, 40.797 ], [ -73.806, 40.797 ], [ -73.806, 40.797 ], [ -73.806, 40.797 ] ] ], [ [ [ -73.793, 40.79 ], [ -73.793, 40.79 ], [ -73.794, 40.789 ], [ -73.793, 40.79 ] ] ] ] } },
{ "type": "Feature", "properties": { "zcta5ce20": "11413", "distributed_trips": 48.5 }, "geometry": { "type": "Polygon", "coordinates": [ [ [ -73.768, 40.662 ], [ -73.766, 40.662 ], [ -73.766, 40.662 ], [ -73.763, 40.666 ], [ -73.767, 40.667 ], [ -73.767, 40.667 ], [ -73.764, 40.667 ], [ -73.764, 40.667 ], [ -73.763, 40.668 ], [ -73.764, 40.668 ], [ -73.764, 40.668 ], [ -73.764, 40.668 ], [ -73.764, 40.669 ], [ -73.764, 40.669 ], [ -73.764, 40.669 ], [ -73.763, 40.669 ], [ -73.763, 40.669 ], [ -73.763, 40.669 ], [ -73.763, 40.669 ], [ -73.763, 40.669 ], [ -73.763, 40.671 ], [ -73.763, 40.67 ], [ -73.763, 40.671 ], [ -73.763, 40.671 ], [ -73.763, 40.672 ], [ -73.762, 40.672 ], [ -73.763, 40.672 ], [ -73.764, 40.673 ], [ -73.764, 40.675 ], [ -73.763, 40.675 ], [ -73.762, 40.674 ], [ -73.761, 40.674 ], [ -73.761, 40.674 ], [ -73.761, 40.674 ], [ -73.761, 40.674 ], [ -73.761, 40.674 ], [ -73.761, 40.675 ], [ -73.76, 40.675 ], [ -73.759, 40.675 ], [ -73.758, 40.676 ], [ -73.758, 40.676 ], [ -73.76, 40.679 ], [ -73.759, 40.679 ], [ -73.758, 40.679 ], [ -73.76, 40.681 ], [ -73.761, 40.683 ], [ -73.76, 40.684 ], [ -73.761, 40.685 ], [ -73.758, 40.686 ], [ -73.758, 40.686 ], [ -73.757, 40.686 ], [ -73.758, 40.686 ], [ -73.756, 40.687 ], [ -73.756, 40.687 ], [ -73.755, 40.687 ], [ -73.755, 40.687 ], [ -73.755, 40.687 ], [ -73.755, 40.687 ], [ -73.755, 40.687 ], [ -73.754, 40.687 ], [ -73.754, 40.687 ], [ -73.753, 40.688 ], [ -73.75, 40.689 ], [ -73.75, 40.689 ], [ -73.75, 40.689 ], [ -73.749, 40.688 ], [ -73.748, 40.69 ], [ -73.747, 40.69 ], [ -73.748, 40.689 ], [ -73.747, 40.689 ], [ -73.747, 40.689 ], [ -73.738, 40.686 ], [ -73.737, 40.687 ], [ -73.735, 40.686 ], [ -73.734, 40.685 ], [ -73.734, 40.685 ], [ -73.732, 40.685 ], [ -73.734, 40.68 ], [ -73.734, 40.68 ], [ -73.735, 40.68 ], [ -73.735, 40.679 ], [ -73.735, 40.679 ], [ -73.735, 40.678 ], [ -73.735, 40.678 ], [ -73.736, 40.678 ], [ -73.737, 40.676 ], [ -73.736, 40.676 ], [ -73.737, 40.675 ], [ -73.737, 40.675 ], [ -73.737, 40.675 ], [ -73.738, 40.675 ], [ -73.742, 40.667 ], [ -73.742, 40.667 ], [ -73.742, 40.667 ], [ -73.741, 40.667 ], [ -73.741, 40.666 ], [ -73.739, 40.666 ], [ -73.74, 40.665 ], [ -73.743, 40.665 ], [ -73.744, 40.663 ], [ -73.745, 40.664 ], [ -73.746, 40.662 ], [ -73.747, 40.661 ], [ -73.747, 40.66 ], [ -73.747, 40.659 ], [ -73.747, 40.659 ], [ -73.748, 40.659 ], [ -73.748, 40.659 ], [ -73.749, 40.658 ], [ -73.747, 40.658 ], [ -73.747, 40.657 ], [ -73.748, 40.657 ], [ -73.749, 40.656 ], [ -73.748, 40.655 ], [ -73.748, 40.654 ], [ -73.749, 40.654 ], [ -73.749, 40.653 ], [ -73.748, 40.653 ], [ -73.748, 40.653 ], [ -73.746, 40.653 ], [ -73.747, 40.652 ], [ -73.746, 40.652 ], [ -73.746, 40.65 ], [ -73.746, 40.65 ], [ -73.746, 40.65 ], [ -73.746, 40.65 ], [ -73.746, 40.65 ], [ -73.746, 40.65 ], [ -73.746, 40.649 ], [ -73.746, 40.649 ], [ -73.746, 40.649 ], [ -73.746, 40.648 ], [ -73.747, 40.647 ], [ -73.747, 40.647 ], [ -73.747, 40.647 ], [ -73.748, 40.645 ], [ -73.764, 40.655 ], [ -73.767, 40.656 ], [ -73.766, 40.656 ], [ -73.766, 40.659 ], [ -73.768, 40.658 ], [ -73.768, 40.66 ], [ -73.766, 40.66 ], [ -73.766, 40.66 ], [ -73.767, 40.66 ], [ -73.767, 40.661 ], [ -73.766, 40.661 ], [ -73.766, 40.661 ], [ -73.768, 40.661 ], [ -73.768, 40.662 ] ] ] } },
{ "type": "Feature", "properties": { "zcta5ce20": "10465", "distributed_trips": 36.2 }, "geometry": { "type": "Polygon", "coordinates": [ [ [ -73.842, 40.829 ], [ -73.842, 40.829 ], [ -73.839, 40.83 ], [ -73.838, 40.83 ], [ -73.837, 40.83 ], [ -73.838, 40.833 ], [ -73.838, 40.835 ], [ -73.837, 40.836 ], [ -73.836, 40.836 ], [ -73.835, 40.834 ], [ -73.832, 40.835 ], [ -73.83, 40.835 ], [ -73.829, 40.834 ], [ -73.829, 40.834 ], [ -73.828, 40.833 ], [ -73.826, 40.835 ], [ -73.826, 40.835 ], [ -73.825, 40.836 ], [ -73.826, 40.837 ], [ -73.826, 40.838 ], [ -73.826, 40.843 ], [ -73.826, 40.843 ], [ -73.826, 40.846 ], [ -73.826, 40.846 ], [ -73.827, 40.848 ], [ -73.827, 40.85 ], [ -73.827, 40.851 ], [ -73.827, 40.852 ], [ -73.826, 40.853 ], [ -73.826, 40.854 ], [ -73.826, 40.854 ], [ -73.826, 40.855 ], [ -73.827, 40.856 ], [ -73.827, 40.857 ], [ -73.827, 40.859 ], [ -73.82, 40.861 ], [ -73.819, 40.862 ], [ -73.818, 40.862 ], [ -73.82, 40.86 ], [ -73.821, 40.86 ], [ -73.82, 40.86 ], [ -73.818, 40.861 ], [ -73.817, 40.861 ], [ -73.816, 40.861 ], [ -73.814, 40.861 ], [ -73.813, 40.86 ], [ -73.813, 40.859 ], [ -73.812, 40.854 ], [ -73.816, 40.854 ], [ -73.816, 40.854 ], [ -73.817, 40.853 ], [ -73.817, 40.852 ], [ -73.816, 40.851 ], [ -73.816, 40.851 ], [ -73.816, 40.85 ], [ -73.815, 40.849 ], [ -73.816, 40.849 ], [ -73.816, 40.848 ], [ -73.816, 40.846 ], [ -73.816, 40.846 ], [ -73.815, 40.846 ], [ -73.815, 40.846 ], [ -73.815, 40.846 ], [ -73.815, 40.846 ], [ -73.815, 40.845 ], [ -73.814, 40.846 ], [ -73.814, 40.846 ], [ -73.815, 40.845 ], [ -73.815, 40.845 ], [ -73.815, 40.844 ], [ -73.814, 40.845 ], [ -73.814, 40.844 ], [ -73.813, 40.844 ], [ -73.814, 40.844 ], [ -73.815, 40.843 ], [ -73.815, 40.844 ], [ -73.816, 40.844 ], [ -73.816, 40.844 ], [ -73.819, 40.844 ], [ -73.817, 40.844 ], [ -73.816, 40.842 ], [ -73.815, 40.839 ], [ -73.816, 40.839 ], [ -73.816, 40.838 ], [ -73.816, 40.836 ], [ -73.816, 40.834 ], [ -73.815, 40.831 ], [ -73.813, 40.829 ], [ -73.813, 40.828 ], [ -73.814, 40.827 ], [ -73.814, 40.826 ], [ -73.814, 40.826 ], [ -73.814, 40.825 ], [ -73.814, 40.824 ], [ -73.813, 40.824 ], [ -73.813, 40.824 ], [ -73.812, 40.825 ], [ -73.812, 40.824 ], [ -73.808, 40.826 ], [ -73.807, 40.825 ], [ -73.806, 40.824 ], [ -73.806, 40.823 ], [ -73.806, 40.822 ], [ -73.806, 40.822 ], [ -73.806, 40.821 ], [ -73.806, 40.821 ], [ -73.806, 40.82 ], [ -73.803, 40.818 ], [ -73.802, 40.818 ], [ -73.801, 40.818 ], [ -73.801, 40.818 ], [ -73.8, 40.818 ], [ -73.8, 40.818 ], [ -73.799, 40.817 ], [ -73.798, 40.817 ], [ -73.798, 40.817 ], [ -73.798, 40.816 ], [ -73.798, 40.816 ], [ -73.798, 40.816 ], [ -73.799, 40.816 ], [ -73.799, 40.816 ], [ -73.8, 40.814 ], [ -73.802, 40.814 ], [ -73.802, 40.813 ], [ -73.802, 40.813 ], [ -73.802, 40.813 ], [ -73.802, 40.813 ], [ -73.803, 40.812 ], [ -73.803, 40.813 ], [ -73.803, 40.813 ], [ -73.803, 40.814 ], [ -73.805, 40.816 ], [ -73.806, 40.816 ], [ -73.806, 40.817 ], [ -73.807, 40.817 ], [ -73.807, 40.816 ], [ -73.806, 40.815 ], [ -73.805, 40.815 ], [ -73.805, 40.813 ], [ -73.805, 40.813 ], [ -73.805, 40.812 ], [ -73.804, 40.812 ], [ -73.804, 40.812 ], [ -73.803, 40.812 ], [ -73.803, 40.811 ], [ -73.802, 40.81 ], [ -73.802, 40.81 ], [ -73.801, 40.811 ], [ -73.801, 40.81 ], [ -73.801, 40.81 ], [ -73.8, 40.81 ], [ -73.799, 40.81 ], [ -73.796, 40.808 ], [ -73.793, 40.807 ], [ -73.792, 40.807 ], [ -73.791, 40.807 ], [ -73.791, 40.807 ], [ -73.791, 40.807 ], [ -73.791, 40.807 ], [ -73.791, 40.807 ], [ -73.791, 40.807 ], [ -73.79, 40.806 ], [ -73.79, 40.806 ], [ -73.79, 40.805 ], [ -73.791, 40.804 ], [ -73.792, 40.804 ], [ -73.793, 40.804 ], [ -73.794, 40.805 ], [ -73.794, 40.805 ], [ -73.795, 40.805 ], [ -73.794, 40.805 ], [ -73.795, 40.804 ], [ -73.797, 40.805 ], [ -73.797, 40.806 ], [ -73.795, 40.805 ], [ -73.794, 40.805 ], [ -73.794, 40.805 ], [ -73.795, 40.806 ], [ -73.796, 40.806 ], [ -73.796, 40.806 ], [ -73.796, 40.806 ], [ -73.796, 40.806 ], [ -73.797, 40.806 ], [ -73.799, 40.807 ], [ -73.8, 40.808 ], [ -73.801, 40.808 ], [ -73.802, 40.809 ], [ -73.803, 40.809 ], [ -73.804, 40.809 ], [ -73.804, 40.809 ], [ -73.804, 40.808 ], [ -73.804, 40.809 ], [ -73.805, 40.81 ], [ -73.806, 40.81 ], [ -73.807, 40.811 ], [ -73.809, 40.812 ], [ -73.81, 40.813 ], [ -73.81, 40.813 ], [ -73.811, 40.813 ], [ -73.811, 40.813 ], [ -73.812, 40.813 ], [ -73.813, 40.813 ], [ -73.817, 40.814 ], [ -73.82, 40.813 ], [ -73.82, 40.813 ], [ -73.823, 40.813 ], [ -73.825, 40.812 ], [ -73.826, 40.811 ], [ -73.83, 40.811 ], [ -73.83, 40.811 ], [ -73.832, 40.809 ], [ -73.832, 40.809 ], [ -73.832, 40.807 ], [ -73.832, 40.807 ], [ -73.831, 40.807 ], [ -73.832, 40.806 ], [ -73.832, 40.806 ], [ -73.832, 40.805 ], [ -73.832, 40.805 ], [ -73.833, 40.805 ], [ -73.835, 40.805 ], [ -73.837, 40.806 ], [ -73.838, 40.806 ], [ -73.839, 40.808 ], [ -73.84, 40.812 ], [ -73.84, 40.815 ], [ -73.84, 40.816 ], [ -73.84, 40.817 ], [ -73.84, 40.819 ], [ -73.839, 40.82 ], [ -73.839, 40.82 ], [ -73.839, 40.822 ], [ -73.839, 40.823 ], [ -73.841, 40.826 ], [ -73.842, 40.828 ], [ -73.842, 40.828 ], [ -73.843, 40.828 ], [ -73.843, 40.829 ], [ -73.842, 40.829 ] ] ] } },
{ "type": "Feature", "properties": { "zcta5ce20": "11693", "distributed_trips": 15.7 }, "geometry": { "type": "MultiPolygon", "coordinates": [ [ [ [ -73.819, 40.588 ], [ -73.819, 40.588 ], [ -73.819, 40.588 ], [ -73.817, 40.589 ], [ -73.818, 40.589 ], [ -73.817, 40.589 ], [ -73.817, 40.589 ], [ -73.817, 40.589 ], [ -73.817, 40.589 ], [ -73.817, 40.589 ], [ -73.817, 40.589 ], [ -73.816, 40.59 ], [ -73.816, 40.59 ], [ -73.816, 40.59 ], [ -73.815, 40.59 ], [ -73.815, 40.59 ], [ -73.815, 40.591 ], [ -73.814, 40.591 ], [ -73.813, 40.591 ], [ -73.814, 40.592 ], [ -73.813, 40.591 ], [ -73.813, 40.591 ], [ -73.813, 40.591 ], [ -73.812, 40.591 ], [ -73.812, 40.591 ], [ -73.812, 40.592 ], [ -73.812, 40.591 ], [ -73.811, 40.592 ], [ -73.811, 40.592 ], [ -73.812, 40.592 ], [ -73.811, 40.593 ], [ -73.811, 40.593 ], [ -73.811, 40.593 ], [ -73.811, 40.592 ], [ -73.811, 40.592 ], [ -73.811, 40.592 ], [ -73.811, 40.592 ], [ -73.81, 40.592 ], [ -73.81, 40.592 ], [ -73.81, 40.593 ], [ -73.81, 40.593 ], [ -73.81, 40.593 ], [ -73.809, 40.593 ], [ -73.81, 40.594 ], [ -73.808, 40.593 ], [ -73.808, 40.593 ], [ -73.808, 40.593 ], [ -73.807, 40.593 ], [ -73.806, 40.592 ], [ -73.806, 40.592 ], [ -73.806, 40.591 ], [ -73.806, 40.591 ], [ -73.806, 40.592 ], [ -73.804, 40.591 ], [ -73.804, 40.592 ], [ -73.806, 40.593 ], [ -73.806, 40.593 ], [ -73.806, 40.593 ], [ -73.807, 40.593 ], [ -73.807, 40.593 ], [ -73.807, 40.593 ], [ -73.807, 40.593 ], [ -73.807, 40.593 ], [ -73.808, 40.593 ], [ -73.808, 40.593 ], [ -73.808, 40.594 ], [ -73.808, 40.594 ], [ -73.808, 40.594 ], [ -73.808, 40.595 ], [ -73.807, 40.595 ], [ -73.808, 40.595 ], [ -73.807, 40.595 ], [ -73.807, 40.595 ], [ -73.806, 40.596 ], [ -73.805, 40.595 ], [ -73.805, 40.595 ], [ -73.804, 40.594 ], [ -73.804, 40.593 ], [ -73.804, 40.593 ], [ -73.804, 40.593 ], [ -73.803, 40.593 ], [ -73.803, 40.593 ], [ -73.802, 40.593 ], [ -73.802, 40.593 ], [ -73.803, 40.592 ], [ -73.803, 40.591 ], [ -73.805, 40.59 ], [ -73.805, 40.59 ], [ -73.805, 40.59 ], [ -73.805, 40.59 ], [ -73.805, 40.59 ], [ -73.805, 40.589 ], [ -73.805, 40.589 ], [ -73.805, 40.589 ], [ -73.805, 40.588 ], [ -73.804, 40.588 ], [ -73.804, 40.587 ], [ -73.802, 40.587 ], [ -73.802, 40.586 ], [ -73.801, 40.585 ], [ -73.802, 40.585 ], [ -73.803, 40.585 ], [ -73.804, 40.585 ], [ -73.805, 40.585 ], [ -73.806, 40.585 ], [ -73.808, 40.584 ], [ -73.809, 40.584 ], [ -73.809, 40.584 ], [ -73.814, 40.584 ], [ -73.816, 40.583 ], [ -73.816, 40.583 ], [ -73.816, 40.583 ], [ -73.818, 40.583 ], [ -73.819, 40.585 ], [ -73.82, 40.585 ], [ -73.82, 40.585 ], [ -73.819, 40.585 ], [ -73.82, 40.586 ], [ -73.819, 40.586 ], [ -73.82, 40.587 ], [ -73.819, 40.588 ] ], [ [ -73.81, 40.593 ], [ -73.81, 40.592 ], [ -73.81, 40.592 ], [ -73.81, 40.593 ] ] ], [ [ [ -73.812, 40.593 ], [ -73.811, 40.593 ], [ -73.811, 40.593 ], [ -73.812, 40.593 ] ] ], [ [ [ -73.834, 40.597 ], [ -73.834, 40.597 ], [ -73.833, 40.597 ], [ -73.833, 40.598 ], [ -73.832, 40.598 ], [ -73.832, 40.598 ], [ -73.831, 40.598 ], [ -73.831, 40.597 ], [ -73.83, 40.598 ], [ -73.829, 40.598 ], [ -73.829, 40.598 ], [ -73.829, 40.598 ], [ -73.828, 40.598 ], [ -73.828, 40.598 ], [ -73.828, 40.598 ], [ -73.827, 40.598 ], [ -73.827, 40.599 ], [ -73.827, 40.599 ], [ -73.827, 40.599 ], [ -73.826, 40.599 ], [ -73.826, 40.599 ], [ -73.826, 40.599 ], [ -73.826, 40.598 ], [ -73.825, 40.598 ], [ -73.824, 40.598 ], [ -73.824, 40.599 ], [ -73.824, 40.599 ], [ -73.824, 40.599 ], [ -73.824, 40.6 ], [ -73.823, 40.6 ], [ -73.823, 40.6 ], [ -73.822, 40.6 ], [ -73.822, 40.6 ], [ -73.822, 40.6 ], [ -73.822, 40.6 ], [ -73.822, 40.6 ], [ -73.822, 40.6 ], [ -73.824, 40.6 ], [ -73.825, 40.601 ], [ -73.824, 40.601 ], [ -73.824, 40.601 ], [ -73.824, 40.601 ], [ -73.823, 40.602 ], [ -73.824, 40.602 ], [ -73.823, 40.602 ], [ -73.823, 40.603 ], [ -73.823, 40.604 ], [ -73.823, 40.605 ], [ -73.823, 40.605 ], [ -73.823, 40.605 ], [ -73.823, 40.606 ], [ -73.823, 40.606 ], [ -73.822, 40.606 ], [ -73.822, 40.606 ], [ -73.822, 40.607 ], [ -73.822, 40.607 ], [ -73.821, 40.607 ], [ -73.821, 40.607 ], [ -73.82, 40.609 ], [ -73.82, 40.611 ], [ -73.82, 40.612 ], [ -73.82, 40.612 ], [ -73.821, 40.612 ], [ -73.821, 40.612 ], [ -73.821, 40.612 ], [ -73.821, 40.612 ], [ -73.821, 40.611 ], [ -73.821, 40.611 ], [ -73.821, 40.611 ], [ -73.821, 40.611 ], [ -73.821, 40.611 ], [ -73.82, 40.61 ], [ -73.821, 40.61 ], [ -73.821, 40.609 ], [ -73.821, 40.609 ], [ -73.821, 40.609 ], [ -73.822, 40.609 ], [ -73.822, 40.609 ], [ -73.822, 40.609 ], [ -73.822, 40.61 ], [ -73.822, 40.61 ], [ -73.823, 40.61 ], [ -73.823, 40.61 ], [ -73.823, 40.611 ], [ -73.824, 40.612 ], [ -73.824, 40.612 ], [ -73.824, 40.613 ], [ -73.822, 40.615 ], [ -73.821, 40.615 ], [ -73.82, 40.615 ], [ -73.818, 40.614 ], [ -73.817, 40.615 ], [ -73.817, 40.615 ], [ -73.816, 40.614 ], [ -73.816, 40.614 ], [ -73.816, 40.614 ], [ -73.816, 40.614 ], [ -73.815, 40.614 ], [ -73.815, 40.614 ], [ -73.815, 40.615 ], [ -73.814, 40.615 ], [ -73.814, 40.614 ], [ -73.814, 40.614 ], [ -73.815, 40.614 ], [ -73.815, 40.614 ], [ -73.815, 40.614 ], [ -73.816, 40.614 ], [ -73.815, 40.613 ], [ -73.815, 40.613 ], [ -73.815, 40.613 ], [ -73.815, 40.613 ], [ -73.816, 40.613 ], [ -73.816, 40.613 ], [ -73.816, 40.613 ], [ -73.816, 40.613 ], [ -73.816, 40.612 ], [ -73.816, 40.611 ], [ -73.816, 40.611 ], [ -73.815, 40.61 ], [ -73.815, 40.611 ], [ -73.814, 40.611 ], [ -73.814, 40.611 ], [ -73.815, 40.611 ], [ -73.815, 40.61 ], [ -73.815, 40.61 ], [ -73.815, 40.609 ], [ -73.815, 40.608 ], [ -73.815, 40.607 ], [ -73.816, 40.607 ], [ -73.816, 40.606 ], [ -73.816, 40.606 ], [ -73.816, 40.606 ], [ -73.816, 40.606 ], [ -73.816, 40.606 ], [ -73.816, 40.605 ], [ -73.817, 40.605 ], [ -73.817, 40.604 ], [ -73.818, 40.602 ], [ -73.818, 40.601 ], [ -73.819, 40.599 ], [ -73.819, 40.598 ], [ -73.82, 40.598 ], [ -73.82, 40.597 ], [ -73.82, 40.596 ], [ -73.82, 40.596 ], [ -73.821, 40.596 ], [ -73.821, 40.595 ], [ -73.821, 40.595 ], [ -73.823, 40.595 ], [ -73.824, 40.595 ], [ -73.825, 40.595 ], [ -73.826, 40.595 ], [ -73.829, 40.595 ], [ -73.83, 40.595 ], [ -73.832, 40.595 ], [ -73.834, 40.595 ], [ -73.835, 40.595 ], [ -73.835, 40.596 ], [ -73.834, 40.597 ] ] ], [ [ [ -73.825, 40.599 ], [ -73.825, 40.598 ], [ -73.825, 40.598 ], [ -73.825, 40.599 ], [ -73.825, 40.599 ], [ -73.824, 40.599 ], [ -73.825, 40.599 ] ] ], [ [ [ -73.816, 40.606 ], [ -73.816, 40.606 ], [ -73.816, 40.606 ], [ -73.816, 40.606 ] ] ] ] } },
{ "type": "Feature", "properties": { "zcta5ce20": "11214", "distributed_trips": 210.7 }, "geometry": { "type": "Polygon", "coordinates": [ [ [ -74.014, 40.602 ], [ -74.014, 40.603 ], [ -74.014, 40.604 ], [ -74.014, 40.604 ], [ -74.011, 40.607 ], [ -74.011, 40.606 ], [ -74.01, 40.607 ], [ -74.011, 40.607 ], [ -74.01, 40.608 ], [ -74.009, 40.608 ], [ -74.009, 40.608 ], [ -74.009, 40.609 ], [ -74.008, 40.61 ], [ -74.008, 40.61 ], [ -74.008, 40.61 ], [ -74.008, 40.61 ], [ -74.004, 40.613 ], [ -74.004, 40.613 ], [ -74.004, 40.614 ], [ -74.004, 40.614 ], [ -74.003, 40.615 ], [ -74.003, 40.615 ], [ -74.001, 40.616 ], [ -73.998, 40.615 ], [ -73.998, 40.614 ], [ -73.997, 40.613 ], [ -73.996, 40.614 ], [ -73.996, 40.613 ], [ -73.996, 40.613 ], [ -73.992, 40.611 ], [ -73.992, 40.611 ], [ -73.992, 40.611 ], [ -73.992, 40.611 ], [ -73.992, 40.61 ], [ -73.988, 40.608 ], [ -73.987, 40.608 ], [ -73.987, 40.608 ], [ -73.988, 40.607 ], [ -73.988, 40.607 ], [ -73.988, 40.607 ], [ -73.988, 40.607 ], [ -73.988, 40.606 ], [ -73.987, 40.607 ], [ -73.987, 40.605 ], [ -73.987, 40.605 ], [ -73.987, 40.604 ], [ -73.985, 40.595 ], [ -73.986, 40.594 ], [ -73.985, 40.594 ], [ -73.983, 40.586 ], [ -73.984, 40.586 ], [ -73.984, 40.585 ], [ -73.983, 40.585 ], [ -73.983, 40.584 ], [ -73.982, 40.584 ], [ -73.98, 40.583 ], [ -73.981, 40.582 ], [ -73.981, 40.582 ], [ -73.981, 40.582 ], [ -73.982, 40.582 ], [ -73.983, 40.583 ], [ -73.983, 40.583 ], [ -73.984, 40.583 ], [ -73.986, 40.582 ], [ -73.986, 40.582 ], [ -73.986, 40.582 ], [ -73.987, 40.581 ], [ -73.987, 40.581 ], [ -73.987, 40.58 ], [ -73.988, 40.58 ], [ -73.989, 40.58 ], [ -73.989, 40.58 ], [ -73.989, 40.58 ], [ -73.99, 40.58 ], [ -73.99, 40.581 ], [ -73.99, 40.582 ], [ -73.989, 40.583 ], [ -73.988, 40.584 ], [ -73.989, 40.584 ], [ -73.989, 40.585 ], [ -73.991, 40.586 ], [ -73.992, 40.587 ], [ -73.993, 40.588 ], [ -73.998, 40.585 ], [ -73.998, 40.586 ], [ -73.999, 40.586 ], [ -73.999, 40.586 ], [ -74.0, 40.586 ], [ -73.999, 40.586 ], [ -73.998, 40.587 ], [ -73.999, 40.587 ], [ -73.999, 40.587 ], [ -73.998, 40.587 ], [ -73.998, 40.587 ], [ -73.998, 40.587 ], [ -73.994, 40.588 ], [ -73.994, 40.588 ], [ -73.995, 40.588 ], [ -73.997, 40.587 ], [ -73.997, 40.587 ], [ -73.994, 40.589 ], [ -73.994, 40.589 ], [ -73.995, 40.589 ], [ -73.995, 40.589 ], [ -73.995, 40.589 ], [ -73.995, 40.589 ], [ -73.996, 40.589 ], [ -73.996, 40.589 ], [ -73.998, 40.588 ], [ -74.0, 40.587 ], [ -74.0, 40.587 ], [ -74.0, 40.587 ], [ -74.0, 40.586 ], [ -74.001, 40.587 ], [ -74.0, 40.587 ], [ -73.998, 40.589 ], [ -73.998, 40.588 ], [ -73.999, 40.589 ], [ -73.999, 40.589 ], [ -73.999, 40.589 ], [ -73.999, 40.589 ], [ -73.999, 40.59 ], [ -73.999, 40.59 ], [ -73.998, 40.59 ], [ -73.998, 40.59 ], [ -73.998, 40.591 ], [ -73.998, 40.591 ], [ -73.997, 40.591 ], [ -73.997, 40.592 ], [ -73.998, 40.592 ], [ -73.999, 40.591 ], [ -74.0, 40.591 ], [ -74.0, 40.591 ], [ -74.0, 40.592 ], [ -74.0, 40.592 ], [ -73.999, 40.592 ], [ -73.999, 40.593 ], [ -73.999, 40.593 ], [ -73.999, 40.593 ], [ -73.999, 40.593 ], [ -73.999, 40.594 ], [ -74.001, 40.593 ], [ -74.002, 40.594 ], [ -74.003, 40.596 ], [ -74.004, 40.596 ], [ -74.004, 40.597 ], [ -74.01, 40.6 ], [ -74.012, 40.601 ], [ -74.015, 40.602 ], [ -74.014, 40.602 ] ] ] } },
{ "type": "Feature", "properties": { "zcta5ce20": "11224", "distributed_trips": 162.4 }, "geometry": { "type": "MultiPolygon", "coordinates": [ [ [ [ -74.013, 40.578 ], [ -74.012, 40.579 ], [ -74.011, 40.58 ], [ -74.01, 40.581 ], [ -74.009, 40.581 ], [ -74.008, 40.582 ], [ -74.007, 40.582 ], [ -74.005, 40.582 ], [ -74.004, 40.582 ], [ -74.003, 40.582 ], [ -74.0, 40.581 ], [ -73.999, 40.582 ], [ -73.998, 40.582 ], [ -73.998, 40.582 ], [ -73.998, 40.581 ], [ -73.998, 40.581 ], [ -73.998, 40.581 ], [ -73.996, 40.58 ], [ -73.993, 40.579 ], [ -73.991, 40.579 ], [ -73.991, 40.58 ], [ -73.988, 40.58 ], [ -73.987, 40.58 ], [ -73.987, 40.581 ], [ -73.987, 40.581 ], [ -73.986, 40.582 ], [ -73.986, 40.582 ], [ -73.986, 40.582 ], [ -73.984, 40.583 ], [ -73.983, 40.583 ], [ -73.983, 40.583 ], [ -73.982, 40.582 ], [ -73.981, 40.582 ], [ -73.981, 40.582 ], [ -73.98, 40.583 ], [ -73.978, 40.583 ], [ -73.976, 40.583 ], [ -73.975, 40.583 ], [ -73.975, 40.583 ], [ -73.971, 40.583 ], [ -73.971, 40.582 ], [ -73.968, 40.582 ], [ -73.969, 40.58 ], [ -73.969, 40.579 ], [ -73.969, 40.578 ], [ -73.97, 40.578 ], [ -73.969, 40.578 ], [ -73.97, 40.576 ], [ -73.969, 40.575 ], [ -73.967, 40.575 ], [ -73.965, 40.575 ], [ -73.959, 40.575 ], [ -73.959, 40.574 ], [ -73.96, 40.574 ], [ -73.964, 40.574 ], [ -73.967, 40.573 ], [ -73.968, 40.573 ], [ -73.967, 40.573 ], [ -73.968, 40.573 ], [ -73.968, 40.573 ], [ -73.969, 40.573 ], [ -73.971, 40.573 ], [ -73.971, 40.573 ], [ -73.971, 40.572 ], [ -73.971, 40.572 ], [ -73.972, 40.573 ], [ -73.972, 40.573 ], [ -73.972, 40.573 ], [ -73.973, 40.572 ], [ -73.973, 40.572 ], [ -73.973, 40.572 ], [ -73.974, 40.572 ], [ -73.974, 40.572 ], [ -73.975, 40.572 ], [ -73.975, 40.571 ], [ -73.975, 40.571 ], [ -73.976, 40.572 ], [ -73.976, 40.572 ], [ -73.978, 40.572 ], [ -73.978, 40.572 ], [ -73.978, 40.571 ], [ -73.978, 40.571 ], [ -73.978, 40.571 ], [ -73.978, 40.572 ], [ -73.979, 40.572 ], [ -73.98, 40.572 ], [ -73.979, 40.571 ], [ -73.979, 40.571 ], [ -73.98, 40.571 ], [ -73.98, 40.572 ], [ -73.981, 40.572 ], [ -73.982, 40.572 ], [ -73.982, 40.571 ], [ -73.982, 40.571 ], [ -73.982, 40.571 ], [ -73.982, 40.571 ], [ -73.982, 40.572 ], [ -73.982, 40.572 ], [ -73.984, 40.571 ], [ -73.984, 40.571 ], [ -73.984, 40.571 ], [ -73.985, 40.571 ], [ -73.986, 40.571 ], [ -73.988, 40.571 ], [ -73.989, 40.571 ], [ -73.989, 40.571 ], [ -73.989, 40.571 ], [ -73.99, 40.571 ], [ -73.991, 40.571 ], [ -73.991, 40.57 ], [ -73.991, 40.571 ], [ -73.993, 40.571 ], [ -73.993, 40.57 ], [ -73.993, 40.57 ], [ -73.993, 40.57 ], [ -73.995, 40.57 ], [ -73.995, 40.57 ], [ -73.995, 40.57 ], [ -73.995, 40.57 ], [ -73.996, 40.57 ], [ -73.997, 40.57 ], [ -73.997, 40.57 ], [ -73.998, 40.57 ], [ -73.998, 40.57 ], [ -73.999, 40.57 ], [ -74.0, 40.571 ], [ -74.0, 40.57 ], [ -74.0, 40.571 ], [ -74.0, 40.571 ], [ -74.002, 40.57 ], [ -74.002, 40.57 ], [ -74.002, 40.57 ], [ -74.002, 40.571 ], [ -74.003, 40.572 ], [ -74.003, 40.572 ], [ -74.003, 40.572 ], [ -74.003, 40.572 ], [ -74.003, 40.572 ], [ -74.004, 40.572 ], [ -74.004, 40.572 ], [ -74.004, 40.572 ], [ -74.004, 40.572 ], [ -74.004, 40.573 ], [ -74.007, 40.574 ], [ -74.011, 40.574 ], [ -74.011, 40.574 ], [ -74.01, 40.574 ], [ -74.01, 40.574 ], [ -74.011, 40.574 ], [ -74.012, 40.575 ], [ -74.013, 40.578 ] ] ], [ [ [ -73.969, 40.573 ], [ -73.969, 40.572 ], [ -73.969, 40.572 ], [ -73.969, 40.573 ] ] ] ] } },
{ "type": "Feature", "properties": { "zcta5ce20": "11424", "distributed_trips": 0.6 }, "geometry": { "type": "Polygon", "coordinates": [ [ [ -73.831, 40.714 ], [ -73.827, 40.715 ], [ -73.826, 40.714 ], [ -73.827, 40.713 ], [ -73.831, 40.714 ] ] ] } },
{ "type": "Feature", "properties": { "zcta5ce20": "10304", "distributed_trips": 0.7 }, "geometry": { "type": "Polygon", "coordinates": [ [ [ -74.122, 40.586 ], [ -74.12, 40.588 ], [ -74.121, 40.588 ], [ -74.117, 40.594 ], [ -74.116, 40.596 ], [ -74.115, 40.597 ], [ -74.113, 40.596 ], [ -74.111, 40.597 ], [ -74.111, 40.598 ], [ -74.113, 40.6 ], [ -74.109, 40.601 ], [ -74.109, 40.601 ], [ -74.108, 40.601 ], [ -74.106, 40.602 ], [ -74.104, 40.602 ], [ -74.101, 40.603 ], [ -74.101, 40.604 ], [ -74.1, 40.605 ], [ -74.098, 40.604 ], [ -74.097, 40.604 ], [ -74.097, 40.605 ], [ -74.097, 40.605 ], [ -74.097, 40.605 ], [ -74.097, 40.605 ], [ -74.097, 40.605 ], [ -74.097, 40.606 ], [ -74.097, 40.606 ], [ -74.097, 40.607 ], [ -74.096, 40.607 ], [ -74.096, 40.608 ], [ -74.097, 40.608 ], [ -74.097, 40.608 ], [ -74.096, 40.609 ], [ -74.096, 40.609 ], [ -74.095, 40.609 ], [ -74.095, 40.61 ], [ -74.097, 40.609 ], [ -74.097, 40.609 ], [ -74.097, 40.61 ], [ -74.097, 40.61 ], [ -74.097, 40.61 ], [ -74.097, 40.61 ], [ -74.099, 40.612 ], [ -74.098, 40.613 ], [ -74.097, 40.615 ], [ -74.096, 40.616 ], [ -74.096, 40.614 ], [ -74.094, 40.613 ], [ -74.094, 40.612 ], [ -74.095, 40.612 ], [ -74.093, 40.611 ], [ -74.093, 40.612 ], [ -74.091, 40.612 ], [ -74.091, 40.612 ], [ -74.092, 40.612 ], [ -74.091, 40.612 ], [ -74.091, 40.613 ], [ -74.091, 40.613 ], [ -74.091, 40.614 ], [ -74.091, 40.614 ], [ -74.093, 40.615 ], [ -74.093, 40.616 ], [ -74.093, 40.618 ], [ -74.092, 40.618 ], [ -74.091, 40.618 ], [ -74.091, 40.617 ], [ -74.09, 40.617 ], [ -74.091, 40.617 ], [ -74.09, 40.617 ], [ -74.088, 40.617 ], [ -74.088, 40.618 ], [ -74.088, 40.619 ], [ -74.088, 40.62 ], [ -74.088, 40.62 ], [ -74.088, 40.621 ], [ -74.087, 40.621 ], [ -74.087, 40.621 ], [ -74.087, 40.621 ], [ -74.087, 40.622 ], [ -74.087, 40.622 ], [ -74.087, 40.622 ], [ -74.088, 40.622 ], [ -74.088, 40.622 ], [ -74.088, 40.623 ], [ -74.087, 40.623 ], [ -74.087, 40.624 ], [ -74.088, 40.624 ], [ -74.088, 40.625 ], [ -74.086, 40.625 ], [ -74.086, 40.626 ], [ -74.085, 40.626 ], [ -74.086, 40.626 ], [ -74.086, 40.627 ], [ -74.087, 40.627 ], [ -74.088, 40.627 ], [ -74.088, 40.627 ], [ -74.088, 40.627 ], [ -74.088, 40.629 ], [ -74.086, 40.629 ], [ -74.086, 40.629 ], [ -74.087, 40.629 ], [ -74.086, 40.63 ], [ -74.088, 40.631 ], [ -74.086, 40.634 ], [ -74.085, 40.634 ], [ -74.085, 40.634 ], [ -74.084, 40.635 ], [ -74.084, 40.635 ], [ -74.082, 40.634 ], [ -74.082, 40.635 ], [ -74.083, 40.635 ], [ -74.082, 40.635 ], [ -74.082, 40.635 ], [ -74.081, 40.636 ], [ -74.081, 40.636 ], [ -74.082, 40.633 ], [ -74.082, 40.633 ], [ -74.081, 40.633 ], [ -74.08, 40.633 ], [ -74.08, 40.632 ], [ -74.081, 40.632 ], [ -74.081, 40.632 ], [ -74.081, 40.631 ], [ -74.082, 40.631 ], [ -74.081, 40.63 ], [ -74.079, 40.632 ], [ -74.079, 40.633 ], [ -74.079, 40.633 ], [ -74.078, 40.633 ], [ -74.077, 40.633 ], [ -74.077, 40.633 ], [ -74.077, 40.633 ], [ -74.077, 40.632 ], [ -74.076, 40.632 ], [ -74.075, 40.633 ], [ -74.075, 40.634 ], [ -74.076, 40.636 ], [ -74.074, 40.636 ], [ -74.073, 40.637 ], [ -74.074, 40.638 ], [ -74.073, 40.638 ], [ -74.073, 40.638 ], [ -74.074, 40.638 ], [ -74.073, 40.637 ], [ -74.072, 40.637 ], [ -74.073, 40.636 ], [ -74.073, 40.636 ], [ -74.073, 40.636 ], [ -74.073, 40.636 ], [ -74.073, 40.636 ], [ -74.073, 40.634 ], [ -74.073, 40.632 ], [ -74.073, 40.632 ], [ -74.073, 40.632 ], [ -74.073, 40.632 ], [ -74.073, 40.632 ], [ -74.073, 40.631 ], [ -74.073, 40.63 ], [ -74.068, 40.629 ], [ -74.068, 40.629 ], [ -74.073, 40.63 ], [ -74.072, 40.627 ], [ -74.073, 40.627 ], [ -74.073, 40.627 ], [ -74.073, 40.627 ], [ -74.073, 40.627 ], [ -74.074, 40.627 ], [ -74.074, 40.626 ], [ -74.075, 40.626 ], [ -74.075, 40.625 ], [ -74.074, 40.625 ], [ -74.072, 40.623 ], [ -74.072, 40.622 ], [ -74.071, 40.62 ], [ -74.071, 40.62 ], [ -74.075, 40.617 ], [ -74.076, 40.614 ], [ -74.079, 40.609 ], [ -74.082, 40.606 ], [ -74.083, 40.606 ], [ -74.083, 40.606 ], [ -74.082, 40.606 ], [ -74.084, 40.604 ], [ -74.083, 40.603 ], [ -74.083, 40.603 ], [ -74.084, 40.603 ], [ -74.085, 40.602 ], [ -74.088, 40.596 ], [ -74.087, 40.596 ], [ -74.087, 40.596 ], [ -74.088, 40.596 ], [ -74.089, 40.594 ], [ -74.091, 40.592 ], [ -74.092, 40.592 ], [ -74.096, 40.589 ], [ -74.097, 40.588 ], [ -74.097, 40.588 ], [ -74.098, 40.588 ], [ -74.099, 40.588 ], [ -74.099, 40.587 ], [ -74.1, 40.588 ], [ -74.1, 40.588 ], [ -74.101, 40.589 ], [ -74.102, 40.589 ], [ -74.102, 40.589 ], [ -74.103, 40.588 ], [ -74.103, 40.588 ], [ -74.104, 40.587 ], [ -74.108, 40.584 ], [ -74.109, 40.584 ], [ -74.11, 40.583 ], [ -74.111, 40.583 ], [ -74.112, 40.582 ], [ -74.114, 40.581 ], [ -74.114, 40.581 ], [ -74.114, 40.58 ], [ -74.115, 40.579 ], [ -74.117, 40.578 ], [ -74.118, 40.578 ], [ -74.118, 40.578 ], [ -74.119, 40.581 ], [ -74.119, 40.582 ], [ -74.12, 40.582 ], [ -74.121, 40.583 ], [ -74.121, 40.583 ], [ -74.123, 40.585 ], [ -74.122, 40.586 ] ] ] } },
{ "type": "Feature", "properties": { "zcta5ce20": "11356", "distributed_trips": 25.2 }, "geometry": { "type": "MultiPolygon", "coordinates": [ [ [ [ -73.859, 40.786 ], [ -73.859, 40.786 ], [ -73.859, 40.786 ], [ -73.859, 40.786 ], [ -73.859, 40.786 ], [ -73.859, 40.786 ], [ -73.858, 40.787 ], [ -73.857, 40.787 ], [ -73.857, 40.787 ], [ -73.857, 40.787 ], [ -73.856, 40.787 ], [ -73.856, 40.788 ], [ -73.856, 40.788 ], [ -73.853, 40.788 ], [ -73.853, 40.788 ], [ -73.853, 40.788 ], [ -73.855, 40.788 ], [ -73.855, 40.788 ], [ -73.855, 40.789 ], [ -73.855, 40.789 ], [ -73.855, 40.789 ], [ -73.855, 40.79 ], [ -73.854, 40.791 ], [ -73.854, 40.791 ], [ -73.853, 40.791 ], [ -73.853, 40.791 ], [ -73.853, 40.791 ], [ -73.854, 40.792 ], [ -73.854, 40.793 ], [ -73.854, 40.794 ], [ -73.853, 40.795 ], [ -73.853, 40.795 ], [ -73.852, 40.794 ], [ -73.85, 40.793 ], [ -73.849, 40.793 ], [ -73.849, 40.794 ], [ -73.849, 40.794 ], [ -73.849, 40.795 ], [ -73.849, 40.795 ], [ -73.848, 40.796 ], [ -73.847, 40.796 ], [ -73.847, 40.796 ], [ -73.846, 40.796 ], [ -73.846, 40.796 ], [ -73.846, 40.796 ], [ -73.845, 40.795 ], [ -73.845, 40.795 ], [ -73.844, 40.795 ], [ -73.843, 40.795 ], [ -73.843, 40.795 ], [ -73.843, 40.795 ], [ -73.843, 40.795 ], [ -73.843, 40.796 ], [ -73.843, 40.796 ], [ -73.843, 40.795 ], [ -73.842, 40.796 ], [ -73.843, 40.797 ], [ -73.842, 40.796 ], [ -73.842, 40.796 ], [ -73.842, 40.795 ], [ -73.841, 40.795 ], [ -73.841, 40.796 ], [ -73.841, 40.796 ], [ -73.841, 40.797 ], [ -73.84, 40.797 ], [ -73.84, 40.798 ], [ -73.839, 40.798 ], [ -73.838, 40.798 ], [ -73.838, 40.798 ], [ -73.838, 40.798 ], [ -73.838, 40.798 ], [ -73.839, 40.798 ], [ -73.84, 40.798 ], [ -73.84, 40.797 ], [ -73.839, 40.797 ], [ -73.838, 40.797 ], [ -73.837, 40.793 ], [ -73.837, 40.792 ], [ -73.837, 40.791 ], [ -73.838, 40.791 ], [ -73.838, 40.791 ], [ -73.838, 40.791 ], [ -73.838, 40.791 ], [ -73.837, 40.791 ], [ -73.837, 40.79 ], [ -73.837, 40.79 ], [ -73.837, 40.79 ], [ -73.837, 40.79 ], [ -73.837, 40.79 ], [ -73.837, 40.79 ], [ -73.836, 40.79 ], [ -73.836, 40.79 ], [ -73.836, 40.79 ], [ -73.835, 40.789 ], [ -73.834, 40.789 ], [ -73.834, 40.789 ], [ -73.834, 40.789 ], [ -73.833, 40.789 ], [ -73.833, 40.789 ], [ -73.832, 40.789 ], [ -73.832, 40.789 ], [ -73.832, 40.79 ], [ -73.832, 40.79 ], [ -73.831, 40.789 ], [ -73.831, 40.789 ], [ -73.831, 40.788 ], [ -73.831, 40.788 ], [ -73.831, 40.786 ], [ -73.831, 40.786 ], [ -73.83, 40.786 ], [ -73.83, 40.785 ], [ -73.831, 40.785 ], [ -73.831, 40.785 ], [ -73.828, 40.785 ], [ -73.827, 40.785 ], [ -73.827, 40.782 ], [ -73.825, 40.782 ], [ -73.826, 40.78 ], [ -73.828, 40.776 ], [ -73.829, 40.775 ], [ -73.831, 40.773 ], [ -73.831, 40.773 ], [ -73.833, 40.771 ], [ -73.836, 40.779 ], [ -73.839, 40.779 ], [ -73.839, 40.777 ], [ -73.838, 40.776 ], [ -73.84, 40.775 ], [ -73.841, 40.775 ], [ -73.841, 40.775 ], [ -73.841, 40.775 ], [ -73.841, 40.776 ], [ -73.841, 40.776 ], [ -73.841, 40.777 ], [ -73.844, 40.777 ], [ -73.844, 40.776 ], [ -73.845, 40.776 ], [ -73.845, 40.776 ], [ -73.845, 40.776 ], [ -73.845, 40.776 ], [ -73.846, 40.776 ], [ -73.846, 40.776 ], [ -73.846, 40.776 ], [ -73.846, 40.777 ], [ -73.848, 40.777 ], [ -73.848, 40.779 ], [ -73.849, 40.779 ], [ -73.849, 40.778 ], [ -73.85, 40.778 ], [ -73.85, 40.778 ], [ -73.85, 40.779 ], [ -73.85, 40.779 ], [ -73.85, 40.779 ], [ -73.85, 40.779 ], [ -73.85, 40.779 ], [ -73.85, 40.779 ], [ -73.85, 40.779 ], [ -73.85, 40.779 ], [ -73.85, 40.779 ], [ -73.85, 40.78 ], [ -73.85, 40.78 ], [ -73.85, 40.78 ], [ -73.851, 40.78 ], [ -73.851, 40.78 ], [ -73.85, 40.78 ], [ -73.85, 40.781 ], [ -73.85, 40.781 ], [ -73.85, 40.781 ], [ -73.85, 40.782 ], [ -73.849, 40.782 ], [ -73.849, 40.782 ], [ -73.85, 40.782 ], [ -73.85, 40.782 ], [ -73.849, 40.782 ], [ -73.849, 40.782 ], [ -73.85, 40.782 ], [ -73.85, 40.782 ], [ -73.853, 40.782 ], [ -73.853, 40.782 ], [ -73.855, 40.782 ], [ -73.855, 40.782 ], [ -73.855, 40.782 ], [ -73.855, 40.782 ], [ -73.856, 40.783 ], [ -73.856, 40.783 ], [ -73.856, 40.783 ], [ -73.857, 40.783 ], [ -73.857, 40.783 ], [ -73.858, 40.783 ], [ -73.858, 40.784 ], [ -73.858, 40.784 ], [ -73.858, 40.784 ], [ -73.858, 40.785 ], [ -73.859, 40.785 ], [ -73.859, 40.785 ], [ -73.859, 40.785 ], [ -73.859, 40.785 ], [ -73.859, 40.786 ] ] ], [ [ [ -73.85, 40.779 ], [ -73.851, 40.779 ], [ -73.851, 40.779 ], [ -73.851, 40.779 ], [ -73.851, 40.779 ], [ -73.851, 40.779 ], [ -73.85, 40.779 ], [ -73.85, 40.779 ] ] ], [ [ [ -73.851, 40.779 ], [ -73.851, 40.779 ], [ -73.851, 40.779 ], [ -73.851, 40.779 ] ] ], [ [ [ -73.852, 40.779 ], [ -73.852, 40.779 ], [ -73.852, 40.78 ], [ -73.852, 40.779 ] ] ], [ [ [ -73.852, 40.78 ], [ -73.852, 40.78 ], [ -73.851, 40.78 ], [ -73.852, 40.78 ] ] ] ] } },
{ "type": "Feature", "properties": { "zcta5ce20": "11691", "distributed_trips": 42.8 }, "geometry": { "type": "Polygon", "coordinates": [ [ [ -73.789, 40.597 ], [ -73.789, 40.597 ], [ -73.789, 40.597 ], [ -73.789, 40.597 ], [ -73.789, 40.598 ], [ -73.789, 40.598 ], [ -73.789, 40.598 ], [ -73.788, 40.599 ], [ -73.787, 40.599 ], [ -73.787, 40.6 ], [ -73.786, 40.6 ], [ -73.786, 40.6 ], [ -73.785, 40.601 ], [ -73.785, 40.602 ], [ -73.785, 40.602 ], [ -73.784, 40.602 ], [ -73.784, 40.602 ], [ -73.784, 40.603 ], [ -73.783, 40.604 ], [ -73.784, 40.604 ], [ -73.784, 40.605 ], [ -73.783, 40.606 ], [ -73.783, 40.606 ], [ -73.783, 40.606 ], [ -73.783, 40.606 ], [ -73.782, 40.607 ], [ -73.781, 40.608 ], [ -73.779, 40.609 ], [ -73.779, 40.61 ], [ -73.778, 40.61 ], [ -73.777, 40.61 ], [ -73.776, 40.61 ], [ -73.776, 40.61 ], [ -73.775, 40.61 ], [ -73.775, 40.609 ], [ -73.774, 40.609 ], [ -73.774, 40.609 ], [ -73.775, 40.608 ], [ -73.774, 40.608 ], [ -73.774, 40.607 ], [ -73.775, 40.607 ], [ -73.775, 40.606 ], [ -73.775, 40.605 ], [ -73.775, 40.604 ], [ -73.775, 40.604 ], [ -73.775, 40.604 ], [ -73.775, 40.604 ], [ -73.776, 40.604 ], [ -73.776, 40.604 ], [ -73.776, 40.603 ], [ -73.776, 40.603 ], [ -73.776, 40.603 ], [ -73.776, 40.603 ], [ -73.775, 40.602 ], [ -73.775, 40.601 ], [ -73.775, 40.601 ], [ -73.775, 40.601 ], [ -73.775, 40.601 ], [ -73.775, 40.6 ], [ -73.774, 40.6 ], [ -73.774, 40.599 ], [ -73.774, 40.599 ], [ -73.774, 40.598 ], [ -73.773, 40.598 ], [ -73.772, 40.598 ], [ -73.771, 40.598 ], [ -73.77, 40.598 ], [ -73.77, 40.598 ], [ -73.769, 40.598 ], [ -73.769, 40.598 ], [ -73.768, 40.598 ], [ -73.768, 40.598 ], [ -73.768, 40.598 ], [ -73.769, 40.598 ], [ -73.769, 40.598 ], [ -73.77, 40.599 ], [ -73.77, 40.599 ], [ -73.77, 40.599 ], [ -73.77, 40.599 ], [ -73.771, 40.599 ], [ -73.771, 40.599 ], [ -73.771, 40.599 ], [ -73.771, 40.6 ], [ -73.771, 40.602 ], [ -73.771, 40.602 ], [ -73.77, 40.602 ], [ -73.77, 40.603 ], [ -73.77, 40.603 ], [ -73.77, 40.603 ], [ -73.77, 40.603 ], [ -73.771, 40.605 ], [ -73.77, 40.605 ], [ -73.77, 40.606 ], [ -73.77, 40.606 ], [ -73.77, 40.607 ], [ -73.77, 40.608 ], [ -73.77, 40.608 ], [ -73.769, 40.609 ], [ -73.769, 40.609 ], [ -73.769, 40.61 ], [ -73.77, 40.61 ], [ -73.77, 40.61 ], [ -73.77, 40.61 ], [ -73.771, 40.61 ], [ -73.771, 40.61 ], [ -73.771, 40.61 ], [ -73.772, 40.611 ], [ -73.772, 40.611 ], [ -73.772, 40.612 ], [ -73.772, 40.612 ], [ -73.773, 40.611 ], [ -73.773, 40.61 ], [ -73.774, 40.611 ], [ -73.774, 40.613 ], [ -73.774, 40.614 ], [ -73.773, 40.614 ], [ -73.773, 40.614 ], [ -73.772, 40.614 ], [ -73.771, 40.614 ], [ -73.771, 40.614 ], [ -73.77, 40.614 ], [ -73.77, 40.614 ], [ -73.769, 40.614 ], [ -73.768, 40.614 ], [ -73.767, 40.614 ], [ -73.766, 40.614 ], [ -73.765, 40.614 ], [ -73.765, 40.614 ], [ -73.763, 40.614 ], [ -73.76, 40.611 ], [ -73.759, 40.611 ], [ -73.757, 40.611 ], [ -73.755, 40.611 ], [ -73.755, 40.61 ], [ -73.754, 40.611 ], [ -73.751, 40.612 ], [ -73.748, 40.612 ], [ -73.748, 40.612 ], [ -73.748, 40.612 ], [ -73.747, 40.612 ], [ -73.747, 40.611 ], [ -73.746, 40.612 ], [ -73.743, 40.608 ], [ -73.743, 40.608 ], [ -73.744, 40.608 ], [ -73.741, 40.606 ], [ -73.74, 40.605 ], [ -73.739, 40.604 ], [ -73.739, 40.603 ], [ -73.739, 40.603 ], [ -73.739, 40.603 ], [ -73.738, 40.603 ], [ -73.739, 40.596 ], [ -73.738, 40.594 ], [ -73.739, 40.594 ], [ -73.739, 40.595 ], [ -73.739, 40.595 ], [ -73.739, 40.594 ], [ -73.74, 40.595 ], [ -73.74, 40.594 ], [ -73.74, 40.594 ], [ -73.74, 40.595 ], [ -73.74, 40.595 ], [ -73.74, 40.595 ], [ -73.741, 40.595 ], [ -73.741, 40.594 ], [ -73.741, 40.594 ], [ -73.741, 40.595 ], [ -73.742, 40.595 ], [ -73.742, 40.595 ], [ -73.742, 40.595 ], [ -73.742, 40.595 ], [ -73.742, 40.595 ], [ -73.742, 40.595 ], [ -73.743, 40.595 ], [ -73.744, 40.595 ], [ -73.744, 40.596 ], [ -73.746, 40.596 ], [ -73.748, 40.595 ], [ -73.75, 40.595 ], [ -73.751, 40.595 ], [ -73.751, 40.592 ], [ -73.751, 40.592 ], [ -73.752, 40.591 ], [ -73.753, 40.591 ], [ -73.754, 40.591 ], [ -73.756, 40.591 ], [ -73.757, 40.591 ], [ -73.757, 40.591 ], [ -73.758, 40.591 ], [ -73.759, 40.591 ], [ -73.759, 40.592 ], [ -73.76, 40.592 ], [ -73.76, 40.592 ], [ -73.761, 40.592 ], [ -73.761, 40.592 ], [ -73.762, 40.592 ], [ -73.763, 40.592 ], [ -73.767, 40.591 ], [ -73.767, 40.591 ], [ -73.768, 40.591 ], [ -73.769, 40.591 ], [ -73.77, 40.591 ], [ -73.77, 40.594 ], [ -73.771, 40.594 ], [ -73.773, 40.593 ], [ -73.775, 40.593 ], [ -73.778, 40.593 ], [ -73.778, 40.593 ], [ -73.779, 40.592 ], [ -73.78, 40.592 ], [ -73.78, 40.593 ], [ -73.782, 40.592 ], [ -73.785, 40.592 ], [ -73.783, 40.593 ], [ -73.784, 40.596 ], [ -73.783, 40.596 ], [ -73.784, 40.597 ], [ -73.785, 40.597 ], [ -73.785, 40.598 ], [ -73.788, 40.598 ], [ -73.788, 40.596 ], [ -73.789, 40.596 ], [ -73.789, 40.596 ], [ -73.789, 40.596 ], [ -73.789, 40.597 ] ] ] } },
{ "type": "Feature", "properties": { "zcta5ce20": "11003", "distributed_trips": 0.0 }, "geometry": { "type": "Polygon", "coordinates": [ [ [ -73.728, 40.719 ], [ -73.722, 40.721 ], [ -73.722, 40.719 ], [ -73.721, 40.719 ], [ -73.72, 40.718 ], [ -73.72, 40.719 ], [ -73.72, 40.718 ], [ -73.72, 40.716 ], [ -73.716, 40.716 ], [ -73.715, 40.716 ], [ -73.714, 40.716 ], [ -73.714, 40.718 ], [ -73.713, 40.718 ], [ -73.71, 40.718 ], [ -73.71, 40.717 ], [ -73.71, 40.717 ], [ -73.709, 40.716 ], [ -73.709, 40.716 ], [ -73.708, 40.716 ], [ -73.708, 40.716 ], [ -73.707, 40.716 ], [ -73.707, 40.716 ], [ -73.708, 40.714 ], [ -73.708, 40.714 ], [ -73.708, 40.714 ], [ -73.705, 40.713 ], [ -73.705, 40.713 ], [ -73.704, 40.712 ], [ -73.704, 40.712 ], [ -73.702, 40.712 ], [ -73.701, 40.711 ], [ -73.7, 40.711 ], [ -73.7, 40.712 ], [ -73.697, 40.713 ], [ -73.697, 40.713 ], [ -73.697, 40.713 ], [ -73.697, 40.713 ], [ -73.696, 40.713 ], [ -73.693, 40.713 ], [ -73.692, 40.713 ], [ -73.692, 40.713 ], [ -73.689, 40.713 ], [ -73.69, 40.712 ], [ -73.688, 40.712 ], [ -73.688, 40.713 ], [ -73.687, 40.714 ], [ -73.686, 40.713 ], [ -73.686, 40.71 ], [ -73.686, 40.708 ], [ -73.685, 40.708 ], [ -73.685, 40.708 ], [ -73.685, 40.708 ], [ -73.685, 40.706 ], [ -73.684, 40.706 ], [ -73.684, 40.706 ], [ -73.685, 40.706 ], [ -73.685, 40.705 ], [ -73.684, 40.705 ], [ -73.684, 40.704 ], [ -73.685, 40.704 ], [ -73.685, 40.702 ], [ -73.685, 40.702 ], [ -73.685, 40.701 ], [ -73.685, 40.701 ], [ -73.685, 40.7 ], [ -73.685, 40.7 ], [ -73.685, 40.699 ], [ -73.685, 40.699 ], [ -73.685, 40.699 ], [ -73.686, 40.697 ], [ -73.687, 40.695 ], [ -73.686, 40.695 ], [ -73.687, 40.694 ], [ -73.687, 40.694 ], [ -73.687, 40.695 ], [ -73.687, 40.695 ], [ -73.687, 40.695 ], [ -73.688, 40.695 ], [ -73.689, 40.694 ], [ -73.69, 40.693 ], [ -73.691, 40.693 ], [ -73.691, 40.692 ], [ -73.69, 40.691 ], [ -73.689, 40.691 ], [ -73.691, 40.687 ], [ -73.692, 40.687 ], [ -73.692, 40.686 ], [ -73.691, 40.686 ], [ -73.692, 40.686 ], [ -73.694, 40.687 ], [ -73.695, 40.687 ], [ -73.695, 40.687 ], [ -73.696, 40.687 ], [ -73.698, 40.686 ], [ -73.7, 40.686 ], [ -73.701, 40.686 ], [ -73.703, 40.687 ], [ -73.702, 40.686 ], [ -73.703, 40.686 ], [ -73.705, 40.687 ], [ -73.706, 40.687 ], [ -73.705, 40.686 ], [ -73.705, 40.686 ], [ -73.705, 40.686 ], [ -73.706, 40.685 ], [ -73.705, 40.685 ], [ -73.706, 40.684 ], [ -73.707, 40.684 ], [ -73.708, 40.684 ], [ -73.714, 40.687 ], [ -73.718, 40.687 ], [ -73.721, 40.688 ], [ -73.723, 40.688 ], [ -73.724, 40.688 ], [ -73.725, 40.687 ], [ -73.725, 40.687 ], [ -73.726, 40.686 ], [ -73.726, 40.688 ], [ -73.727, 40.699 ], [ -73.727, 40.702 ], [ -73.727, 40.703 ], [ -73.727, 40.705 ], [ -73.727, 40.709 ], [ -73.727, 40.71 ], [ -73.727, 40.712 ], [ -73.729, 40.719 ], [ -73.728, 40.719 ] ] ] } },
{ "type": "Feature", "properties": { "zcta5ce20": "11451", "distributed_trips": 2.3 }, "geometry": { "type": "Polygon", "coordinates": [ [ [ -73.799, 40.7 ], [ -73.797, 40.7 ], [ -73.798, 40.703 ], [ -73.794, 40.704 ], [ -73.794, 40.704 ], [ -73.793, 40.702 ], [ -73.792, 40.702 ], [ -73.795, 40.701 ], [ -73.794, 40.7 ], [ -73.796, 40.699 ], [ -73.797, 40.698 ], [ -73.799, 40.699 ], [ -73.799, 40.7 ] ] ] } },
{ "type": "Feature", "properties": { "zcta5ce20": "11692", "distributed_trips": 16.2 }, "geometry": { "type": "Polygon", "coordinates": [ [ [ -73.803, 40.591 ], [ -73.803, 40.592 ], [ -73.802, 40.593 ], [ -73.803, 40.594 ], [ -73.803, 40.594 ], [ -73.803, 40.594 ], [ -73.803, 40.594 ], [ -73.802, 40.594 ], [ -73.802, 40.594 ], [ -73.803, 40.595 ], [ -73.803, 40.595 ], [ -73.803, 40.594 ], [ -73.803, 40.595 ], [ -73.803, 40.595 ], [ -73.803, 40.595 ], [ -73.804, 40.595 ], [ -73.804, 40.596 ], [ -73.805, 40.597 ], [ -73.805, 40.598 ], [ -73.804, 40.598 ], [ -73.804, 40.598 ], [ -73.804, 40.598 ], [ -73.804, 40.598 ], [ -73.803, 40.599 ], [ -73.802, 40.599 ], [ -73.801, 40.599 ], [ -73.8, 40.599 ], [ -73.799, 40.599 ], [ -73.799, 40.599 ], [ -73.799, 40.599 ], [ -73.798, 40.599 ], [ -73.798, 40.599 ], [ -73.797, 40.599 ], [ -73.794, 40.603 ], [ -73.789, 40.606 ], [ -73.786, 40.603 ], [ -73.787, 40.602 ], [ -73.787, 40.602 ], [ -73.788, 40.601 ], [ -73.79, 40.6 ], [ -73.79, 40.599 ], [ -73.79, 40.599 ], [ -73.79, 40.599 ], [ -73.791, 40.598 ], [ -73.791, 40.598 ], [ -73.791, 40.597 ], [ -73.791, 40.597 ], [ -73.789, 40.597 ], [ -73.789, 40.596 ], [ -73.789, 40.596 ], [ -73.789, 40.596 ], [ -73.788, 40.596 ], [ -73.788, 40.598 ], [ -73.785, 40.598 ], [ -73.785, 40.597 ], [ -73.784, 40.597 ], [ -73.783, 40.596 ], [ -73.784, 40.596 ], [ -73.783, 40.593 ], [ -73.785, 40.592 ], [ -73.782, 40.592 ], [ -73.78, 40.593 ], [ -73.78, 40.592 ], [ -73.779, 40.592 ], [ -73.778, 40.593 ], [ -73.778, 40.593 ], [ -73.775, 40.593 ], [ -73.773, 40.593 ], [ -73.771, 40.594 ], [ -73.77, 40.594 ], [ -73.77, 40.591 ], [ -73.771, 40.591 ], [ -73.772, 40.591 ], [ -73.773, 40.59 ], [ -73.774, 40.59 ], [ -73.774, 40.59 ], [ -73.775, 40.59 ], [ -73.776, 40.59 ], [ -73.776, 40.59 ], [ -73.777, 40.59 ], [ -73.777, 40.59 ], [ -73.779, 40.59 ], [ -73.78, 40.59 ], [ -73.782, 40.589 ], [ -73.783, 40.589 ], [ -73.784, 40.589 ], [ -73.784, 40.589 ], [ -73.785, 40.588 ], [ -73.786, 40.588 ], [ -73.788, 40.588 ], [ -73.789, 40.588 ], [ -73.79, 40.588 ], [ -73.791, 40.587 ], [ -73.792, 40.587 ], [ -73.793, 40.587 ], [ -73.793, 40.587 ], [ -73.794, 40.587 ], [ -73.794, 40.587 ], [ -73.795, 40.587 ], [ -73.796, 40.587 ], [ -73.796, 40.586 ], [ -73.797, 40.586 ], [ -73.797, 40.586 ], [ -73.799, 40.586 ], [ -73.8, 40.586 ], [ -73.801, 40.586 ], [ -73.801, 40.585 ], [ -73.801, 40.585 ], [ -73.802, 40.586 ], [ -73.802, 40.587 ], [ -73.804, 40.587 ], [ -73.804, 40.588 ], [ -73.805, 40.588 ], [ -73.805, 40.589 ], [ -73.805, 40.589 ], [ -73.805, 40.59 ], [ -73.805, 40.59 ], [ -73.805, 40.59 ], [ -73.805, 40.59 ], [ -73.805, 40.59 ], [ -73.803, 40.591 ] ] ] } },
{ "type": "Feature", "properties": { "zcta5ce20": "10305", "distributed_trips": 0.8 }, "geometry": { "type": "Polygon", "coordinates": [ [ [ -74.102, 40.585 ], [ -74.099, 40.587 ], [ -74.099, 40.587 ], [ -74.099, 40.588 ], [ -74.098, 40.588 ], [ -74.097, 40.588 ], [ -74.097, 40.588 ], [ -74.096, 40.589 ], [ -74.092, 40.592 ], [ -74.091, 40.592 ], [ -74.089, 40.594 ], [ -74.088, 40.596 ], [ -74.087, 40.596 ], [ -74.087, 40.596 ], [ -74.088, 40.596 ], [ -74.085, 40.602 ], [ -74.084, 40.603 ], [ -74.083, 40.603 ], [ -74.083, 40.603 ], [ -74.084, 40.604 ], [ -74.082, 40.606 ], [ -74.083, 40.606 ], [ -74.083, 40.606 ], [ -74.082, 40.606 ], [ -74.079, 40.609 ], [ -74.076, 40.614 ], [ -74.075, 40.617 ], [ -74.071, 40.62 ], [ -74.071, 40.62 ], [ -74.072, 40.622 ], [ -74.074, 40.625 ], [ -74.075, 40.625 ], [ -74.075, 40.626 ], [ -74.074, 40.626 ], [ -74.074, 40.627 ], [ -74.073, 40.627 ], [ -74.073, 40.627 ], [ -74.073, 40.627 ], [ -74.073, 40.627 ], [ -74.072, 40.626 ], [ -74.072, 40.625 ], [ -74.072, 40.624 ], [ -74.071, 40.623 ], [ -74.071, 40.623 ], [ -74.07, 40.622 ], [ -74.066, 40.619 ], [ -74.066, 40.619 ], [ -74.065, 40.619 ], [ -74.067, 40.618 ], [ -74.066, 40.618 ], [ -74.066, 40.618 ], [ -74.066, 40.618 ], [ -74.065, 40.618 ], [ -74.065, 40.618 ], [ -74.064, 40.618 ], [ -74.064, 40.618 ], [ -74.065, 40.617 ], [ -74.064, 40.617 ], [ -74.064, 40.617 ], [ -74.064, 40.617 ], [ -74.064, 40.617 ], [ -74.064, 40.618 ], [ -74.064, 40.617 ], [ -74.064, 40.617 ], [ -74.064, 40.617 ], [ -74.064, 40.617 ], [ -74.064, 40.617 ], [ -74.061, 40.614 ], [ -74.061, 40.613 ], [ -74.061, 40.613 ], [ -74.061, 40.613 ], [ -74.06, 40.612 ], [ -74.06, 40.612 ], [ -74.06, 40.612 ], [ -74.06, 40.612 ], [ -74.059, 40.612 ], [ -74.059, 40.612 ], [ -74.059, 40.611 ], [ -74.059, 40.611 ], [ -74.059, 40.611 ], [ -74.059, 40.611 ], [ -74.058, 40.61 ], [ -74.058, 40.609 ], [ -74.057, 40.608 ], [ -74.057, 40.608 ], [ -74.056, 40.607 ], [ -74.056, 40.606 ], [ -74.055, 40.606 ], [ -74.055, 40.606 ], [ -74.055, 40.607 ], [ -74.055, 40.607 ], [ -74.055, 40.607 ], [ -74.055, 40.606 ], [ -74.055, 40.606 ], [ -74.054, 40.606 ], [ -74.054, 40.605 ], [ -74.054, 40.605 ], [ -74.054, 40.604 ], [ -74.053, 40.602 ], [ -74.053, 40.602 ], [ -74.053, 40.601 ], [ -74.053, 40.601 ], [ -74.053, 40.6 ], [ -74.053, 40.6 ], [ -74.06, 40.594 ], [ -74.062, 40.592 ], [ -74.065, 40.589 ], [ -74.076, 40.578 ], [ -74.076, 40.578 ], [ -74.077, 40.578 ], [ -74.077, 40.578 ], [ -74.084, 40.573 ], [ -74.089, 40.568 ], [ -74.091, 40.567 ], [ -74.092, 40.567 ], [ -74.093, 40.568 ], [ -74.093, 40.568 ], [ -74.089, 40.572 ], [ -74.086, 40.574 ], [ -74.092, 40.577 ], [ -74.091, 40.578 ], [ -74.091, 40.579 ], [ -74.091, 40.579 ], [ -74.092, 40.579 ], [ -74.093, 40.58 ], [ -74.093, 40.58 ], [ -74.093, 40.58 ], [ -74.094, 40.581 ], [ -74.094, 40.581 ], [ -74.095, 40.582 ], [ -74.095, 40.582 ], [ -74.096, 40.582 ], [ -74.097, 40.582 ], [ -74.097, 40.582 ], [ -74.098, 40.582 ], [ -74.101, 40.584 ], [ -74.102, 40.585 ] ] ] } },
{ "type": "Feature", "properties": { "zcta5ce20": "10306", "distributed_trips": 1.5 }, "geometry": { "type": "Polygon", "coordinates": [ [ [ -74.17, 40.571 ], [ -74.162, 40.575 ], [ -74.16, 40.576 ], [ -74.153, 40.581 ], [ -74.15, 40.583 ], [ -74.146, 40.586 ], [ -74.146, 40.589 ], [ -74.142, 40.589 ], [ -74.139, 40.589 ], [ -74.139, 40.589 ], [ -74.134, 40.586 ], [ -74.133, 40.586 ], [ -74.133, 40.585 ], [ -74.134, 40.585 ], [ -74.134, 40.585 ], [ -74.133, 40.584 ], [ -74.133, 40.584 ], [ -74.132, 40.584 ], [ -74.131, 40.583 ], [ -74.13, 40.583 ], [ -74.129, 40.584 ], [ -74.129, 40.585 ], [ -74.129, 40.586 ], [ -74.128, 40.587 ], [ -74.128, 40.589 ], [ -74.126, 40.591 ], [ -74.126, 40.594 ], [ -74.123, 40.599 ], [ -74.121, 40.601 ], [ -74.121, 40.601 ], [ -74.121, 40.602 ], [ -74.12, 40.602 ], [ -74.119, 40.598 ], [ -74.118, 40.598 ], [ -74.118, 40.599 ], [ -74.117, 40.599 ], [ -74.117, 40.602 ], [ -74.115, 40.602 ], [ -74.113, 40.601 ], [ -74.111, 40.598 ], [ -74.111, 40.597 ], [ -74.113, 40.596 ], [ -74.115, 40.597 ], [ -74.116, 40.596 ], [ -74.117, 40.594 ], [ -74.121, 40.588 ], [ -74.12, 40.588 ], [ -74.122, 40.586 ], [ -74.123, 40.585 ], [ -74.121, 40.583 ], [ -74.121, 40.583 ], [ -74.12, 40.582 ], [ -74.119, 40.582 ], [ -74.119, 40.581 ], [ -74.118, 40.578 ], [ -74.118, 40.578 ], [ -74.117, 40.578 ], [ -74.115, 40.579 ], [ -74.114, 40.58 ], [ -74.114, 40.581 ], [ -74.114, 40.581 ], [ -74.112, 40.582 ], [ -74.111, 40.583 ], [ -74.11, 40.583 ], [ -74.109, 40.584 ], [ -74.108, 40.584 ], [ -74.104, 40.587 ], [ -74.103, 40.588 ], [ -74.103, 40.588 ], [ -74.102, 40.589 ], [ -74.102, 40.589 ], [ -74.101, 40.589 ], [ -74.1, 40.588 ], [ -74.1, 40.588 ], [ -74.099, 40.587 ], [ -74.099, 40.587 ], [ -74.102, 40.585 ], [ -74.101, 40.584 ], [ -74.098, 40.582 ], [ -74.097, 40.582 ], [ -74.097, 40.582 ], [ -74.096, 40.582 ], [ -74.095, 40.582 ], [ -74.095, 40.582 ], [ -74.094, 40.581 ], [ -74.094, 40.581 ], [ -74.093, 40.58 ], [ -74.093, 40.58 ], [ -74.093, 40.58 ], [ -74.092, 40.579 ], [ -74.091, 40.579 ], [ -74.091, 40.579 ], [ -74.091, 40.578 ], [ -74.092, 40.577 ], [ -74.086, 40.574 ], [ -74.089, 40.572 ], [ -74.092, 40.569 ], [ -74.093, 40.568 ], [ -74.092, 40.567 ], [ -74.091, 40.567 ], [ -74.091, 40.567 ], [ -74.094, 40.563 ], [ -74.095, 40.563 ], [ -74.098, 40.559 ], [ -74.099, 40.56 ], [ -74.1, 40.559 ], [ -74.101, 40.558 ], [ -74.103, 40.556 ], [ -74.105, 40.552 ], [ -74.106, 40.553 ], [ -74.109, 40.552 ], [ -74.113, 40.547 ], [ -74.115, 40.549 ], [ -74.115, 40.549 ], [ -74.115, 40.55 ], [ -74.114, 40.55 ], [ -74.114, 40.55 ], [ -74.117, 40.553 ], [ -74.117, 40.553 ], [ -74.117, 40.551 ], [ -74.118, 40.551 ], [ -74.119, 40.551 ], [ -74.118, 40.552 ], [ -74.12, 40.552 ], [ -74.12, 40.552 ], [ -74.127, 40.557 ], [ -74.128, 40.556 ], [ -74.128, 40.556 ], [ -74.13, 40.554 ], [ -74.131, 40.553 ], [ -74.132, 40.553 ], [ -74.134, 40.551 ], [ -74.136, 40.55 ], [ -74.136, 40.549 ], [ -74.137, 40.549 ], [ -74.137, 40.548 ], [ -74.137, 40.548 ], [ -74.137, 40.547 ], [ -74.137, 40.547 ], [ -74.138, 40.548 ], [ -74.139, 40.548 ], [ -74.137, 40.55 ], [ -74.135, 40.551 ], [ -74.135, 40.552 ], [ -74.134, 40.552 ], [ -74.134, 40.553 ], [ -74.135, 40.552 ], [ -74.137, 40.553 ], [ -74.137, 40.553 ], [ -74.138, 40.553 ], [ -74.138, 40.553 ], [ -74.138, 40.553 ], [ -74.139, 40.554 ], [ -74.138, 40.554 ], [ -74.139, 40.554 ], [ -74.138, 40.554 ], [ -74.139, 40.555 ], [ -74.141, 40.554 ], [ -74.14, 40.555 ], [ -74.141, 40.555 ], [ -74.142, 40.554 ], [ -74.144, 40.553 ], [ -74.144, 40.554 ], [ -74.144, 40.554 ], [ -74.145, 40.554 ], [ -74.145, 40.554 ], [ -74.14, 40.559 ], [ -74.143, 40.56 ], [ -74.143, 40.561 ], [ -74.151, 40.567 ], [ -74.152, 40.568 ], [ -74.151, 40.568 ], [ -74.152, 40.569 ], [ -74.152, 40.569 ], [ -74.152, 40.57 ], [ -74.153, 40.57 ], [ -74.163, 40.567 ], [ -74.164, 40.566 ], [ -74.164, 40.565 ], [ -74.165, 40.565 ], [ -74.165, 40.567 ], [ -74.166, 40.567 ], [ -74.17, 40.566 ], [ -74.17, 40.571 ] ] ] } },
{ "type": "Feature", "properties": { "zcta5ce20": "10307", "distributed_trips": 0.3 }, "geometry": { "type": "Polygon", "coordinates": [ [ [ -74.256, 40.508 ], [ -74.256, 40.508 ], [ -74.256, 40.508 ], [ -74.255, 40.508 ], [ -74.255, 40.508 ], [ -74.255, 40.509 ], [ -74.254, 40.509 ], [ -74.254, 40.509 ], [ -74.254, 40.51 ], [ -74.253, 40.511 ], [ -74.253, 40.512 ], [ -74.253, 40.512 ], [ -74.252, 40.513 ], [ -74.252, 40.513 ], [ -74.252, 40.514 ], [ -74.25, 40.515 ], [ -74.25, 40.515 ], [ -74.25, 40.515 ], [ -74.249, 40.515 ], [ -74.249, 40.515 ], [ -74.25, 40.516 ], [ -74.248, 40.517 ], [ -74.248, 40.516 ], [ -74.247, 40.516 ], [ -74.246, 40.516 ], [ -74.247, 40.517 ], [ -74.248, 40.517 ], [ -74.248, 40.518 ], [ -74.247, 40.517 ], [ -74.246, 40.517 ], [ -74.246, 40.517 ], [ -74.245, 40.517 ], [ -74.246, 40.518 ], [ -74.245, 40.518 ], [ -74.245, 40.518 ], [ -74.244, 40.519 ], [ -74.244, 40.518 ], [ -74.243, 40.518 ], [ -74.243, 40.518 ], [ -74.242, 40.519 ], [ -74.242, 40.519 ], [ -74.241, 40.519 ], [ -74.242, 40.52 ], [ -74.241, 40.52 ], [ -74.241, 40.52 ], [ -74.241, 40.52 ], [ -74.24, 40.52 ], [ -74.24, 40.52 ], [ -74.239, 40.52 ], [ -74.239, 40.52 ], [ -74.238, 40.52 ], [ -74.236, 40.52 ], [ -74.235, 40.52 ], [ -74.234, 40.517 ], [ -74.233, 40.516 ], [ -74.233, 40.516 ], [ -74.231, 40.511 ], [ -74.23, 40.507 ], [ -74.228, 40.502 ], [ -74.229, 40.502 ], [ -74.23, 40.502 ], [ -74.231, 40.502 ], [ -74.231, 40.502 ], [ -74.231, 40.502 ], [ -74.232, 40.502 ], [ -74.233, 40.501 ], [ -74.233, 40.501 ], [ -74.234, 40.501 ], [ -74.235, 40.501 ], [ -74.235, 40.5 ], [ -74.236, 40.5 ], [ -74.236, 40.5 ], [ -74.237, 40.5 ], [ -74.237, 40.5 ], [ -74.237, 40.499 ], [ -74.237, 40.499 ], [ -74.237, 40.499 ], [ -74.238, 40.499 ], [ -74.239, 40.499 ], [ -74.24, 40.497 ], [ -74.241, 40.498 ], [ -74.241, 40.497 ], [ -74.241, 40.498 ], [ -74.242, 40.497 ], [ -74.242, 40.498 ], [ -74.244, 40.497 ], [ -74.245, 40.497 ], [ -74.246, 40.497 ], [ -74.247, 40.496 ], [ -74.248, 40.496 ], [ -74.249, 40.496 ], [ -74.25, 40.497 ], [ -74.251, 40.498 ], [ -74.251, 40.499 ], [ -74.253, 40.5 ], [ -74.255, 40.504 ], [ -74.255, 40.505 ], [ -74.255, 40.507 ], [ -74.256, 40.508 ] ] ] } },
{ "type": "Feature", "properties": { "zcta5ce20": "11354", "distributed_trips": 47.2 }, "geometry": { "type": "MultiPolygon", "coordinates": [ [ [ [ -73.85, 40.772 ], [ -73.85, 40.772 ], [ -73.85, 40.772 ], [ -73.85, 40.772 ] ] ], [ [ [ -73.85, 40.772 ], [ -73.85, 40.772 ], [ -73.85, 40.772 ], [ -73.85, 40.773 ], [ -73.849, 40.773 ], [ -73.849, 40.774 ], [ -73.849, 40.774 ], [ -73.849, 40.775 ], [ -73.849, 40.776 ], [ -73.849, 40.776 ], [ -73.849, 40.778 ], [ -73.849, 40.778 ], [ -73.849, 40.778 ], [ -73.849, 40.779 ], [ -73.848, 40.779 ], [ -73.848, 40.777 ], [ -73.846, 40.777 ], [ -73.846, 40.776 ], [ -73.846, 40.776 ], [ -73.846, 40.776 ], [ -73.845, 40.776 ], [ -73.845, 40.776 ], [ -73.845, 40.776 ], [ -73.845, 40.776 ], [ -73.844, 40.776 ], [ -73.844, 40.777 ], [ -73.841, 40.777 ], [ -73.841, 40.776 ], [ -73.841, 40.776 ], [ -73.841, 40.775 ], [ -73.841, 40.775 ], [ -73.841, 40.775 ], [ -73.84, 40.775 ], [ -73.838, 40.776 ], [ -73.839, 40.777 ], [ -73.839, 40.779 ], [ -73.836, 40.779 ], [ -73.833, 40.771 ], [ -73.832, 40.772 ], [ -73.831, 40.773 ], [ -73.829, 40.776 ], [ -73.828, 40.776 ], [ -73.828, 40.776 ], [ -73.826, 40.776 ], [ -73.826, 40.776 ], [ -73.825, 40.776 ], [ -73.824, 40.777 ], [ -73.823, 40.777 ], [ -73.823, 40.776 ], [ -73.822, 40.776 ], [ -73.822, 40.776 ], [ -73.822, 40.777 ], [ -73.821, 40.777 ], [ -73.82, 40.777 ], [ -73.818, 40.776 ], [ -73.816, 40.776 ], [ -73.815, 40.776 ], [ -73.814, 40.776 ], [ -73.814, 40.775 ], [ -73.813, 40.775 ], [ -73.813, 40.776 ], [ -73.813, 40.776 ], [ -73.812, 40.776 ], [ -73.812, 40.775 ], [ -73.81, 40.775 ], [ -73.81, 40.775 ], [ -73.81, 40.775 ], [ -73.81, 40.775 ], [ -73.81, 40.775 ], [ -73.807, 40.775 ], [ -73.807, 40.775 ], [ -73.807, 40.775 ], [ -73.806, 40.775 ], [ -73.804, 40.775 ], [ -73.804, 40.774 ], [ -73.804, 40.773 ], [ -73.805, 40.773 ], [ -73.805, 40.773 ], [ -73.806, 40.773 ], [ -73.806, 40.772 ], [ -73.806, 40.772 ], [ -73.806, 40.771 ], [ -73.805, 40.771 ], [ -73.806, 40.77 ], [ -73.806, 40.77 ], [ -73.807, 40.768 ], [ -73.807, 40.768 ], [ -73.808, 40.766 ], [ -73.807, 40.766 ], [ -73.807, 40.766 ], [ -73.808, 40.766 ], [ -73.808, 40.764 ], [ -73.807, 40.763 ], [ -73.807, 40.763 ], [ -73.808, 40.763 ], [ -73.808, 40.762 ], [ -73.808, 40.762 ], [ -73.808, 40.762 ], [ -73.812, 40.763 ], [ -73.813, 40.763 ], [ -73.814, 40.763 ], [ -73.814, 40.763 ], [ -73.816, 40.762 ], [ -73.816, 40.763 ], [ -73.826, 40.76 ], [ -73.83, 40.759 ], [ -73.829, 40.758 ], [ -73.83, 40.758 ], [ -73.83, 40.758 ], [ -73.833, 40.757 ], [ -73.833, 40.757 ], [ -73.834, 40.756 ], [ -73.834, 40.757 ], [ -73.838, 40.755 ], [ -73.838, 40.755 ], [ -73.839, 40.757 ], [ -73.838, 40.759 ], [ -73.837, 40.76 ], [ -73.837, 40.761 ], [ -73.837, 40.762 ], [ -73.837, 40.763 ], [ -73.837, 40.764 ], [ -73.838, 40.765 ], [ -73.839, 40.765 ], [ -73.839, 40.766 ], [ -73.84, 40.766 ], [ -73.84, 40.766 ], [ -73.84, 40.767 ], [ -73.84, 40.767 ], [ -73.84, 40.767 ], [ -73.84, 40.767 ], [ -73.84, 40.767 ], [ -73.84, 40.767 ], [ -73.84, 40.767 ], [ -73.84, 40.766 ], [ -73.841, 40.766 ], [ -73.842, 40.766 ], [ -73.842, 40.766 ], [ -73.842, 40.766 ], [ -73.843, 40.766 ], [ -73.843, 40.766 ], [ -73.843, 40.766 ], [ -73.844, 40.766 ], [ -73.844, 40.766 ], [ -73.844, 40.765 ], [ -73.845, 40.765 ], [ -73.846, 40.766 ], [ -73.846, 40.766 ], [ -73.847, 40.766 ], [ -73.847, 40.766 ], [ -73.848, 40.767 ], [ -73.849, 40.768 ], [ -73.848, 40.769 ], [ -73.849, 40.769 ], [ -73.849, 40.769 ], [ -73.849, 40.77 ], [ -73.849, 40.77 ], [ -73.849, 40.77 ], [ -73.849, 40.77 ], [ -73.85, 40.77 ], [ -73.85, 40.77 ], [ -73.85, 40.77 ], [ -73.849, 40.77 ], [ -73.849, 40.77 ], [ -73.849, 40.77 ], [ -73.849, 40.771 ], [ -73.849, 40.771 ], [ -73.85, 40.771 ], [ -73.85, 40.772 ], [ -73.85, 40.772 ], [ -73.85, 40.772 ] ] ] ] } },
{ "type": "Feature", "properties": { "zcta5ce20": "11430", "distributed_trips": 1550.3 }, "geometry": { "type": "Polygon", "coordinates": [ [ [ -73.832, 40.665 ], [ -73.828, 40.664 ], [ -73.827, 40.664 ], [ -73.826, 40.664 ], [ -73.823, 40.664 ], [ -73.823, 40.664 ], [ -73.813, 40.663 ], [ -73.812, 40.663 ], [ -73.812, 40.663 ], [ -73.811, 40.664 ], [ -73.811, 40.666 ], [ -73.809, 40.666 ], [ -73.806, 40.666 ], [ -73.802, 40.666 ], [ -73.802, 40.665 ], [ -73.801, 40.665 ], [ -73.795, 40.665 ], [ -73.792, 40.664 ], [ -73.79, 40.664 ], [ -73.785, 40.663 ], [ -73.781, 40.662 ], [ -73.779, 40.662 ], [ -73.777, 40.66 ], [ -73.775, 40.66 ], [ -73.774, 40.66 ], [ -73.767, 40.656 ], [ -73.764, 40.655 ], [ -73.752, 40.647 ], [ -73.752, 40.647 ], [ -73.75, 40.645 ], [ -73.75, 40.645 ], [ -73.749, 40.645 ], [ -73.749, 40.645 ], [ -73.749, 40.645 ], [ -73.749, 40.645 ], [ -73.749, 40.645 ], [ -73.748, 40.644 ], [ -73.748, 40.644 ], [ -73.748, 40.643 ], [ -73.747, 40.643 ], [ -73.747, 40.643 ], [ -73.747, 40.642 ], [ -73.746, 40.641 ], [ -73.746, 40.641 ], [ -73.746, 40.64 ], [ -73.747, 40.638 ], [ -73.747, 40.638 ], [ -73.747, 40.638 ], [ -73.747, 40.638 ], [ -73.747, 40.637 ], [ -73.748, 40.635 ], [ -73.767, 40.627 ], [ -73.769, 40.625 ], [ -73.769, 40.624 ], [ -73.769, 40.624 ], [ -73.769, 40.624 ], [ -73.769, 40.624 ], [ -73.769, 40.623 ], [ -73.769, 40.622 ], [ -73.769, 40.622 ], [ -73.77, 40.622 ], [ -73.77, 40.622 ], [ -73.77, 40.622 ], [ -73.77, 40.621 ], [ -73.771, 40.62 ], [ -73.771, 40.62 ], [ -73.772, 40.62 ], [ -73.772, 40.621 ], [ -73.771, 40.622 ], [ -73.771, 40.622 ], [ -73.771, 40.623 ], [ -73.771, 40.623 ], [ -73.771, 40.623 ], [ -73.771, 40.623 ], [ -73.771, 40.623 ], [ -73.772, 40.623 ], [ -73.772, 40.624 ], [ -73.775, 40.619 ], [ -73.775, 40.619 ], [ -73.772, 40.624 ], [ -73.773, 40.625 ], [ -73.773, 40.625 ], [ -73.774, 40.626 ], [ -73.775, 40.627 ], [ -73.778, 40.628 ], [ -73.778, 40.628 ], [ -73.779, 40.627 ], [ -73.78, 40.627 ], [ -73.78, 40.626 ], [ -73.784, 40.621 ], [ -73.785, 40.62 ], [ -73.789, 40.623 ], [ -73.788, 40.624 ], [ -73.785, 40.627 ], [ -73.784, 40.628 ], [ -73.783, 40.629 ], [ -73.783, 40.63 ], [ -73.784, 40.631 ], [ -73.784, 40.631 ], [ -73.786, 40.632 ], [ -73.787, 40.632 ], [ -73.787, 40.632 ], [ -73.788, 40.633 ], [ -73.789, 40.634 ], [ -73.789, 40.634 ], [ -73.791, 40.634 ], [ -73.791, 40.634 ], [ -73.798, 40.631 ], [ -73.798, 40.631 ], [ -73.791, 40.635 ], [ -73.791, 40.635 ], [ -73.792, 40.636 ], [ -73.792, 40.636 ], [ -73.794, 40.636 ], [ -73.797, 40.638 ], [ -73.799, 40.638 ], [ -73.801, 40.639 ], [ -73.803, 40.64 ], [ -73.805, 40.641 ], [ -73.806, 40.642 ], [ -73.807, 40.642 ], [ -73.809, 40.643 ], [ -73.811, 40.644 ], [ -73.812, 40.644 ], [ -73.814, 40.645 ], [ -73.816, 40.646 ], [ -73.823, 40.645 ], [ -73.825, 40.644 ], [ -73.829, 40.657 ], [ -73.83, 40.66 ], [ -73.83, 40.66 ], [ -73.833, 40.665 ], [ -73.832, 40.665 ] ] ] } },
{ "type": "Feature", "properties": { "zcta5ce20": "10301", "distributed_trips": 0.8 }, "geometry": { "type": "MultiPolygon", "coordinates": [ [ [ [ -74.119, 40.622 ], [ -74.118, 40.624 ], [ -74.117, 40.624 ], [ -74.113, 40.623 ], [ -74.112, 40.622 ], [ -74.11, 40.621 ], [ -74.106, 40.622 ], [ -74.105, 40.623 ], [ -74.104, 40.624 ], [ -74.103, 40.624 ], [ -74.104, 40.628 ], [ -74.105, 40.628 ], [ -74.105, 40.63 ], [ -74.105, 40.63 ], [ -74.106, 40.631 ], [ -74.106, 40.632 ], [ -74.106, 40.632 ], [ -74.106, 40.634 ], [ -74.106, 40.635 ], [ -74.106, 40.635 ], [ -74.103, 40.635 ], [ -74.103, 40.637 ], [ -74.105, 40.637 ], [ -74.105, 40.639 ], [ -74.105, 40.639 ], [ -74.106, 40.643 ], [ -74.106, 40.644 ], [ -74.105, 40.645 ], [ -74.105, 40.645 ], [ -74.105, 40.646 ], [ -74.103, 40.646 ], [ -74.1, 40.645 ], [ -74.099, 40.645 ], [ -74.099, 40.646 ], [ -74.094, 40.646 ], [ -74.093, 40.647 ], [ -74.09, 40.648 ], [ -74.088, 40.648 ], [ -74.088, 40.648 ], [ -74.086, 40.649 ], [ -74.084, 40.649 ], [ -74.084, 40.649 ], [ -74.082, 40.648 ], [ -74.081, 40.649 ], [ -74.08, 40.648 ], [ -74.08, 40.648 ], [ -74.079, 40.648 ], [ -74.077, 40.647 ], [ -74.074, 40.645 ], [ -74.074, 40.645 ], [ -74.073, 40.645 ], [ -74.072, 40.644 ], [ -74.072, 40.643 ], [ -74.072, 40.643 ], [ -74.072, 40.642 ], [ -74.07, 40.643 ], [ -74.07, 40.642 ], [ -74.073, 40.642 ], [ -74.073, 40.642 ], [ -74.07, 40.642 ], [ -74.07, 40.642 ], [ -74.073, 40.642 ], [ -74.073, 40.641 ], [ -74.072, 40.641 ], [ -74.072, 40.641 ], [ -74.073, 40.641 ], [ -74.073, 40.641 ], [ -74.073, 40.641 ], [ -74.073, 40.639 ], [ -74.073, 40.639 ], [ -74.073, 40.638 ], [ -74.073, 40.638 ], [ -74.073, 40.638 ], [ -74.074, 40.638 ], [ -74.073, 40.637 ], [ -74.074, 40.636 ], [ -74.076, 40.636 ], [ -74.075, 40.634 ], [ -74.075, 40.633 ], [ -74.076, 40.632 ], [ -74.077, 40.632 ], [ -74.077, 40.633 ], [ -74.077, 40.633 ], [ -74.077, 40.633 ], [ -74.078, 40.633 ], [ -74.079, 40.633 ], [ -74.079, 40.633 ], [ -74.079, 40.632 ], [ -74.081, 40.63 ], [ -74.082, 40.631 ], [ -74.081, 40.631 ], [ -74.081, 40.632 ], [ -74.081, 40.632 ], [ -74.08, 40.632 ], [ -74.08, 40.633 ], [ -74.081, 40.633 ], [ -74.082, 40.633 ], [ -74.082, 40.633 ], [ -74.081, 40.636 ], [ -74.081, 40.636 ], [ -74.082, 40.635 ], [ -74.082, 40.635 ], [ -74.083, 40.635 ], [ -74.082, 40.635 ], [ -74.082, 40.634 ], [ -74.084, 40.635 ], [ -74.084, 40.635 ], [ -74.085, 40.634 ], [ -74.085, 40.634 ], [ -74.086, 40.634 ], [ -74.088, 40.631 ], [ -74.086, 40.63 ], [ -74.087, 40.629 ], [ -74.086, 40.629 ], [ -74.086, 40.629 ], [ -74.088, 40.629 ], [ -74.088, 40.627 ], [ -74.088, 40.627 ], [ -74.088, 40.627 ], [ -74.087, 40.627 ], [ -74.086, 40.627 ], [ -74.086, 40.626 ], [ -74.085, 40.626 ], [ -74.086, 40.626 ], [ -74.086, 40.625 ], [ -74.088, 40.625 ], [ -74.088, 40.624 ], [ -74.087, 40.624 ], [ -74.087, 40.623 ], [ -74.088, 40.623 ], [ -74.088, 40.622 ], [ -74.088, 40.622 ], [ -74.087, 40.622 ], [ -74.087, 40.622 ], [ -74.087, 40.622 ], [ -74.087, 40.621 ], [ -74.087, 40.621 ], [ -74.087, 40.621 ], [ -74.088, 40.621 ], [ -74.088, 40.62 ], [ -74.088, 40.62 ], [ -74.088, 40.619 ], [ -74.088, 40.619 ], [ -74.088, 40.617 ], [ -74.09, 40.617 ], [ -74.091, 40.617 ], [ -74.09, 40.617 ], [ -74.091, 40.617 ], [ -74.091, 40.618 ], [ -74.092, 40.618 ], [ -74.093, 40.618 ], [ -74.093, 40.616 ], [ -74.093, 40.615 ], [ -74.091, 40.614 ], [ -74.091, 40.614 ], [ -74.091, 40.613 ], [ -74.091, 40.613 ], [ -74.091, 40.612 ], [ -74.092, 40.612 ], [ -74.091, 40.612 ], [ -74.091, 40.612 ], [ -74.093, 40.612 ], [ -74.093, 40.611 ], [ -74.095, 40.612 ], [ -74.094, 40.612 ], [ -74.094, 40.613 ], [ -74.096, 40.614 ], [ -74.096, 40.616 ], [ -74.097, 40.615 ], [ -74.098, 40.613 ], [ -74.099, 40.612 ], [ -74.097, 40.61 ], [ -74.097, 40.61 ], [ -74.097, 40.61 ], [ -74.097, 40.61 ], [ -74.097, 40.609 ], [ -74.097, 40.609 ], [ -74.095, 40.61 ], [ -74.095, 40.609 ], [ -74.096, 40.609 ], [ -74.096, 40.609 ], [ -74.097, 40.608 ], [ -74.097, 40.608 ], [ -74.096, 40.608 ], [ -74.096, 40.607 ], [ -74.097, 40.607 ], [ -74.097, 40.606 ], [ -74.097, 40.606 ], [ -74.097, 40.606 ], [ -74.097, 40.605 ], [ -74.097, 40.605 ], [ -74.097, 40.605 ], [ -74.097, 40.605 ], [ -74.097, 40.605 ], [ -74.097, 40.604 ], [ -74.098, 40.604 ], [ -74.1, 40.605 ], [ -74.101, 40.604 ], [ -74.101, 40.603 ], [ -74.104, 40.602 ], [ -74.106, 40.602 ], [ -74.108, 40.601 ], [ -74.109, 40.601 ], [ -74.109, 40.601 ], [ -74.113, 40.6 ], [ -74.115, 40.602 ], [ -74.114, 40.602 ], [ -74.114, 40.603 ], [ -74.114, 40.604 ], [ -74.113, 40.605 ], [ -74.112, 40.606 ], [ -74.112, 40.606 ], [ -74.111, 40.606 ], [ -74.111, 40.607 ], [ -74.111, 40.607 ], [ -74.111, 40.608 ], [ -74.11, 40.609 ], [ -74.11, 40.609 ], [ -74.109, 40.609 ], [ -74.109, 40.609 ], [ -74.107, 40.61 ], [ -74.105, 40.61 ], [ -74.105, 40.61 ], [ -74.105, 40.61 ], [ -74.108, 40.61 ], [ -74.11, 40.61 ], [ -74.113, 40.611 ], [ -74.113, 40.613 ], [ -74.113, 40.613 ], [ -74.113, 40.613 ], [ -74.113, 40.613 ], [ -74.113, 40.614 ], [ -74.114, 40.614 ], [ -74.114, 40.615 ], [ -74.115, 40.617 ], [ -74.115, 40.618 ], [ -74.118, 40.618 ], [ -74.12, 40.622 ], [ -74.119, 40.622 ] ] ], [ [ [ -74.072, 40.641 ], [ -74.07, 40.641 ], [ -74.07, 40.641 ], [ -74.072, 40.641 ], [ -74.072, 40.641 ] ] ] ] } },
{ "type": "Feature", "properties": { "zcta5ce20": "11580", "distributed_trips": 0.0 }, "geometry": { "type": "Polygon", "coordinates": [ [ [ -73.728, 40.667 ], [ -73.728, 40.667 ], [ -73.728, 40.668 ], [ -73.728, 40.673 ], [ -73.728, 40.674 ], [ -73.728, 40.674 ], [ -73.728, 40.674 ], [ -73.727, 40.676 ], [ -73.726, 40.68 ], [ -73.726, 40.683 ], [ -73.726, 40.684 ], [ -73.726, 40.686 ], [ -73.725, 40.687 ], [ -73.725, 40.687 ], [ -73.724, 40.688 ], [ -73.723, 40.688 ], [ -73.721, 40.688 ], [ -73.718, 40.687 ], [ -73.714, 40.687 ], [ -73.708, 40.684 ], [ -73.707, 40.684 ], [ -73.706, 40.684 ], [ -73.705, 40.685 ], [ -73.706, 40.685 ], [ -73.705, 40.686 ], [ -73.705, 40.686 ], [ -73.705, 40.686 ], [ -73.706, 40.687 ], [ -73.705, 40.687 ], [ -73.703, 40.686 ], [ -73.702, 40.686 ], [ -73.703, 40.687 ], [ -73.701, 40.686 ], [ -73.7, 40.686 ], [ -73.698, 40.686 ], [ -73.696, 40.687 ], [ -73.695, 40.687 ], [ -73.695, 40.687 ], [ -73.694, 40.687 ], [ -73.692, 40.686 ], [ -73.691, 40.686 ], [ -73.692, 40.686 ], [ -73.692, 40.687 ], [ -73.691, 40.687 ], [ -73.689, 40.691 ], [ -73.69, 40.691 ], [ -73.691, 40.692 ], [ -73.691, 40.693 ], [ -73.69, 40.693 ], [ -73.689, 40.694 ], [ -73.688, 40.695 ], [ -73.687, 40.695 ], [ -73.687, 40.695 ], [ -73.687, 40.695 ], [ -73.687, 40.694 ], [ -73.687, 40.694 ], [ -73.687, 40.694 ], [ -73.687, 40.694 ], [ -73.686, 40.693 ], [ -73.686, 40.694 ], [ -73.684, 40.693 ], [ -73.685, 40.691 ], [ -73.686, 40.688 ], [ -73.685, 40.687 ], [ -73.685, 40.687 ], [ -73.684, 40.687 ], [ -73.684, 40.687 ], [ -73.685, 40.686 ], [ -73.686, 40.686 ], [ -73.686, 40.686 ], [ -73.686, 40.686 ], [ -73.686, 40.683 ], [ -73.682, 40.683 ], [ -73.68, 40.684 ], [ -73.68, 40.684 ], [ -73.681, 40.681 ], [ -73.682, 40.681 ], [ -73.681, 40.681 ], [ -73.682, 40.68 ], [ -73.681, 40.678 ], [ -73.681, 40.677 ], [ -73.682, 40.676 ], [ -73.683, 40.675 ], [ -73.686, 40.67 ], [ -73.685, 40.669 ], [ -73.685, 40.669 ], [ -73.683, 40.668 ], [ -73.683, 40.668 ], [ -73.683, 40.668 ], [ -73.684, 40.667 ], [ -73.684, 40.667 ], [ -73.689, 40.664 ], [ -73.688, 40.664 ], [ -73.689, 40.661 ], [ -73.689, 40.66 ], [ -73.689, 40.66 ], [ -73.689, 40.659 ], [ -73.689, 40.659 ], [ -73.69, 40.659 ], [ -73.69, 40.658 ], [ -73.694, 40.659 ], [ -73.694, 40.659 ], [ -73.695, 40.659 ], [ -73.699, 40.66 ], [ -73.701, 40.66 ], [ -73.701, 40.66 ], [ -73.702, 40.66 ], [ -73.702, 40.661 ], [ -73.703, 40.661 ], [ -73.711, 40.663 ], [ -73.719, 40.666 ], [ -73.722, 40.666 ], [ -73.728, 40.666 ], [ -73.728, 40.667 ] ] ] } },
{ "type": "Feature", "properties": { "zcta5ce20": "11694", "distributed_trips": 27.9 }, "geometry": { "type": "Polygon", "coordinates": [ [ [ -73.882, 40.568 ], [ -73.882, 40.569 ], [ -73.882, 40.569 ], [ -73.882, 40.569 ], [ -73.881, 40.569 ], [ -73.879, 40.569 ], [ -73.879, 40.569 ], [ -73.877, 40.569 ], [ -73.865, 40.575 ], [ -73.863, 40.576 ], [ -73.853, 40.581 ], [ -73.85, 40.582 ], [ -73.849, 40.582 ], [ -73.847, 40.582 ], [ -73.846, 40.582 ], [ -73.845, 40.582 ], [ -73.839, 40.582 ], [ -73.839, 40.583 ], [ -73.839, 40.583 ], [ -73.838, 40.583 ], [ -73.838, 40.583 ], [ -73.836, 40.583 ], [ -73.829, 40.585 ], [ -73.828, 40.586 ], [ -73.828, 40.586 ], [ -73.827, 40.587 ], [ -73.823, 40.588 ], [ -73.823, 40.587 ], [ -73.822, 40.587 ], [ -73.82, 40.588 ], [ -73.819, 40.588 ], [ -73.819, 40.588 ], [ -73.819, 40.588 ], [ -73.819, 40.588 ], [ -73.82, 40.587 ], [ -73.819, 40.586 ], [ -73.82, 40.586 ], [ -73.819, 40.585 ], [ -73.82, 40.585 ], [ -73.82, 40.585 ], [ -73.819, 40.585 ], [ -73.818, 40.583 ], [ -73.816, 40.583 ], [ -73.816, 40.583 ], [ -73.816, 40.583 ], [ -73.816, 40.583 ], [ -73.818, 40.582 ], [ -73.819, 40.582 ], [ -73.822, 40.581 ], [ -73.823, 40.581 ], [ -73.825, 40.58 ], [ -73.825, 40.58 ], [ -73.827, 40.58 ], [ -73.827, 40.58 ], [ -73.829, 40.579 ], [ -73.83, 40.579 ], [ -73.831, 40.578 ], [ -73.832, 40.578 ], [ -73.832, 40.578 ], [ -73.834, 40.578 ], [ -73.835, 40.577 ], [ -73.836, 40.577 ], [ -73.839, 40.576 ], [ -73.839, 40.576 ], [ -73.844, 40.574 ], [ -73.849, 40.572 ], [ -73.849, 40.572 ], [ -73.849, 40.572 ], [ -73.849, 40.572 ], [ -73.85, 40.572 ], [ -73.851, 40.571 ], [ -73.851, 40.571 ], [ -73.852, 40.571 ], [ -73.854, 40.57 ], [ -73.854, 40.57 ], [ -73.854, 40.57 ], [ -73.854, 40.57 ], [ -73.855, 40.57 ], [ -73.855, 40.57 ], [ -73.855, 40.57 ], [ -73.856, 40.57 ], [ -73.856, 40.569 ], [ -73.858, 40.569 ], [ -73.859, 40.568 ], [ -73.86, 40.568 ], [ -73.862, 40.567 ], [ -73.863, 40.567 ], [ -73.863, 40.567 ], [ -73.863, 40.567 ], [ -73.864, 40.567 ], [ -73.865, 40.567 ], [ -73.865, 40.567 ], [ -73.865, 40.567 ], [ -73.865, 40.567 ], [ -73.866, 40.566 ], [ -73.866, 40.566 ], [ -73.867, 40.566 ], [ -73.868, 40.566 ], [ -73.868, 40.565 ], [ -73.868, 40.565 ], [ -73.868, 40.565 ], [ -73.869, 40.565 ], [ -73.87, 40.565 ], [ -73.872, 40.565 ], [ -73.873, 40.564 ], [ -73.873, 40.564 ], [ -73.873, 40.564 ], [ -73.873, 40.564 ], [ -73.875, 40.564 ], [ -73.875, 40.564 ], [ -73.875, 40.564 ], [ -73.876, 40.563 ], [ -73.876, 40.563 ], [ -73.879, 40.562 ], [ -73.883, 40.568 ], [ -73.883, 40.568 ], [ -73.883, 40.568 ], [ -73.882, 40.568 ] ] ] } },
{ "type": "Feature", "properties": { "zcta5ce20": "10303", "distributed_trips": 0.6 }, "geometry": { "type": "Polygon", "coordinates": [ [ [ -74.195, 40.637 ], [ -74.193, 40.639 ], [ -74.19, 40.641 ], [ -74.19, 40.641 ], [ -74.189, 40.642 ], [ -74.187, 40.641 ], [ -74.187, 40.641 ], [ -74.188, 40.643 ], [ -74.186, 40.643 ], [ -74.185, 40.644 ], [ -74.184, 40.644 ], [ -74.184, 40.645 ], [ -74.181, 40.645 ], [ -74.181, 40.645 ], [ -74.18, 40.645 ], [ -74.179, 40.645 ], [ -74.179, 40.643 ], [ -74.178, 40.643 ], [ -74.177, 40.644 ], [ -74.176, 40.644 ], [ -74.175, 40.645 ], [ -74.174, 40.645 ], [ -74.172, 40.644 ], [ -74.172, 40.643 ], [ -74.171, 40.643 ], [ -74.171, 40.642 ], [ -74.171, 40.641 ], [ -74.17, 40.642 ], [ -74.169, 40.642 ], [ -74.168, 40.641 ], [ -74.167, 40.642 ], [ -74.166, 40.641 ], [ -74.166, 40.642 ], [ -74.165, 40.642 ], [ -74.165, 40.642 ], [ -74.164, 40.641 ], [ -74.163, 40.641 ], [ -74.161, 40.64 ], [ -74.161, 40.639 ], [ -74.16, 40.639 ], [ -74.16, 40.64 ], [ -74.158, 40.64 ], [ -74.157, 40.64 ], [ -74.156, 40.639 ], [ -74.154, 40.639 ], [ -74.154, 40.637 ], [ -74.152, 40.638 ], [ -74.153, 40.639 ], [ -74.151, 40.639 ], [ -74.15, 40.638 ], [ -74.149, 40.638 ], [ -74.15, 40.638 ], [ -74.149, 40.639 ], [ -74.149, 40.639 ], [ -74.147, 40.639 ], [ -74.146, 40.639 ], [ -74.146, 40.639 ], [ -74.145, 40.639 ], [ -74.144, 40.639 ], [ -74.143, 40.64 ], [ -74.143, 40.64 ], [ -74.144, 40.639 ], [ -74.143, 40.639 ], [ -74.144, 40.636 ], [ -74.146, 40.636 ], [ -74.146, 40.635 ], [ -74.145, 40.636 ], [ -74.145, 40.635 ], [ -74.146, 40.632 ], [ -74.145, 40.627 ], [ -74.146, 40.625 ], [ -74.149, 40.625 ], [ -74.149, 40.623 ], [ -74.15, 40.622 ], [ -74.151, 40.621 ], [ -74.162, 40.622 ], [ -74.162, 40.622 ], [ -74.162, 40.622 ], [ -74.163, 40.622 ], [ -74.164, 40.622 ], [ -74.165, 40.622 ], [ -74.165, 40.62 ], [ -74.169, 40.622 ], [ -74.169, 40.62 ], [ -74.17, 40.621 ], [ -74.171, 40.621 ], [ -74.172, 40.62 ], [ -74.173, 40.62 ], [ -74.175, 40.619 ], [ -74.176, 40.619 ], [ -74.176, 40.618 ], [ -74.179, 40.614 ], [ -74.179, 40.613 ], [ -74.18, 40.611 ], [ -74.18, 40.61 ], [ -74.18, 40.609 ], [ -74.181, 40.61 ], [ -74.182, 40.61 ], [ -74.184, 40.61 ], [ -74.183, 40.611 ], [ -74.182, 40.612 ], [ -74.182, 40.612 ], [ -74.181, 40.613 ], [ -74.18, 40.614 ], [ -74.179, 40.616 ], [ -74.177, 40.621 ], [ -74.177, 40.622 ], [ -74.177, 40.623 ], [ -74.179, 40.625 ], [ -74.178, 40.625 ], [ -74.178, 40.625 ], [ -74.179, 40.626 ], [ -74.18, 40.627 ], [ -74.186, 40.63 ], [ -74.188, 40.629 ], [ -74.188, 40.629 ], [ -74.189, 40.629 ], [ -74.189, 40.63 ], [ -74.189, 40.631 ], [ -74.189, 40.631 ], [ -74.19, 40.631 ], [ -74.19, 40.63 ], [ -74.191, 40.629 ], [ -74.191, 40.629 ], [ -74.192, 40.629 ], [ -74.192, 40.629 ], [ -74.192, 40.631 ], [ -74.192, 40.631 ], [ -74.193, 40.631 ], [ -74.195, 40.631 ], [ -74.195, 40.631 ], [ -74.195, 40.632 ], [ -74.195, 40.632 ], [ -74.192, 40.633 ], [ -74.192, 40.633 ], [ -74.196, 40.635 ], [ -74.195, 40.637 ] ] ] } },
{ "type": "Feature", "properties": { "zcta5ce20": "10466", "distributed_trips": 18.9 }, "geometry": { "type": "Polygon", "coordinates": [ [ [ -73.864, 40.89 ], [ -73.863, 40.891 ], [ -73.861, 40.895 ], [ -73.864, 40.895 ], [ -73.863, 40.896 ], [ -73.862, 40.899 ], [ -73.862, 40.899 ], [ -73.861, 40.9 ], [ -73.862, 40.899 ], [ -73.861, 40.898 ], [ -73.859, 40.9 ], [ -73.856, 40.899 ], [ -73.857, 40.898 ], [ -73.856, 40.898 ], [ -73.856, 40.899 ], [ -73.855, 40.898 ], [ -73.855, 40.898 ], [ -73.855, 40.899 ], [ -73.854, 40.898 ], [ -73.854, 40.899 ], [ -73.854, 40.898 ], [ -73.853, 40.9 ], [ -73.853, 40.9 ], [ -73.852, 40.9 ], [ -73.85, 40.903 ], [ -73.848, 40.902 ], [ -73.847, 40.901 ], [ -73.847, 40.902 ], [ -73.847, 40.902 ], [ -73.847, 40.902 ], [ -73.846, 40.902 ], [ -73.846, 40.904 ], [ -73.845, 40.904 ], [ -73.846, 40.905 ], [ -73.845, 40.905 ], [ -73.845, 40.904 ], [ -73.841, 40.904 ], [ -73.841, 40.903 ], [ -73.841, 40.903 ], [ -73.841, 40.903 ], [ -73.841, 40.902 ], [ -73.84, 40.901 ], [ -73.84, 40.901 ], [ -73.839, 40.9 ], [ -73.839, 40.899 ], [ -73.84, 40.898 ], [ -73.84, 40.897 ], [ -73.838, 40.894 ], [ -73.833, 40.892 ], [ -73.832, 40.892 ], [ -73.831, 40.892 ], [ -73.83, 40.892 ], [ -73.828, 40.891 ], [ -73.828, 40.891 ], [ -73.827, 40.891 ], [ -73.825, 40.89 ], [ -73.824, 40.89 ], [ -73.824, 40.89 ], [ -73.824, 40.89 ], [ -73.824, 40.89 ], [ -73.824, 40.89 ], [ -73.822, 40.889 ], [ -73.823, 40.89 ], [ -73.823, 40.89 ], [ -73.823, 40.89 ], [ -73.823, 40.89 ], [ -73.823, 40.891 ], [ -73.823, 40.891 ], [ -73.823, 40.891 ], [ -73.823, 40.891 ], [ -73.821, 40.891 ], [ -73.82, 40.89 ], [ -73.825, 40.887 ], [ -73.83, 40.885 ], [ -73.831, 40.885 ], [ -73.833, 40.885 ], [ -73.834, 40.884 ], [ -73.837, 40.882 ], [ -73.841, 40.88 ], [ -73.843, 40.879 ], [ -73.843, 40.88 ], [ -73.843, 40.88 ], [ -73.849, 40.882 ], [ -73.849, 40.882 ], [ -73.849, 40.882 ], [ -73.85, 40.883 ], [ -73.851, 40.882 ], [ -73.851, 40.882 ], [ -73.851, 40.883 ], [ -73.853, 40.883 ], [ -73.853, 40.883 ], [ -73.858, 40.885 ], [ -73.859, 40.885 ], [ -73.859, 40.885 ], [ -73.86, 40.886 ], [ -73.86, 40.886 ], [ -73.862, 40.886 ], [ -73.862, 40.886 ], [ -73.863, 40.886 ], [ -73.862, 40.886 ], [ -73.864, 40.887 ], [ -73.864, 40.887 ], [ -73.864, 40.887 ], [ -73.865, 40.887 ], [ -73.865, 40.887 ], [ -73.864, 40.89 ] ] ] } },
{ "type": "Feature", "properties": { "zcta5ce20": "10308", "distributed_trips": 0.5 }, "geometry": { "type": "Polygon", "coordinates": [ [ [ -74.165, 40.561 ], [ -74.165, 40.561 ], [ -74.164, 40.566 ], [ -74.163, 40.567 ], [ -74.153, 40.57 ], [ -74.152, 40.57 ], [ -74.152, 40.569 ], [ -74.152, 40.569 ], [ -74.151, 40.568 ], [ -74.152, 40.568 ], [ -74.151, 40.567 ], [ -74.143, 40.561 ], [ -74.143, 40.56 ], [ -74.14, 40.559 ], [ -74.145, 40.554 ], [ -74.145, 40.554 ], [ -74.144, 40.554 ], [ -74.144, 40.554 ], [ -74.144, 40.553 ], [ -74.142, 40.554 ], [ -74.141, 40.555 ], [ -74.14, 40.555 ], [ -74.141, 40.554 ], [ -74.139, 40.555 ], [ -74.138, 40.554 ], [ -74.139, 40.554 ], [ -74.138, 40.554 ], [ -74.139, 40.554 ], [ -74.138, 40.553 ], [ -74.138, 40.553 ], [ -74.138, 40.553 ], [ -74.137, 40.553 ], [ -74.137, 40.553 ], [ -74.135, 40.552 ], [ -74.134, 40.553 ], [ -74.134, 40.552 ], [ -74.135, 40.552 ], [ -74.135, 40.551 ], [ -74.137, 40.55 ], [ -74.139, 40.548 ], [ -74.138, 40.548 ], [ -74.137, 40.547 ], [ -74.136, 40.546 ], [ -74.138, 40.545 ], [ -74.14, 40.544 ], [ -74.141, 40.544 ], [ -74.14, 40.543 ], [ -74.141, 40.542 ], [ -74.142, 40.543 ], [ -74.142, 40.539 ], [ -74.142, 40.539 ], [ -74.142, 40.539 ], [ -74.142, 40.537 ], [ -74.145, 40.536 ], [ -74.146, 40.536 ], [ -74.147, 40.536 ], [ -74.147, 40.536 ], [ -74.15, 40.537 ], [ -74.15, 40.537 ], [ -74.15, 40.537 ], [ -74.151, 40.537 ], [ -74.151, 40.537 ], [ -74.151, 40.538 ], [ -74.152, 40.538 ], [ -74.152, 40.538 ], [ -74.152, 40.538 ], [ -74.153, 40.538 ], [ -74.153, 40.539 ], [ -74.152, 40.539 ], [ -74.154, 40.54 ], [ -74.154, 40.54 ], [ -74.154, 40.54 ], [ -74.154, 40.541 ], [ -74.156, 40.543 ], [ -74.156, 40.542 ], [ -74.157, 40.543 ], [ -74.156, 40.543 ], [ -74.157, 40.544 ], [ -74.158, 40.544 ], [ -74.158, 40.544 ], [ -74.158, 40.545 ], [ -74.159, 40.545 ], [ -74.159, 40.546 ], [ -74.159, 40.546 ], [ -74.159, 40.547 ], [ -74.159, 40.547 ], [ -74.161, 40.546 ], [ -74.161, 40.547 ], [ -74.162, 40.547 ], [ -74.162, 40.547 ], [ -74.161, 40.547 ], [ -74.162, 40.547 ], [ -74.161, 40.547 ], [ -74.162, 40.549 ], [ -74.162, 40.549 ], [ -74.162, 40.549 ], [ -74.162, 40.55 ], [ -74.162, 40.551 ], [ -74.163, 40.551 ], [ -74.163, 40.552 ], [ -74.163, 40.553 ], [ -74.164, 40.556 ], [ -74.164, 40.556 ], [ -74.163, 40.556 ], [ -74.163, 40.557 ], [ -74.163, 40.557 ], [ -74.163, 40.557 ], [ -74.163, 40.557 ], [ -74.164, 40.557 ], [ -74.164, 40.557 ], [ -74.164, 40.557 ], [ -74.165, 40.56 ], [ -74.166, 40.56 ], [ -74.165, 40.561 ] ] ] } },
{ "type": "Feature", "properties": { "zcta5ce20": "10309", "distributed_trips": 1.5 }, "geometry": { "type": "Polygon", "coordinates": [ [ [ -74.248, 40.543 ], [ -74.248, 40.543 ], [ -74.246, 40.546 ], [ -74.244, 40.548 ], [ -74.243, 40.547 ], [ -74.242, 40.547 ], [ -74.242, 40.547 ], [ -74.24, 40.548 ], [ -74.24, 40.548 ], [ -74.239, 40.549 ], [ -74.238, 40.55 ], [ -74.237, 40.55 ], [ -74.236, 40.551 ], [ -74.236, 40.551 ], [ -74.236, 40.552 ], [ -74.237, 40.552 ], [ -74.236, 40.552 ], [ -74.235, 40.553 ], [ -74.235, 40.553 ], [ -74.234, 40.552 ], [ -74.233, 40.552 ], [ -74.232, 40.553 ], [ -74.232, 40.553 ], [ -74.232, 40.554 ], [ -74.231, 40.556 ], [ -74.23, 40.556 ], [ -74.229, 40.556 ], [ -74.227, 40.556 ], [ -74.226, 40.556 ], [ -74.226, 40.556 ], [ -74.223, 40.556 ], [ -74.223, 40.555 ], [ -74.222, 40.555 ], [ -74.222, 40.555 ], [ -74.222, 40.556 ], [ -74.222, 40.555 ], [ -74.221, 40.555 ], [ -74.221, 40.556 ], [ -74.221, 40.556 ], [ -74.22, 40.556 ], [ -74.22, 40.555 ], [ -74.22, 40.555 ], [ -74.219, 40.555 ], [ -74.219, 40.555 ], [ -74.219, 40.555 ], [ -74.219, 40.555 ], [ -74.219, 40.555 ], [ -74.219, 40.555 ], [ -74.219, 40.556 ], [ -74.219, 40.556 ], [ -74.218, 40.556 ], [ -74.218, 40.556 ], [ -74.218, 40.555 ], [ -74.216, 40.556 ], [ -74.216, 40.556 ], [ -74.215, 40.556 ], [ -74.215, 40.556 ], [ -74.215, 40.557 ], [ -74.215, 40.557 ], [ -74.214, 40.557 ], [ -74.214, 40.557 ], [ -74.214, 40.558 ], [ -74.214, 40.558 ], [ -74.213, 40.557 ], [ -74.213, 40.557 ], [ -74.214, 40.556 ], [ -74.213, 40.556 ], [ -74.212, 40.558 ], [ -74.212, 40.557 ], [ -74.212, 40.557 ], [ -74.21, 40.558 ], [ -74.208, 40.558 ], [ -74.206, 40.558 ], [ -74.207, 40.558 ], [ -74.206, 40.558 ], [ -74.205, 40.557 ], [ -74.21, 40.556 ], [ -74.211, 40.556 ], [ -74.213, 40.555 ], [ -74.213, 40.554 ], [ -74.211, 40.555 ], [ -74.207, 40.544 ], [ -74.206, 40.543 ], [ -74.203, 40.544 ], [ -74.202, 40.542 ], [ -74.202, 40.543 ], [ -74.201, 40.541 ], [ -74.201, 40.541 ], [ -74.201, 40.541 ], [ -74.199, 40.535 ], [ -74.199, 40.534 ], [ -74.201, 40.533 ], [ -74.203, 40.532 ], [ -74.203, 40.532 ], [ -74.202, 40.532 ], [ -74.2, 40.532 ], [ -74.198, 40.532 ], [ -74.196, 40.53 ], [ -74.195, 40.531 ], [ -74.196, 40.529 ], [ -74.193, 40.526 ], [ -74.191, 40.527 ], [ -74.189, 40.523 ], [ -74.19, 40.523 ], [ -74.188, 40.52 ], [ -74.185, 40.52 ], [ -74.184, 40.521 ], [ -74.183, 40.52 ], [ -74.183, 40.52 ], [ -74.184, 40.52 ], [ -74.186, 40.519 ], [ -74.189, 40.516 ], [ -74.189, 40.515 ], [ -74.19, 40.515 ], [ -74.191, 40.514 ], [ -74.192, 40.513 ], [ -74.192, 40.513 ], [ -74.193, 40.513 ], [ -74.193, 40.512 ], [ -74.193, 40.512 ], [ -74.194, 40.511 ], [ -74.195, 40.51 ], [ -74.195, 40.51 ], [ -74.197, 40.51 ], [ -74.197, 40.51 ], [ -74.198, 40.511 ], [ -74.2, 40.511 ], [ -74.2, 40.512 ], [ -74.2, 40.512 ], [ -74.201, 40.513 ], [ -74.202, 40.513 ], [ -74.205, 40.512 ], [ -74.205, 40.512 ], [ -74.207, 40.512 ], [ -74.209, 40.511 ], [ -74.21, 40.511 ], [ -74.211, 40.51 ], [ -74.211, 40.509 ], [ -74.212, 40.508 ], [ -74.213, 40.507 ], [ -74.213, 40.507 ], [ -74.215, 40.506 ], [ -74.216, 40.506 ], [ -74.217, 40.503 ], [ -74.217, 40.503 ], [ -74.218, 40.503 ], [ -74.218, 40.503 ], [ -74.219, 40.503 ], [ -74.22, 40.503 ], [ -74.221, 40.503 ], [ -74.222, 40.502 ], [ -74.222, 40.503 ], [ -74.223, 40.502 ], [ -74.224, 40.502 ], [ -74.225, 40.502 ], [ -74.226, 40.502 ], [ -74.226, 40.502 ], [ -74.228, 40.502 ], [ -74.228, 40.502 ], [ -74.23, 40.507 ], [ -74.231, 40.511 ], [ -74.233, 40.516 ], [ -74.233, 40.516 ], [ -74.234, 40.517 ], [ -74.235, 40.52 ], [ -74.237, 40.52 ], [ -74.238, 40.52 ], [ -74.239, 40.52 ], [ -74.239, 40.52 ], [ -74.24, 40.52 ], [ -74.24, 40.52 ], [ -74.241, 40.52 ], [ -74.241, 40.52 ], [ -74.241, 40.52 ], [ -74.241, 40.52 ], [ -74.242, 40.52 ], [ -74.242, 40.52 ], [ -74.242, 40.52 ], [ -74.242, 40.52 ], [ -74.243, 40.521 ], [ -74.243, 40.521 ], [ -74.243, 40.521 ], [ -74.243, 40.522 ], [ -74.243, 40.523 ], [ -74.243, 40.524 ], [ -74.243, 40.524 ], [ -74.243, 40.525 ], [ -74.244, 40.525 ], [ -74.244, 40.525 ], [ -74.244, 40.525 ], [ -74.244, 40.525 ], [ -74.243, 40.526 ], [ -74.243, 40.527 ], [ -74.243, 40.528 ], [ -74.243, 40.528 ], [ -74.243, 40.528 ], [ -74.242, 40.531 ], [ -74.242, 40.532 ], [ -74.242, 40.533 ], [ -74.242, 40.534 ], [ -74.242, 40.535 ], [ -74.243, 40.535 ], [ -74.243, 40.535 ], [ -74.243, 40.536 ], [ -74.244, 40.536 ], [ -74.245, 40.536 ], [ -74.246, 40.537 ], [ -74.246, 40.538 ], [ -74.246, 40.538 ], [ -74.245, 40.538 ], [ -74.245, 40.538 ], [ -74.245, 40.539 ], [ -74.246, 40.541 ], [ -74.246, 40.541 ], [ -74.246, 40.542 ], [ -74.248, 40.543 ], [ -74.248, 40.543 ] ] ] } },
{ "type": "Feature", "properties": { "zcta5ce20": "10469", "distributed_trips": 22.8 }, "geometry": { "type": "Polygon", "coordinates": [ [ [ -73.863, 40.859 ], [ -73.862, 40.859 ], [ -73.862, 40.86 ], [ -73.862, 40.86 ], [ -73.862, 40.861 ], [ -73.862, 40.861 ], [ -73.862, 40.863 ], [ -73.862, 40.864 ], [ -73.862, 40.865 ], [ -73.862, 40.865 ], [ -73.862, 40.866 ], [ -73.862, 40.866 ], [ -73.862, 40.866 ], [ -73.862, 40.868 ], [ -73.862, 40.868 ], [ -73.862, 40.868 ], [ -73.862, 40.868 ], [ -73.862, 40.868 ], [ -73.862, 40.869 ], [ -73.862, 40.869 ], [ -73.862, 40.87 ], [ -73.862, 40.87 ], [ -73.862, 40.871 ], [ -73.861, 40.871 ], [ -73.861, 40.873 ], [ -73.861, 40.873 ], [ -73.862, 40.873 ], [ -73.862, 40.873 ], [ -73.862, 40.873 ], [ -73.862, 40.873 ], [ -73.862, 40.873 ], [ -73.862, 40.874 ], [ -73.861, 40.874 ], [ -73.861, 40.874 ], [ -73.856, 40.884 ], [ -73.853, 40.883 ], [ -73.853, 40.883 ], [ -73.851, 40.883 ], [ -73.851, 40.882 ], [ -73.851, 40.882 ], [ -73.85, 40.883 ], [ -73.849, 40.882 ], [ -73.849, 40.882 ], [ -73.849, 40.882 ], [ -73.843, 40.88 ], [ -73.843, 40.88 ], [ -73.843, 40.879 ], [ -73.841, 40.88 ], [ -73.839, 40.881 ], [ -73.838, 40.88 ], [ -73.836, 40.877 ], [ -73.835, 40.875 ], [ -73.835, 40.874 ], [ -73.835, 40.874 ], [ -73.836, 40.874 ], [ -73.833, 40.868 ], [ -73.833, 40.868 ], [ -73.83, 40.862 ], [ -73.828, 40.86 ], [ -73.827, 40.859 ], [ -73.827, 40.856 ], [ -73.832, 40.856 ], [ -73.837, 40.857 ], [ -73.837, 40.857 ], [ -73.837, 40.857 ], [ -73.837, 40.857 ], [ -73.843, 40.858 ], [ -73.847, 40.859 ], [ -73.85, 40.859 ], [ -73.857, 40.858 ], [ -73.863, 40.858 ], [ -73.863, 40.859 ] ] ] } },
{ "type": "Feature", "properties": { "zcta5ce20": "10310", "distributed_trips": 0.4 }, "geometry": { "type": "Polygon", "coordinates": [ [ [ -74.132, 40.624 ], [ -74.132, 40.624 ], [ -74.132, 40.624 ], [ -74.132, 40.625 ], [ -74.131, 40.625 ], [ -74.131, 40.625 ], [ -74.131, 40.625 ], [ -74.132, 40.625 ], [ -74.131, 40.626 ], [ -74.131, 40.626 ], [ -74.131, 40.626 ], [ -74.131, 40.626 ], [ -74.131, 40.627 ], [ -74.13, 40.627 ], [ -74.13, 40.628 ], [ -74.13, 40.629 ], [ -74.129, 40.629 ], [ -74.129, 40.629 ], [ -74.129, 40.629 ], [ -74.129, 40.63 ], [ -74.13, 40.63 ], [ -74.13, 40.63 ], [ -74.13, 40.631 ], [ -74.13, 40.631 ], [ -74.13, 40.631 ], [ -74.13, 40.632 ], [ -74.13, 40.632 ], [ -74.129, 40.634 ], [ -74.128, 40.634 ], [ -74.128, 40.637 ], [ -74.127, 40.637 ], [ -74.127, 40.64 ], [ -74.124, 40.64 ], [ -74.121, 40.641 ], [ -74.121, 40.642 ], [ -74.12, 40.642 ], [ -74.118, 40.643 ], [ -74.116, 40.643 ], [ -74.114, 40.644 ], [ -74.113, 40.645 ], [ -74.113, 40.645 ], [ -74.111, 40.646 ], [ -74.105, 40.646 ], [ -74.105, 40.645 ], [ -74.105, 40.645 ], [ -74.106, 40.644 ], [ -74.106, 40.643 ], [ -74.105, 40.639 ], [ -74.105, 40.639 ], [ -74.105, 40.637 ], [ -74.103, 40.637 ], [ -74.103, 40.635 ], [ -74.106, 40.635 ], [ -74.106, 40.635 ], [ -74.106, 40.634 ], [ -74.106, 40.632 ], [ -74.106, 40.632 ], [ -74.106, 40.631 ], [ -74.105, 40.63 ], [ -74.105, 40.63 ], [ -74.105, 40.628 ], [ -74.104, 40.628 ], [ -74.103, 40.624 ], [ -74.104, 40.624 ], [ -74.105, 40.623 ], [ -74.106, 40.622 ], [ -74.11, 40.621 ], [ -74.112, 40.622 ], [ -74.113, 40.623 ], [ -74.117, 40.624 ], [ -74.118, 40.624 ], [ -74.119, 40.622 ], [ -74.12, 40.622 ], [ -74.12, 40.622 ], [ -74.121, 40.623 ], [ -74.122, 40.624 ], [ -74.123, 40.624 ], [ -74.122, 40.624 ], [ -74.125, 40.623 ], [ -74.124, 40.623 ], [ -74.126, 40.623 ], [ -74.126, 40.624 ], [ -74.126, 40.624 ], [ -74.126, 40.624 ], [ -74.128, 40.623 ], [ -74.128, 40.623 ], [ -74.129, 40.623 ], [ -74.129, 40.623 ], [ -74.129, 40.623 ], [ -74.129, 40.623 ], [ -74.131, 40.623 ], [ -74.131, 40.624 ], [ -74.132, 40.623 ], [ -74.132, 40.624 ] ] ] } },
{ "type": "Feature", "properties": { "zcta5ce20": "10470", "distributed_trips": 13.3 }, "geometry": { "type": "Polygon", "coordinates": [ [ [ -73.879, 40.898 ], [ -73.879, 40.9 ], [ -73.878, 40.906 ], [ -73.876, 40.905 ], [ -73.875, 40.905 ], [ -73.868, 40.903 ], [ -73.867, 40.903 ], [ -73.866, 40.903 ], [ -73.866, 40.902 ], [ -73.865, 40.902 ], [ -73.865, 40.902 ], [ -73.864, 40.902 ], [ -73.863, 40.902 ], [ -73.862, 40.901 ], [ -73.862, 40.901 ], [ -73.861, 40.901 ], [ -73.861, 40.901 ], [ -73.86, 40.902 ], [ -73.857, 40.905 ], [ -73.858, 40.905 ], [ -73.857, 40.905 ], [ -73.857, 40.905 ], [ -73.856, 40.906 ], [ -73.856, 40.906 ], [ -73.856, 40.906 ], [ -73.856, 40.906 ], [ -73.854, 40.908 ], [ -73.855, 40.908 ], [ -73.855, 40.908 ], [ -73.854, 40.909 ], [ -73.853, 40.91 ], [ -73.853, 40.91 ], [ -73.852, 40.91 ], [ -73.851, 40.91 ], [ -73.851, 40.91 ], [ -73.852, 40.909 ], [ -73.852, 40.909 ], [ -73.853, 40.907 ], [ -73.853, 40.907 ], [ -73.851, 40.906 ], [ -73.85, 40.907 ], [ -73.849, 40.907 ], [ -73.849, 40.907 ], [ -73.847, 40.906 ], [ -73.846, 40.906 ], [ -73.845, 40.906 ], [ -73.845, 40.906 ], [ -73.845, 40.905 ], [ -73.845, 40.905 ], [ -73.845, 40.905 ], [ -73.845, 40.905 ], [ -73.846, 40.905 ], [ -73.845, 40.904 ], [ -73.846, 40.904 ], [ -73.846, 40.902 ], [ -73.847, 40.902 ], [ -73.847, 40.902 ], [ -73.847, 40.902 ], [ -73.847, 40.901 ], [ -73.848, 40.902 ], [ -73.85, 40.903 ], [ -73.852, 40.9 ], [ -73.853, 40.9 ], [ -73.853, 40.9 ], [ -73.854, 40.898 ], [ -73.854, 40.899 ], [ -73.854, 40.898 ], [ -73.855, 40.899 ], [ -73.855, 40.898 ], [ -73.855, 40.898 ], [ -73.856, 40.899 ], [ -73.856, 40.898 ], [ -73.857, 40.898 ], [ -73.856, 40.899 ], [ -73.859, 40.9 ], [ -73.861, 40.898 ], [ -73.862, 40.899 ], [ -73.861, 40.9 ], [ -73.862, 40.899 ], [ -73.862, 40.899 ], [ -73.863, 40.896 ], [ -73.864, 40.895 ], [ -73.864, 40.894 ], [ -73.868, 40.888 ], [ -73.868, 40.886 ], [ -73.869, 40.883 ], [ -73.87, 40.882 ], [ -73.871, 40.88 ], [ -73.875, 40.88 ], [ -73.875, 40.882 ], [ -73.876, 40.882 ], [ -73.878, 40.882 ], [ -73.878, 40.884 ], [ -73.878, 40.885 ], [ -73.878, 40.887 ], [ -73.879, 40.889 ], [ -73.88, 40.893 ], [ -73.88, 40.893 ], [ -73.88, 40.895 ], [ -73.88, 40.895 ], [ -73.88, 40.896 ], [ -73.88, 40.897 ], [ -73.879, 40.898 ] ] ] } },
{ "type": "Feature", "properties": { "zcta5ce20": "10464", "distributed_trips": 27.3 }, "geometry": { "type": "MultiPolygon", "coordinates": [ [ [ [ -73.793, 40.856 ], [ -73.792, 40.856 ], [ -73.793, 40.857 ], [ -73.792, 40.857 ], [ -73.791, 40.858 ], [ -73.79, 40.858 ], [ -73.79, 40.859 ], [ -73.789, 40.859 ], [ -73.789, 40.858 ], [ -73.789, 40.855 ], [ -73.788, 40.854 ], [ -73.788, 40.854 ], [ -73.787, 40.854 ], [ -73.787, 40.854 ], [ -73.787, 40.854 ], [ -73.788, 40.854 ], [ -73.787, 40.852 ], [ -73.786, 40.851 ], [ -73.784, 40.851 ], [ -73.785, 40.851 ], [ -73.784, 40.85 ], [ -73.784, 40.85 ], [ -73.783, 40.849 ], [ -73.783, 40.848 ], [ -73.782, 40.847 ], [ -73.783, 40.847 ], [ -73.782, 40.847 ], [ -73.782, 40.846 ], [ -73.783, 40.845 ], [ -73.783, 40.845 ], [ -73.782, 40.845 ], [ -73.782, 40.845 ], [ -73.783, 40.844 ], [ -73.783, 40.843 ], [ -73.782, 40.843 ], [ -73.782, 40.842 ], [ -73.781, 40.841 ], [ -73.782, 40.841 ], [ -73.782, 40.84 ], [ -73.781, 40.839 ], [ -73.782, 40.839 ], [ -73.784, 40.837 ], [ -73.786, 40.838 ], [ -73.785, 40.838 ], [ -73.785, 40.839 ], [ -73.786, 40.84 ], [ -73.787, 40.84 ], [ -73.787, 40.841 ], [ -73.789, 40.843 ], [ -73.79, 40.845 ], [ -73.791, 40.846 ], [ -73.791, 40.847 ], [ -73.791, 40.848 ], [ -73.79, 40.849 ], [ -73.79, 40.851 ], [ -73.789, 40.851 ], [ -73.79, 40.852 ], [ -73.793, 40.856 ] ] ], [ [ [ -73.82, 40.869 ], [ -73.82, 40.87 ], [ -73.819, 40.872 ], [ -73.819, 40.873 ], [ -73.818, 40.877 ], [ -73.816, 40.884 ], [ -73.815, 40.886 ], [ -73.815, 40.887 ], [ -73.815, 40.887 ], [ -73.815, 40.889 ], [ -73.812, 40.888 ], [ -73.81, 40.888 ], [ -73.804, 40.886 ], [ -73.805, 40.886 ], [ -73.803, 40.885 ], [ -73.799, 40.885 ], [ -73.794, 40.883 ], [ -73.794, 40.884 ], [ -73.793, 40.883 ], [ -73.794, 40.883 ], [ -73.794, 40.882 ], [ -73.794, 40.881 ], [ -73.795, 40.881 ], [ -73.795, 40.881 ], [ -73.795, 40.88 ], [ -73.795, 40.88 ], [ -73.795, 40.879 ], [ -73.796, 40.877 ], [ -73.797, 40.877 ], [ -73.797, 40.876 ], [ -73.798, 40.874 ], [ -73.799, 40.874 ], [ -73.799, 40.874 ], [ -73.8, 40.874 ], [ -73.8, 40.874 ], [ -73.801, 40.871 ], [ -73.801, 40.871 ], [ -73.803, 40.87 ], [ -73.803, 40.869 ], [ -73.805, 40.869 ], [ -73.805, 40.869 ], [ -73.805, 40.869 ], [ -73.806, 40.869 ], [ -73.806, 40.869 ], [ -73.806, 40.869 ], [ -73.806, 40.87 ], [ -73.808, 40.871 ], [ -73.809, 40.871 ], [ -73.808, 40.871 ], [ -73.808, 40.87 ], [ -73.808, 40.87 ], [ -73.808, 40.87 ], [ -73.808, 40.87 ], [ -73.808, 40.87 ], [ -73.807, 40.87 ], [ -73.807, 40.869 ], [ -73.806, 40.868 ], [ -73.805, 40.868 ], [ -73.805, 40.868 ], [ -73.805, 40.867 ], [ -73.804, 40.867 ], [ -73.803, 40.867 ], [ -73.803, 40.867 ], [ -73.803, 40.866 ], [ -73.802, 40.866 ], [ -73.802, 40.866 ], [ -73.801, 40.867 ], [ -73.798, 40.872 ], [ -73.798, 40.872 ], [ -73.797, 40.872 ], [ -73.796, 40.872 ], [ -73.795, 40.872 ], [ -73.795, 40.873 ], [ -73.795, 40.873 ], [ -73.794, 40.874 ], [ -73.794, 40.875 ], [ -73.794, 40.876 ], [ -73.794, 40.877 ], [ -73.793, 40.877 ], [ -73.794, 40.877 ], [ -73.794, 40.877 ], [ -73.794, 40.878 ], [ -73.794, 40.879 ], [ -73.793, 40.879 ], [ -73.793, 40.879 ], [ -73.793, 40.88 ], [ -73.792, 40.88 ], [ -73.792, 40.88 ], [ -73.791, 40.88 ], [ -73.791, 40.881 ], [ -73.79, 40.881 ], [ -73.79, 40.881 ], [ -73.789, 40.881 ], [ -73.789, 40.88 ], [ -73.789, 40.88 ], [ -73.79, 40.88 ], [ -73.79, 40.879 ], [ -73.789, 40.879 ], [ -73.788, 40.879 ], [ -73.786, 40.879 ], [ -73.786, 40.879 ], [ -73.785, 40.878 ], [ -73.785, 40.877 ], [ -73.786, 40.876 ], [ -73.786, 40.875 ], [ -73.787, 40.874 ], [ -73.787, 40.873 ], [ -73.788, 40.873 ], [ -73.788, 40.873 ], [ -73.787, 40.872 ], [ -73.786, 40.873 ], [ -73.786, 40.874 ], [ -73.786, 40.874 ], [ -73.786, 40.873 ], [ -73.786, 40.872 ], [ -73.785, 40.872 ], [ -73.785, 40.873 ], [ -73.784, 40.874 ], [ -73.784, 40.874 ], [ -73.783, 40.873 ], [ -73.783, 40.873 ], [ -73.784, 40.873 ], [ -73.784, 40.873 ], [ -73.783, 40.873 ], [ -73.783, 40.872 ], [ -73.782, 40.872 ], [ -73.784, 40.87 ], [ -73.786, 40.869 ], [ -73.79, 40.868 ], [ -73.792, 40.861 ], [ -73.794, 40.859 ], [ -73.794, 40.857 ], [ -73.796, 40.856 ], [ -73.798, 40.855 ], [ -73.798, 40.855 ], [ -73.799, 40.854 ], [ -73.798, 40.854 ], [ -73.798, 40.854 ], [ -73.798, 40.852 ], [ -73.799, 40.851 ], [ -73.799, 40.85 ], [ -73.8, 40.848 ], [ -73.802, 40.85 ], [ -73.805, 40.853 ], [ -73.804, 40.853 ], [ -73.805, 40.855 ], [ -73.806, 40.855 ], [ -73.805, 40.861 ], [ -73.806, 40.861 ], [ -73.807, 40.861 ], [ -73.808, 40.86 ], [ -73.808, 40.859 ], [ -73.811, 40.863 ], [ -73.814, 40.864 ], [ -73.815, 40.863 ], [ -73.815, 40.864 ], [ -73.815, 40.865 ], [ -73.817, 40.864 ], [ -73.817, 40.865 ], [ -73.816, 40.866 ], [ -73.815, 40.868 ], [ -73.816, 40.868 ], [ -73.816, 40.87 ], [ -73.816, 40.871 ], [ -73.818, 40.869 ], [ -73.819, 40.87 ], [ -73.819, 40.87 ], [ -73.819, 40.869 ], [ -73.818, 40.869 ], [ -73.817, 40.868 ], [ -73.817, 40.868 ], [ -73.817, 40.867 ], [ -73.819, 40.868 ], [ -73.819, 40.869 ], [ -73.82, 40.869 ], [ -73.82, 40.869 ] ] ] ] } },
{ "type": "Feature", "properties": { "zcta5ce20": "10314", "distributed_trips": 2.8 }, "geometry": { "type": "Polygon", "coordinates": [ [ [ -74.205, 40.582 ], [ -74.204, 40.585 ], [ -74.204, 40.587 ], [ -74.204, 40.588 ], [ -74.204, 40.59 ], [ -74.199, 40.595 ], [ -74.198, 40.597 ], [ -74.197, 40.597 ], [ -74.197, 40.598 ], [ -74.197, 40.599 ], [ -74.197, 40.6 ], [ -74.199, 40.601 ], [ -74.2, 40.602 ], [ -74.2, 40.604 ], [ -74.203, 40.606 ], [ -74.202, 40.609 ], [ -74.203, 40.61 ], [ -74.202, 40.613 ], [ -74.201, 40.614 ], [ -74.2, 40.616 ], [ -74.2, 40.616 ], [ -74.201, 40.619 ], [ -74.201, 40.62 ], [ -74.202, 40.624 ], [ -74.201, 40.629 ], [ -74.201, 40.632 ], [ -74.199, 40.633 ], [ -74.199, 40.633 ], [ -74.198, 40.633 ], [ -74.198, 40.633 ], [ -74.197, 40.633 ], [ -74.197, 40.633 ], [ -74.197, 40.633 ], [ -74.197, 40.634 ], [ -74.197, 40.634 ], [ -74.197, 40.635 ], [ -74.197, 40.635 ], [ -74.196, 40.635 ], [ -74.192, 40.633 ], [ -74.192, 40.633 ], [ -74.195, 40.632 ], [ -74.195, 40.632 ], [ -74.195, 40.631 ], [ -74.195, 40.631 ], [ -74.193, 40.631 ], [ -74.192, 40.631 ], [ -74.192, 40.631 ], [ -74.192, 40.629 ], [ -74.192, 40.629 ], [ -74.191, 40.629 ], [ -74.191, 40.629 ], [ -74.19, 40.631 ], [ -74.189, 40.631 ], [ -74.189, 40.631 ], [ -74.189, 40.63 ], [ -74.189, 40.629 ], [ -74.188, 40.629 ], [ -74.188, 40.629 ], [ -74.186, 40.63 ], [ -74.18, 40.627 ], [ -74.179, 40.626 ], [ -74.178, 40.625 ], [ -74.178, 40.625 ], [ -74.179, 40.625 ], [ -74.177, 40.623 ], [ -74.177, 40.622 ], [ -74.177, 40.621 ], [ -74.179, 40.616 ], [ -74.18, 40.614 ], [ -74.181, 40.613 ], [ -74.182, 40.612 ], [ -74.182, 40.612 ], [ -74.183, 40.611 ], [ -74.184, 40.61 ], [ -74.182, 40.61 ], [ -74.181, 40.61 ], [ -74.18, 40.609 ], [ -74.18, 40.61 ], [ -74.18, 40.611 ], [ -74.179, 40.613 ], [ -74.179, 40.614 ], [ -74.176, 40.618 ], [ -74.176, 40.619 ], [ -74.175, 40.619 ], [ -74.173, 40.62 ], [ -74.172, 40.62 ], [ -74.171, 40.621 ], [ -74.17, 40.621 ], [ -74.169, 40.62 ], [ -74.169, 40.622 ], [ -74.165, 40.62 ], [ -74.165, 40.622 ], [ -74.164, 40.622 ], [ -74.163, 40.622 ], [ -74.162, 40.622 ], [ -74.162, 40.622 ], [ -74.162, 40.622 ], [ -74.151, 40.621 ], [ -74.15, 40.622 ], [ -74.149, 40.623 ], [ -74.149, 40.625 ], [ -74.146, 40.625 ], [ -74.147, 40.624 ], [ -74.148, 40.621 ], [ -74.147, 40.621 ], [ -74.147, 40.621 ], [ -74.147, 40.62 ], [ -74.145, 40.62 ], [ -74.145, 40.62 ], [ -74.145, 40.62 ], [ -74.145, 40.619 ], [ -74.145, 40.619 ], [ -74.145, 40.619 ], [ -74.145, 40.619 ], [ -74.147, 40.619 ], [ -74.147, 40.618 ], [ -74.147, 40.617 ], [ -74.145, 40.617 ], [ -74.142, 40.617 ], [ -74.142, 40.618 ], [ -74.142, 40.618 ], [ -74.141, 40.619 ], [ -74.141, 40.62 ], [ -74.142, 40.62 ], [ -74.142, 40.622 ], [ -74.139, 40.621 ], [ -74.139, 40.622 ], [ -74.138, 40.622 ], [ -74.138, 40.622 ], [ -74.137, 40.622 ], [ -74.137, 40.623 ], [ -74.136, 40.623 ], [ -74.136, 40.623 ], [ -74.134, 40.622 ], [ -74.134, 40.621 ], [ -74.134, 40.621 ], [ -74.132, 40.621 ], [ -74.132, 40.622 ], [ -74.132, 40.622 ], [ -74.132, 40.622 ], [ -74.131, 40.622 ], [ -74.131, 40.623 ], [ -74.129, 40.623 ], [ -74.129, 40.623 ], [ -74.129, 40.623 ], [ -74.129, 40.623 ], [ -74.128, 40.623 ], [ -74.128, 40.623 ], [ -74.126, 40.624 ], [ -74.126, 40.624 ], [ -74.126, 40.624 ], [ -74.126, 40.623 ], [ -74.124, 40.623 ], [ -74.125, 40.623 ], [ -74.122, 40.624 ], [ -74.122, 40.624 ], [ -74.122, 40.624 ], [ -74.121, 40.623 ], [ -74.12, 40.622 ], [ -74.12, 40.622 ], [ -74.118, 40.618 ], [ -74.115, 40.618 ], [ -74.115, 40.617 ], [ -74.114, 40.615 ], [ -74.114, 40.614 ], [ -74.113, 40.614 ], [ -74.113, 40.613 ], [ -74.113, 40.613 ], [ -74.113, 40.613 ], [ -74.113, 40.613 ], [ -74.113, 40.611 ], [ -74.11, 40.61 ], [ -74.108, 40.61 ], [ -74.105, 40.61 ], [ -74.105, 40.61 ], [ -74.105, 40.61 ], [ -74.107, 40.61 ], [ -74.109, 40.609 ], [ -74.109, 40.609 ], [ -74.11, 40.609 ], [ -74.111, 40.608 ], [ -74.111, 40.607 ], [ -74.111, 40.607 ], [ -74.111, 40.606 ], [ -74.112, 40.606 ], [ -74.112, 40.606 ], [ -74.113, 40.605 ], [ -74.114, 40.604 ], [ -74.114, 40.603 ], [ -74.114, 40.602 ], [ -74.115, 40.602 ], [ -74.117, 40.602 ], [ -74.117, 40.599 ], [ -74.118, 40.599 ], [ -74.118, 40.598 ], [ -74.119, 40.598 ], [ -74.12, 40.602 ], [ -74.121, 40.602 ], [ -74.121, 40.601 ], [ -74.121, 40.601 ], [ -74.123, 40.599 ], [ -74.126, 40.594 ], [ -74.126, 40.591 ], [ -74.128, 40.589 ], [ -74.128, 40.587 ], [ -74.129, 40.586 ], [ -74.129, 40.585 ], [ -74.129, 40.584 ], [ -74.13, 40.583 ], [ -74.131, 40.583 ], [ -74.132, 40.584 ], [ -74.133, 40.584 ], [ -74.133, 40.584 ], [ -74.134, 40.585 ], [ -74.134, 40.585 ], [ -74.133, 40.585 ], [ -74.133, 40.586 ], [ -74.134, 40.586 ], [ -74.139, 40.589 ], [ -74.139, 40.589 ], [ -74.142, 40.589 ], [ -74.146, 40.589 ], [ -74.146, 40.586 ], [ -74.15, 40.583 ], [ -74.153, 40.581 ], [ -74.16, 40.576 ], [ -74.162, 40.575 ], [ -74.17, 40.571 ], [ -74.17, 40.566 ], [ -74.17, 40.561 ], [ -74.171, 40.561 ], [ -74.174, 40.563 ], [ -74.175, 40.563 ], [ -74.177, 40.563 ], [ -74.178, 40.564 ], [ -74.179, 40.57 ], [ -74.18, 40.571 ], [ -74.18, 40.571 ], [ -74.184, 40.573 ], [ -74.184, 40.573 ], [ -74.189, 40.573 ], [ -74.189, 40.574 ], [ -74.19, 40.576 ], [ -74.191, 40.576 ], [ -74.191, 40.577 ], [ -74.192, 40.577 ], [ -74.195, 40.58 ], [ -74.201, 40.58 ], [ -74.204, 40.58 ], [ -74.206, 40.58 ], [ -74.206, 40.582 ], [ -74.205, 40.582 ] ], [ [ -74.18, 40.603 ], [ -74.177, 40.605 ], [ -74.177, 40.606 ], [ -74.177, 40.606 ], [ -74.179, 40.608 ], [ -74.18, 40.606 ], [ -74.181, 40.605 ], [ -74.183, 40.604 ], [ -74.18, 40.603 ] ] ] } },
{ "type": "Feature", "properties": { "zcta5ce20": "10471", "distributed_trips": 15.7 }, "geometry": { "type": "Polygon", "coordinates": [ [ [ -73.921, 40.887 ], [ -73.92, 40.891 ], [ -73.918, 40.894 ], [ -73.918, 40.895 ], [ -73.918, 40.895 ], [ -73.915, 40.903 ], [ -73.914, 40.904 ], [ -73.912, 40.913 ], [ -73.912, 40.914 ], [ -73.91, 40.915 ], [ -73.909, 40.915 ], [ -73.909, 40.915 ], [ -73.909, 40.915 ], [ -73.902, 40.913 ], [ -73.9, 40.912 ], [ -73.897, 40.912 ], [ -73.897, 40.911 ], [ -73.896, 40.903 ], [ -73.897, 40.899 ], [ -73.897, 40.894 ], [ -73.897, 40.892 ], [ -73.9, 40.886 ], [ -73.902, 40.887 ], [ -73.903, 40.889 ], [ -73.903, 40.889 ], [ -73.904, 40.89 ], [ -73.904, 40.89 ], [ -73.904, 40.89 ], [ -73.905, 40.89 ], [ -73.905, 40.89 ], [ -73.906, 40.89 ], [ -73.906, 40.888 ], [ -73.907, 40.888 ], [ -73.908, 40.889 ], [ -73.909, 40.889 ], [ -73.909, 40.889 ], [ -73.912, 40.89 ], [ -73.912, 40.89 ], [ -73.913, 40.89 ], [ -73.913, 40.891 ], [ -73.914, 40.891 ], [ -73.916, 40.891 ], [ -73.917, 40.889 ], [ -73.917, 40.887 ], [ -73.917, 40.887 ], [ -73.914, 40.886 ], [ -73.916, 40.885 ], [ -73.919, 40.886 ], [ -73.919, 40.887 ], [ -73.921, 40.887 ] ] ] } },
{ "type": "Feature", "properties": { "zcta5ce20": "10472", "distributed_trips": 10.1 }, "geometry": { "type": "Polygon", "coordinates": [ [ [ -73.884, 40.829 ], [ -73.884, 40.83 ], [ -73.884, 40.83 ], [ -73.882, 40.831 ], [ -73.88, 40.835 ], [ -73.879, 40.836 ], [ -73.878, 40.837 ], [ -73.874, 40.836 ], [ -73.874, 40.836 ], [ -73.874, 40.836 ], [ -73.874, 40.836 ], [ -73.87, 40.836 ], [ -73.868, 40.836 ], [ -73.867, 40.835 ], [ -73.866, 40.835 ], [ -73.862, 40.833 ], [ -73.861, 40.834 ], [ -73.86, 40.833 ], [ -73.86, 40.833 ], [ -73.855, 40.831 ], [ -73.851, 40.83 ], [ -73.847, 40.829 ], [ -73.845, 40.829 ], [ -73.845, 40.828 ], [ -73.846, 40.828 ], [ -73.847, 40.828 ], [ -73.884, 40.823 ], [ -73.885, 40.825 ], [ -73.884, 40.829 ] ] ] } },
{ "type": "Feature", "properties": { "zcta5ce20": "10473", "distributed_trips": 20.1 }, "geometry": { "type": "Polygon", "coordinates": [ [ [ -73.884, 40.823 ], [ -73.847, 40.828 ], [ -73.845, 40.828 ], [ -73.844, 40.828 ], [ -73.844, 40.828 ], [ -73.843, 40.829 ], [ -73.843, 40.828 ], [ -73.843, 40.828 ], [ -73.841, 40.825 ], [ -73.84, 40.822 ], [ -73.84, 40.821 ], [ -73.84, 40.82 ], [ -73.841, 40.819 ], [ -73.841, 40.819 ], [ -73.842, 40.819 ], [ -73.842, 40.818 ], [ -73.844, 40.815 ], [ -73.845, 40.814 ], [ -73.846, 40.812 ], [ -73.846, 40.812 ], [ -73.846, 40.811 ], [ -73.847, 40.811 ], [ -73.847, 40.811 ], [ -73.847, 40.811 ], [ -73.848, 40.812 ], [ -73.848, 40.813 ], [ -73.849, 40.813 ], [ -73.851, 40.814 ], [ -73.851, 40.814 ], [ -73.851, 40.814 ], [ -73.852, 40.814 ], [ -73.852, 40.814 ], [ -73.852, 40.814 ], [ -73.853, 40.814 ], [ -73.852, 40.814 ], [ -73.853, 40.815 ], [ -73.853, 40.814 ], [ -73.853, 40.814 ], [ -73.853, 40.814 ], [ -73.852, 40.814 ], [ -73.851, 40.814 ], [ -73.85, 40.813 ], [ -73.849, 40.812 ], [ -73.849, 40.812 ], [ -73.85, 40.811 ], [ -73.849, 40.811 ], [ -73.85, 40.811 ], [ -73.85, 40.81 ], [ -73.85, 40.81 ], [ -73.85, 40.808 ], [ -73.849, 40.808 ], [ -73.849, 40.808 ], [ -73.849, 40.807 ], [ -73.849, 40.807 ], [ -73.849, 40.806 ], [ -73.848, 40.806 ], [ -73.848, 40.806 ], [ -73.848, 40.806 ], [ -73.848, 40.805 ], [ -73.848, 40.805 ], [ -73.85, 40.805 ], [ -73.85, 40.804 ], [ -73.851, 40.804 ], [ -73.852, 40.805 ], [ -73.854, 40.804 ], [ -73.854, 40.805 ], [ -73.855, 40.805 ], [ -73.855, 40.804 ], [ -73.856, 40.805 ], [ -73.858, 40.805 ], [ -73.858, 40.806 ], [ -73.859, 40.807 ], [ -73.859, 40.806 ], [ -73.859, 40.807 ], [ -73.859, 40.808 ], [ -73.859, 40.807 ], [ -73.859, 40.807 ], [ -73.859, 40.808 ], [ -73.859, 40.809 ], [ -73.859, 40.81 ], [ -73.86, 40.81 ], [ -73.859, 40.809 ], [ -73.859, 40.808 ], [ -73.86, 40.809 ], [ -73.86, 40.809 ], [ -73.861, 40.81 ], [ -73.864, 40.81 ], [ -73.868, 40.811 ], [ -73.868, 40.811 ], [ -73.869, 40.813 ], [ -73.871, 40.815 ], [ -73.872, 40.815 ], [ -73.877, 40.817 ], [ -73.88, 40.819 ], [ -73.881, 40.818 ], [ -73.882, 40.819 ], [ -73.884, 40.822 ], [ -73.884, 40.823 ], [ -73.884, 40.823 ] ] ] } },
{ "type": "Feature", "properties": { "zcta5ce20": "10474", "distributed_trips": 18.1 }, "geometry": { "type": "Polygon", "coordinates": [ [ [ -73.903, 40.809 ], [ -73.898, 40.813 ], [ -73.898, 40.813 ], [ -73.898, 40.813 ], [ -73.895, 40.816 ], [ -73.895, 40.816 ], [ -73.895, 40.816 ], [ -73.89, 40.821 ], [ -73.889, 40.821 ], [ -73.887, 40.823 ], [ -73.886, 40.823 ], [ -73.884, 40.823 ], [ -73.884, 40.823 ], [ -73.884, 40.822 ], [ -73.882, 40.819 ], [ -73.881, 40.818 ], [ -73.881, 40.818 ], [ -73.88, 40.817 ], [ -73.879, 40.816 ], [ -73.877, 40.815 ], [ -73.872, 40.814 ], [ -73.871, 40.812 ], [ -73.868, 40.807 ], [ -73.868, 40.806 ], [ -73.87, 40.804 ], [ -73.872, 40.802 ], [ -73.872, 40.802 ], [ -73.872, 40.801 ], [ -73.873, 40.801 ], [ -73.875, 40.801 ], [ -73.875, 40.801 ], [ -73.876, 40.801 ], [ -73.876, 40.801 ], [ -73.878, 40.801 ], [ -73.878, 40.802 ], [ -73.878, 40.802 ], [ -73.878, 40.803 ], [ -73.883, 40.802 ], [ -73.884, 40.802 ], [ -73.885, 40.802 ], [ -73.885, 40.802 ], [ -73.886, 40.803 ], [ -73.888, 40.804 ], [ -73.888, 40.805 ], [ -73.888, 40.805 ], [ -73.888, 40.805 ], [ -73.889, 40.805 ], [ -73.889, 40.805 ], [ -73.889, 40.805 ], [ -73.889, 40.806 ], [ -73.89, 40.806 ], [ -73.89, 40.806 ], [ -73.89, 40.806 ], [ -73.891, 40.806 ], [ -73.892, 40.806 ], [ -73.895, 40.806 ], [ -73.895, 40.806 ], [ -73.895, 40.807 ], [ -73.896, 40.807 ], [ -73.896, 40.806 ], [ -73.897, 40.806 ], [ -73.897, 40.806 ], [ -73.898, 40.806 ], [ -73.898, 40.806 ], [ -73.901, 40.805 ], [ -73.902, 40.805 ], [ -73.902, 40.807 ], [ -73.903, 40.809 ] ] ] } },
{ "type": "Feature", "properties": { "zcta5ce20": "10475", "distributed_trips": 12.2 }, "geometry": { "type": "Polygon", "coordinates": [ [ [ -73.837, 40.882 ], [ -73.834, 40.884 ], [ -73.833, 40.885 ], [ -73.831, 40.885 ], [ -73.83, 40.885 ], [ -73.825, 40.887 ], [ -73.82, 40.89 ], [ -73.819, 40.89 ], [ -73.816, 40.889 ], [ -73.815, 40.889 ], [ -73.815, 40.887 ], [ -73.815, 40.887 ], [ -73.816, 40.887 ], [ -73.82, 40.886 ], [ -73.82, 40.882 ], [ -73.823, 40.873 ], [ -73.821, 40.869 ], [ -73.821, 40.869 ], [ -73.821, 40.869 ], [ -73.82, 40.868 ], [ -73.82, 40.864 ], [ -73.82, 40.863 ], [ -73.819, 40.862 ], [ -73.82, 40.861 ], [ -73.827, 40.859 ], [ -73.828, 40.86 ], [ -73.83, 40.862 ], [ -73.833, 40.868 ], [ -73.833, 40.868 ], [ -73.836, 40.874 ], [ -73.835, 40.874 ], [ -73.835, 40.874 ], [ -73.835, 40.875 ], [ -73.836, 40.877 ], [ -73.838, 40.88 ], [ -73.839, 40.881 ], [ -73.837, 40.882 ] ] ] } },
{ "type": "Feature", "properties": { "zcta5ce20": "10461", "distributed_trips": 22.2 }, "geometry": { "type": "Polygon", "coordinates": [ [ [ -73.862, 40.858 ], [ -73.857, 40.858 ], [ -73.85, 40.859 ], [ -73.847, 40.859 ], [ -73.843, 40.858 ], [ -73.837, 40.857 ], [ -73.837, 40.857 ], [ -73.837, 40.857 ], [ -73.837, 40.857 ], [ -73.832, 40.856 ], [ -73.827, 40.856 ], [ -73.827, 40.856 ], [ -73.826, 40.855 ], [ -73.826, 40.854 ], [ -73.826, 40.854 ], [ -73.826, 40.853 ], [ -73.827, 40.852 ], [ -73.827, 40.851 ], [ -73.827, 40.85 ], [ -73.827, 40.848 ], [ -73.826, 40.846 ], [ -73.826, 40.846 ], [ -73.826, 40.843 ], [ -73.826, 40.843 ], [ -73.826, 40.838 ], [ -73.826, 40.837 ], [ -73.825, 40.836 ], [ -73.826, 40.835 ], [ -73.826, 40.835 ], [ -73.828, 40.833 ], [ -73.829, 40.834 ], [ -73.829, 40.834 ], [ -73.83, 40.835 ], [ -73.832, 40.835 ], [ -73.835, 40.834 ], [ -73.836, 40.836 ], [ -73.837, 40.836 ], [ -73.838, 40.835 ], [ -73.838, 40.833 ], [ -73.837, 40.83 ], [ -73.838, 40.83 ], [ -73.839, 40.83 ], [ -73.842, 40.829 ], [ -73.842, 40.829 ], [ -73.842, 40.83 ], [ -73.842, 40.831 ], [ -73.842, 40.831 ], [ -73.843, 40.831 ], [ -73.844, 40.831 ], [ -73.845, 40.831 ], [ -73.844, 40.831 ], [ -73.84, 40.835 ], [ -73.84, 40.835 ], [ -73.84, 40.836 ], [ -73.843, 40.835 ], [ -73.845, 40.836 ], [ -73.845, 40.836 ], [ -73.846, 40.836 ], [ -73.846, 40.836 ], [ -73.847, 40.837 ], [ -73.847, 40.837 ], [ -73.847, 40.838 ], [ -73.848, 40.837 ], [ -73.851, 40.839 ], [ -73.85, 40.84 ], [ -73.851, 40.84 ], [ -73.851, 40.84 ], [ -73.851, 40.84 ], [ -73.851, 40.84 ], [ -73.851, 40.84 ], [ -73.851, 40.84 ], [ -73.853, 40.841 ], [ -73.852, 40.842 ], [ -73.853, 40.842 ], [ -73.853, 40.842 ], [ -73.853, 40.842 ], [ -73.853, 40.843 ], [ -73.855, 40.843 ], [ -73.85, 40.844 ], [ -73.85, 40.845 ], [ -73.852, 40.844 ], [ -73.852, 40.845 ], [ -73.853, 40.845 ], [ -73.853, 40.845 ], [ -73.853, 40.845 ], [ -73.853, 40.845 ], [ -73.853, 40.846 ], [ -73.853, 40.846 ], [ -73.854, 40.847 ], [ -73.854, 40.847 ], [ -73.854, 40.847 ], [ -73.854, 40.847 ], [ -73.854, 40.847 ], [ -73.855, 40.847 ], [ -73.854, 40.848 ], [ -73.855, 40.848 ], [ -73.855, 40.848 ], [ -73.855, 40.849 ], [ -73.856, 40.849 ], [ -73.856, 40.849 ], [ -73.855, 40.849 ], [ -73.856, 40.85 ], [ -73.857, 40.85 ], [ -73.857, 40.851 ], [ -73.857, 40.851 ], [ -73.857, 40.851 ], [ -73.857, 40.851 ], [ -73.857, 40.851 ], [ -73.858, 40.852 ], [ -73.858, 40.852 ], [ -73.859, 40.853 ], [ -73.858, 40.853 ], [ -73.859, 40.854 ], [ -73.859, 40.853 ], [ -73.859, 40.854 ], [ -73.859, 40.854 ], [ -73.859, 40.855 ], [ -73.86, 40.854 ], [ -73.861, 40.857 ], [ -73.861, 40.857 ], [ -73.862, 40.857 ], [ -73.862, 40.858 ] ] ] } },
{ "type": "Feature", "properties": { "zcta5ce20": "10462", "distributed_trips": 14.4 }, "geometry": { "type": "Polygon", "coordinates": [ [ [ -73.872, 40.856 ], [ -73.869, 40.857 ], [ -73.868, 40.858 ], [ -73.862, 40.858 ], [ -73.862, 40.857 ], [ -73.861, 40.857 ], [ -73.861, 40.857 ], [ -73.86, 40.854 ], [ -73.859, 40.855 ], [ -73.859, 40.854 ], [ -73.859, 40.854 ], [ -73.859, 40.853 ], [ -73.859, 40.854 ], [ -73.858, 40.853 ], [ -73.859, 40.853 ], [ -73.858, 40.852 ], [ -73.858, 40.852 ], [ -73.857, 40.851 ], [ -73.857, 40.851 ], [ -73.857, 40.851 ], [ -73.857, 40.851 ], [ -73.857, 40.851 ], [ -73.857, 40.85 ], [ -73.856, 40.85 ], [ -73.855, 40.849 ], [ -73.856, 40.849 ], [ -73.856, 40.849 ], [ -73.855, 40.849 ], [ -73.855, 40.848 ], [ -73.855, 40.848 ], [ -73.854, 40.848 ], [ -73.855, 40.847 ], [ -73.854, 40.847 ], [ -73.854, 40.847 ], [ -73.854, 40.847 ], [ -73.854, 40.847 ], [ -73.854, 40.847 ], [ -73.853, 40.846 ], [ -73.853, 40.846 ], [ -73.853, 40.845 ], [ -73.853, 40.845 ], [ -73.853, 40.845 ], [ -73.853, 40.845 ], [ -73.852, 40.845 ], [ -73.852, 40.844 ], [ -73.85, 40.845 ], [ -73.85, 40.844 ], [ -73.855, 40.843 ], [ -73.853, 40.843 ], [ -73.853, 40.842 ], [ -73.853, 40.842 ], [ -73.853, 40.842 ], [ -73.852, 40.842 ], [ -73.853, 40.841 ], [ -73.851, 40.84 ], [ -73.851, 40.84 ], [ -73.851, 40.84 ], [ -73.851, 40.84 ], [ -73.851, 40.84 ], [ -73.851, 40.84 ], [ -73.85, 40.84 ], [ -73.851, 40.839 ], [ -73.848, 40.837 ], [ -73.847, 40.838 ], [ -73.847, 40.837 ], [ -73.847, 40.837 ], [ -73.846, 40.836 ], [ -73.846, 40.836 ], [ -73.845, 40.836 ], [ -73.845, 40.836 ], [ -73.843, 40.835 ], [ -73.84, 40.836 ], [ -73.84, 40.835 ], [ -73.84, 40.835 ], [ -73.844, 40.831 ], [ -73.845, 40.831 ], [ -73.844, 40.831 ], [ -73.843, 40.831 ], [ -73.842, 40.831 ], [ -73.842, 40.831 ], [ -73.842, 40.83 ], [ -73.842, 40.829 ], [ -73.842, 40.829 ], [ -73.842, 40.829 ], [ -73.844, 40.828 ], [ -73.844, 40.828 ], [ -73.845, 40.828 ], [ -73.845, 40.829 ], [ -73.847, 40.829 ], [ -73.851, 40.83 ], [ -73.855, 40.831 ], [ -73.86, 40.833 ], [ -73.86, 40.833 ], [ -73.861, 40.834 ], [ -73.862, 40.833 ], [ -73.866, 40.835 ], [ -73.866, 40.835 ], [ -73.865, 40.835 ], [ -73.865, 40.835 ], [ -73.863, 40.834 ], [ -73.863, 40.836 ], [ -73.864, 40.836 ], [ -73.864, 40.838 ], [ -73.864, 40.838 ], [ -73.864, 40.838 ], [ -73.864, 40.838 ], [ -73.864, 40.84 ], [ -73.864, 40.84 ], [ -73.864, 40.84 ], [ -73.865, 40.84 ], [ -73.865, 40.84 ], [ -73.864, 40.841 ], [ -73.865, 40.843 ], [ -73.865, 40.842 ], [ -73.866, 40.843 ], [ -73.865, 40.843 ], [ -73.866, 40.843 ], [ -73.867, 40.844 ], [ -73.867, 40.843 ], [ -73.868, 40.844 ], [ -73.868, 40.844 ], [ -73.868, 40.845 ], [ -73.868, 40.845 ], [ -73.87, 40.845 ], [ -73.871, 40.844 ], [ -73.872, 40.843 ], [ -73.871, 40.846 ], [ -73.871, 40.85 ], [ -73.871, 40.852 ], [ -73.872, 40.856 ] ] ] } },
{ "type": "Feature", "properties": { "zcta5ce20": "10302", "distributed_trips": 0.2 }, "geometry": { "type": "Polygon", "coordinates": [ [ [ -74.148, 40.621 ], [ -74.147, 40.624 ], [ -74.146, 40.625 ], [ -74.145, 40.627 ], [ -74.146, 40.632 ], [ -74.145, 40.635 ], [ -74.145, 40.636 ], [ -74.146, 40.635 ], [ -74.146, 40.636 ], [ -74.144, 40.636 ], [ -74.143, 40.639 ], [ -74.144, 40.639 ], [ -74.143, 40.64 ], [ -74.143, 40.64 ], [ -74.142, 40.64 ], [ -74.142, 40.64 ], [ -74.141, 40.64 ], [ -74.141, 40.64 ], [ -74.141, 40.64 ], [ -74.141, 40.641 ], [ -74.14, 40.641 ], [ -74.139, 40.641 ], [ -74.138, 40.641 ], [ -74.138, 40.642 ], [ -74.134, 40.642 ], [ -74.133, 40.642 ], [ -74.132, 40.642 ], [ -74.131, 40.642 ], [ -74.131, 40.641 ], [ -74.13, 40.642 ], [ -74.129, 40.641 ], [ -74.129, 40.641 ], [ -74.128, 40.641 ], [ -74.128, 40.64 ], [ -74.127, 40.64 ], [ -74.127, 40.64 ], [ -74.127, 40.64 ], [ -74.127, 40.637 ], [ -74.128, 40.637 ], [ -74.128, 40.634 ], [ -74.129, 40.634 ], [ -74.13, 40.632 ], [ -74.13, 40.632 ], [ -74.13, 40.631 ], [ -74.13, 40.631 ], [ -74.13, 40.631 ], [ -74.13, 40.63 ], [ -74.13, 40.63 ], [ -74.129, 40.63 ], [ -74.129, 40.629 ], [ -74.129, 40.629 ], [ -74.129, 40.629 ], [ -74.13, 40.629 ], [ -74.13, 40.628 ], [ -74.13, 40.627 ], [ -74.131, 40.627 ], [ -74.131, 40.626 ], [ -74.131, 40.626 ], [ -74.131, 40.626 ], [ -74.131, 40.626 ], [ -74.132, 40.625 ], [ -74.131, 40.625 ], [ -74.131, 40.625 ], [ -74.131, 40.625 ], [ -74.132, 40.625 ], [ -74.132, 40.624 ], [ -74.132, 40.624 ], [ -74.132, 40.624 ], [ -74.132, 40.623 ], [ -74.131, 40.624 ], [ -74.131, 40.623 ], [ -74.131, 40.623 ], [ -74.131, 40.622 ], [ -74.132, 40.622 ], [ -74.132, 40.622 ], [ -74.132, 40.622 ], [ -74.132, 40.621 ], [ -74.134, 40.621 ], [ -74.134, 40.621 ], [ -74.134, 40.622 ], [ -74.136, 40.623 ], [ -74.136, 40.623 ], [ -74.137, 40.623 ], [ -74.137, 40.622 ], [ -74.138, 40.622 ], [ -74.138, 40.622 ], [ -74.139, 40.622 ], [ -74.139, 40.621 ], [ -74.142, 40.622 ], [ -74.142, 40.62 ], [ -74.141, 40.62 ], [ -74.141, 40.619 ], [ -74.142, 40.618 ], [ -74.142, 40.618 ], [ -74.142, 40.617 ], [ -74.145, 40.617 ], [ -74.147, 40.617 ], [ -74.147, 40.618 ], [ -74.147, 40.619 ], [ -74.145, 40.619 ], [ -74.145, 40.619 ], [ -74.145, 40.619 ], [ -74.145, 40.619 ], [ -74.145, 40.62 ], [ -74.145, 40.62 ], [ -74.145, 40.62 ], [ -74.147, 40.62 ], [ -74.147, 40.621 ], [ -74.147, 40.621 ], [ -74.148, 40.621 ] ] ] } },
{ "type": "Feature", "properties": { "zcta5ce20": "11375", "distributed_trips": 86.7 }, "geometry": { "type": "Polygon", "coordinates": [ [ [ -73.859, 40.722 ], [ -73.857, 40.722 ], [ -73.856, 40.724 ], [ -73.856, 40.724 ], [ -73.855, 40.724 ], [ -73.855, 40.724 ], [ -73.854, 40.725 ], [ -73.855, 40.726 ], [ -73.854, 40.727 ], [ -73.852, 40.728 ], [ -73.852, 40.728 ], [ -73.853, 40.73 ], [ -73.851, 40.731 ], [ -73.852, 40.732 ], [ -73.853, 40.731 ], [ -73.854, 40.732 ], [ -73.852, 40.732 ], [ -73.852, 40.733 ], [ -73.854, 40.732 ], [ -73.854, 40.733 ], [ -73.855, 40.733 ], [ -73.856, 40.736 ], [ -73.854, 40.736 ], [ -73.854, 40.737 ], [ -73.852, 40.737 ], [ -73.85, 40.738 ], [ -73.848, 40.739 ], [ -73.842, 40.742 ], [ -73.84, 40.743 ], [ -73.838, 40.743 ], [ -73.838, 40.743 ], [ -73.838, 40.743 ], [ -73.838, 40.742 ], [ -73.838, 40.742 ], [ -73.838, 40.741 ], [ -73.838, 40.741 ], [ -73.837, 40.739 ], [ -73.837, 40.735 ], [ -73.836, 40.734 ], [ -73.832, 40.727 ], [ -73.831, 40.725 ], [ -73.83, 40.725 ], [ -73.828, 40.723 ], [ -73.827, 40.722 ], [ -73.826, 40.72 ], [ -73.827, 40.717 ], [ -73.827, 40.716 ], [ -73.826, 40.716 ], [ -73.826, 40.716 ], [ -73.827, 40.715 ], [ -73.831, 40.714 ], [ -73.836, 40.712 ], [ -73.836, 40.712 ], [ -73.838, 40.711 ], [ -73.841, 40.71 ], [ -73.843, 40.709 ], [ -73.846, 40.708 ], [ -73.847, 40.708 ], [ -73.849, 40.708 ], [ -73.85, 40.708 ], [ -73.856, 40.706 ], [ -73.857, 40.708 ], [ -73.857, 40.711 ], [ -73.857, 40.712 ], [ -73.858, 40.717 ], [ -73.859, 40.722 ] ] ] } },
{ "type": "Feature", "properties": { "zcta5ce20": "11210", "distributed_trips": 172.0 }, "geometry": { "type": "Polygon", "coordinates": [ [ [ -73.958, 40.637 ], [ -73.958, 40.637 ], [ -73.958, 40.637 ], [ -73.957, 40.637 ], [ -73.957, 40.637 ], [ -73.957, 40.637 ], [ -73.957, 40.638 ], [ -73.957, 40.637 ], [ -73.956, 40.638 ], [ -73.956, 40.638 ], [ -73.956, 40.638 ], [ -73.954, 40.639 ], [ -73.954, 40.639 ], [ -73.954, 40.639 ], [ -73.954, 40.639 ], [ -73.954, 40.639 ], [ -73.954, 40.638 ], [ -73.95, 40.639 ], [ -73.95, 40.639 ], [ -73.949, 40.639 ], [ -73.949, 40.639 ], [ -73.948, 40.639 ], [ -73.948, 40.64 ], [ -73.945, 40.64 ], [ -73.944, 40.64 ], [ -73.944, 40.64 ], [ -73.944, 40.64 ], [ -73.943, 40.64 ], [ -73.942, 40.639 ], [ -73.94, 40.639 ], [ -73.938, 40.639 ], [ -73.938, 40.637 ], [ -73.936, 40.637 ], [ -73.935, 40.635 ], [ -73.934, 40.635 ], [ -73.934, 40.632 ], [ -73.935, 40.632 ], [ -73.934, 40.63 ], [ -73.934, 40.63 ], [ -73.934, 40.63 ], [ -73.934, 40.63 ], [ -73.934, 40.628 ], [ -73.934, 40.628 ], [ -73.934, 40.628 ], [ -73.934, 40.628 ], [ -73.934, 40.628 ], [ -73.934, 40.626 ], [ -73.935, 40.626 ], [ -73.935, 40.625 ], [ -73.937, 40.625 ], [ -73.936, 40.624 ], [ -73.936, 40.624 ], [ -73.938, 40.623 ], [ -73.938, 40.623 ], [ -73.938, 40.622 ], [ -73.938, 40.622 ], [ -73.939, 40.622 ], [ -73.939, 40.622 ], [ -73.939, 40.621 ], [ -73.94, 40.622 ], [ -73.94, 40.622 ], [ -73.94, 40.621 ], [ -73.94, 40.621 ], [ -73.941, 40.62 ], [ -73.941, 40.621 ], [ -73.942, 40.621 ], [ -73.942, 40.62 ], [ -73.943, 40.62 ], [ -73.942, 40.619 ], [ -73.944, 40.617 ], [ -73.945, 40.616 ], [ -73.946, 40.615 ], [ -73.946, 40.616 ], [ -73.946, 40.616 ], [ -73.946, 40.615 ], [ -73.947, 40.615 ], [ -73.947, 40.615 ], [ -73.948, 40.615 ], [ -73.948, 40.614 ], [ -73.949, 40.613 ], [ -73.949, 40.614 ], [ -73.95, 40.614 ], [ -73.95, 40.613 ], [ -73.95, 40.613 ], [ -73.95, 40.613 ], [ -73.951, 40.612 ], [ -73.951, 40.611 ], [ -73.953, 40.611 ], [ -73.953, 40.611 ], [ -73.953, 40.611 ], [ -73.954, 40.616 ], [ -73.954, 40.616 ], [ -73.954, 40.621 ], [ -73.955, 40.621 ], [ -73.955, 40.621 ], [ -73.955, 40.623 ], [ -73.956, 40.623 ], [ -73.955, 40.624 ], [ -73.956, 40.63 ], [ -73.956, 40.63 ], [ -73.957, 40.63 ], [ -73.957, 40.63 ], [ -73.957, 40.631 ], [ -73.957, 40.631 ], [ -73.956, 40.631 ], [ -73.957, 40.633 ], [ -73.957, 40.635 ], [ -73.958, 40.635 ], [ -73.958, 40.636 ], [ -73.958, 40.637 ] ] ] } },
{ "type": "Feature", "properties": { "zcta5ce20": "11096", "distributed_trips": 0.1 }, "geometry": { "type": "Polygon", "coordinates": [ [ [ -73.769, 40.624 ], [ -73.769, 40.624 ], [ -73.769, 40.625 ], [ -73.767, 40.627 ], [ -73.748, 40.635 ], [ -73.746, 40.635 ], [ -73.744, 40.637 ], [ -73.744, 40.637 ], [ -73.744, 40.637 ], [ -73.744, 40.637 ], [ -73.744, 40.636 ], [ -73.745, 40.635 ], [ -73.745, 40.634 ], [ -73.745, 40.634 ], [ -73.745, 40.634 ], [ -73.745, 40.633 ], [ -73.745, 40.633 ], [ -73.744, 40.632 ], [ -73.742, 40.631 ], [ -73.742, 40.631 ], [ -73.743, 40.631 ], [ -73.746, 40.632 ], [ -73.747, 40.631 ], [ -73.747, 40.631 ], [ -73.746, 40.629 ], [ -73.746, 40.629 ], [ -73.746, 40.629 ], [ -73.744, 40.628 ], [ -73.745, 40.628 ], [ -73.744, 40.626 ], [ -73.743, 40.625 ], [ -73.743, 40.625 ], [ -73.743, 40.625 ], [ -73.742, 40.626 ], [ -73.741, 40.625 ], [ -73.741, 40.624 ], [ -73.741, 40.623 ], [ -73.741, 40.623 ], [ -73.738, 40.623 ], [ -73.738, 40.622 ], [ -73.737, 40.62 ], [ -73.737, 40.618 ], [ -73.737, 40.618 ], [ -73.738, 40.616 ], [ -73.737, 40.615 ], [ -73.741, 40.614 ], [ -73.741, 40.614 ], [ -73.741, 40.614 ], [ -73.741, 40.613 ], [ -73.744, 40.612 ], [ -73.746, 40.612 ], [ -73.746, 40.612 ], [ -73.746, 40.612 ], [ -73.747, 40.611 ], [ -73.747, 40.612 ], [ -73.748, 40.612 ], [ -73.748, 40.612 ], [ -73.748, 40.612 ], [ -73.751, 40.612 ], [ -73.754, 40.611 ], [ -73.755, 40.61 ], [ -73.755, 40.611 ], [ -73.757, 40.611 ], [ -73.759, 40.611 ], [ -73.76, 40.611 ], [ -73.765, 40.615 ], [ -73.767, 40.615 ], [ -73.768, 40.622 ], [ -73.769, 40.623 ], [ -73.769, 40.624 ] ] ] } },
{ "type": "Feature", "properties": { "zcta5ce20": "11212", "distributed_trips": 51.0 }, "geometry": { "type": "Polygon", "coordinates": [ [ [ -73.932, 40.664 ], [ -73.931, 40.664 ], [ -73.929, 40.664 ], [ -73.928, 40.665 ], [ -73.924, 40.666 ], [ -73.925, 40.668 ], [ -73.924, 40.668 ], [ -73.924, 40.667 ], [ -73.924, 40.667 ], [ -73.923, 40.667 ], [ -73.923, 40.667 ], [ -73.92, 40.669 ], [ -73.92, 40.669 ], [ -73.919, 40.669 ], [ -73.919, 40.669 ], [ -73.919, 40.669 ], [ -73.918, 40.669 ], [ -73.918, 40.669 ], [ -73.918, 40.669 ], [ -73.917, 40.669 ], [ -73.914, 40.671 ], [ -73.914, 40.671 ], [ -73.914, 40.671 ], [ -73.913, 40.671 ], [ -73.913, 40.671 ], [ -73.911, 40.672 ], [ -73.911, 40.673 ], [ -73.91, 40.673 ], [ -73.91, 40.673 ], [ -73.909, 40.673 ], [ -73.907, 40.674 ], [ -73.906, 40.674 ], [ -73.906, 40.675 ], [ -73.905, 40.675 ], [ -73.905, 40.675 ], [ -73.905, 40.675 ], [ -73.903, 40.675 ], [ -73.901, 40.665 ], [ -73.9, 40.664 ], [ -73.901, 40.664 ], [ -73.901, 40.664 ], [ -73.901, 40.662 ], [ -73.901, 40.661 ], [ -73.9, 40.661 ], [ -73.9, 40.661 ], [ -73.899, 40.657 ], [ -73.9, 40.657 ], [ -73.902, 40.656 ], [ -73.903, 40.655 ], [ -73.908, 40.655 ], [ -73.908, 40.654 ], [ -73.91, 40.654 ], [ -73.91, 40.654 ], [ -73.912, 40.654 ], [ -73.917, 40.654 ], [ -73.919, 40.654 ], [ -73.92, 40.654 ], [ -73.92, 40.654 ], [ -73.922, 40.654 ], [ -73.923, 40.656 ], [ -73.924, 40.656 ], [ -73.924, 40.657 ], [ -73.925, 40.656 ], [ -73.925, 40.657 ], [ -73.925, 40.657 ], [ -73.926, 40.659 ], [ -73.927, 40.659 ], [ -73.927, 40.659 ], [ -73.928, 40.659 ], [ -73.928, 40.66 ], [ -73.929, 40.661 ], [ -73.93, 40.661 ], [ -73.93, 40.662 ], [ -73.931, 40.663 ], [ -73.932, 40.663 ], [ -73.932, 40.664 ] ] ] } },
{ "type": "Feature", "properties": { "zcta5ce20": "11234", "distributed_trips": 748.5 }, "geometry": { "type": "Polygon", "coordinates": [ [ [ -73.944, 40.617 ], [ -73.942, 40.619 ], [ -73.943, 40.62 ], [ -73.942, 40.62 ], [ -73.942, 40.621 ], [ -73.941, 40.621 ], [ -73.941, 40.62 ], [ -73.94, 40.621 ], [ -73.94, 40.621 ], [ -73.94, 40.622 ], [ -73.94, 40.622 ], [ -73.939, 40.621 ], [ -73.939, 40.622 ], [ -73.939, 40.622 ], [ -73.938, 40.622 ], [ -73.938, 40.622 ], [ -73.938, 40.623 ], [ -73.938, 40.623 ], [ -73.936, 40.624 ], [ -73.936, 40.624 ], [ -73.937, 40.625 ], [ -73.935, 40.625 ], [ -73.935, 40.626 ], [ -73.934, 40.626 ], [ -73.934, 40.628 ], [ -73.934, 40.628 ], [ -73.934, 40.628 ], [ -73.934, 40.628 ], [ -73.934, 40.628 ], [ -73.934, 40.63 ], [ -73.934, 40.63 ], [ -73.934, 40.63 ], [ -73.934, 40.63 ], [ -73.935, 40.632 ], [ -73.934, 40.632 ], [ -73.934, 40.635 ], [ -73.933, 40.635 ], [ -73.932, 40.635 ], [ -73.932, 40.635 ], [ -73.926, 40.638 ], [ -73.923, 40.64 ], [ -73.922, 40.642 ], [ -73.92, 40.643 ], [ -73.919, 40.635 ], [ -73.92, 40.634 ], [ -73.92, 40.633 ], [ -73.919, 40.632 ], [ -73.917, 40.632 ], [ -73.909, 40.628 ], [ -73.902, 40.625 ], [ -73.898, 40.623 ], [ -73.9, 40.622 ], [ -73.897, 40.622 ], [ -73.887, 40.61 ], [ -73.889, 40.609 ], [ -73.891, 40.609 ], [ -73.899, 40.605 ], [ -73.899, 40.604 ], [ -73.885, 40.605 ], [ -73.879, 40.59 ], [ -73.879, 40.589 ], [ -73.879, 40.589 ], [ -73.879, 40.587 ], [ -73.878, 40.587 ], [ -73.878, 40.586 ], [ -73.877, 40.585 ], [ -73.877, 40.584 ], [ -73.88, 40.58 ], [ -73.882, 40.58 ], [ -73.882, 40.579 ], [ -73.882, 40.579 ], [ -73.882, 40.579 ], [ -73.882, 40.579 ], [ -73.883, 40.579 ], [ -73.884, 40.579 ], [ -73.885, 40.578 ], [ -73.888, 40.578 ], [ -73.889, 40.578 ], [ -73.89, 40.578 ], [ -73.891, 40.578 ], [ -73.892, 40.577 ], [ -73.893, 40.577 ], [ -73.894, 40.577 ], [ -73.895, 40.577 ], [ -73.896, 40.577 ], [ -73.896, 40.577 ], [ -73.896, 40.577 ], [ -73.895, 40.577 ], [ -73.895, 40.577 ], [ -73.897, 40.58 ], [ -73.897, 40.581 ], [ -73.896, 40.582 ], [ -73.896, 40.583 ], [ -73.897, 40.584 ], [ -73.897, 40.584 ], [ -73.898, 40.585 ], [ -73.898, 40.585 ], [ -73.898, 40.586 ], [ -73.898, 40.587 ], [ -73.899, 40.588 ], [ -73.901, 40.588 ], [ -73.902, 40.588 ], [ -73.902, 40.587 ], [ -73.903, 40.587 ], [ -73.904, 40.587 ], [ -73.904, 40.587 ], [ -73.905, 40.587 ], [ -73.906, 40.587 ], [ -73.906, 40.587 ], [ -73.908, 40.587 ], [ -73.91, 40.586 ], [ -73.911, 40.586 ], [ -73.912, 40.586 ], [ -73.912, 40.586 ], [ -73.913, 40.586 ], [ -73.913, 40.586 ], [ -73.913, 40.586 ], [ -73.914, 40.586 ], [ -73.915, 40.586 ], [ -73.915, 40.586 ], [ -73.915, 40.586 ], [ -73.915, 40.586 ], [ -73.915, 40.586 ], [ -73.916, 40.586 ], [ -73.916, 40.586 ], [ -73.917, 40.586 ], [ -73.917, 40.586 ], [ -73.918, 40.586 ], [ -73.918, 40.586 ], [ -73.918, 40.586 ], [ -73.918, 40.586 ], [ -73.921, 40.589 ], [ -73.93, 40.597 ], [ -73.928, 40.598 ], [ -73.934, 40.603 ], [ -73.934, 40.602 ], [ -73.94, 40.607 ], [ -73.938, 40.609 ], [ -73.938, 40.609 ], [ -73.938, 40.609 ], [ -73.939, 40.61 ], [ -73.939, 40.61 ], [ -73.939, 40.61 ], [ -73.94, 40.61 ], [ -73.94, 40.61 ], [ -73.94, 40.61 ], [ -73.941, 40.611 ], [ -73.941, 40.612 ], [ -73.941, 40.612 ], [ -73.942, 40.612 ], [ -73.942, 40.612 ], [ -73.943, 40.613 ], [ -73.943, 40.613 ], [ -73.943, 40.613 ], [ -73.943, 40.613 ], [ -73.944, 40.614 ], [ -73.944, 40.614 ], [ -73.945, 40.616 ], [ -73.944, 40.617 ] ] ] } },
{ "type": "Feature", "properties": { "zcta5ce20": "11236", "distributed_trips": 357.6 }, "geometry": { "type": "Polygon", "coordinates": [ [ [ -73.922, 40.654 ], [ -73.92, 40.654 ], [ -73.92, 40.654 ], [ -73.919, 40.654 ], [ -73.917, 40.654 ], [ -73.912, 40.654 ], [ -73.91, 40.654 ], [ -73.91, 40.654 ], [ -73.908, 40.654 ], [ -73.908, 40.655 ], [ -73.903, 40.655 ], [ -73.902, 40.656 ], [ -73.9, 40.657 ], [ -73.899, 40.657 ], [ -73.898, 40.654 ], [ -73.898, 40.654 ], [ -73.897, 40.654 ], [ -73.896, 40.653 ], [ -73.895, 40.653 ], [ -73.894, 40.651 ], [ -73.894, 40.651 ], [ -73.893, 40.65 ], [ -73.892, 40.65 ], [ -73.892, 40.651 ], [ -73.89, 40.648 ], [ -73.884, 40.643 ], [ -73.884, 40.642 ], [ -73.881, 40.64 ], [ -73.879, 40.639 ], [ -73.879, 40.638 ], [ -73.876, 40.635 ], [ -73.876, 40.633 ], [ -73.877, 40.633 ], [ -73.877, 40.634 ], [ -73.878, 40.635 ], [ -73.878, 40.635 ], [ -73.883, 40.63 ], [ -73.882, 40.629 ], [ -73.882, 40.629 ], [ -73.883, 40.629 ], [ -73.884, 40.629 ], [ -73.887, 40.626 ], [ -73.888, 40.626 ], [ -73.889, 40.626 ], [ -73.889, 40.625 ], [ -73.889, 40.624 ], [ -73.889, 40.624 ], [ -73.889, 40.623 ], [ -73.89, 40.623 ], [ -73.89, 40.622 ], [ -73.891, 40.622 ], [ -73.898, 40.623 ], [ -73.902, 40.625 ], [ -73.909, 40.628 ], [ -73.917, 40.632 ], [ -73.919, 40.632 ], [ -73.92, 40.633 ], [ -73.92, 40.634 ], [ -73.919, 40.635 ], [ -73.919, 40.635 ], [ -73.92, 40.645 ], [ -73.921, 40.645 ], [ -73.921, 40.646 ], [ -73.921, 40.647 ], [ -73.92, 40.647 ], [ -73.92, 40.647 ], [ -73.92, 40.649 ], [ -73.921, 40.649 ], [ -73.921, 40.649 ], [ -73.921, 40.65 ], [ -73.921, 40.65 ], [ -73.921, 40.651 ], [ -73.921, 40.651 ], [ -73.921, 40.653 ], [ -73.921, 40.653 ], [ -73.921, 40.654 ], [ -73.922, 40.654 ] ] ] } },
{ "type": "Feature", "properties": { "zcta5ce20": "11219", "distributed_trips": 142.0 }, "geometry": { "type": "Polygon", "coordinates": [ [ [ -74.013, 40.629 ], [ -74.008, 40.633 ], [ -74.007, 40.632 ], [ -74.006, 40.633 ], [ -74.008, 40.634 ], [ -74.004, 40.637 ], [ -74.003, 40.637 ], [ -74.003, 40.638 ], [ -74.003, 40.638 ], [ -73.995, 40.646 ], [ -73.994, 40.647 ], [ -73.989, 40.644 ], [ -73.99, 40.644 ], [ -73.99, 40.644 ], [ -73.991, 40.643 ], [ -73.99, 40.643 ], [ -73.992, 40.642 ], [ -73.992, 40.642 ], [ -73.992, 40.642 ], [ -73.992, 40.642 ], [ -73.992, 40.642 ], [ -73.99, 40.641 ], [ -73.99, 40.641 ], [ -73.99, 40.641 ], [ -73.99, 40.641 ], [ -73.989, 40.641 ], [ -73.99, 40.64 ], [ -73.988, 40.639 ], [ -73.988, 40.64 ], [ -73.987, 40.639 ], [ -73.987, 40.639 ], [ -73.986, 40.638 ], [ -73.986, 40.638 ], [ -73.985, 40.638 ], [ -73.986, 40.638 ], [ -73.984, 40.637 ], [ -73.983, 40.637 ], [ -73.983, 40.637 ], [ -73.983, 40.636 ], [ -73.981, 40.635 ], [ -73.996, 40.621 ], [ -73.996, 40.622 ], [ -73.997, 40.621 ], [ -73.996, 40.621 ], [ -73.997, 40.62 ], [ -73.998, 40.62 ], [ -73.998, 40.62 ], [ -73.998, 40.62 ], [ -73.998, 40.62 ], [ -73.999, 40.621 ], [ -73.999, 40.62 ], [ -73.999, 40.621 ], [ -73.999, 40.621 ], [ -74.0, 40.621 ], [ -73.999, 40.621 ], [ -74.0, 40.621 ], [ -74.002, 40.622 ], [ -74.002, 40.622 ], [ -74.002, 40.623 ], [ -74.002, 40.622 ], [ -74.004, 40.623 ], [ -74.004, 40.624 ], [ -74.004, 40.624 ], [ -74.005, 40.624 ], [ -74.006, 40.625 ], [ -74.006, 40.625 ], [ -74.006, 40.625 ], [ -74.006, 40.625 ], [ -74.007, 40.625 ], [ -74.007, 40.625 ], [ -74.008, 40.626 ], [ -74.008, 40.626 ], [ -74.008, 40.626 ], [ -74.008, 40.626 ], [ -74.008, 40.626 ], [ -74.009, 40.626 ], [ -74.009, 40.626 ], [ -74.01, 40.627 ], [ -74.01, 40.627 ], [ -74.011, 40.628 ], [ -74.01, 40.628 ], [ -74.011, 40.628 ], [ -74.011, 40.628 ], [ -74.012, 40.628 ], [ -74.012, 40.629 ], [ -74.013, 40.629 ] ] ] } },
{ "type": "Feature", "properties": { "zcta5ce20": "11239", "distributed_trips": 162.9 }, "geometry": { "type": "Polygon", "coordinates": [ [ [ -73.89, 40.651 ], [ -73.886, 40.653 ], [ -73.885, 40.653 ], [ -73.885, 40.654 ], [ -73.884, 40.654 ], [ -73.882, 40.654 ], [ -73.876, 40.646 ], [ -73.875, 40.645 ], [ -73.873, 40.647 ], [ -73.88, 40.656 ], [ -73.87, 40.66 ], [ -73.869, 40.66 ], [ -73.867, 40.66 ], [ -73.866, 40.659 ], [ -73.863, 40.658 ], [ -73.861, 40.655 ], [ -73.86, 40.654 ], [ -73.859, 40.653 ], [ -73.857, 40.651 ], [ -73.856, 40.65 ], [ -73.856, 40.649 ], [ -73.855, 40.643 ], [ -73.874, 40.634 ], [ -73.876, 40.635 ], [ -73.879, 40.638 ], [ -73.879, 40.639 ], [ -73.881, 40.64 ], [ -73.884, 40.642 ], [ -73.884, 40.643 ], [ -73.89, 40.648 ], [ -73.891, 40.65 ], [ -73.89, 40.651 ] ] ] } },
{ "type": "Feature", "properties": { "zcta5ce20": "11355", "distributed_trips": 36.9 }, "geometry": { "type": "Polygon", "coordinates": [ [ [ -73.838, 40.755 ], [ -73.834, 40.757 ], [ -73.834, 40.756 ], [ -73.833, 40.757 ], [ -73.833, 40.757 ], [ -73.83, 40.758 ], [ -73.83, 40.758 ], [ -73.829, 40.758 ], [ -73.83, 40.759 ], [ -73.826, 40.76 ], [ -73.816, 40.763 ], [ -73.816, 40.762 ], [ -73.814, 40.763 ], [ -73.814, 40.763 ], [ -73.813, 40.763 ], [ -73.812, 40.763 ], [ -73.808, 40.762 ], [ -73.808, 40.762 ], [ -73.808, 40.762 ], [ -73.808, 40.761 ], [ -73.808, 40.761 ], [ -73.808, 40.761 ], [ -73.808, 40.761 ], [ -73.808, 40.759 ], [ -73.808, 40.759 ], [ -73.808, 40.759 ], [ -73.808, 40.759 ], [ -73.808, 40.757 ], [ -73.809, 40.757 ], [ -73.808, 40.757 ], [ -73.808, 40.756 ], [ -73.809, 40.756 ], [ -73.809, 40.755 ], [ -73.809, 40.754 ], [ -73.809, 40.754 ], [ -73.809, 40.754 ], [ -73.809, 40.754 ], [ -73.809, 40.754 ], [ -73.809, 40.752 ], [ -73.809, 40.752 ], [ -73.809, 40.752 ], [ -73.809, 40.752 ], [ -73.809, 40.751 ], [ -73.809, 40.751 ], [ -73.809, 40.75 ], [ -73.809, 40.75 ], [ -73.808, 40.75 ], [ -73.814, 40.746 ], [ -73.814, 40.746 ], [ -73.814, 40.745 ], [ -73.814, 40.743 ], [ -73.813, 40.743 ], [ -73.811, 40.742 ], [ -73.811, 40.741 ], [ -73.81, 40.741 ], [ -73.81, 40.74 ], [ -73.811, 40.74 ], [ -73.811, 40.739 ], [ -73.811, 40.739 ], [ -73.811, 40.739 ], [ -73.812, 40.739 ], [ -73.815, 40.739 ], [ -73.815, 40.739 ], [ -73.822, 40.742 ], [ -73.822, 40.742 ], [ -73.823, 40.742 ], [ -73.823, 40.742 ], [ -73.824, 40.742 ], [ -73.824, 40.742 ], [ -73.823, 40.742 ], [ -73.825, 40.743 ], [ -73.825, 40.742 ], [ -73.825, 40.742 ], [ -73.825, 40.742 ], [ -73.825, 40.742 ], [ -73.828, 40.742 ], [ -73.828, 40.742 ], [ -73.836, 40.743 ], [ -73.836, 40.744 ], [ -73.836, 40.745 ], [ -73.835, 40.747 ], [ -73.833, 40.748 ], [ -73.832, 40.752 ], [ -73.832, 40.752 ], [ -73.836, 40.751 ], [ -73.837, 40.754 ], [ -73.838, 40.754 ], [ -73.838, 40.755 ] ] ] } },
{ "type": "Feature", "properties": { "zcta5ce20": "11204", "distributed_trips": 166.4 }, "geometry": { "type": "Polygon", "coordinates": [ [ [ -74.0, 40.617 ], [ -73.999, 40.617 ], [ -73.999, 40.618 ], [ -73.999, 40.618 ], [ -73.998, 40.619 ], [ -73.998, 40.619 ], [ -73.998, 40.62 ], [ -73.997, 40.62 ], [ -73.996, 40.621 ], [ -73.997, 40.621 ], [ -73.996, 40.622 ], [ -73.996, 40.621 ], [ -73.981, 40.635 ], [ -73.981, 40.635 ], [ -73.981, 40.635 ], [ -73.979, 40.634 ], [ -73.979, 40.633 ], [ -73.979, 40.633 ], [ -73.978, 40.632 ], [ -73.979, 40.632 ], [ -73.979, 40.632 ], [ -73.979, 40.632 ], [ -73.979, 40.632 ], [ -73.978, 40.631 ], [ -73.978, 40.63 ], [ -73.978, 40.631 ], [ -73.977, 40.63 ], [ -73.977, 40.63 ], [ -73.979, 40.629 ], [ -73.978, 40.628 ], [ -73.978, 40.628 ], [ -73.978, 40.628 ], [ -73.977, 40.628 ], [ -73.976, 40.627 ], [ -73.976, 40.626 ], [ -73.977, 40.625 ], [ -73.977, 40.624 ], [ -73.977, 40.624 ], [ -73.977, 40.623 ], [ -73.976, 40.623 ], [ -73.976, 40.622 ], [ -73.977, 40.622 ], [ -73.977, 40.622 ], [ -73.975, 40.621 ], [ -73.975, 40.621 ], [ -73.974, 40.614 ], [ -73.975, 40.614 ], [ -73.974, 40.612 ], [ -73.975, 40.611 ], [ -73.974, 40.611 ], [ -73.974, 40.611 ], [ -73.974, 40.61 ], [ -73.973, 40.61 ], [ -73.973, 40.609 ], [ -73.973, 40.609 ], [ -73.973, 40.609 ], [ -73.974, 40.609 ], [ -73.974, 40.609 ], [ -73.982, 40.608 ], [ -73.982, 40.608 ], [ -73.983, 40.607 ], [ -73.984, 40.608 ], [ -73.984, 40.608 ], [ -73.984, 40.607 ], [ -73.986, 40.607 ], [ -73.986, 40.607 ], [ -73.987, 40.607 ], [ -73.987, 40.607 ], [ -73.988, 40.606 ], [ -73.988, 40.607 ], [ -73.988, 40.607 ], [ -73.988, 40.607 ], [ -73.988, 40.607 ], [ -73.987, 40.608 ], [ -73.987, 40.608 ], [ -73.988, 40.608 ], [ -73.992, 40.61 ], [ -73.992, 40.611 ], [ -73.992, 40.611 ], [ -73.992, 40.611 ], [ -73.992, 40.611 ], [ -73.996, 40.613 ], [ -73.996, 40.613 ], [ -73.996, 40.614 ], [ -73.997, 40.613 ], [ -73.998, 40.614 ], [ -73.998, 40.615 ], [ -74.001, 40.616 ], [ -74.0, 40.617 ] ] ] } },
{ "type": "Feature", "properties": { "zcta5ce20": "11358", "distributed_trips": 31.3 }, "geometry": { "type": "Polygon", "coordinates": [ [ [ -73.809, 40.752 ], [ -73.809, 40.752 ], [ -73.809, 40.752 ], [ -73.809, 40.752 ], [ -73.809, 40.754 ], [ -73.809, 40.754 ], [ -73.809, 40.754 ], [ -73.809, 40.754 ], [ -73.809, 40.754 ], [ -73.809, 40.755 ], [ -73.809, 40.756 ], [ -73.808, 40.756 ], [ -73.808, 40.757 ], [ -73.809, 40.757 ], [ -73.808, 40.757 ], [ -73.808, 40.759 ], [ -73.808, 40.759 ], [ -73.808, 40.759 ], [ -73.808, 40.759 ], [ -73.808, 40.761 ], [ -73.808, 40.761 ], [ -73.808, 40.761 ], [ -73.808, 40.761 ], [ -73.808, 40.762 ], [ -73.808, 40.762 ], [ -73.808, 40.762 ], [ -73.808, 40.762 ], [ -73.808, 40.763 ], [ -73.807, 40.763 ], [ -73.807, 40.763 ], [ -73.808, 40.764 ], [ -73.808, 40.766 ], [ -73.807, 40.766 ], [ -73.807, 40.766 ], [ -73.808, 40.766 ], [ -73.807, 40.768 ], [ -73.807, 40.768 ], [ -73.806, 40.77 ], [ -73.806, 40.77 ], [ -73.805, 40.771 ], [ -73.806, 40.771 ], [ -73.806, 40.772 ], [ -73.806, 40.772 ], [ -73.806, 40.773 ], [ -73.805, 40.773 ], [ -73.805, 40.773 ], [ -73.804, 40.773 ], [ -73.804, 40.775 ], [ -73.803, 40.775 ], [ -73.803, 40.774 ], [ -73.802, 40.774 ], [ -73.802, 40.775 ], [ -73.801, 40.775 ], [ -73.801, 40.774 ], [ -73.798, 40.774 ], [ -73.798, 40.775 ], [ -73.798, 40.774 ], [ -73.797, 40.774 ], [ -73.797, 40.774 ], [ -73.796, 40.774 ], [ -73.796, 40.774 ], [ -73.795, 40.774 ], [ -73.795, 40.774 ], [ -73.794, 40.774 ], [ -73.794, 40.774 ], [ -73.794, 40.774 ], [ -73.793, 40.773 ], [ -73.793, 40.774 ], [ -73.793, 40.774 ], [ -73.792, 40.775 ], [ -73.791, 40.773 ], [ -73.792, 40.773 ], [ -73.791, 40.772 ], [ -73.791, 40.773 ], [ -73.791, 40.772 ], [ -73.791, 40.772 ], [ -73.79, 40.77 ], [ -73.79, 40.77 ], [ -73.789, 40.77 ], [ -73.789, 40.77 ], [ -73.79, 40.77 ], [ -73.789, 40.769 ], [ -73.79, 40.769 ], [ -73.789, 40.768 ], [ -73.789, 40.768 ], [ -73.788, 40.768 ], [ -73.789, 40.768 ], [ -73.788, 40.767 ], [ -73.788, 40.767 ], [ -73.788, 40.766 ], [ -73.788, 40.766 ], [ -73.787, 40.765 ], [ -73.787, 40.765 ], [ -73.787, 40.765 ], [ -73.787, 40.765 ], [ -73.786, 40.763 ], [ -73.785, 40.763 ], [ -73.785, 40.761 ], [ -73.786, 40.761 ], [ -73.785, 40.76 ], [ -73.785, 40.76 ], [ -73.784, 40.759 ], [ -73.782, 40.755 ], [ -73.781, 40.753 ], [ -73.78, 40.752 ], [ -73.781, 40.752 ], [ -73.781, 40.752 ], [ -73.787, 40.75 ], [ -73.787, 40.75 ], [ -73.788, 40.75 ], [ -73.788, 40.75 ], [ -73.79, 40.749 ], [ -73.792, 40.748 ], [ -73.793, 40.748 ], [ -73.793, 40.749 ], [ -73.795, 40.749 ], [ -73.795, 40.749 ], [ -73.796, 40.75 ], [ -73.798, 40.749 ], [ -73.797, 40.749 ], [ -73.797, 40.749 ], [ -73.798, 40.749 ], [ -73.798, 40.749 ], [ -73.798, 40.749 ], [ -73.799, 40.749 ], [ -73.799, 40.749 ], [ -73.802, 40.749 ], [ -73.802, 40.75 ], [ -73.809, 40.75 ], [ -73.809, 40.75 ], [ -73.809, 40.751 ], [ -73.809, 40.751 ], [ -73.809, 40.752 ] ] ] } },
{ "type": "Feature", "properties": { "zcta5ce20": "11359", "distributed_trips": 4.0 }, "geometry": { "type": "Polygon", "coordinates": [ [ [ -73.783, 40.795 ], [ -73.782, 40.795 ], [ -73.782, 40.795 ], [ -73.782, 40.796 ], [ -73.78, 40.796 ], [ -73.779, 40.797 ], [ -73.779, 40.797 ], [ -73.779, 40.797 ], [ -73.779, 40.797 ], [ -73.778, 40.797 ], [ -73.777, 40.797 ], [ -73.776, 40.796 ], [ -73.775, 40.795 ], [ -73.774, 40.795 ], [ -73.774, 40.794 ], [ -73.774, 40.794 ], [ -73.774, 40.794 ], [ -73.774, 40.793 ], [ -73.773, 40.792 ], [ -73.772, 40.791 ], [ -73.772, 40.791 ], [ -73.772, 40.791 ], [ -73.772, 40.79 ], [ -73.772, 40.79 ], [ -73.771, 40.789 ], [ -73.771, 40.788 ], [ -73.771, 40.788 ], [ -73.771, 40.788 ], [ -73.771, 40.788 ], [ -73.772, 40.787 ], [ -73.774, 40.787 ], [ -73.774, 40.787 ], [ -73.774, 40.787 ], [ -73.775, 40.787 ], [ -73.776, 40.788 ], [ -73.775, 40.787 ], [ -73.775, 40.787 ], [ -73.775, 40.787 ], [ -73.774, 40.787 ], [ -73.774, 40.786 ], [ -73.778, 40.789 ], [ -73.781, 40.79 ], [ -73.782, 40.791 ], [ -73.782, 40.791 ], [ -73.782, 40.791 ], [ -73.781, 40.791 ], [ -73.781, 40.791 ], [ -73.781, 40.792 ], [ -73.781, 40.793 ], [ -73.781, 40.793 ], [ -73.781, 40.794 ], [ -73.781, 40.794 ], [ -73.782, 40.795 ], [ -73.783, 40.795 ], [ -73.783, 40.795 ] ] ] } },
{ "type": "Feature", "properties": { "zcta5ce20": "11360", "distributed_trips": 22.0 }, "geometry": { "type": "Polygon", "coordinates": [ [ [ -73.795, 40.786 ], [ -73.791, 40.788 ], [ -73.792, 40.79 ], [ -73.793, 40.791 ], [ -73.793, 40.791 ], [ -73.792, 40.79 ], [ -73.791, 40.79 ], [ -73.791, 40.79 ], [ -73.79, 40.79 ], [ -73.786, 40.79 ], [ -73.784, 40.791 ], [ -73.782, 40.791 ], [ -73.782, 40.791 ], [ -73.784, 40.792 ], [ -73.782, 40.791 ], [ -73.781, 40.79 ], [ -73.778, 40.789 ], [ -73.774, 40.786 ], [ -73.774, 40.786 ], [ -73.772, 40.783 ], [ -73.771, 40.782 ], [ -73.771, 40.782 ], [ -73.769, 40.78 ], [ -73.767, 40.776 ], [ -73.765, 40.774 ], [ -73.764, 40.772 ], [ -73.764, 40.772 ], [ -73.765, 40.773 ], [ -73.766, 40.774 ], [ -73.77, 40.773 ], [ -73.77, 40.774 ], [ -73.77, 40.774 ], [ -73.771, 40.774 ], [ -73.771, 40.774 ], [ -73.774, 40.774 ], [ -73.774, 40.774 ], [ -73.779, 40.773 ], [ -73.779, 40.773 ], [ -73.781, 40.773 ], [ -73.781, 40.773 ], [ -73.781, 40.773 ], [ -73.782, 40.772 ], [ -73.782, 40.772 ], [ -73.782, 40.772 ], [ -73.786, 40.771 ], [ -73.788, 40.77 ], [ -73.789, 40.77 ], [ -73.79, 40.77 ], [ -73.79, 40.77 ], [ -73.79, 40.77 ], [ -73.791, 40.772 ], [ -73.791, 40.772 ], [ -73.791, 40.773 ], [ -73.791, 40.772 ], [ -73.792, 40.773 ], [ -73.791, 40.773 ], [ -73.792, 40.775 ], [ -73.791, 40.775 ], [ -73.791, 40.775 ], [ -73.791, 40.775 ], [ -73.791, 40.775 ], [ -73.791, 40.775 ], [ -73.791, 40.777 ], [ -73.792, 40.777 ], [ -73.792, 40.778 ], [ -73.792, 40.778 ], [ -73.791, 40.779 ], [ -73.791, 40.779 ], [ -73.792, 40.779 ], [ -73.792, 40.781 ], [ -73.792, 40.781 ], [ -73.792, 40.781 ], [ -73.793, 40.781 ], [ -73.793, 40.781 ], [ -73.793, 40.782 ], [ -73.793, 40.782 ], [ -73.793, 40.782 ], [ -73.793, 40.782 ], [ -73.793, 40.783 ], [ -73.794, 40.782 ], [ -73.794, 40.784 ], [ -73.794, 40.784 ], [ -73.794, 40.784 ], [ -73.794, 40.784 ], [ -73.794, 40.786 ], [ -73.794, 40.786 ], [ -73.794, 40.786 ], [ -73.795, 40.786 ], [ -73.795, 40.786 ] ] ] } },
{ "type": "Feature", "properties": { "zcta5ce20": "11361", "distributed_trips": 27.7 }, "geometry": { "type": "Polygon", "coordinates": [ [ [ -73.789, 40.769 ], [ -73.79, 40.77 ], [ -73.789, 40.77 ], [ -73.79, 40.77 ], [ -73.789, 40.77 ], [ -73.788, 40.77 ], [ -73.786, 40.771 ], [ -73.782, 40.772 ], [ -73.782, 40.772 ], [ -73.782, 40.772 ], [ -73.781, 40.773 ], [ -73.781, 40.773 ], [ -73.781, 40.773 ], [ -73.779, 40.773 ], [ -73.779, 40.773 ], [ -73.774, 40.774 ], [ -73.774, 40.774 ], [ -73.771, 40.774 ], [ -73.771, 40.774 ], [ -73.77, 40.774 ], [ -73.77, 40.774 ], [ -73.77, 40.773 ], [ -73.766, 40.774 ], [ -73.765, 40.773 ], [ -73.764, 40.772 ], [ -73.764, 40.772 ], [ -73.763, 40.772 ], [ -73.762, 40.77 ], [ -73.76, 40.769 ], [ -73.76, 40.768 ], [ -73.758, 40.764 ], [ -73.759, 40.764 ], [ -73.759, 40.763 ], [ -73.758, 40.763 ], [ -73.758, 40.763 ], [ -73.758, 40.762 ], [ -73.758, 40.762 ], [ -73.758, 40.76 ], [ -73.757, 40.76 ], [ -73.756, 40.758 ], [ -73.758, 40.758 ], [ -73.758, 40.758 ], [ -73.762, 40.757 ], [ -73.762, 40.757 ], [ -73.762, 40.756 ], [ -73.762, 40.757 ], [ -73.763, 40.757 ], [ -73.763, 40.756 ], [ -73.764, 40.756 ], [ -73.764, 40.756 ], [ -73.765, 40.756 ], [ -73.765, 40.756 ], [ -73.766, 40.756 ], [ -73.766, 40.756 ], [ -73.766, 40.756 ], [ -73.766, 40.756 ], [ -73.766, 40.756 ], [ -73.767, 40.756 ], [ -73.769, 40.755 ], [ -73.769, 40.756 ], [ -73.77, 40.755 ], [ -73.77, 40.755 ], [ -73.773, 40.754 ], [ -73.774, 40.754 ], [ -73.774, 40.754 ], [ -73.774, 40.754 ], [ -73.774, 40.754 ], [ -73.775, 40.754 ], [ -73.775, 40.754 ], [ -73.776, 40.754 ], [ -73.776, 40.753 ], [ -73.776, 40.753 ], [ -73.777, 40.753 ], [ -73.777, 40.753 ], [ -73.779, 40.752 ], [ -73.781, 40.752 ], [ -73.781, 40.752 ], [ -73.78, 40.752 ], [ -73.781, 40.753 ], [ -73.782, 40.755 ], [ -73.784, 40.759 ], [ -73.785, 40.76 ], [ -73.785, 40.76 ], [ -73.786, 40.761 ], [ -73.785, 40.761 ], [ -73.785, 40.763 ], [ -73.786, 40.763 ], [ -73.787, 40.765 ], [ -73.787, 40.765 ], [ -73.787, 40.765 ], [ -73.787, 40.765 ], [ -73.788, 40.766 ], [ -73.788, 40.766 ], [ -73.788, 40.767 ], [ -73.788, 40.767 ], [ -73.789, 40.768 ], [ -73.788, 40.768 ], [ -73.788, 40.768 ], [ -73.789, 40.768 ], [ -73.789, 40.768 ], [ -73.79, 40.769 ], [ -73.789, 40.769 ] ] ] } },
{ "type": "Feature", "properties": { "zcta5ce20": "11207", "distributed_trips": 165.3 }, "geometry": { "type": "Polygon", "coordinates": [ [ [ -73.916, 40.686 ], [ -73.916, 40.686 ], [ -73.915, 40.686 ], [ -73.915, 40.687 ], [ -73.915, 40.687 ], [ -73.914, 40.688 ], [ -73.914, 40.688 ], [ -73.912, 40.69 ], [ -73.912, 40.69 ], [ -73.912, 40.691 ], [ -73.911, 40.69 ], [ -73.91, 40.691 ], [ -73.911, 40.692 ], [ -73.909, 40.693 ], [ -73.904, 40.69 ], [ -73.904, 40.69 ], [ -73.904, 40.69 ], [ -73.902, 40.692 ], [ -73.901, 40.691 ], [ -73.902, 40.691 ], [ -73.9, 40.688 ], [ -73.901, 40.688 ], [ -73.897, 40.682 ], [ -73.895, 40.684 ], [ -73.894, 40.685 ], [ -73.892, 40.683 ], [ -73.89, 40.685 ], [ -73.889, 40.683 ], [ -73.888, 40.683 ], [ -73.886, 40.683 ], [ -73.886, 40.682 ], [ -73.887, 40.682 ], [ -73.886, 40.681 ], [ -73.886, 40.681 ], [ -73.886, 40.68 ], [ -73.886, 40.68 ], [ -73.886, 40.68 ], [ -73.886, 40.68 ], [ -73.886, 40.68 ], [ -73.886, 40.68 ], [ -73.885, 40.679 ], [ -73.886, 40.679 ], [ -73.886, 40.678 ], [ -73.885, 40.678 ], [ -73.885, 40.678 ], [ -73.885, 40.678 ], [ -73.885, 40.675 ], [ -73.885, 40.675 ], [ -73.885, 40.674 ], [ -73.885, 40.674 ], [ -73.885, 40.674 ], [ -73.884, 40.674 ], [ -73.884, 40.673 ], [ -73.885, 40.673 ], [ -73.884, 40.673 ], [ -73.884, 40.673 ], [ -73.884, 40.673 ], [ -73.884, 40.672 ], [ -73.884, 40.672 ], [ -73.884, 40.671 ], [ -73.884, 40.671 ], [ -73.884, 40.671 ], [ -73.884, 40.671 ], [ -73.883, 40.671 ], [ -73.883, 40.671 ], [ -73.884, 40.671 ], [ -73.884, 40.67 ], [ -73.883, 40.67 ], [ -73.883, 40.669 ], [ -73.883, 40.669 ], [ -73.883, 40.669 ], [ -73.883, 40.668 ], [ -73.883, 40.668 ], [ -73.883, 40.668 ], [ -73.883, 40.668 ], [ -73.883, 40.667 ], [ -73.882, 40.667 ], [ -73.882, 40.667 ], [ -73.882, 40.666 ], [ -73.882, 40.666 ], [ -73.883, 40.666 ], [ -73.882, 40.665 ], [ -73.881, 40.665 ], [ -73.88, 40.663 ], [ -73.881, 40.663 ], [ -73.881, 40.663 ], [ -73.88, 40.663 ], [ -73.879, 40.662 ], [ -73.879, 40.662 ], [ -73.879, 40.661 ], [ -73.879, 40.661 ], [ -73.878, 40.66 ], [ -73.878, 40.66 ], [ -73.877, 40.659 ], [ -73.877, 40.658 ], [ -73.876, 40.657 ], [ -73.88, 40.656 ], [ -73.873, 40.647 ], [ -73.875, 40.645 ], [ -73.876, 40.646 ], [ -73.882, 40.654 ], [ -73.884, 40.654 ], [ -73.885, 40.654 ], [ -73.885, 40.653 ], [ -73.886, 40.653 ], [ -73.888, 40.652 ], [ -73.889, 40.652 ], [ -73.89, 40.651 ], [ -73.891, 40.65 ], [ -73.892, 40.651 ], [ -73.892, 40.65 ], [ -73.893, 40.65 ], [ -73.894, 40.651 ], [ -73.894, 40.651 ], [ -73.895, 40.653 ], [ -73.896, 40.653 ], [ -73.897, 40.654 ], [ -73.898, 40.654 ], [ -73.898, 40.654 ], [ -73.899, 40.657 ], [ -73.899, 40.657 ], [ -73.899, 40.657 ], [ -73.899, 40.658 ], [ -73.9, 40.661 ], [ -73.9, 40.661 ], [ -73.901, 40.661 ], [ -73.901, 40.664 ], [ -73.901, 40.664 ], [ -73.9, 40.664 ], [ -73.901, 40.665 ], [ -73.903, 40.675 ], [ -73.903, 40.676 ], [ -73.904, 40.676 ], [ -73.904, 40.677 ], [ -73.905, 40.678 ], [ -73.903, 40.678 ], [ -73.903, 40.679 ], [ -73.912, 40.684 ], [ -73.912, 40.684 ], [ -73.913, 40.684 ], [ -73.913, 40.684 ], [ -73.913, 40.685 ], [ -73.914, 40.684 ], [ -73.914, 40.685 ], [ -73.915, 40.685 ], [ -73.915, 40.685 ], [ -73.915, 40.685 ], [ -73.916, 40.686 ] ] ] } },
{ "type": "Feature", "properties": { "zcta5ce20": "11208", "distributed_trips": 279.1 }, "geometry": { "type": "Polygon", "coordinates": [ [ [ -73.888, 40.685 ], [ -73.885, 40.687 ], [ -73.884, 40.688 ], [ -73.883, 40.689 ], [ -73.879, 40.691 ], [ -73.874, 40.694 ], [ -73.869, 40.695 ], [ -73.869, 40.695 ], [ -73.869, 40.694 ], [ -73.868, 40.688 ], [ -73.867, 40.685 ], [ -73.866, 40.682 ], [ -73.866, 40.682 ], [ -73.864, 40.682 ], [ -73.864, 40.681 ], [ -73.864, 40.681 ], [ -73.864, 40.681 ], [ -73.864, 40.681 ], [ -73.864, 40.679 ], [ -73.864, 40.68 ], [ -73.864, 40.679 ], [ -73.863, 40.679 ], [ -73.863, 40.679 ], [ -73.862, 40.679 ], [ -73.862, 40.678 ], [ -73.862, 40.678 ], [ -73.862, 40.677 ], [ -73.862, 40.677 ], [ -73.86, 40.671 ], [ -73.858, 40.672 ], [ -73.856, 40.664 ], [ -73.858, 40.664 ], [ -73.858, 40.66 ], [ -73.86, 40.66 ], [ -73.863, 40.658 ], [ -73.866, 40.659 ], [ -73.867, 40.66 ], [ -73.869, 40.66 ], [ -73.87, 40.66 ], [ -73.876, 40.657 ], [ -73.877, 40.658 ], [ -73.877, 40.659 ], [ -73.878, 40.66 ], [ -73.878, 40.66 ], [ -73.879, 40.661 ], [ -73.879, 40.661 ], [ -73.879, 40.662 ], [ -73.879, 40.662 ], [ -73.88, 40.663 ], [ -73.881, 40.663 ], [ -73.881, 40.663 ], [ -73.88, 40.663 ], [ -73.881, 40.665 ], [ -73.882, 40.665 ], [ -73.883, 40.666 ], [ -73.882, 40.666 ], [ -73.882, 40.666 ], [ -73.882, 40.667 ], [ -73.882, 40.667 ], [ -73.883, 40.667 ], [ -73.883, 40.668 ], [ -73.883, 40.668 ], [ -73.883, 40.668 ], [ -73.883, 40.668 ], [ -73.883, 40.669 ], [ -73.883, 40.669 ], [ -73.883, 40.669 ], [ -73.883, 40.67 ], [ -73.884, 40.67 ], [ -73.884, 40.671 ], [ -73.883, 40.671 ], [ -73.883, 40.671 ], [ -73.884, 40.671 ], [ -73.884, 40.671 ], [ -73.884, 40.671 ], [ -73.884, 40.671 ], [ -73.884, 40.672 ], [ -73.884, 40.672 ], [ -73.884, 40.673 ], [ -73.884, 40.673 ], [ -73.884, 40.673 ], [ -73.885, 40.673 ], [ -73.884, 40.673 ], [ -73.884, 40.674 ], [ -73.885, 40.674 ], [ -73.885, 40.674 ], [ -73.885, 40.674 ], [ -73.885, 40.675 ], [ -73.885, 40.675 ], [ -73.885, 40.678 ], [ -73.885, 40.678 ], [ -73.885, 40.678 ], [ -73.886, 40.678 ], [ -73.886, 40.679 ], [ -73.885, 40.679 ], [ -73.886, 40.68 ], [ -73.886, 40.68 ], [ -73.886, 40.68 ], [ -73.886, 40.68 ], [ -73.886, 40.68 ], [ -73.886, 40.68 ], [ -73.886, 40.681 ], [ -73.886, 40.681 ], [ -73.887, 40.682 ], [ -73.886, 40.682 ], [ -73.886, 40.683 ], [ -73.888, 40.683 ], [ -73.889, 40.683 ], [ -73.89, 40.684 ], [ -73.888, 40.685 ] ] ] } },
{ "type": "Feature", "properties": { "zcta5ce20": "11005", "distributed_trips": 2.9 }, "geometry": { "type": "Polygon", "coordinates": [ [ [ -73.721, 40.757 ], [ -73.72, 40.758 ], [ -73.719, 40.759 ], [ -73.718, 40.759 ], [ -73.716, 40.76 ], [ -73.713, 40.76 ], [ -73.712, 40.759 ], [ -73.708, 40.756 ], [ -73.713, 40.752 ], [ -73.713, 40.752 ], [ -73.713, 40.754 ], [ -73.714, 40.755 ], [ -73.715, 40.755 ], [ -73.715, 40.756 ], [ -73.718, 40.756 ], [ -73.718, 40.755 ], [ -73.722, 40.756 ], [ -73.721, 40.757 ] ] ] } },
{ "type": "Feature", "properties": { "zcta5ce20": "11223", "distributed_trips": 216.3 }, "geometry": { "type": "Polygon", "coordinates": [ [ [ -73.987, 40.605 ], [ -73.987, 40.607 ], [ -73.986, 40.607 ], [ -73.986, 40.607 ], [ -73.984, 40.607 ], [ -73.984, 40.608 ], [ -73.984, 40.608 ], [ -73.983, 40.607 ], [ -73.982, 40.608 ], [ -73.982, 40.608 ], [ -73.974, 40.609 ], [ -73.974, 40.609 ], [ -73.973, 40.609 ], [ -73.973, 40.609 ], [ -73.973, 40.609 ], [ -73.973, 40.609 ], [ -73.971, 40.609 ], [ -73.97, 40.609 ], [ -73.969, 40.609 ], [ -73.967, 40.609 ], [ -73.962, 40.61 ], [ -73.962, 40.61 ], [ -73.962, 40.61 ], [ -73.962, 40.608 ], [ -73.962, 40.608 ], [ -73.962, 40.605 ], [ -73.961, 40.605 ], [ -73.961, 40.603 ], [ -73.96, 40.603 ], [ -73.96, 40.603 ], [ -73.961, 40.603 ], [ -73.961, 40.601 ], [ -73.96, 40.601 ], [ -73.96, 40.6 ], [ -73.96, 40.598 ], [ -73.961, 40.598 ], [ -73.96, 40.596 ], [ -73.96, 40.596 ], [ -73.96, 40.596 ], [ -73.96, 40.596 ], [ -73.96, 40.595 ], [ -73.96, 40.595 ], [ -73.96, 40.595 ], [ -73.96, 40.595 ], [ -73.959, 40.594 ], [ -73.96, 40.594 ], [ -73.96, 40.594 ], [ -73.959, 40.594 ], [ -73.959, 40.593 ], [ -73.96, 40.593 ], [ -73.96, 40.593 ], [ -73.959, 40.593 ], [ -73.959, 40.592 ], [ -73.96, 40.592 ], [ -73.96, 40.592 ], [ -73.961, 40.592 ], [ -73.961, 40.592 ], [ -73.963, 40.592 ], [ -73.962, 40.591 ], [ -73.963, 40.591 ], [ -73.963, 40.591 ], [ -73.963, 40.592 ], [ -73.964, 40.592 ], [ -73.964, 40.591 ], [ -73.965, 40.591 ], [ -73.966, 40.589 ], [ -73.966, 40.589 ], [ -73.967, 40.588 ], [ -73.966, 40.588 ], [ -73.966, 40.588 ], [ -73.967, 40.588 ], [ -73.967, 40.587 ], [ -73.968, 40.587 ], [ -73.968, 40.587 ], [ -73.967, 40.587 ], [ -73.967, 40.586 ], [ -73.968, 40.586 ], [ -73.967, 40.585 ], [ -73.967, 40.585 ], [ -73.967, 40.585 ], [ -73.969, 40.584 ], [ -73.97, 40.584 ], [ -73.976, 40.583 ], [ -73.977, 40.583 ], [ -73.98, 40.583 ], [ -73.982, 40.584 ], [ -73.983, 40.584 ], [ -73.983, 40.585 ], [ -73.984, 40.585 ], [ -73.984, 40.586 ], [ -73.983, 40.586 ], [ -73.985, 40.594 ], [ -73.986, 40.594 ], [ -73.985, 40.595 ], [ -73.987, 40.604 ], [ -73.987, 40.605 ], [ -73.987, 40.605 ] ] ] } },
{ "type": "Feature", "properties": { "zcta5ce20": "11362", "distributed_trips": 33.3 }, "geometry": { "type": "Polygon", "coordinates": [ [ [ -73.759, 40.764 ], [ -73.756, 40.765 ], [ -73.755, 40.765 ], [ -73.751, 40.767 ], [ -73.749, 40.764 ], [ -73.747, 40.764 ], [ -73.744, 40.765 ], [ -73.742, 40.765 ], [ -73.741, 40.766 ], [ -73.74, 40.767 ], [ -73.738, 40.768 ], [ -73.737, 40.769 ], [ -73.736, 40.771 ], [ -73.736, 40.771 ], [ -73.735, 40.772 ], [ -73.735, 40.771 ], [ -73.734, 40.772 ], [ -73.73, 40.77 ], [ -73.728, 40.769 ], [ -73.723, 40.766 ], [ -73.713, 40.76 ], [ -73.716, 40.76 ], [ -73.718, 40.759 ], [ -73.719, 40.759 ], [ -73.72, 40.758 ], [ -73.721, 40.757 ], [ -73.722, 40.756 ], [ -73.722, 40.755 ], [ -73.723, 40.754 ], [ -73.724, 40.753 ], [ -73.726, 40.752 ], [ -73.727, 40.751 ], [ -73.728, 40.75 ], [ -73.729, 40.747 ], [ -73.732, 40.744 ], [ -73.735, 40.745 ], [ -73.738, 40.748 ], [ -73.741, 40.75 ], [ -73.742, 40.751 ], [ -73.743, 40.752 ], [ -73.746, 40.752 ], [ -73.747, 40.752 ], [ -73.747, 40.752 ], [ -73.748, 40.754 ], [ -73.747, 40.754 ], [ -73.748, 40.756 ], [ -73.75, 40.758 ], [ -73.751, 40.758 ], [ -73.751, 40.759 ], [ -73.752, 40.759 ], [ -73.753, 40.758 ], [ -73.754, 40.759 ], [ -73.755, 40.759 ], [ -73.756, 40.758 ], [ -73.756, 40.758 ], [ -73.756, 40.758 ], [ -73.756, 40.758 ], [ -73.757, 40.76 ], [ -73.758, 40.76 ], [ -73.758, 40.762 ], [ -73.758, 40.762 ], [ -73.758, 40.763 ], [ -73.758, 40.763 ], [ -73.759, 40.763 ], [ -73.759, 40.764 ] ] ] } },
{ "type": "Feature", "properties": { "zcta5ce20": "11001", "distributed_trips": 4.2 }, "geometry": { "type": "Polygon", "coordinates": [ [ [ -73.728, 40.723 ], [ -73.728, 40.723 ], [ -73.727, 40.724 ], [ -73.725, 40.724 ], [ -73.723, 40.725 ], [ -73.721, 40.725 ], [ -73.721, 40.725 ], [ -73.718, 40.726 ], [ -73.718, 40.726 ], [ -73.718, 40.726 ], [ -73.716, 40.726 ], [ -73.715, 40.727 ], [ -73.715, 40.727 ], [ -73.713, 40.727 ], [ -73.712, 40.727 ], [ -73.71, 40.727 ], [ -73.711, 40.728 ], [ -73.711, 40.728 ], [ -73.711, 40.729 ], [ -73.711, 40.729 ], [ -73.711, 40.73 ], [ -73.711, 40.729 ], [ -73.711, 40.73 ], [ -73.711, 40.73 ], [ -73.712, 40.73 ], [ -73.711, 40.73 ], [ -73.711, 40.731 ], [ -73.711, 40.731 ], [ -73.712, 40.732 ], [ -73.714, 40.736 ], [ -73.712, 40.737 ], [ -73.712, 40.736 ], [ -73.711, 40.736 ], [ -73.711, 40.736 ], [ -73.71, 40.737 ], [ -73.71, 40.737 ], [ -73.71, 40.737 ], [ -73.709, 40.737 ], [ -73.709, 40.737 ], [ -73.708, 40.737 ], [ -73.709, 40.737 ], [ -73.708, 40.737 ], [ -73.708, 40.737 ], [ -73.708, 40.737 ], [ -73.708, 40.737 ], [ -73.707, 40.737 ], [ -73.707, 40.737 ], [ -73.706, 40.738 ], [ -73.702, 40.739 ], [ -73.702, 40.738 ], [ -73.701, 40.739 ], [ -73.701, 40.739 ], [ -73.701, 40.739 ], [ -73.7, 40.739 ], [ -73.7, 40.739 ], [ -73.699, 40.738 ], [ -73.699, 40.738 ], [ -73.699, 40.737 ], [ -73.699, 40.737 ], [ -73.698, 40.737 ], [ -73.697, 40.735 ], [ -73.697, 40.735 ], [ -73.697, 40.735 ], [ -73.694, 40.731 ], [ -73.695, 40.73 ], [ -73.694, 40.728 ], [ -73.694, 40.728 ], [ -73.694, 40.728 ], [ -73.694, 40.727 ], [ -73.694, 40.727 ], [ -73.693, 40.725 ], [ -73.692, 40.725 ], [ -73.693, 40.724 ], [ -73.693, 40.724 ], [ -73.692, 40.724 ], [ -73.693, 40.724 ], [ -73.692, 40.724 ], [ -73.692, 40.724 ], [ -73.688, 40.723 ], [ -73.689, 40.719 ], [ -73.689, 40.718 ], [ -73.688, 40.717 ], [ -73.687, 40.717 ], [ -73.687, 40.717 ], [ -73.685, 40.715 ], [ -73.685, 40.713 ], [ -73.687, 40.714 ], [ -73.688, 40.713 ], [ -73.688, 40.712 ], [ -73.69, 40.712 ], [ -73.689, 40.713 ], [ -73.692, 40.713 ], [ -73.692, 40.713 ], [ -73.693, 40.713 ], [ -73.696, 40.713 ], [ -73.697, 40.713 ], [ -73.697, 40.713 ], [ -73.697, 40.713 ], [ -73.697, 40.713 ], [ -73.7, 40.712 ], [ -73.7, 40.711 ], [ -73.701, 40.711 ], [ -73.702, 40.712 ], [ -73.704, 40.712 ], [ -73.704, 40.712 ], [ -73.705, 40.713 ], [ -73.705, 40.713 ], [ -73.708, 40.714 ], [ -73.708, 40.714 ], [ -73.708, 40.714 ], [ -73.707, 40.716 ], [ -73.707, 40.716 ], [ -73.708, 40.716 ], [ -73.708, 40.716 ], [ -73.709, 40.716 ], [ -73.709, 40.716 ], [ -73.71, 40.717 ], [ -73.71, 40.717 ], [ -73.71, 40.718 ], [ -73.712, 40.718 ], [ -73.713, 40.718 ], [ -73.714, 40.718 ], [ -73.714, 40.716 ], [ -73.715, 40.716 ], [ -73.716, 40.716 ], [ -73.72, 40.716 ], [ -73.72, 40.718 ], [ -73.72, 40.719 ], [ -73.72, 40.718 ], [ -73.721, 40.719 ], [ -73.722, 40.719 ], [ -73.722, 40.721 ], [ -73.728, 40.719 ], [ -73.729, 40.719 ], [ -73.73, 40.722 ], [ -73.728, 40.723 ] ] ] } },
{ "type": "Feature", "properties": { "zcta5ce20": "11004", "distributed_trips": 15.2 }, "geometry": { "type": "Polygon", "coordinates": [ [ [ -73.722, 40.755 ], [ -73.722, 40.756 ], [ -73.718, 40.755 ], [ -73.718, 40.756 ], [ -73.715, 40.756 ], [ -73.715, 40.755 ], [ -73.714, 40.755 ], [ -73.713, 40.754 ], [ -73.713, 40.752 ], [ -73.713, 40.752 ], [ -73.708, 40.756 ], [ -73.705, 40.755 ], [ -73.707, 40.753 ], [ -73.71, 40.751 ], [ -73.708, 40.749 ], [ -73.705, 40.751 ], [ -73.703, 40.748 ], [ -73.704, 40.748 ], [ -73.704, 40.747 ], [ -73.703, 40.747 ], [ -73.703, 40.747 ], [ -73.703, 40.747 ], [ -73.703, 40.745 ], [ -73.703, 40.745 ], [ -73.702, 40.745 ], [ -73.703, 40.744 ], [ -73.702, 40.743 ], [ -73.702, 40.743 ], [ -73.702, 40.743 ], [ -73.702, 40.742 ], [ -73.702, 40.743 ], [ -73.701, 40.741 ], [ -73.701, 40.741 ], [ -73.702, 40.741 ], [ -73.701, 40.739 ], [ -73.702, 40.738 ], [ -73.702, 40.739 ], [ -73.707, 40.737 ], [ -73.707, 40.737 ], [ -73.708, 40.737 ], [ -73.708, 40.737 ], [ -73.708, 40.737 ], [ -73.708, 40.737 ], [ -73.709, 40.737 ], [ -73.708, 40.737 ], [ -73.709, 40.737 ], [ -73.709, 40.737 ], [ -73.71, 40.737 ], [ -73.71, 40.737 ], [ -73.71, 40.737 ], [ -73.711, 40.736 ], [ -73.711, 40.736 ], [ -73.712, 40.736 ], [ -73.712, 40.737 ], [ -73.714, 40.736 ], [ -73.715, 40.738 ], [ -73.716, 40.74 ], [ -73.716, 40.74 ], [ -73.717, 40.74 ], [ -73.717, 40.741 ], [ -73.717, 40.741 ], [ -73.717, 40.742 ], [ -73.718, 40.743 ], [ -73.717, 40.744 ], [ -73.718, 40.745 ], [ -73.718, 40.744 ], [ -73.719, 40.746 ], [ -73.718, 40.746 ], [ -73.719, 40.746 ], [ -73.72, 40.749 ], [ -73.721, 40.751 ], [ -73.721, 40.752 ], [ -73.723, 40.754 ], [ -73.723, 40.754 ], [ -73.722, 40.755 ] ] ] } },
{ "type": "Feature", "properties": { "zcta5ce20": "11235", "distributed_trips": 256.6 }, "geometry": { "type": "MultiPolygon", "coordinates": [ [ [ [ -73.97, 40.584 ], [ -73.969, 40.584 ], [ -73.968, 40.585 ], [ -73.967, 40.585 ], [ -73.967, 40.585 ], [ -73.967, 40.585 ], [ -73.968, 40.586 ], [ -73.967, 40.586 ], [ -73.967, 40.587 ], [ -73.968, 40.587 ], [ -73.968, 40.587 ], [ -73.967, 40.587 ], [ -73.967, 40.588 ], [ -73.966, 40.588 ], [ -73.966, 40.588 ], [ -73.967, 40.588 ], [ -73.966, 40.589 ], [ -73.966, 40.589 ], [ -73.965, 40.591 ], [ -73.964, 40.591 ], [ -73.964, 40.592 ], [ -73.963, 40.592 ], [ -73.963, 40.591 ], [ -73.963, 40.591 ], [ -73.962, 40.591 ], [ -73.963, 40.592 ], [ -73.961, 40.592 ], [ -73.961, 40.592 ], [ -73.96, 40.592 ], [ -73.96, 40.592 ], [ -73.959, 40.592 ], [ -73.959, 40.592 ], [ -73.958, 40.592 ], [ -73.958, 40.593 ], [ -73.957, 40.593 ], [ -73.957, 40.592 ], [ -73.944, 40.593 ], [ -73.945, 40.594 ], [ -73.944, 40.594 ], [ -73.944, 40.594 ], [ -73.941, 40.594 ], [ -73.941, 40.594 ], [ -73.94, 40.594 ], [ -73.94, 40.595 ], [ -73.939, 40.595 ], [ -73.939, 40.594 ], [ -73.938, 40.594 ], [ -73.938, 40.595 ], [ -73.937, 40.595 ], [ -73.937, 40.595 ], [ -73.936, 40.596 ], [ -73.936, 40.595 ], [ -73.935, 40.595 ], [ -73.935, 40.594 ], [ -73.933, 40.595 ], [ -73.933, 40.595 ], [ -73.932, 40.595 ], [ -73.932, 40.595 ], [ -73.931, 40.595 ], [ -73.93, 40.594 ], [ -73.93, 40.594 ], [ -73.93, 40.594 ], [ -73.93, 40.594 ], [ -73.93, 40.594 ], [ -73.93, 40.593 ], [ -73.93, 40.593 ], [ -73.93, 40.593 ], [ -73.93, 40.593 ], [ -73.93, 40.593 ], [ -73.93, 40.593 ], [ -73.93, 40.592 ], [ -73.93, 40.592 ], [ -73.93, 40.592 ], [ -73.93, 40.592 ], [ -73.93, 40.592 ], [ -73.931, 40.591 ], [ -73.931, 40.591 ], [ -73.931, 40.59 ], [ -73.93, 40.589 ], [ -73.928, 40.589 ], [ -73.928, 40.588 ], [ -73.927, 40.586 ], [ -73.926, 40.586 ], [ -73.925, 40.585 ], [ -73.926, 40.585 ], [ -73.925, 40.585 ], [ -73.925, 40.585 ], [ -73.924, 40.585 ], [ -73.923, 40.585 ], [ -73.923, 40.585 ], [ -73.923, 40.585 ], [ -73.921, 40.585 ], [ -73.921, 40.585 ], [ -73.92, 40.585 ], [ -73.92, 40.585 ], [ -73.92, 40.585 ], [ -73.919, 40.585 ], [ -73.918, 40.585 ], [ -73.918, 40.585 ], [ -73.918, 40.586 ], [ -73.917, 40.586 ], [ -73.917, 40.586 ], [ -73.916, 40.586 ], [ -73.916, 40.586 ], [ -73.915, 40.586 ], [ -73.915, 40.586 ], [ -73.915, 40.586 ], [ -73.914, 40.586 ], [ -73.913, 40.586 ], [ -73.913, 40.586 ], [ -73.912, 40.586 ], [ -73.912, 40.586 ], [ -73.911, 40.586 ], [ -73.91, 40.586 ], [ -73.908, 40.587 ], [ -73.906, 40.587 ], [ -73.906, 40.587 ], [ -73.905, 40.587 ], [ -73.904, 40.587 ], [ -73.904, 40.587 ], [ -73.903, 40.587 ], [ -73.902, 40.587 ], [ -73.902, 40.588 ], [ -73.901, 40.588 ], [ -73.9, 40.588 ], [ -73.899, 40.588 ], [ -73.898, 40.587 ], [ -73.898, 40.586 ], [ -73.898, 40.585 ], [ -73.898, 40.585 ], [ -73.897, 40.584 ], [ -73.897, 40.584 ], [ -73.909, 40.582 ], [ -73.912, 40.582 ], [ -73.913, 40.582 ], [ -73.914, 40.582 ], [ -73.914, 40.582 ], [ -73.915, 40.582 ], [ -73.916, 40.582 ], [ -73.917, 40.582 ], [ -73.918, 40.582 ], [ -73.919, 40.583 ], [ -73.922, 40.583 ], [ -73.925, 40.584 ], [ -73.926, 40.584 ], [ -73.927, 40.584 ], [ -73.93, 40.583 ], [ -73.931, 40.583 ], [ -73.931, 40.583 ], [ -73.931, 40.583 ], [ -73.931, 40.583 ], [ -73.931, 40.583 ], [ -73.932, 40.583 ], [ -73.932, 40.583 ], [ -73.932, 40.583 ], [ -73.932, 40.582 ], [ -73.933, 40.581 ], [ -73.932, 40.579 ], [ -73.932, 40.578 ], [ -73.931, 40.578 ], [ -73.931, 40.576 ], [ -73.931, 40.576 ], [ -73.935, 40.576 ], [ -73.935, 40.575 ], [ -73.935, 40.575 ], [ -73.935, 40.576 ], [ -73.936, 40.576 ], [ -73.937, 40.576 ], [ -73.937, 40.575 ], [ -73.937, 40.576 ], [ -73.938, 40.575 ], [ -73.942, 40.575 ], [ -73.942, 40.575 ], [ -73.942, 40.576 ], [ -73.943, 40.576 ], [ -73.945, 40.576 ], [ -73.945, 40.575 ], [ -73.945, 40.575 ], [ -73.945, 40.576 ], [ -73.946, 40.575 ], [ -73.946, 40.575 ], [ -73.946, 40.575 ], [ -73.946, 40.575 ], [ -73.949, 40.575 ], [ -73.95, 40.575 ], [ -73.95, 40.575 ], [ -73.95, 40.575 ], [ -73.952, 40.574 ], [ -73.953, 40.574 ], [ -73.954, 40.574 ], [ -73.954, 40.574 ], [ -73.954, 40.574 ], [ -73.955, 40.574 ], [ -73.956, 40.574 ], [ -73.956, 40.574 ], [ -73.957, 40.574 ], [ -73.959, 40.574 ], [ -73.959, 40.574 ], [ -73.959, 40.574 ], [ -73.959, 40.574 ], [ -73.959, 40.574 ], [ -73.959, 40.575 ], [ -73.965, 40.575 ], [ -73.967, 40.575 ], [ -73.969, 40.575 ], [ -73.97, 40.576 ], [ -73.969, 40.578 ], [ -73.97, 40.578 ], [ -73.969, 40.578 ], [ -73.969, 40.579 ], [ -73.969, 40.58 ], [ -73.968, 40.582 ], [ -73.97, 40.582 ], [ -73.971, 40.582 ], [ -73.971, 40.583 ], [ -73.975, 40.583 ], [ -73.975, 40.583 ], [ -73.97, 40.584 ] ] ], [ [ [ -73.956, 40.574 ], [ -73.956, 40.574 ], [ -73.956, 40.574 ], [ -73.956, 40.574 ] ] ] ] } },
{ "type": "Feature", "properties": { "zcta5ce20": "11364", "distributed_trips": 40.1 }, "geometry": { "type": "Polygon", "coordinates": [ [ [ -73.78, 40.752 ], [ -73.777, 40.753 ], [ -73.777, 40.753 ], [ -73.776, 40.753 ], [ -73.776, 40.753 ], [ -73.776, 40.754 ], [ -73.775, 40.754 ], [ -73.775, 40.754 ], [ -73.774, 40.754 ], [ -73.774, 40.754 ], [ -73.774, 40.754 ], [ -73.774, 40.754 ], [ -73.773, 40.754 ], [ -73.77, 40.755 ], [ -73.77, 40.755 ], [ -73.769, 40.756 ], [ -73.769, 40.755 ], [ -73.767, 40.756 ], [ -73.766, 40.756 ], [ -73.766, 40.756 ], [ -73.766, 40.756 ], [ -73.766, 40.756 ], [ -73.766, 40.756 ], [ -73.765, 40.756 ], [ -73.765, 40.756 ], [ -73.764, 40.756 ], [ -73.764, 40.756 ], [ -73.763, 40.756 ], [ -73.763, 40.757 ], [ -73.762, 40.757 ], [ -73.762, 40.756 ], [ -73.762, 40.757 ], [ -73.762, 40.757 ], [ -73.758, 40.758 ], [ -73.758, 40.758 ], [ -73.756, 40.758 ], [ -73.756, 40.758 ], [ -73.756, 40.758 ], [ -73.756, 40.758 ], [ -73.755, 40.759 ], [ -73.754, 40.759 ], [ -73.753, 40.758 ], [ -73.752, 40.759 ], [ -73.751, 40.759 ], [ -73.751, 40.758 ], [ -73.75, 40.758 ], [ -73.748, 40.756 ], [ -73.747, 40.754 ], [ -73.748, 40.754 ], [ -73.747, 40.752 ], [ -73.747, 40.752 ], [ -73.746, 40.752 ], [ -73.743, 40.752 ], [ -73.742, 40.751 ], [ -73.741, 40.75 ], [ -73.738, 40.748 ], [ -73.735, 40.745 ], [ -73.734, 40.745 ], [ -73.733, 40.744 ], [ -73.733, 40.743 ], [ -73.739, 40.74 ], [ -73.74, 40.739 ], [ -73.741, 40.737 ], [ -73.742, 40.736 ], [ -73.744, 40.735 ], [ -73.747, 40.733 ], [ -73.747, 40.733 ], [ -73.746, 40.734 ], [ -73.746, 40.736 ], [ -73.751, 40.735 ], [ -73.759, 40.734 ], [ -73.761, 40.733 ], [ -73.764, 40.733 ], [ -73.765, 40.734 ], [ -73.763, 40.735 ], [ -73.763, 40.736 ], [ -73.763, 40.737 ], [ -73.766, 40.743 ], [ -73.766, 40.744 ], [ -73.767, 40.744 ], [ -73.768, 40.746 ], [ -73.769, 40.746 ], [ -73.772, 40.744 ], [ -73.776, 40.743 ], [ -73.777, 40.745 ], [ -73.777, 40.745 ], [ -73.777, 40.746 ], [ -73.778, 40.746 ], [ -73.778, 40.747 ], [ -73.777, 40.747 ], [ -73.778, 40.747 ], [ -73.778, 40.747 ], [ -73.779, 40.749 ], [ -73.78, 40.75 ], [ -73.779, 40.75 ], [ -73.78, 40.752 ] ] ] } },
{ "type": "Feature", "properties": { "zcta5ce20": "11365", "distributed_trips": 40.0 }, "geometry": { "type": "Polygon", "coordinates": [ [ [ -73.814, 40.745 ], [ -73.814, 40.746 ], [ -73.814, 40.746 ], [ -73.808, 40.75 ], [ -73.802, 40.75 ], [ -73.802, 40.749 ], [ -73.799, 40.749 ], [ -73.799, 40.749 ], [ -73.798, 40.749 ], [ -73.798, 40.749 ], [ -73.798, 40.749 ], [ -73.797, 40.749 ], [ -73.797, 40.749 ], [ -73.798, 40.749 ], [ -73.796, 40.75 ], [ -73.795, 40.749 ], [ -73.795, 40.749 ], [ -73.793, 40.749 ], [ -73.793, 40.748 ], [ -73.792, 40.748 ], [ -73.79, 40.749 ], [ -73.788, 40.75 ], [ -73.788, 40.75 ], [ -73.787, 40.75 ], [ -73.787, 40.75 ], [ -73.78, 40.752 ], [ -73.779, 40.75 ], [ -73.78, 40.75 ], [ -73.779, 40.749 ], [ -73.778, 40.747 ], [ -73.778, 40.747 ], [ -73.777, 40.747 ], [ -73.778, 40.747 ], [ -73.778, 40.746 ], [ -73.777, 40.746 ], [ -73.777, 40.745 ], [ -73.777, 40.745 ], [ -73.776, 40.744 ], [ -73.774, 40.74 ], [ -73.773, 40.736 ], [ -73.775, 40.735 ], [ -73.776, 40.737 ], [ -73.777, 40.736 ], [ -73.777, 40.736 ], [ -73.78, 40.735 ], [ -73.78, 40.734 ], [ -73.78, 40.734 ], [ -73.782, 40.733 ], [ -73.785, 40.733 ], [ -73.789, 40.731 ], [ -73.793, 40.73 ], [ -73.794, 40.73 ], [ -73.794, 40.73 ], [ -73.795, 40.73 ], [ -73.795, 40.73 ], [ -73.796, 40.729 ], [ -73.801, 40.728 ], [ -73.803, 40.728 ], [ -73.803, 40.728 ], [ -73.805, 40.728 ], [ -73.805, 40.728 ], [ -73.805, 40.728 ], [ -73.806, 40.728 ], [ -73.806, 40.728 ], [ -73.807, 40.728 ], [ -73.807, 40.728 ], [ -73.807, 40.728 ], [ -73.808, 40.727 ], [ -73.808, 40.728 ], [ -73.808, 40.728 ], [ -73.808, 40.727 ], [ -73.809, 40.727 ], [ -73.809, 40.727 ], [ -73.809, 40.728 ], [ -73.811, 40.727 ], [ -73.811, 40.727 ], [ -73.811, 40.727 ], [ -73.812, 40.728 ], [ -73.812, 40.728 ], [ -73.812, 40.729 ], [ -73.812, 40.729 ], [ -73.812, 40.729 ], [ -73.812, 40.729 ], [ -73.812, 40.73 ], [ -73.811, 40.73 ], [ -73.811, 40.73 ], [ -73.812, 40.731 ], [ -73.812, 40.732 ], [ -73.812, 40.732 ], [ -73.812, 40.734 ], [ -73.812, 40.734 ], [ -73.812, 40.734 ], [ -73.812, 40.734 ], [ -73.812, 40.734 ], [ -73.813, 40.736 ], [ -73.813, 40.736 ], [ -73.813, 40.736 ], [ -73.812, 40.736 ], [ -73.812, 40.737 ], [ -73.811, 40.737 ], [ -73.811, 40.737 ], [ -73.811, 40.737 ], [ -73.811, 40.738 ], [ -73.809, 40.738 ], [ -73.809, 40.739 ], [ -73.806, 40.738 ], [ -73.808, 40.739 ], [ -73.81, 40.739 ], [ -73.81, 40.739 ], [ -73.811, 40.739 ], [ -73.811, 40.74 ], [ -73.81, 40.74 ], [ -73.81, 40.741 ], [ -73.811, 40.741 ], [ -73.811, 40.742 ], [ -73.813, 40.743 ], [ -73.814, 40.743 ], [ -73.814, 40.745 ] ] ] } },
{ "type": "Feature", "properties": { "zcta5ce20": "11366", "distributed_trips": 24.4 }, "geometry": { "type": "Polygon", "coordinates": [ [ [ -73.811, 40.727 ], [ -73.811, 40.727 ], [ -73.811, 40.727 ], [ -73.809, 40.728 ], [ -73.809, 40.727 ], [ -73.809, 40.727 ], [ -73.808, 40.727 ], [ -73.808, 40.728 ], [ -73.808, 40.728 ], [ -73.808, 40.727 ], [ -73.807, 40.728 ], [ -73.807, 40.728 ], [ -73.807, 40.728 ], [ -73.806, 40.728 ], [ -73.806, 40.728 ], [ -73.805, 40.728 ], [ -73.805, 40.728 ], [ -73.805, 40.728 ], [ -73.803, 40.728 ], [ -73.803, 40.728 ], [ -73.801, 40.728 ], [ -73.796, 40.729 ], [ -73.795, 40.73 ], [ -73.795, 40.73 ], [ -73.794, 40.73 ], [ -73.794, 40.73 ], [ -73.793, 40.73 ], [ -73.789, 40.731 ], [ -73.785, 40.733 ], [ -73.782, 40.733 ], [ -73.78, 40.734 ], [ -73.78, 40.734 ], [ -73.78, 40.735 ], [ -73.777, 40.736 ], [ -73.777, 40.736 ], [ -73.776, 40.737 ], [ -73.775, 40.735 ], [ -73.773, 40.736 ], [ -73.774, 40.74 ], [ -73.776, 40.743 ], [ -73.772, 40.744 ], [ -73.769, 40.746 ], [ -73.768, 40.746 ], [ -73.767, 40.744 ], [ -73.766, 40.744 ], [ -73.766, 40.743 ], [ -73.763, 40.737 ], [ -73.763, 40.736 ], [ -73.763, 40.735 ], [ -73.765, 40.734 ], [ -73.764, 40.733 ], [ -73.766, 40.733 ], [ -73.762, 40.73 ], [ -73.761, 40.729 ], [ -73.758, 40.727 ], [ -73.757, 40.727 ], [ -73.757, 40.726 ], [ -73.758, 40.726 ], [ -73.76, 40.726 ], [ -73.765, 40.727 ], [ -73.767, 40.726 ], [ -73.771, 40.725 ], [ -73.774, 40.725 ], [ -73.776, 40.723 ], [ -73.777, 40.722 ], [ -73.778, 40.723 ], [ -73.778, 40.723 ], [ -73.777, 40.724 ], [ -73.777, 40.724 ], [ -73.776, 40.724 ], [ -73.775, 40.725 ], [ -73.778, 40.73 ], [ -73.781, 40.729 ], [ -73.781, 40.728 ], [ -73.783, 40.728 ], [ -73.784, 40.728 ], [ -73.784, 40.728 ], [ -73.791, 40.726 ], [ -73.795, 40.725 ], [ -73.809, 40.72 ], [ -73.809, 40.72 ], [ -73.81, 40.72 ], [ -73.81, 40.721 ], [ -73.809, 40.721 ], [ -73.81, 40.722 ], [ -73.811, 40.724 ], [ -73.811, 40.727 ], [ -73.811, 40.727 ] ] ] } },
{ "type": "Feature", "properties": { "zcta5ce20": "11228", "distributed_trips": 156.2 }, "geometry": { "type": "Polygon", "coordinates": [ [ [ -74.027, 40.616 ], [ -74.026, 40.616 ], [ -74.027, 40.617 ], [ -74.024, 40.62 ], [ -74.023, 40.62 ], [ -74.023, 40.62 ], [ -74.021, 40.622 ], [ -74.02, 40.624 ], [ -74.019, 40.624 ], [ -74.018, 40.627 ], [ -74.016, 40.631 ], [ -74.015, 40.63 ], [ -74.015, 40.63 ], [ -74.013, 40.629 ], [ -74.012, 40.629 ], [ -74.012, 40.629 ], [ -74.012, 40.629 ], [ -74.012, 40.628 ], [ -74.011, 40.628 ], [ -74.011, 40.628 ], [ -74.01, 40.628 ], [ -74.011, 40.628 ], [ -74.01, 40.627 ], [ -74.01, 40.627 ], [ -74.009, 40.626 ], [ -74.009, 40.626 ], [ -74.008, 40.626 ], [ -74.008, 40.626 ], [ -74.008, 40.626 ], [ -74.008, 40.626 ], [ -74.008, 40.626 ], [ -74.007, 40.625 ], [ -74.007, 40.625 ], [ -74.006, 40.625 ], [ -74.006, 40.625 ], [ -74.006, 40.625 ], [ -74.006, 40.625 ], [ -74.005, 40.624 ], [ -74.004, 40.624 ], [ -74.004, 40.624 ], [ -74.004, 40.623 ], [ -74.002, 40.622 ], [ -74.002, 40.623 ], [ -74.002, 40.622 ], [ -74.002, 40.622 ], [ -74.0, 40.621 ], [ -73.999, 40.621 ], [ -74.0, 40.621 ], [ -73.999, 40.621 ], [ -73.999, 40.621 ], [ -73.999, 40.62 ], [ -73.999, 40.621 ], [ -73.998, 40.62 ], [ -73.998, 40.62 ], [ -73.998, 40.62 ], [ -73.998, 40.619 ], [ -73.998, 40.619 ], [ -73.999, 40.618 ], [ -73.999, 40.618 ], [ -73.999, 40.617 ], [ -74.0, 40.617 ], [ -74.003, 40.615 ], [ -74.003, 40.615 ], [ -74.004, 40.614 ], [ -74.004, 40.614 ], [ -74.004, 40.613 ], [ -74.004, 40.613 ], [ -74.008, 40.61 ], [ -74.008, 40.61 ], [ -74.008, 40.61 ], [ -74.008, 40.61 ], [ -74.009, 40.609 ], [ -74.009, 40.608 ], [ -74.009, 40.608 ], [ -74.01, 40.608 ], [ -74.011, 40.607 ], [ -74.01, 40.607 ], [ -74.011, 40.606 ], [ -74.011, 40.607 ], [ -74.014, 40.604 ], [ -74.014, 40.604 ], [ -74.014, 40.603 ], [ -74.014, 40.602 ], [ -74.015, 40.602 ], [ -74.015, 40.602 ], [ -74.017, 40.602 ], [ -74.018, 40.602 ], [ -74.019, 40.603 ], [ -74.016, 40.607 ], [ -74.017, 40.608 ], [ -74.018, 40.607 ], [ -74.018, 40.607 ], [ -74.02, 40.607 ], [ -74.025, 40.61 ], [ -74.023, 40.615 ], [ -74.025, 40.615 ], [ -74.023, 40.617 ], [ -74.024, 40.617 ], [ -74.024, 40.617 ], [ -74.024, 40.617 ], [ -74.024, 40.617 ], [ -74.024, 40.617 ], [ -74.025, 40.616 ], [ -74.025, 40.616 ], [ -74.025, 40.615 ], [ -74.025, 40.615 ], [ -74.027, 40.613 ], [ -74.027, 40.613 ], [ -74.027, 40.613 ], [ -74.028, 40.613 ], [ -74.028, 40.613 ], [ -74.029, 40.614 ], [ -74.027, 40.616 ] ] ] } },
{ "type": "Feature", "properties": { "zcta5ce20": "11367", "distributed_trips": 32.5 }, "geometry": { "type": "Polygon", "coordinates": [ [ [ -73.838, 40.743 ], [ -73.837, 40.743 ], [ -73.836, 40.743 ], [ -73.836, 40.743 ], [ -73.828, 40.742 ], [ -73.828, 40.742 ], [ -73.825, 40.742 ], [ -73.825, 40.742 ], [ -73.825, 40.742 ], [ -73.825, 40.742 ], [ -73.825, 40.743 ], [ -73.823, 40.742 ], [ -73.824, 40.742 ], [ -73.824, 40.742 ], [ -73.823, 40.742 ], [ -73.823, 40.742 ], [ -73.822, 40.742 ], [ -73.822, 40.742 ], [ -73.815, 40.739 ], [ -73.815, 40.739 ], [ -73.812, 40.739 ], [ -73.811, 40.739 ], [ -73.811, 40.739 ], [ -73.81, 40.739 ], [ -73.81, 40.739 ], [ -73.808, 40.739 ], [ -73.806, 40.738 ], [ -73.809, 40.739 ], [ -73.809, 40.738 ], [ -73.811, 40.738 ], [ -73.811, 40.737 ], [ -73.811, 40.737 ], [ -73.811, 40.737 ], [ -73.812, 40.737 ], [ -73.812, 40.736 ], [ -73.813, 40.736 ], [ -73.813, 40.736 ], [ -73.813, 40.736 ], [ -73.812, 40.734 ], [ -73.812, 40.734 ], [ -73.812, 40.734 ], [ -73.812, 40.734 ], [ -73.812, 40.734 ], [ -73.812, 40.732 ], [ -73.812, 40.732 ], [ -73.812, 40.731 ], [ -73.811, 40.73 ], [ -73.811, 40.73 ], [ -73.812, 40.73 ], [ -73.812, 40.729 ], [ -73.812, 40.729 ], [ -73.812, 40.729 ], [ -73.812, 40.729 ], [ -73.812, 40.728 ], [ -73.812, 40.728 ], [ -73.811, 40.727 ], [ -73.811, 40.727 ], [ -73.811, 40.724 ], [ -73.81, 40.722 ], [ -73.809, 40.721 ], [ -73.81, 40.721 ], [ -73.81, 40.72 ], [ -73.809, 40.72 ], [ -73.809, 40.718 ], [ -73.812, 40.718 ], [ -73.812, 40.719 ], [ -73.812, 40.719 ], [ -73.812, 40.719 ], [ -73.813, 40.718 ], [ -73.813, 40.719 ], [ -73.813, 40.719 ], [ -73.813, 40.718 ], [ -73.814, 40.718 ], [ -73.814, 40.718 ], [ -73.814, 40.718 ], [ -73.814, 40.718 ], [ -73.815, 40.718 ], [ -73.815, 40.718 ], [ -73.816, 40.718 ], [ -73.816, 40.718 ], [ -73.816, 40.718 ], [ -73.816, 40.718 ], [ -73.816, 40.718 ], [ -73.816, 40.718 ], [ -73.817, 40.717 ], [ -73.817, 40.718 ], [ -73.817, 40.717 ], [ -73.818, 40.716 ], [ -73.818, 40.717 ], [ -73.819, 40.717 ], [ -73.819, 40.717 ], [ -73.82, 40.717 ], [ -73.822, 40.717 ], [ -73.823, 40.717 ], [ -73.823, 40.716 ], [ -73.825, 40.716 ], [ -73.827, 40.716 ], [ -73.827, 40.717 ], [ -73.826, 40.72 ], [ -73.827, 40.721 ], [ -73.828, 40.723 ], [ -73.83, 40.725 ], [ -73.831, 40.725 ], [ -73.832, 40.727 ], [ -73.836, 40.734 ], [ -73.837, 40.735 ], [ -73.837, 40.739 ], [ -73.838, 40.741 ], [ -73.838, 40.742 ], [ -73.838, 40.742 ], [ -73.838, 40.743 ] ] ] } },
{ "type": "Feature", "properties": { "zcta5ce20": "11230", "distributed_trips": 192.4 }, "geometry": { "type": "Polygon", "coordinates": [ [ [ -73.979, 40.629 ], [ -73.977, 40.63 ], [ -73.978, 40.631 ], [ -73.977, 40.631 ], [ -73.977, 40.63 ], [ -73.976, 40.631 ], [ -73.973, 40.632 ], [ -73.973, 40.633 ], [ -73.97, 40.634 ], [ -73.97, 40.634 ], [ -73.968, 40.635 ], [ -73.968, 40.635 ], [ -73.968, 40.635 ], [ -73.968, 40.635 ], [ -73.967, 40.635 ], [ -73.966, 40.636 ], [ -73.966, 40.636 ], [ -73.965, 40.637 ], [ -73.965, 40.636 ], [ -73.964, 40.636 ], [ -73.964, 40.636 ], [ -73.964, 40.636 ], [ -73.964, 40.635 ], [ -73.964, 40.635 ], [ -73.964, 40.635 ], [ -73.964, 40.635 ], [ -73.964, 40.634 ], [ -73.963, 40.634 ], [ -73.963, 40.634 ], [ -73.958, 40.636 ], [ -73.958, 40.635 ], [ -73.957, 40.635 ], [ -73.956, 40.631 ], [ -73.957, 40.631 ], [ -73.957, 40.631 ], [ -73.957, 40.63 ], [ -73.957, 40.63 ], [ -73.956, 40.63 ], [ -73.956, 40.63 ], [ -73.955, 40.624 ], [ -73.956, 40.623 ], [ -73.955, 40.623 ], [ -73.955, 40.621 ], [ -73.955, 40.621 ], [ -73.954, 40.621 ], [ -73.954, 40.616 ], [ -73.954, 40.616 ], [ -73.953, 40.611 ], [ -73.954, 40.611 ], [ -73.954, 40.611 ], [ -73.955, 40.611 ], [ -73.973, 40.609 ], [ -73.973, 40.61 ], [ -73.974, 40.61 ], [ -73.974, 40.611 ], [ -73.974, 40.611 ], [ -73.975, 40.611 ], [ -73.974, 40.612 ], [ -73.975, 40.614 ], [ -73.974, 40.614 ], [ -73.975, 40.621 ], [ -73.975, 40.621 ], [ -73.977, 40.622 ], [ -73.977, 40.622 ], [ -73.976, 40.622 ], [ -73.976, 40.623 ], [ -73.977, 40.623 ], [ -73.977, 40.624 ], [ -73.977, 40.624 ], [ -73.977, 40.625 ], [ -73.976, 40.626 ], [ -73.976, 40.627 ], [ -73.977, 40.628 ], [ -73.978, 40.628 ], [ -73.978, 40.628 ], [ -73.978, 40.628 ], [ -73.979, 40.629 ] ] ] } },
{ "type": "Feature", "properties": { "zcta5ce20": "11374", "distributed_trips": 30.5 }, "geometry": { "type": "Polygon", "coordinates": [ [ [ -73.874, 40.728 ], [ -73.872, 40.729 ], [ -73.872, 40.729 ], [ -73.871, 40.729 ], [ -73.871, 40.73 ], [ -73.871, 40.73 ], [ -73.871, 40.73 ], [ -73.871, 40.73 ], [ -73.871, 40.73 ], [ -73.871, 40.73 ], [ -73.871, 40.73 ], [ -73.87, 40.73 ], [ -73.87, 40.731 ], [ -73.869, 40.731 ], [ -73.869, 40.732 ], [ -73.868, 40.733 ], [ -73.869, 40.733 ], [ -73.868, 40.733 ], [ -73.865, 40.734 ], [ -73.865, 40.734 ], [ -73.865, 40.734 ], [ -73.859, 40.736 ], [ -73.859, 40.736 ], [ -73.859, 40.736 ], [ -73.854, 40.737 ], [ -73.854, 40.736 ], [ -73.856, 40.736 ], [ -73.855, 40.733 ], [ -73.854, 40.733 ], [ -73.854, 40.732 ], [ -73.852, 40.733 ], [ -73.852, 40.732 ], [ -73.854, 40.732 ], [ -73.853, 40.731 ], [ -73.852, 40.732 ], [ -73.851, 40.731 ], [ -73.853, 40.73 ], [ -73.852, 40.728 ], [ -73.852, 40.728 ], [ -73.854, 40.727 ], [ -73.855, 40.726 ], [ -73.854, 40.725 ], [ -73.855, 40.724 ], [ -73.855, 40.724 ], [ -73.856, 40.724 ], [ -73.856, 40.724 ], [ -73.857, 40.722 ], [ -73.859, 40.722 ], [ -73.858, 40.717 ], [ -73.857, 40.712 ], [ -73.858, 40.712 ], [ -73.858, 40.711 ], [ -73.858, 40.71 ], [ -73.86, 40.71 ], [ -73.86, 40.712 ], [ -73.862, 40.712 ], [ -73.86, 40.714 ], [ -73.86, 40.714 ], [ -73.86, 40.715 ], [ -73.865, 40.719 ], [ -73.868, 40.723 ], [ -73.868, 40.722 ], [ -73.868, 40.723 ], [ -73.869, 40.723 ], [ -73.868, 40.723 ], [ -73.869, 40.724 ], [ -73.869, 40.724 ], [ -73.87, 40.724 ], [ -73.869, 40.724 ], [ -73.87, 40.725 ], [ -73.871, 40.725 ], [ -73.871, 40.726 ], [ -73.871, 40.726 ], [ -73.871, 40.727 ], [ -73.871, 40.727 ], [ -73.871, 40.728 ], [ -73.873, 40.727 ], [ -73.874, 40.728 ] ] ] } },
{ "type": "Feature", "properties": { "zcta5ce20": "11434", "distributed_trips": 54.1 }, "geometry": { "type": "Polygon", "coordinates": [ [ [ -73.802, 40.667 ], [ -73.8, 40.667 ], [ -73.799, 40.667 ], [ -73.797, 40.667 ], [ -73.793, 40.667 ], [ -73.789, 40.667 ], [ -73.789, 40.668 ], [ -73.788, 40.673 ], [ -73.79, 40.673 ], [ -73.791, 40.674 ], [ -73.789, 40.675 ], [ -73.79, 40.676 ], [ -73.791, 40.676 ], [ -73.791, 40.676 ], [ -73.791, 40.676 ], [ -73.791, 40.676 ], [ -73.792, 40.677 ], [ -73.792, 40.677 ], [ -73.792, 40.678 ], [ -73.791, 40.678 ], [ -73.792, 40.679 ], [ -73.792, 40.679 ], [ -73.792, 40.68 ], [ -73.793, 40.68 ], [ -73.793, 40.68 ], [ -73.793, 40.68 ], [ -73.793, 40.68 ], [ -73.792, 40.681 ], [ -73.793, 40.683 ], [ -73.793, 40.683 ], [ -73.793, 40.683 ], [ -73.793, 40.684 ], [ -73.793, 40.684 ], [ -73.793, 40.685 ], [ -73.793, 40.685 ], [ -73.793, 40.685 ], [ -73.793, 40.685 ], [ -73.794, 40.686 ], [ -73.794, 40.686 ], [ -73.794, 40.686 ], [ -73.793, 40.687 ], [ -73.794, 40.687 ], [ -73.791, 40.688 ], [ -73.791, 40.688 ], [ -73.791, 40.688 ], [ -73.79, 40.688 ], [ -73.79, 40.688 ], [ -73.789, 40.688 ], [ -73.788, 40.688 ], [ -73.784, 40.69 ], [ -73.783, 40.69 ], [ -73.784, 40.691 ], [ -73.783, 40.691 ], [ -73.782, 40.69 ], [ -73.781, 40.691 ], [ -73.782, 40.692 ], [ -73.78, 40.693 ], [ -73.779, 40.694 ], [ -73.779, 40.694 ], [ -73.778, 40.694 ], [ -73.777, 40.692 ], [ -73.777, 40.693 ], [ -73.771, 40.696 ], [ -73.77, 40.696 ], [ -73.769, 40.697 ], [ -73.765, 40.693 ], [ -73.765, 40.692 ], [ -73.766, 40.692 ], [ -73.764, 40.687 ], [ -73.763, 40.686 ], [ -73.761, 40.683 ], [ -73.76, 40.681 ], [ -73.758, 40.679 ], [ -73.759, 40.679 ], [ -73.76, 40.679 ], [ -73.758, 40.676 ], [ -73.758, 40.676 ], [ -73.759, 40.675 ], [ -73.76, 40.675 ], [ -73.761, 40.675 ], [ -73.761, 40.674 ], [ -73.761, 40.674 ], [ -73.761, 40.674 ], [ -73.761, 40.674 ], [ -73.761, 40.674 ], [ -73.762, 40.674 ], [ -73.763, 40.675 ], [ -73.764, 40.675 ], [ -73.764, 40.673 ], [ -73.763, 40.672 ], [ -73.762, 40.672 ], [ -73.763, 40.672 ], [ -73.763, 40.671 ], [ -73.763, 40.671 ], [ -73.763, 40.67 ], [ -73.763, 40.671 ], [ -73.763, 40.669 ], [ -73.763, 40.669 ], [ -73.763, 40.669 ], [ -73.763, 40.669 ], [ -73.763, 40.669 ], [ -73.764, 40.669 ], [ -73.764, 40.669 ], [ -73.764, 40.669 ], [ -73.764, 40.668 ], [ -73.764, 40.668 ], [ -73.764, 40.668 ], [ -73.763, 40.668 ], [ -73.764, 40.667 ], [ -73.764, 40.667 ], [ -73.767, 40.667 ], [ -73.767, 40.667 ], [ -73.767, 40.667 ], [ -73.763, 40.666 ], [ -73.766, 40.662 ], [ -73.766, 40.662 ], [ -73.768, 40.662 ], [ -73.768, 40.661 ], [ -73.766, 40.661 ], [ -73.766, 40.661 ], [ -73.767, 40.661 ], [ -73.767, 40.66 ], [ -73.766, 40.66 ], [ -73.766, 40.66 ], [ -73.768, 40.66 ], [ -73.768, 40.658 ], [ -73.766, 40.659 ], [ -73.766, 40.656 ], [ -73.767, 40.656 ], [ -73.774, 40.66 ], [ -73.775, 40.66 ], [ -73.777, 40.66 ], [ -73.779, 40.662 ], [ -73.781, 40.662 ], [ -73.785, 40.663 ], [ -73.79, 40.664 ], [ -73.79, 40.664 ], [ -73.792, 40.664 ], [ -73.795, 40.665 ], [ -73.801, 40.665 ], [ -73.802, 40.665 ], [ -73.802, 40.667 ] ] ] } },
{ "type": "Feature", "properties": { "zcta5ce20": "11379", "distributed_trips": 40.6 }, "geometry": { "type": "Polygon", "coordinates": [ [ [ -73.901, 40.715 ], [ -73.901, 40.715 ], [ -73.898, 40.717 ], [ -73.898, 40.716 ], [ -73.897, 40.716 ], [ -73.898, 40.717 ], [ -73.899, 40.717 ], [ -73.899, 40.717 ], [ -73.897, 40.718 ], [ -73.898, 40.719 ], [ -73.9, 40.718 ], [ -73.9, 40.718 ], [ -73.9, 40.718 ], [ -73.9, 40.719 ], [ -73.901, 40.72 ], [ -73.9, 40.72 ], [ -73.9, 40.72 ], [ -73.897, 40.72 ], [ -73.897, 40.722 ], [ -73.9, 40.721 ], [ -73.9, 40.723 ], [ -73.899, 40.724 ], [ -73.898, 40.723 ], [ -73.896, 40.724 ], [ -73.896, 40.723 ], [ -73.894, 40.723 ], [ -73.894, 40.723 ], [ -73.894, 40.723 ], [ -73.895, 40.723 ], [ -73.894, 40.722 ], [ -73.895, 40.722 ], [ -73.893, 40.719 ], [ -73.891, 40.72 ], [ -73.891, 40.719 ], [ -73.889, 40.72 ], [ -73.886, 40.722 ], [ -73.887, 40.722 ], [ -73.886, 40.722 ], [ -73.888, 40.724 ], [ -73.887, 40.724 ], [ -73.887, 40.726 ], [ -73.888, 40.726 ], [ -73.888, 40.727 ], [ -73.888, 40.727 ], [ -73.888, 40.727 ], [ -73.887, 40.727 ], [ -73.887, 40.728 ], [ -73.885, 40.728 ], [ -73.884, 40.728 ], [ -73.881, 40.729 ], [ -73.877, 40.73 ], [ -73.875, 40.731 ], [ -73.872, 40.73 ], [ -73.871, 40.729 ], [ -73.872, 40.729 ], [ -73.872, 40.729 ], [ -73.874, 40.728 ], [ -73.873, 40.727 ], [ -73.871, 40.728 ], [ -73.871, 40.727 ], [ -73.871, 40.727 ], [ -73.871, 40.726 ], [ -73.871, 40.726 ], [ -73.871, 40.725 ], [ -73.87, 40.725 ], [ -73.869, 40.724 ], [ -73.87, 40.724 ], [ -73.869, 40.724 ], [ -73.869, 40.724 ], [ -73.868, 40.724 ], [ -73.868, 40.723 ], [ -73.869, 40.723 ], [ -73.868, 40.723 ], [ -73.868, 40.722 ], [ -73.868, 40.723 ], [ -73.865, 40.719 ], [ -73.86, 40.715 ], [ -73.86, 40.714 ], [ -73.86, 40.714 ], [ -73.862, 40.712 ], [ -73.865, 40.711 ], [ -73.867, 40.71 ], [ -73.87, 40.709 ], [ -73.873, 40.708 ], [ -73.875, 40.707 ], [ -73.881, 40.706 ], [ -73.885, 40.706 ], [ -73.89, 40.708 ], [ -73.891, 40.709 ], [ -73.892, 40.709 ], [ -73.899, 40.712 ], [ -73.9, 40.713 ], [ -73.901, 40.713 ], [ -73.901, 40.713 ], [ -73.903, 40.714 ], [ -73.901, 40.715 ] ] ] } },
{ "type": "Feature", "properties": { "zcta5ce20": "11435", "distributed_trips": 42.1 }, "geometry": { "type": "Polygon", "coordinates": [ [ [ -73.826, 40.716 ], [ -73.826, 40.716 ], [ -73.825, 40.716 ], [ -73.825, 40.716 ], [ -73.823, 40.716 ], [ -73.823, 40.717 ], [ -73.822, 40.717 ], [ -73.82, 40.717 ], [ -73.819, 40.717 ], [ -73.819, 40.717 ], [ -73.818, 40.717 ], [ -73.818, 40.716 ], [ -73.817, 40.717 ], [ -73.817, 40.718 ], [ -73.817, 40.717 ], [ -73.816, 40.718 ], [ -73.816, 40.718 ], [ -73.816, 40.718 ], [ -73.816, 40.718 ], [ -73.816, 40.718 ], [ -73.816, 40.718 ], [ -73.815, 40.718 ], [ -73.815, 40.718 ], [ -73.814, 40.718 ], [ -73.814, 40.718 ], [ -73.814, 40.718 ], [ -73.814, 40.718 ], [ -73.813, 40.718 ], [ -73.813, 40.719 ], [ -73.813, 40.719 ], [ -73.813, 40.718 ], [ -73.812, 40.719 ], [ -73.812, 40.719 ], [ -73.812, 40.719 ], [ -73.812, 40.717 ], [ -73.811, 40.717 ], [ -73.811, 40.717 ], [ -73.81, 40.716 ], [ -73.81, 40.716 ], [ -73.808, 40.716 ], [ -73.808, 40.716 ], [ -73.81, 40.716 ], [ -73.81, 40.714 ], [ -73.809, 40.712 ], [ -73.809, 40.712 ], [ -73.809, 40.712 ], [ -73.809, 40.711 ], [ -73.809, 40.711 ], [ -73.808, 40.71 ], [ -73.808, 40.71 ], [ -73.808, 40.709 ], [ -73.807, 40.707 ], [ -73.804, 40.701 ], [ -73.803, 40.7 ], [ -73.803, 40.701 ], [ -73.802, 40.701 ], [ -73.803, 40.699 ], [ -73.802, 40.698 ], [ -73.801, 40.695 ], [ -73.801, 40.695 ], [ -73.801, 40.695 ], [ -73.801, 40.695 ], [ -73.801, 40.695 ], [ -73.801, 40.695 ], [ -73.801, 40.695 ], [ -73.801, 40.695 ], [ -73.8, 40.695 ], [ -73.801, 40.695 ], [ -73.8, 40.694 ], [ -73.8, 40.694 ], [ -73.8, 40.694 ], [ -73.799, 40.694 ], [ -73.8, 40.693 ], [ -73.799, 40.692 ], [ -73.798, 40.691 ], [ -73.797, 40.691 ], [ -73.797, 40.691 ], [ -73.797, 40.69 ], [ -73.796, 40.689 ], [ -73.796, 40.69 ], [ -73.795, 40.689 ], [ -73.796, 40.689 ], [ -73.795, 40.688 ], [ -73.795, 40.688 ], [ -73.794, 40.688 ], [ -73.795, 40.688 ], [ -73.794, 40.687 ], [ -73.794, 40.687 ], [ -73.793, 40.687 ], [ -73.794, 40.686 ], [ -73.795, 40.687 ], [ -73.796, 40.686 ], [ -73.796, 40.686 ], [ -73.796, 40.686 ], [ -73.806, 40.683 ], [ -73.807, 40.685 ], [ -73.808, 40.687 ], [ -73.809, 40.688 ], [ -73.81, 40.69 ], [ -73.816, 40.7 ], [ -73.817, 40.704 ], [ -73.82, 40.708 ], [ -73.82, 40.708 ], [ -73.821, 40.71 ], [ -73.824, 40.713 ], [ -73.824, 40.713 ], [ -73.824, 40.714 ], [ -73.826, 40.716 ], [ -73.826, 40.716 ] ] ] } },
{ "type": "Feature", "properties": { "zcta5ce20": "11436", "distributed_trips": 12.8 }, "geometry": { "type": "Polygon", "coordinates": [ [ [ -73.804, 40.683 ], [ -73.801, 40.684 ], [ -73.796, 40.686 ], [ -73.796, 40.686 ], [ -73.796, 40.686 ], [ -73.795, 40.687 ], [ -73.794, 40.686 ], [ -73.794, 40.686 ], [ -73.794, 40.686 ], [ -73.794, 40.686 ], [ -73.793, 40.685 ], [ -73.793, 40.685 ], [ -73.793, 40.685 ], [ -73.793, 40.685 ], [ -73.793, 40.684 ], [ -73.793, 40.684 ], [ -73.793, 40.683 ], [ -73.793, 40.683 ], [ -73.793, 40.683 ], [ -73.792, 40.681 ], [ -73.793, 40.68 ], [ -73.793, 40.68 ], [ -73.793, 40.68 ], [ -73.793, 40.68 ], [ -73.792, 40.68 ], [ -73.792, 40.679 ], [ -73.792, 40.679 ], [ -73.791, 40.678 ], [ -73.792, 40.678 ], [ -73.792, 40.677 ], [ -73.792, 40.677 ], [ -73.791, 40.676 ], [ -73.791, 40.676 ], [ -73.791, 40.676 ], [ -73.791, 40.676 ], [ -73.79, 40.676 ], [ -73.789, 40.675 ], [ -73.791, 40.674 ], [ -73.79, 40.673 ], [ -73.788, 40.673 ], [ -73.789, 40.668 ], [ -73.789, 40.667 ], [ -73.793, 40.667 ], [ -73.797, 40.667 ], [ -73.799, 40.667 ], [ -73.8, 40.667 ], [ -73.802, 40.667 ], [ -73.801, 40.669 ], [ -73.801, 40.671 ], [ -73.801, 40.672 ], [ -73.801, 40.673 ], [ -73.802, 40.674 ], [ -73.806, 40.683 ], [ -73.804, 40.683 ] ] ] } },
{ "type": "Feature", "properties": { "zcta5ce20": "11411", "distributed_trips": 18.8 }, "geometry": { "type": "Polygon", "coordinates": [ [ [ -73.744, 40.703 ], [ -73.743, 40.703 ], [ -73.743, 40.703 ], [ -73.742, 40.703 ], [ -73.743, 40.703 ], [ -73.742, 40.703 ], [ -73.742, 40.702 ], [ -73.741, 40.702 ], [ -73.741, 40.702 ], [ -73.74, 40.702 ], [ -73.74, 40.702 ], [ -73.731, 40.702 ], [ -73.731, 40.702 ], [ -73.73, 40.702 ], [ -73.73, 40.702 ], [ -73.728, 40.702 ], [ -73.728, 40.697 ], [ -73.727, 40.697 ], [ -73.726, 40.688 ], [ -73.726, 40.686 ], [ -73.726, 40.684 ], [ -73.726, 40.683 ], [ -73.731, 40.685 ], [ -73.732, 40.685 ], [ -73.732, 40.685 ], [ -73.734, 40.685 ], [ -73.734, 40.685 ], [ -73.735, 40.686 ], [ -73.737, 40.687 ], [ -73.738, 40.686 ], [ -73.747, 40.689 ], [ -73.747, 40.689 ], [ -73.747, 40.689 ], [ -73.747, 40.69 ], [ -73.748, 40.69 ], [ -73.747, 40.691 ], [ -73.746, 40.691 ], [ -73.746, 40.692 ], [ -73.746, 40.692 ], [ -73.746, 40.693 ], [ -73.746, 40.693 ], [ -73.746, 40.693 ], [ -73.746, 40.693 ], [ -73.746, 40.694 ], [ -73.746, 40.694 ], [ -73.746, 40.694 ], [ -73.746, 40.695 ], [ -73.746, 40.695 ], [ -73.746, 40.695 ], [ -73.746, 40.695 ], [ -73.746, 40.695 ], [ -73.746, 40.695 ], [ -73.747, 40.696 ], [ -73.746, 40.696 ], [ -73.747, 40.698 ], [ -73.747, 40.697 ], [ -73.748, 40.699 ], [ -73.749, 40.7 ], [ -73.748, 40.7 ], [ -73.748, 40.7 ], [ -73.748, 40.701 ], [ -73.749, 40.701 ], [ -73.749, 40.702 ], [ -73.744, 40.703 ] ] ] } },
{ "type": "Feature", "properties": { "zcta5ce20": "11412", "distributed_trips": 26.5 }, "geometry": { "type": "Polygon", "coordinates": [ [ [ -73.775, 40.705 ], [ -73.774, 40.705 ], [ -73.773, 40.705 ], [ -73.767, 40.706 ], [ -73.767, 40.707 ], [ -73.767, 40.707 ], [ -73.767, 40.707 ], [ -73.765, 40.708 ], [ -73.765, 40.707 ], [ -73.765, 40.707 ], [ -73.765, 40.707 ], [ -73.765, 40.707 ], [ -73.753, 40.71 ], [ -73.752, 40.71 ], [ -73.753, 40.71 ], [ -73.752, 40.708 ], [ -73.751, 40.708 ], [ -73.751, 40.707 ], [ -73.751, 40.706 ], [ -73.751, 40.706 ], [ -73.75, 40.704 ], [ -73.75, 40.703 ], [ -73.75, 40.704 ], [ -73.749, 40.703 ], [ -73.749, 40.702 ], [ -73.749, 40.702 ], [ -73.749, 40.701 ], [ -73.748, 40.701 ], [ -73.748, 40.7 ], [ -73.748, 40.7 ], [ -73.749, 40.7 ], [ -73.748, 40.699 ], [ -73.747, 40.697 ], [ -73.747, 40.698 ], [ -73.746, 40.696 ], [ -73.747, 40.696 ], [ -73.746, 40.695 ], [ -73.746, 40.695 ], [ -73.746, 40.695 ], [ -73.746, 40.695 ], [ -73.746, 40.695 ], [ -73.746, 40.695 ], [ -73.746, 40.694 ], [ -73.746, 40.694 ], [ -73.746, 40.694 ], [ -73.746, 40.693 ], [ -73.746, 40.693 ], [ -73.746, 40.693 ], [ -73.746, 40.693 ], [ -73.746, 40.692 ], [ -73.746, 40.692 ], [ -73.746, 40.691 ], [ -73.747, 40.691 ], [ -73.748, 40.69 ], [ -73.748, 40.69 ], [ -73.749, 40.688 ], [ -73.75, 40.689 ], [ -73.75, 40.689 ], [ -73.75, 40.689 ], [ -73.753, 40.688 ], [ -73.754, 40.687 ], [ -73.754, 40.687 ], [ -73.755, 40.687 ], [ -73.755, 40.687 ], [ -73.755, 40.687 ], [ -73.755, 40.687 ], [ -73.755, 40.687 ], [ -73.756, 40.687 ], [ -73.756, 40.687 ], [ -73.758, 40.686 ], [ -73.757, 40.686 ], [ -73.758, 40.686 ], [ -73.758, 40.686 ], [ -73.761, 40.685 ], [ -73.76, 40.684 ], [ -73.761, 40.683 ], [ -73.763, 40.686 ], [ -73.764, 40.687 ], [ -73.766, 40.692 ], [ -73.765, 40.692 ], [ -73.765, 40.693 ], [ -73.767, 40.694 ], [ -73.769, 40.697 ], [ -73.77, 40.696 ], [ -73.772, 40.699 ], [ -73.773, 40.7 ], [ -73.773, 40.7 ], [ -73.775, 40.704 ], [ -73.776, 40.705 ], [ -73.775, 40.705 ] ] ] } },
{ "type": "Feature", "properties": { "zcta5ce20": "11414", "distributed_trips": 36.9 }, "geometry": { "type": "Polygon", "coordinates": [ [ [ -73.863, 40.658 ], [ -73.86, 40.66 ], [ -73.858, 40.66 ], [ -73.858, 40.664 ], [ -73.856, 40.664 ], [ -73.858, 40.672 ], [ -73.86, 40.671 ], [ -73.861, 40.675 ], [ -73.86, 40.675 ], [ -73.856, 40.673 ], [ -73.849, 40.671 ], [ -73.847, 40.671 ], [ -73.843, 40.669 ], [ -73.843, 40.669 ], [ -73.843, 40.669 ], [ -73.842, 40.669 ], [ -73.841, 40.669 ], [ -73.841, 40.669 ], [ -73.841, 40.669 ], [ -73.84, 40.669 ], [ -73.84, 40.668 ], [ -73.838, 40.668 ], [ -73.838, 40.668 ], [ -73.837, 40.667 ], [ -73.835, 40.667 ], [ -73.833, 40.667 ], [ -73.833, 40.665 ], [ -73.83, 40.66 ], [ -73.83, 40.66 ], [ -73.829, 40.657 ], [ -73.826, 40.648 ], [ -73.827, 40.648 ], [ -73.827, 40.649 ], [ -73.827, 40.649 ], [ -73.828, 40.649 ], [ -73.828, 40.649 ], [ -73.828, 40.649 ], [ -73.828, 40.649 ], [ -73.829, 40.649 ], [ -73.829, 40.65 ], [ -73.83, 40.65 ], [ -73.83, 40.651 ], [ -73.83, 40.651 ], [ -73.831, 40.652 ], [ -73.831, 40.653 ], [ -73.831, 40.654 ], [ -73.832, 40.653 ], [ -73.831, 40.65 ], [ -73.831, 40.649 ], [ -73.831, 40.648 ], [ -73.832, 40.648 ], [ -73.835, 40.648 ], [ -73.835, 40.648 ], [ -73.836, 40.648 ], [ -73.836, 40.649 ], [ -73.836, 40.649 ], [ -73.837, 40.649 ], [ -73.836, 40.645 ], [ -73.836, 40.645 ], [ -73.84, 40.645 ], [ -73.84, 40.645 ], [ -73.842, 40.645 ], [ -73.844, 40.645 ], [ -73.847, 40.644 ], [ -73.848, 40.644 ], [ -73.849, 40.644 ], [ -73.849, 40.644 ], [ -73.85, 40.645 ], [ -73.851, 40.645 ], [ -73.853, 40.647 ], [ -73.853, 40.647 ], [ -73.853, 40.648 ], [ -73.852, 40.649 ], [ -73.852, 40.649 ], [ -73.851, 40.649 ], [ -73.851, 40.649 ], [ -73.851, 40.65 ], [ -73.851, 40.65 ], [ -73.851, 40.65 ], [ -73.85, 40.65 ], [ -73.85, 40.651 ], [ -73.849, 40.651 ], [ -73.849, 40.651 ], [ -73.85, 40.652 ], [ -73.85, 40.651 ], [ -73.851, 40.651 ], [ -73.851, 40.651 ], [ -73.852, 40.651 ], [ -73.852, 40.65 ], [ -73.853, 40.65 ], [ -73.855, 40.651 ], [ -73.856, 40.651 ], [ -73.856, 40.651 ], [ -73.856, 40.651 ], [ -73.856, 40.653 ], [ -73.857, 40.653 ], [ -73.857, 40.653 ], [ -73.858, 40.653 ], [ -73.858, 40.653 ], [ -73.859, 40.654 ], [ -73.859, 40.654 ], [ -73.859, 40.655 ], [ -73.859, 40.655 ], [ -73.86, 40.655 ], [ -73.861, 40.655 ], [ -73.862, 40.656 ], [ -73.862, 40.657 ], [ -73.863, 40.658 ] ] ] } },
{ "type": "Feature", "properties": { "zcta5ce20": "11415", "distributed_trips": 18.4 }, "geometry": { "type": "Polygon", "coordinates": [ [ [ -73.836, 40.712 ], [ -73.831, 40.714 ], [ -73.827, 40.715 ], [ -73.826, 40.716 ], [ -73.826, 40.716 ], [ -73.824, 40.714 ], [ -73.824, 40.713 ], [ -73.824, 40.713 ], [ -73.821, 40.71 ], [ -73.82, 40.708 ], [ -73.82, 40.708 ], [ -73.818, 40.706 ], [ -73.819, 40.706 ], [ -73.819, 40.707 ], [ -73.819, 40.707 ], [ -73.819, 40.707 ], [ -73.819, 40.706 ], [ -73.819, 40.706 ], [ -73.82, 40.706 ], [ -73.821, 40.706 ], [ -73.821, 40.706 ], [ -73.821, 40.706 ], [ -73.822, 40.706 ], [ -73.822, 40.705 ], [ -73.822, 40.704 ], [ -73.823, 40.704 ], [ -73.823, 40.703 ], [ -73.825, 40.703 ], [ -73.825, 40.703 ], [ -73.826, 40.703 ], [ -73.826, 40.703 ], [ -73.826, 40.703 ], [ -73.826, 40.703 ], [ -73.827, 40.703 ], [ -73.827, 40.703 ], [ -73.828, 40.703 ], [ -73.828, 40.702 ], [ -73.832, 40.701 ], [ -73.832, 40.701 ], [ -73.832, 40.701 ], [ -73.833, 40.701 ], [ -73.833, 40.701 ], [ -73.833, 40.702 ], [ -73.833, 40.702 ], [ -73.833, 40.702 ], [ -73.833, 40.702 ], [ -73.833, 40.702 ], [ -73.833, 40.703 ], [ -73.834, 40.703 ], [ -73.834, 40.703 ], [ -73.834, 40.704 ], [ -73.834, 40.704 ], [ -73.834, 40.704 ], [ -73.835, 40.704 ], [ -73.835, 40.705 ], [ -73.835, 40.705 ], [ -73.835, 40.706 ], [ -73.836, 40.707 ], [ -73.835, 40.707 ], [ -73.835, 40.707 ], [ -73.835, 40.708 ], [ -73.835, 40.708 ], [ -73.834, 40.708 ], [ -73.835, 40.709 ], [ -73.834, 40.709 ], [ -73.835, 40.709 ], [ -73.835, 40.71 ], [ -73.834, 40.71 ], [ -73.836, 40.712 ] ], [ [ -73.827, 40.713 ], [ -73.826, 40.714 ], [ -73.827, 40.715 ], [ -73.831, 40.714 ], [ -73.827, 40.713 ] ] ] } },
{ "type": "Feature", "properties": { "zcta5ce20": "11416", "distributed_trips": 21.5 }, "geometry": { "type": "Polygon", "coordinates": [ [ [ -73.866, 40.683 ], [ -73.855, 40.686 ], [ -73.851, 40.688 ], [ -73.85, 40.688 ], [ -73.849, 40.688 ], [ -73.848, 40.688 ], [ -73.838, 40.691 ], [ -73.837, 40.691 ], [ -73.838, 40.691 ], [ -73.838, 40.69 ], [ -73.837, 40.69 ], [ -73.837, 40.69 ], [ -73.837, 40.69 ], [ -73.837, 40.69 ], [ -73.837, 40.689 ], [ -73.837, 40.689 ], [ -73.836, 40.689 ], [ -73.837, 40.688 ], [ -73.836, 40.688 ], [ -73.836, 40.688 ], [ -73.836, 40.687 ], [ -73.835, 40.687 ], [ -73.835, 40.687 ], [ -73.835, 40.687 ], [ -73.835, 40.687 ], [ -73.835, 40.686 ], [ -73.835, 40.685 ], [ -73.835, 40.685 ], [ -73.841, 40.683 ], [ -73.842, 40.683 ], [ -73.843, 40.683 ], [ -73.843, 40.683 ], [ -73.843, 40.683 ], [ -73.843, 40.683 ], [ -73.843, 40.683 ], [ -73.844, 40.683 ], [ -73.845, 40.682 ], [ -73.848, 40.681 ], [ -73.849, 40.682 ], [ -73.848, 40.681 ], [ -73.849, 40.681 ], [ -73.851, 40.681 ], [ -73.851, 40.681 ], [ -73.852, 40.681 ], [ -73.852, 40.68 ], [ -73.853, 40.68 ], [ -73.853, 40.68 ], [ -73.853, 40.68 ], [ -73.854, 40.68 ], [ -73.854, 40.68 ], [ -73.854, 40.68 ], [ -73.854, 40.68 ], [ -73.854, 40.68 ], [ -73.855, 40.68 ], [ -73.855, 40.68 ], [ -73.855, 40.68 ], [ -73.856, 40.68 ], [ -73.856, 40.68 ], [ -73.857, 40.68 ], [ -73.857, 40.68 ], [ -73.859, 40.679 ], [ -73.863, 40.679 ], [ -73.863, 40.679 ], [ -73.864, 40.679 ], [ -73.864, 40.68 ], [ -73.864, 40.679 ], [ -73.864, 40.681 ], [ -73.864, 40.681 ], [ -73.864, 40.681 ], [ -73.864, 40.681 ], [ -73.864, 40.682 ], [ -73.866, 40.682 ], [ -73.866, 40.683 ] ] ] } },
{ "type": "Feature", "properties": { "zcta5ce20": "11417", "distributed_trips": 18.7 }, "geometry": { "type": "Polygon", "coordinates": [ [ [ -73.862, 40.678 ], [ -73.862, 40.678 ], [ -73.862, 40.679 ], [ -73.857, 40.68 ], [ -73.857, 40.68 ], [ -73.856, 40.68 ], [ -73.856, 40.68 ], [ -73.855, 40.68 ], [ -73.855, 40.68 ], [ -73.854, 40.68 ], [ -73.854, 40.68 ], [ -73.854, 40.68 ], [ -73.854, 40.68 ], [ -73.854, 40.68 ], [ -73.853, 40.68 ], [ -73.853, 40.68 ], [ -73.853, 40.68 ], [ -73.852, 40.68 ], [ -73.852, 40.681 ], [ -73.851, 40.681 ], [ -73.851, 40.681 ], [ -73.848, 40.681 ], [ -73.849, 40.682 ], [ -73.848, 40.681 ], [ -73.845, 40.682 ], [ -73.844, 40.683 ], [ -73.843, 40.683 ], [ -73.843, 40.683 ], [ -73.843, 40.683 ], [ -73.843, 40.683 ], [ -73.843, 40.683 ], [ -73.842, 40.683 ], [ -73.836, 40.685 ], [ -73.835, 40.685 ], [ -73.835, 40.685 ], [ -73.834, 40.686 ], [ -73.834, 40.685 ], [ -73.835, 40.685 ], [ -73.834, 40.684 ], [ -73.834, 40.684 ], [ -73.834, 40.684 ], [ -73.834, 40.684 ], [ -73.834, 40.683 ], [ -73.834, 40.683 ], [ -73.833, 40.682 ], [ -73.833, 40.682 ], [ -73.833, 40.682 ], [ -73.833, 40.681 ], [ -73.833, 40.681 ], [ -73.832, 40.678 ], [ -73.831, 40.678 ], [ -73.832, 40.675 ], [ -73.833, 40.675 ], [ -73.834, 40.675 ], [ -73.836, 40.676 ], [ -73.836, 40.675 ], [ -73.837, 40.675 ], [ -73.835, 40.671 ], [ -73.833, 40.667 ], [ -73.835, 40.667 ], [ -73.837, 40.667 ], [ -73.838, 40.668 ], [ -73.838, 40.668 ], [ -73.84, 40.668 ], [ -73.84, 40.669 ], [ -73.841, 40.669 ], [ -73.841, 40.669 ], [ -73.841, 40.669 ], [ -73.842, 40.669 ], [ -73.843, 40.669 ], [ -73.843, 40.669 ], [ -73.843, 40.669 ], [ -73.847, 40.671 ], [ -73.849, 40.671 ], [ -73.856, 40.673 ], [ -73.86, 40.675 ], [ -73.861, 40.675 ], [ -73.862, 40.677 ], [ -73.862, 40.677 ], [ -73.862, 40.678 ] ] ] } },
{ "type": "Feature", "properties": { "zcta5ce20": "11581", "distributed_trips": 0.0 }, "geometry": { "type": "Polygon", "coordinates": [ [ [ -73.742, 40.64 ], [ -73.741, 40.641 ], [ -73.742, 40.642 ], [ -73.742, 40.642 ], [ -73.741, 40.647 ], [ -73.739, 40.648 ], [ -73.735, 40.65 ], [ -73.731, 40.65 ], [ -73.73, 40.651 ], [ -73.727, 40.652 ], [ -73.727, 40.652 ], [ -73.725, 40.652 ], [ -73.725, 40.653 ], [ -73.725, 40.653 ], [ -73.725, 40.654 ], [ -73.725, 40.655 ], [ -73.726, 40.658 ], [ -73.726, 40.659 ], [ -73.728, 40.661 ], [ -73.728, 40.663 ], [ -73.728, 40.663 ], [ -73.728, 40.663 ], [ -73.728, 40.665 ], [ -73.728, 40.665 ], [ -73.728, 40.666 ], [ -73.722, 40.666 ], [ -73.719, 40.666 ], [ -73.711, 40.663 ], [ -73.703, 40.661 ], [ -73.702, 40.661 ], [ -73.702, 40.66 ], [ -73.701, 40.66 ], [ -73.701, 40.66 ], [ -73.699, 40.66 ], [ -73.695, 40.659 ], [ -73.694, 40.659 ], [ -73.694, 40.659 ], [ -73.69, 40.658 ], [ -73.69, 40.657 ], [ -73.69, 40.657 ], [ -73.689, 40.657 ], [ -73.688, 40.656 ], [ -73.69, 40.652 ], [ -73.69, 40.652 ], [ -73.691, 40.652 ], [ -73.691, 40.651 ], [ -73.69, 40.65 ], [ -73.69, 40.65 ], [ -73.691, 40.649 ], [ -73.693, 40.648 ], [ -73.695, 40.647 ], [ -73.7, 40.645 ], [ -73.701, 40.645 ], [ -73.702, 40.645 ], [ -73.702, 40.645 ], [ -73.705, 40.645 ], [ -73.707, 40.648 ], [ -73.708, 40.649 ], [ -73.708, 40.649 ], [ -73.709, 40.649 ], [ -73.712, 40.65 ], [ -73.713, 40.65 ], [ -73.715, 40.648 ], [ -73.715, 40.647 ], [ -73.715, 40.646 ], [ -73.716, 40.646 ], [ -73.716, 40.645 ], [ -73.716, 40.644 ], [ -73.718, 40.643 ], [ -73.721, 40.643 ], [ -73.722, 40.643 ], [ -73.722, 40.643 ], [ -73.723, 40.642 ], [ -73.725, 40.641 ], [ -73.728, 40.641 ], [ -73.729, 40.641 ], [ -73.729, 40.641 ], [ -73.731, 40.64 ], [ -73.731, 40.639 ], [ -73.732, 40.64 ], [ -73.732, 40.639 ], [ -73.732, 40.639 ], [ -73.732, 40.638 ], [ -73.732, 40.638 ], [ -73.733, 40.638 ], [ -73.733, 40.638 ], [ -73.733, 40.638 ], [ -73.733, 40.637 ], [ -73.733, 40.636 ], [ -73.733, 40.636 ], [ -73.734, 40.634 ], [ -73.733, 40.634 ], [ -73.734, 40.634 ], [ -73.735, 40.633 ], [ -73.736, 40.632 ], [ -73.737, 40.633 ], [ -73.738, 40.633 ], [ -73.738, 40.633 ], [ -73.739, 40.635 ], [ -73.739, 40.635 ], [ -73.74, 40.635 ], [ -73.74, 40.635 ], [ -73.74, 40.636 ], [ -73.741, 40.639 ], [ -73.742, 40.64 ] ] ] } },
{ "type": "Feature", "properties": { "zcta5ce20": "11418", "distributed_trips": 54.6 }, "geometry": { "type": "Polygon", "coordinates": [ [ [ -73.855, 40.707 ], [ -73.85, 40.708 ], [ -73.849, 40.708 ], [ -73.847, 40.708 ], [ -73.846, 40.708 ], [ -73.844, 40.709 ], [ -73.843, 40.709 ], [ -73.841, 40.71 ], [ -73.838, 40.711 ], [ -73.836, 40.712 ], [ -73.834, 40.71 ], [ -73.835, 40.71 ], [ -73.835, 40.709 ], [ -73.834, 40.709 ], [ -73.835, 40.709 ], [ -73.834, 40.708 ], [ -73.835, 40.708 ], [ -73.835, 40.708 ], [ -73.835, 40.707 ], [ -73.835, 40.707 ], [ -73.836, 40.707 ], [ -73.835, 40.706 ], [ -73.835, 40.705 ], [ -73.835, 40.705 ], [ -73.835, 40.704 ], [ -73.834, 40.704 ], [ -73.834, 40.704 ], [ -73.834, 40.704 ], [ -73.834, 40.703 ], [ -73.834, 40.703 ], [ -73.833, 40.703 ], [ -73.833, 40.702 ], [ -73.833, 40.702 ], [ -73.833, 40.702 ], [ -73.833, 40.702 ], [ -73.833, 40.702 ], [ -73.833, 40.701 ], [ -73.833, 40.701 ], [ -73.832, 40.701 ], [ -73.832, 40.701 ], [ -73.832, 40.701 ], [ -73.828, 40.702 ], [ -73.828, 40.703 ], [ -73.827, 40.703 ], [ -73.827, 40.703 ], [ -73.826, 40.703 ], [ -73.826, 40.703 ], [ -73.826, 40.703 ], [ -73.826, 40.703 ], [ -73.825, 40.703 ], [ -73.825, 40.703 ], [ -73.823, 40.703 ], [ -73.823, 40.704 ], [ -73.822, 40.704 ], [ -73.822, 40.705 ], [ -73.822, 40.706 ], [ -73.821, 40.706 ], [ -73.821, 40.706 ], [ -73.821, 40.706 ], [ -73.82, 40.706 ], [ -73.819, 40.706 ], [ -73.819, 40.706 ], [ -73.819, 40.707 ], [ -73.819, 40.707 ], [ -73.819, 40.707 ], [ -73.819, 40.706 ], [ -73.818, 40.706 ], [ -73.816, 40.7 ], [ -73.814, 40.697 ], [ -73.815, 40.697 ], [ -73.815, 40.697 ], [ -73.819, 40.696 ], [ -73.82, 40.696 ], [ -73.82, 40.696 ], [ -73.821, 40.696 ], [ -73.826, 40.694 ], [ -73.829, 40.694 ], [ -73.837, 40.691 ], [ -73.839, 40.691 ], [ -73.845, 40.689 ], [ -73.845, 40.689 ], [ -73.844, 40.69 ], [ -73.844, 40.69 ], [ -73.845, 40.691 ], [ -73.845, 40.692 ], [ -73.846, 40.693 ], [ -73.847, 40.695 ], [ -73.849, 40.698 ], [ -73.851, 40.7 ], [ -73.852, 40.7 ], [ -73.851, 40.701 ], [ -73.853, 40.704 ], [ -73.855, 40.705 ], [ -73.854, 40.705 ], [ -73.854, 40.706 ], [ -73.854, 40.706 ], [ -73.855, 40.707 ], [ -73.855, 40.707 ] ] ] } },
{ "type": "Feature", "properties": { "zcta5ce20": "11419", "distributed_trips": 27.3 }, "geometry": { "type": "Polygon", "coordinates": [ [ [ -73.838, 40.691 ], [ -73.837, 40.691 ], [ -73.838, 40.691 ], [ -73.829, 40.694 ], [ -73.826, 40.694 ], [ -73.821, 40.696 ], [ -73.82, 40.696 ], [ -73.82, 40.696 ], [ -73.819, 40.696 ], [ -73.815, 40.697 ], [ -73.815, 40.697 ], [ -73.814, 40.697 ], [ -73.81, 40.69 ], [ -73.809, 40.688 ], [ -73.808, 40.687 ], [ -73.81, 40.686 ], [ -73.812, 40.685 ], [ -73.812, 40.686 ], [ -73.813, 40.685 ], [ -73.813, 40.685 ], [ -73.814, 40.685 ], [ -73.814, 40.685 ], [ -73.814, 40.685 ], [ -73.82, 40.683 ], [ -73.821, 40.683 ], [ -73.822, 40.683 ], [ -73.821, 40.683 ], [ -73.822, 40.682 ], [ -73.824, 40.682 ], [ -73.832, 40.679 ], [ -73.833, 40.681 ], [ -73.833, 40.681 ], [ -73.833, 40.682 ], [ -73.833, 40.682 ], [ -73.833, 40.682 ], [ -73.834, 40.683 ], [ -73.834, 40.683 ], [ -73.834, 40.684 ], [ -73.834, 40.684 ], [ -73.834, 40.684 ], [ -73.834, 40.684 ], [ -73.835, 40.685 ], [ -73.834, 40.685 ], [ -73.834, 40.686 ], [ -73.835, 40.686 ], [ -73.835, 40.687 ], [ -73.835, 40.687 ], [ -73.835, 40.687 ], [ -73.835, 40.687 ], [ -73.836, 40.687 ], [ -73.836, 40.688 ], [ -73.836, 40.688 ], [ -73.837, 40.688 ], [ -73.836, 40.689 ], [ -73.837, 40.689 ], [ -73.837, 40.689 ], [ -73.837, 40.69 ], [ -73.837, 40.69 ], [ -73.837, 40.69 ], [ -73.837, 40.69 ], [ -73.838, 40.69 ], [ -73.838, 40.691 ] ] ] } },
{ "type": "Feature", "properties": { "zcta5ce20": "11420", "distributed_trips": 33.7 }, "geometry": { "type": "Polygon", "coordinates": [ [ [ -73.837, 40.675 ], [ -73.836, 40.675 ], [ -73.836, 40.676 ], [ -73.834, 40.675 ], [ -73.833, 40.675 ], [ -73.832, 40.675 ], [ -73.831, 40.678 ], [ -73.832, 40.678 ], [ -73.832, 40.679 ], [ -73.832, 40.679 ], [ -73.832, 40.68 ], [ -73.826, 40.681 ], [ -73.822, 40.682 ], [ -73.821, 40.683 ], [ -73.822, 40.683 ], [ -73.821, 40.683 ], [ -73.82, 40.683 ], [ -73.814, 40.685 ], [ -73.814, 40.685 ], [ -73.814, 40.685 ], [ -73.813, 40.685 ], [ -73.813, 40.685 ], [ -73.812, 40.686 ], [ -73.812, 40.685 ], [ -73.81, 40.686 ], [ -73.808, 40.687 ], [ -73.807, 40.685 ], [ -73.802, 40.674 ], [ -73.801, 40.673 ], [ -73.801, 40.672 ], [ -73.801, 40.671 ], [ -73.801, 40.669 ], [ -73.802, 40.666 ], [ -73.802, 40.666 ], [ -73.806, 40.666 ], [ -73.809, 40.666 ], [ -73.811, 40.666 ], [ -73.811, 40.664 ], [ -73.812, 40.663 ], [ -73.812, 40.663 ], [ -73.813, 40.663 ], [ -73.823, 40.664 ], [ -73.823, 40.664 ], [ -73.826, 40.664 ], [ -73.828, 40.664 ], [ -73.832, 40.665 ], [ -73.833, 40.665 ], [ -73.833, 40.667 ], [ -73.835, 40.671 ], [ -73.837, 40.675 ] ] ] } },
{ "type": "Feature", "properties": { "zcta5ce20": "11421", "distributed_trips": 42.4 }, "geometry": { "type": "Polygon", "coordinates": [ [ [ -73.871, 40.698 ], [ -73.869, 40.699 ], [ -73.87, 40.701 ], [ -73.869, 40.702 ], [ -73.869, 40.703 ], [ -73.863, 40.703 ], [ -73.859, 40.703 ], [ -73.858, 40.703 ], [ -73.859, 40.701 ], [ -73.857, 40.701 ], [ -73.857, 40.702 ], [ -73.855, 40.702 ], [ -73.855, 40.703 ], [ -73.852, 40.702 ], [ -73.851, 40.701 ], [ -73.852, 40.7 ], [ -73.851, 40.7 ], [ -73.849, 40.698 ], [ -73.847, 40.695 ], [ -73.846, 40.693 ], [ -73.845, 40.692 ], [ -73.845, 40.691 ], [ -73.844, 40.69 ], [ -73.844, 40.69 ], [ -73.848, 40.688 ], [ -73.849, 40.688 ], [ -73.85, 40.688 ], [ -73.851, 40.688 ], [ -73.855, 40.686 ], [ -73.866, 40.683 ], [ -73.867, 40.685 ], [ -73.868, 40.688 ], [ -73.869, 40.694 ], [ -73.869, 40.695 ], [ -73.869, 40.695 ], [ -73.87, 40.697 ], [ -73.871, 40.698 ] ] ] } },
{ "type": "Feature", "properties": { "zcta5ce20": "11423", "distributed_trips": 26.9 }, "geometry": { "type": "MultiPolygon", "coordinates": [ [ [ [ -73.781, 40.729 ], [ -73.778, 40.73 ], [ -73.775, 40.725 ], [ -73.776, 40.724 ], [ -73.777, 40.724 ], [ -73.777, 40.724 ], [ -73.778, 40.723 ], [ -73.778, 40.723 ], [ -73.78, 40.726 ], [ -73.781, 40.729 ] ] ], [ [ [ -73.782, 40.713 ], [ -73.782, 40.713 ], [ -73.78, 40.714 ], [ -73.78, 40.714 ], [ -73.78, 40.713 ], [ -73.779, 40.714 ], [ -73.779, 40.713 ], [ -73.779, 40.713 ], [ -73.779, 40.714 ], [ -73.778, 40.714 ], [ -73.778, 40.714 ], [ -73.777, 40.714 ], [ -73.777, 40.714 ], [ -73.777, 40.714 ], [ -73.777, 40.714 ], [ -73.776, 40.714 ], [ -73.776, 40.715 ], [ -73.775, 40.715 ], [ -73.775, 40.714 ], [ -73.774, 40.715 ], [ -73.774, 40.715 ], [ -73.774, 40.715 ], [ -73.775, 40.718 ], [ -73.776, 40.718 ], [ -73.776, 40.719 ], [ -73.776, 40.719 ], [ -73.776, 40.719 ], [ -73.777, 40.72 ], [ -73.777, 40.721 ], [ -73.776, 40.721 ], [ -73.777, 40.722 ], [ -73.777, 40.722 ], [ -73.776, 40.723 ], [ -73.774, 40.725 ], [ -73.771, 40.725 ], [ -73.767, 40.726 ], [ -73.766, 40.726 ], [ -73.766, 40.726 ], [ -73.765, 40.725 ], [ -73.761, 40.723 ], [ -73.761, 40.723 ], [ -73.762, 40.722 ], [ -73.761, 40.722 ], [ -73.761, 40.721 ], [ -73.76, 40.722 ], [ -73.759, 40.721 ], [ -73.759, 40.721 ], [ -73.76, 40.72 ], [ -73.758, 40.718 ], [ -73.758, 40.718 ], [ -73.757, 40.717 ], [ -73.756, 40.716 ], [ -73.756, 40.716 ], [ -73.755, 40.714 ], [ -73.754, 40.714 ], [ -73.754, 40.714 ], [ -73.753, 40.712 ], [ -73.754, 40.712 ], [ -73.753, 40.71 ], [ -73.765, 40.707 ], [ -73.765, 40.707 ], [ -73.765, 40.707 ], [ -73.765, 40.708 ], [ -73.767, 40.707 ], [ -73.767, 40.707 ], [ -73.767, 40.707 ], [ -73.767, 40.706 ], [ -73.773, 40.705 ], [ -73.774, 40.705 ], [ -73.776, 40.705 ], [ -73.777, 40.708 ], [ -73.778, 40.708 ], [ -73.779, 40.707 ], [ -73.779, 40.708 ], [ -73.779, 40.708 ], [ -73.78, 40.709 ], [ -73.78, 40.709 ], [ -73.78, 40.709 ], [ -73.782, 40.713 ], [ -73.782, 40.713 ] ] ] ] } },
{ "type": "Feature", "properties": { "zcta5ce20": "11426", "distributed_trips": 21.9 }, "geometry": { "type": "Polygon", "coordinates": [ [ [ -73.733, 40.731 ], [ -73.732, 40.731 ], [ -73.731, 40.733 ], [ -73.73, 40.733 ], [ -73.728, 40.733 ], [ -73.728, 40.734 ], [ -73.727, 40.734 ], [ -73.727, 40.736 ], [ -73.726, 40.736 ], [ -73.728, 40.741 ], [ -73.727, 40.741 ], [ -73.728, 40.742 ], [ -73.732, 40.743 ], [ -73.732, 40.744 ], [ -73.732, 40.744 ], [ -73.729, 40.747 ], [ -73.728, 40.75 ], [ -73.727, 40.751 ], [ -73.726, 40.752 ], [ -73.724, 40.753 ], [ -73.723, 40.754 ], [ -73.723, 40.754 ], [ -73.721, 40.752 ], [ -73.721, 40.752 ], [ -73.721, 40.751 ], [ -73.72, 40.749 ], [ -73.719, 40.746 ], [ -73.718, 40.746 ], [ -73.719, 40.746 ], [ -73.718, 40.744 ], [ -73.718, 40.745 ], [ -73.717, 40.744 ], [ -73.718, 40.743 ], [ -73.717, 40.742 ], [ -73.717, 40.741 ], [ -73.717, 40.741 ], [ -73.717, 40.74 ], [ -73.716, 40.74 ], [ -73.716, 40.74 ], [ -73.714, 40.737 ], [ -73.712, 40.732 ], [ -73.711, 40.731 ], [ -73.711, 40.731 ], [ -73.711, 40.73 ], [ -73.712, 40.73 ], [ -73.711, 40.73 ], [ -73.711, 40.73 ], [ -73.711, 40.729 ], [ -73.711, 40.73 ], [ -73.711, 40.729 ], [ -73.711, 40.729 ], [ -73.711, 40.728 ], [ -73.711, 40.728 ], [ -73.71, 40.727 ], [ -73.712, 40.727 ], [ -73.713, 40.727 ], [ -73.715, 40.727 ], [ -73.715, 40.727 ], [ -73.716, 40.726 ], [ -73.718, 40.726 ], [ -73.718, 40.726 ], [ -73.718, 40.726 ], [ -73.721, 40.725 ], [ -73.721, 40.725 ], [ -73.723, 40.725 ], [ -73.725, 40.724 ], [ -73.727, 40.724 ], [ -73.728, 40.723 ], [ -73.728, 40.723 ], [ -73.73, 40.723 ], [ -73.73, 40.724 ], [ -73.731, 40.727 ], [ -73.732, 40.727 ], [ -73.732, 40.727 ], [ -73.731, 40.727 ], [ -73.732, 40.728 ], [ -73.732, 40.728 ], [ -73.731, 40.73 ], [ -73.733, 40.73 ], [ -73.733, 40.731 ] ] ] } },
{ "type": "Feature", "properties": { "zcta5ce20": "11697", "distributed_trips": 32.6 }, "geometry": { "type": "MultiPolygon", "coordinates": [ [ [ [ -73.94, 40.548 ], [ -73.94, 40.551 ], [ -73.94, 40.551 ], [ -73.94, 40.553 ], [ -73.939, 40.555 ], [ -73.939, 40.556 ], [ -73.937, 40.557 ], [ -73.936, 40.557 ], [ -73.936, 40.557 ], [ -73.935, 40.557 ], [ -73.935, 40.557 ], [ -73.935, 40.557 ], [ -73.934, 40.557 ], [ -73.932, 40.558 ], [ -73.932, 40.557 ], [ -73.928, 40.558 ], [ -73.927, 40.559 ], [ -73.927, 40.559 ], [ -73.927, 40.56 ], [ -73.926, 40.561 ], [ -73.925, 40.561 ], [ -73.924, 40.561 ], [ -73.923, 40.561 ], [ -73.922, 40.562 ], [ -73.92, 40.562 ], [ -73.92, 40.563 ], [ -73.92, 40.562 ], [ -73.918, 40.563 ], [ -73.916, 40.563 ], [ -73.915, 40.564 ], [ -73.915, 40.564 ], [ -73.913, 40.565 ], [ -73.913, 40.565 ], [ -73.912, 40.565 ], [ -73.911, 40.565 ], [ -73.911, 40.565 ], [ -73.91, 40.565 ], [ -73.91, 40.565 ], [ -73.911, 40.564 ], [ -73.911, 40.563 ], [ -73.91, 40.561 ], [ -73.909, 40.561 ], [ -73.908, 40.561 ], [ -73.902, 40.562 ], [ -73.895, 40.564 ], [ -73.895, 40.567 ], [ -73.895, 40.567 ], [ -73.894, 40.568 ], [ -73.893, 40.569 ], [ -73.892, 40.569 ], [ -73.892, 40.568 ], [ -73.891, 40.568 ], [ -73.89, 40.568 ], [ -73.89, 40.568 ], [ -73.89, 40.568 ], [ -73.889, 40.568 ], [ -73.888, 40.568 ], [ -73.888, 40.568 ], [ -73.887, 40.568 ], [ -73.885, 40.569 ], [ -73.885, 40.568 ], [ -73.885, 40.568 ], [ -73.884, 40.568 ], [ -73.884, 40.568 ], [ -73.885, 40.568 ], [ -73.885, 40.568 ], [ -73.884, 40.568 ], [ -73.884, 40.568 ], [ -73.884, 40.568 ], [ -73.884, 40.568 ], [ -73.884, 40.568 ], [ -73.884, 40.568 ], [ -73.883, 40.568 ], [ -73.883, 40.568 ], [ -73.883, 40.568 ], [ -73.883, 40.568 ], [ -73.883, 40.568 ], [ -73.879, 40.562 ], [ -73.88, 40.562 ], [ -73.88, 40.561 ], [ -73.88, 40.561 ], [ -73.881, 40.561 ], [ -73.882, 40.561 ], [ -73.882, 40.561 ], [ -73.882, 40.561 ], [ -73.882, 40.561 ], [ -73.883, 40.561 ], [ -73.884, 40.561 ], [ -73.885, 40.56 ], [ -73.885, 40.56 ], [ -73.885, 40.56 ], [ -73.885, 40.56 ], [ -73.886, 40.56 ], [ -73.887, 40.56 ], [ -73.888, 40.56 ], [ -73.889, 40.559 ], [ -73.89, 40.559 ], [ -73.89, 40.559 ], [ -73.89, 40.559 ], [ -73.892, 40.558 ], [ -73.892, 40.558 ], [ -73.892, 40.558 ], [ -73.893, 40.558 ], [ -73.894, 40.558 ], [ -73.895, 40.557 ], [ -73.895, 40.557 ], [ -73.895, 40.557 ], [ -73.895, 40.557 ], [ -73.896, 40.557 ], [ -73.897, 40.557 ], [ -73.897, 40.557 ], [ -73.897, 40.557 ], [ -73.898, 40.557 ], [ -73.898, 40.557 ], [ -73.899, 40.557 ], [ -73.899, 40.557 ], [ -73.899, 40.557 ], [ -73.899, 40.557 ], [ -73.9, 40.557 ], [ -73.9, 40.557 ], [ -73.9, 40.557 ], [ -73.901, 40.557 ], [ -73.901, 40.556 ], [ -73.901, 40.557 ], [ -73.901, 40.557 ], [ -73.901, 40.557 ], [ -73.903, 40.557 ], [ -73.904, 40.557 ], [ -73.908, 40.555 ], [ -73.909, 40.555 ], [ -73.916, 40.552 ], [ -73.917, 40.552 ], [ -73.919, 40.551 ], [ -73.919, 40.551 ], [ -73.926, 40.548 ], [ -73.93, 40.546 ], [ -73.936, 40.545 ], [ -73.937, 40.544 ], [ -73.939, 40.543 ], [ -73.94, 40.543 ], [ -73.941, 40.543 ], [ -73.941, 40.542 ], [ -73.94, 40.548 ] ] ], [ [ [ -73.912, 40.566 ], [ -73.912, 40.566 ], [ -73.912, 40.566 ], [ -73.912, 40.566 ], [ -73.912, 40.566 ], [ -73.912, 40.565 ], [ -73.912, 40.566 ] ] ] ] } },
{ "type": "Feature", "properties": { "zcta5ce20": "11427", "distributed_trips": 25.1 }, "geometry": { "type": "Polygon", "coordinates": [ [ [ -73.766, 40.726 ], [ -73.765, 40.727 ], [ -73.76, 40.726 ], [ -73.758, 40.726 ], [ -73.757, 40.726 ], [ -73.757, 40.727 ], [ -73.758, 40.727 ], [ -73.761, 40.729 ], [ -73.762, 40.73 ], [ -73.766, 40.733 ], [ -73.765, 40.733 ], [ -73.761, 40.733 ], [ -73.759, 40.734 ], [ -73.751, 40.735 ], [ -73.746, 40.736 ], [ -73.746, 40.734 ], [ -73.747, 40.733 ], [ -73.747, 40.733 ], [ -73.744, 40.735 ], [ -73.742, 40.736 ], [ -73.741, 40.737 ], [ -73.74, 40.739 ], [ -73.739, 40.74 ], [ -73.733, 40.743 ], [ -73.733, 40.744 ], [ -73.732, 40.744 ], [ -73.732, 40.744 ], [ -73.732, 40.743 ], [ -73.728, 40.742 ], [ -73.727, 40.741 ], [ -73.728, 40.741 ], [ -73.726, 40.736 ], [ -73.727, 40.736 ], [ -73.727, 40.734 ], [ -73.728, 40.734 ], [ -73.728, 40.733 ], [ -73.73, 40.733 ], [ -73.731, 40.733 ], [ -73.732, 40.731 ], [ -73.733, 40.731 ], [ -73.733, 40.73 ], [ -73.731, 40.73 ], [ -73.732, 40.729 ], [ -73.733, 40.729 ], [ -73.733, 40.729 ], [ -73.734, 40.729 ], [ -73.734, 40.728 ], [ -73.736, 40.728 ], [ -73.735, 40.729 ], [ -73.736, 40.729 ], [ -73.736, 40.728 ], [ -73.737, 40.729 ], [ -73.737, 40.729 ], [ -73.737, 40.729 ], [ -73.737, 40.729 ], [ -73.738, 40.729 ], [ -73.738, 40.729 ], [ -73.738, 40.729 ], [ -73.738, 40.729 ], [ -73.739, 40.729 ], [ -73.739, 40.729 ], [ -73.739, 40.728 ], [ -73.74, 40.728 ], [ -73.739, 40.728 ], [ -73.74, 40.728 ], [ -73.741, 40.727 ], [ -73.747, 40.724 ], [ -73.75, 40.722 ], [ -73.752, 40.721 ], [ -73.758, 40.718 ], [ -73.76, 40.72 ], [ -73.759, 40.721 ], [ -73.76, 40.722 ], [ -73.761, 40.721 ], [ -73.761, 40.722 ], [ -73.762, 40.722 ], [ -73.761, 40.723 ], [ -73.761, 40.723 ], [ -73.765, 40.725 ], [ -73.766, 40.726 ], [ -73.766, 40.726 ] ] ] } },
{ "type": "Feature", "properties": { "zcta5ce20": "11428", "distributed_trips": 13.3 }, "geometry": { "type": "Polygon", "coordinates": [ [ [ -73.752, 40.721 ], [ -73.75, 40.722 ], [ -73.747, 40.724 ], [ -73.741, 40.727 ], [ -73.74, 40.728 ], [ -73.739, 40.728 ], [ -73.74, 40.728 ], [ -73.739, 40.728 ], [ -73.739, 40.729 ], [ -73.739, 40.729 ], [ -73.738, 40.729 ], [ -73.738, 40.729 ], [ -73.738, 40.729 ], [ -73.738, 40.729 ], [ -73.737, 40.729 ], [ -73.737, 40.729 ], [ -73.737, 40.729 ], [ -73.737, 40.729 ], [ -73.736, 40.728 ], [ -73.736, 40.729 ], [ -73.735, 40.729 ], [ -73.736, 40.728 ], [ -73.734, 40.728 ], [ -73.734, 40.729 ], [ -73.733, 40.729 ], [ -73.733, 40.729 ], [ -73.732, 40.729 ], [ -73.732, 40.728 ], [ -73.732, 40.728 ], [ -73.731, 40.727 ], [ -73.732, 40.727 ], [ -73.732, 40.727 ], [ -73.731, 40.727 ], [ -73.73, 40.724 ], [ -73.73, 40.723 ], [ -73.73, 40.722 ], [ -73.73, 40.721 ], [ -73.732, 40.72 ], [ -73.732, 40.72 ], [ -73.733, 40.72 ], [ -73.733, 40.72 ], [ -73.735, 40.718 ], [ -73.735, 40.717 ], [ -73.737, 40.717 ], [ -73.737, 40.717 ], [ -73.754, 40.713 ], [ -73.754, 40.714 ], [ -73.755, 40.714 ], [ -73.755, 40.715 ], [ -73.757, 40.717 ], [ -73.758, 40.718 ], [ -73.752, 40.721 ] ] ] } },
{ "type": "Feature", "properties": { "zcta5ce20": "11429", "distributed_trips": 21.1 }, "geometry": { "type": "Polygon", "coordinates": [ [ [ -73.754, 40.713 ], [ -73.737, 40.717 ], [ -73.737, 40.717 ], [ -73.735, 40.717 ], [ -73.735, 40.718 ], [ -73.733, 40.72 ], [ -73.733, 40.72 ], [ -73.732, 40.72 ], [ -73.732, 40.72 ], [ -73.73, 40.721 ], [ -73.729, 40.718 ], [ -73.727, 40.712 ], [ -73.727, 40.71 ], [ -73.727, 40.709 ], [ -73.727, 40.705 ], [ -73.727, 40.703 ], [ -73.727, 40.702 ], [ -73.727, 40.699 ], [ -73.727, 40.697 ], [ -73.728, 40.697 ], [ -73.728, 40.702 ], [ -73.73, 40.702 ], [ -73.73, 40.702 ], [ -73.731, 40.702 ], [ -73.731, 40.702 ], [ -73.74, 40.702 ], [ -73.74, 40.702 ], [ -73.741, 40.702 ], [ -73.741, 40.702 ], [ -73.742, 40.702 ], [ -73.742, 40.703 ], [ -73.743, 40.703 ], [ -73.742, 40.703 ], [ -73.743, 40.703 ], [ -73.743, 40.703 ], [ -73.744, 40.703 ], [ -73.749, 40.702 ], [ -73.75, 40.704 ], [ -73.75, 40.703 ], [ -73.75, 40.704 ], [ -73.751, 40.706 ], [ -73.751, 40.706 ], [ -73.751, 40.707 ], [ -73.751, 40.708 ], [ -73.752, 40.708 ], [ -73.753, 40.71 ], [ -73.752, 40.71 ], [ -73.753, 40.71 ], [ -73.753, 40.71 ], [ -73.754, 40.712 ], [ -73.753, 40.712 ], [ -73.754, 40.713 ] ] ] } },
{ "type": "Feature", "properties": { "zcta5ce20": "11432", "distributed_trips": 48.8 }, "geometry": { "type": "Polygon", "coordinates": [ [ [ -73.812, 40.718 ], [ -73.809, 40.718 ], [ -73.809, 40.72 ], [ -73.803, 40.722 ], [ -73.799, 40.724 ], [ -73.797, 40.721 ], [ -73.799, 40.72 ], [ -73.798, 40.717 ], [ -73.796, 40.718 ], [ -73.795, 40.719 ], [ -73.796, 40.719 ], [ -73.795, 40.719 ], [ -73.795, 40.719 ], [ -73.795, 40.72 ], [ -73.794, 40.72 ], [ -73.793, 40.72 ], [ -73.79, 40.721 ], [ -73.79, 40.724 ], [ -73.791, 40.725 ], [ -73.792, 40.726 ], [ -73.791, 40.726 ], [ -73.784, 40.728 ], [ -73.783, 40.728 ], [ -73.781, 40.728 ], [ -73.78, 40.726 ], [ -73.778, 40.723 ], [ -73.777, 40.722 ], [ -73.776, 40.721 ], [ -73.777, 40.721 ], [ -73.777, 40.72 ], [ -73.776, 40.719 ], [ -73.776, 40.719 ], [ -73.776, 40.719 ], [ -73.776, 40.718 ], [ -73.775, 40.718 ], [ -73.774, 40.715 ], [ -73.774, 40.715 ], [ -73.774, 40.715 ], [ -73.775, 40.714 ], [ -73.775, 40.715 ], [ -73.776, 40.715 ], [ -73.776, 40.714 ], [ -73.777, 40.714 ], [ -73.777, 40.714 ], [ -73.777, 40.714 ], [ -73.777, 40.714 ], [ -73.778, 40.714 ], [ -73.778, 40.714 ], [ -73.779, 40.714 ], [ -73.779, 40.713 ], [ -73.779, 40.713 ], [ -73.779, 40.714 ], [ -73.78, 40.713 ], [ -73.78, 40.714 ], [ -73.78, 40.714 ], [ -73.782, 40.713 ], [ -73.782, 40.713 ], [ -73.782, 40.713 ], [ -73.781, 40.711 ], [ -73.781, 40.711 ], [ -73.78, 40.709 ], [ -73.78, 40.709 ], [ -73.78, 40.709 ], [ -73.78, 40.709 ], [ -73.781, 40.708 ], [ -73.782, 40.708 ], [ -73.782, 40.708 ], [ -73.782, 40.708 ], [ -73.782, 40.708 ], [ -73.783, 40.708 ], [ -73.783, 40.708 ], [ -73.783, 40.708 ], [ -73.783, 40.707 ], [ -73.783, 40.707 ], [ -73.784, 40.708 ], [ -73.787, 40.708 ], [ -73.789, 40.708 ], [ -73.79, 40.707 ], [ -73.789, 40.707 ], [ -73.79, 40.707 ], [ -73.79, 40.706 ], [ -73.791, 40.706 ], [ -73.791, 40.706 ], [ -73.792, 40.706 ], [ -73.792, 40.705 ], [ -73.793, 40.704 ], [ -73.794, 40.706 ], [ -73.795, 40.706 ], [ -73.795, 40.705 ], [ -73.795, 40.705 ], [ -73.795, 40.705 ], [ -73.796, 40.704 ], [ -73.796, 40.704 ], [ -73.796, 40.704 ], [ -73.796, 40.704 ], [ -73.797, 40.704 ], [ -73.796, 40.703 ], [ -73.798, 40.703 ], [ -73.8, 40.703 ], [ -73.803, 40.702 ], [ -73.804, 40.702 ], [ -73.807, 40.707 ], [ -73.808, 40.709 ], [ -73.808, 40.71 ], [ -73.808, 40.71 ], [ -73.809, 40.711 ], [ -73.809, 40.711 ], [ -73.809, 40.712 ], [ -73.809, 40.712 ], [ -73.81, 40.714 ], [ -73.81, 40.716 ], [ -73.808, 40.716 ], [ -73.808, 40.716 ], [ -73.81, 40.716 ], [ -73.81, 40.716 ], [ -73.811, 40.717 ], [ -73.811, 40.717 ], [ -73.812, 40.717 ], [ -73.812, 40.718 ] ] ] } },
{ "type": "Feature", "properties": { "zcta5ce20": "11433", "distributed_trips": 30.8 }, "geometry": { "type": "Polygon", "coordinates": [ [ [ -73.804, 40.702 ], [ -73.803, 40.702 ], [ -73.8, 40.703 ], [ -73.798, 40.703 ], [ -73.797, 40.7 ], [ -73.799, 40.7 ], [ -73.799, 40.699 ], [ -73.797, 40.698 ], [ -73.796, 40.699 ], [ -73.794, 40.7 ], [ -73.795, 40.701 ], [ -73.792, 40.702 ], [ -73.793, 40.702 ], [ -73.794, 40.704 ], [ -73.794, 40.704 ], [ -73.796, 40.703 ], [ -73.797, 40.704 ], [ -73.796, 40.704 ], [ -73.796, 40.704 ], [ -73.796, 40.704 ], [ -73.796, 40.704 ], [ -73.795, 40.705 ], [ -73.795, 40.705 ], [ -73.795, 40.705 ], [ -73.795, 40.706 ], [ -73.794, 40.706 ], [ -73.793, 40.704 ], [ -73.792, 40.705 ], [ -73.792, 40.706 ], [ -73.791, 40.706 ], [ -73.791, 40.706 ], [ -73.79, 40.706 ], [ -73.79, 40.707 ], [ -73.789, 40.707 ], [ -73.79, 40.707 ], [ -73.789, 40.708 ], [ -73.787, 40.708 ], [ -73.784, 40.708 ], [ -73.783, 40.707 ], [ -73.783, 40.707 ], [ -73.783, 40.708 ], [ -73.783, 40.708 ], [ -73.783, 40.708 ], [ -73.782, 40.708 ], [ -73.782, 40.708 ], [ -73.782, 40.708 ], [ -73.782, 40.708 ], [ -73.781, 40.708 ], [ -73.78, 40.709 ], [ -73.779, 40.708 ], [ -73.779, 40.708 ], [ -73.779, 40.707 ], [ -73.778, 40.708 ], [ -73.777, 40.708 ], [ -73.776, 40.705 ], [ -73.776, 40.705 ], [ -73.776, 40.705 ], [ -73.775, 40.704 ], [ -73.773, 40.7 ], [ -73.773, 40.7 ], [ -73.772, 40.699 ], [ -73.77, 40.696 ], [ -73.771, 40.696 ], [ -73.777, 40.693 ], [ -73.777, 40.692 ], [ -73.778, 40.694 ], [ -73.779, 40.694 ], [ -73.779, 40.694 ], [ -73.78, 40.693 ], [ -73.782, 40.692 ], [ -73.781, 40.691 ], [ -73.782, 40.69 ], [ -73.783, 40.691 ], [ -73.784, 40.691 ], [ -73.783, 40.69 ], [ -73.784, 40.69 ], [ -73.788, 40.688 ], [ -73.789, 40.688 ], [ -73.79, 40.688 ], [ -73.79, 40.688 ], [ -73.791, 40.688 ], [ -73.791, 40.688 ], [ -73.791, 40.688 ], [ -73.794, 40.687 ], [ -73.794, 40.687 ], [ -73.794, 40.687 ], [ -73.795, 40.688 ], [ -73.794, 40.688 ], [ -73.795, 40.688 ], [ -73.795, 40.688 ], [ -73.796, 40.689 ], [ -73.795, 40.689 ], [ -73.796, 40.69 ], [ -73.796, 40.689 ], [ -73.797, 40.69 ], [ -73.797, 40.691 ], [ -73.797, 40.691 ], [ -73.798, 40.691 ], [ -73.799, 40.692 ], [ -73.8, 40.693 ], [ -73.799, 40.694 ], [ -73.8, 40.694 ], [ -73.8, 40.694 ], [ -73.8, 40.694 ], [ -73.801, 40.695 ], [ -73.8, 40.695 ], [ -73.801, 40.695 ], [ -73.801, 40.695 ], [ -73.801, 40.695 ], [ -73.801, 40.695 ], [ -73.801, 40.695 ], [ -73.801, 40.695 ], [ -73.801, 40.695 ], [ -73.801, 40.695 ], [ -73.802, 40.698 ], [ -73.803, 40.699 ], [ -73.802, 40.701 ], [ -73.803, 40.701 ], [ -73.803, 40.7 ], [ -73.804, 40.701 ], [ -73.804, 40.702 ] ] ] } },
{ "type": "Feature", "properties": { "zcta5ce20": "11439", "distributed_trips": 2.4 }, "geometry": { "type": "Polygon", "coordinates": [ [ [ -73.799, 40.72 ], [ -73.797, 40.721 ], [ -73.799, 40.724 ], [ -73.792, 40.726 ], [ -73.791, 40.725 ], [ -73.79, 40.724 ], [ -73.79, 40.721 ], [ -73.793, 40.72 ], [ -73.794, 40.72 ], [ -73.795, 40.72 ], [ -73.795, 40.719 ], [ -73.795, 40.719 ], [ -73.796, 40.719 ], [ -73.795, 40.719 ], [ -73.796, 40.718 ], [ -73.798, 40.717 ], [ -73.799, 40.72 ] ] ] } }
]
}
