{
"type": "FeatureCollection",
"name": "ZIP_MINUS_CITIBIKE",
"crs": { "type": "name", "properties": { "name": "urn:ogc:def:crs:EPSG::2263" } },
"xy_coordinate_resolution": 0.0001,
"features": [
{ "type": "Feature", "properties": { "ZCTA5CE20": "11229", "GEOID20": "11229", "CLASSFP20": "B5", "MTFCC20": "G6350", "FUNCSTAT20": "S", "ALAND20": 5199254, "AWATER20": 143662, "INTPTLAT20": "+40.6012928", "INTPTLON20": "-073.9444926" }, "geometry": { "type": "MultiPolygon", "coordinates": [ [ [ [ 994695.3886, 161512.9807 ], [ 994716.2115, 161515.9042 ], [ 994974.9692, 161554.2712 ], [ 995232.8935, 161591.9119 ], [ 995489.4292, 161628.4617 ], [ 995746.7969, 161665.3789 ], [ 995848.4115, 161679.2715 ], [ 995890.8895, 161685.4854 ], [ 996003.3309, 161702.2984 ], [ 996270.969, 161741.7765 ], [ 996538.6071, 161779.4358 ], [ 996800.9686, 161817.824 ], [ 997133.2926, 161865.3602 ], [ 997124.0966, 161928.748 ], [ 997113.2281, 162004.5221 ], [ 997272.0275, 162034.8457 ], [ 997396.4075, 162047.664 ], [ 997404.2124, 161990.8334 ], [ 997417.035, 161897.2085 ], [ 997679.12, 161928.6838 ], [ 997936.4759, 161975.0967 ], [ 997916.4063, 162115.351 ], [ 997906.3721, 162184.5673 ], [ 997875.7129, 162395.1306 ], [ 998002.5856, 162414.8756 ], [ 997996.7242, 162469.5212 ], [ 998125.2635, 162487.0819 ], [ 998091.5361, 162719.8671 ], [ 998146.502, 162732.2855 ], [ 998185.6237, 162777.12 ], [ 998351.6364, 162805.6331 ], [ 998367.5256, 162695.9802 ], [ 998376.7248, 162632.2284 ], [ 998594.2832, 162824.3557 ], [ 998616.4823, 162844.771 ], [ 998837.6384, 163050.0183 ], [ 998817.8342, 163203.3878 ], [ 998801.9362, 163325.0632 ], [ 999071.2279, 163347.8141 ], [ 999050.0381, 163494.989 ], [ 999177.7354, 163517.2909 ], [ 999164.9109, 163604.357 ], [ 999293.4421, 163624.1098 ], [ 999315.19, 163474.3852 ], [ 999567.6791, 163723.3777 ], [ 999638.2058, 163270.9291 ], [ 999676.9647, 163006.8171 ], [ 999802.4438, 163027.6636 ], [ 999816.6612, 162937.3198 ], [ 1000012.5385, 162718.4859 ], [ 1000081.3552, 162777.5515 ], [ 1000146.651, 162700.7212 ], [ 1000166.9343, 162677.0533 ], [ 1000054.2787, 162573.8755 ], [ 1000376.0426, 162192.2729 ], [ 1000501.7557, 162283.8025 ], [ 1000586.5047, 162184.3982 ], [ 1000625.4063, 162138.5193 ], [ 1000655.9721, 162102.1073 ], [ 1000544.9835, 161996.3781 ], [ 1000907.3306, 161570.362 ], [ 1000951.1698, 161614.4756 ], [ 1001020.919, 161530.3642 ], [ 1001090.5692, 161589.7975 ], [ 1001131.9736, 161541.0065 ], [ 1001178.9361, 161485.2973 ], [ 1001062.6634, 161391.2205 ], [ 1001386.9628, 161002.3466 ], [ 1001504.8992, 161100.4337 ], [ 1001527.4083, 161074.2182 ], [ 1001593.547, 160996.2995 ], [ 1001382.6516, 160815.8087 ], [ 1001184.2396, 160647.3511 ], [ 1000986.1039, 160477.0737 ], [ 1001362.0987, 160034.6793 ], [ 1001489.1033, 159881.7521 ], [ 1001995.4569, 159290.0867 ], [ 1002504.3392, 158691.876 ], [ 1002701.9263, 158858.5219 ], [ 1003206.9422, 158266.8808 ], [ 1003710.5942, 157675.2492 ], [ 1004208.449, 157071.2363 ], [ 1004025.2978, 156905.3185 ], [ 1003809.3885, 156721.8882 ], [ 1004059.5644, 156430.9945 ], [ 1004356.7289, 156081.4857 ], [ 1004653.3456, 155733.0731 ], [ 1004948.3037, 155385.3914 ], [ 1005245.2173, 155034.4361 ], [ 1005342.2436, 154920.4861 ], [ 1005458.1763, 154783.9648 ], [ 1005546.3082, 154680.2091 ], [ 1005827.9441, 154351.107 ], [ 1006202.7322, 153909.5156 ], [ 1006546.1135, 153506.1554 ], [ 1007028.2217, 152977.2373 ], [ 1007054.6396, 152943.7441 ], [ 1007106.6386, 152880.7646 ], [ 1007121.4041, 152833.4162 ], [ 1007061.4652, 152773.6106 ], [ 1007119.6427, 152638.8648 ], [ 1007068.8474, 152602.3846 ], [ 1007030.8124, 152583.404 ], [ 1006981.9544, 152554.2123 ], [ 1006950.8598, 152538.8816 ], [ 1006939.7244, 152565.8313 ], [ 1006907.2512, 152539.5696 ], [ 1006815.6236, 152504.5093 ], [ 1006788.9919, 152468.7807 ], [ 1006750.9717, 152433.406 ], [ 1006691.2919, 152391.8178 ], [ 1006604.6417, 152380.0796 ], [ 1006549.9618, 152337.7677 ], [ 1006486.3994, 152288.8899 ], [ 1006401.6805, 152290.9986 ], [ 1006282.2266, 152309.4707 ], [ 1006200.8833, 152264.5852 ], [ 1006151.4193, 152289.6791 ], [ 1006093.9219, 152290.7204 ], [ 1006010.5931, 152291.3743 ], [ 1005900.0383, 152298.1979 ], [ 1005752.2691, 152298.7955 ], [ 1005733.9462, 152288.2139 ], [ 1005628.0804, 152332.5683 ], [ 1005592.8049, 152332.5373 ], [ 1005512.5164, 152350.6833 ], [ 1005470.0306, 152337.5305 ], [ 1005415.3242, 152323.2742 ], [ 1005338.4087, 152295.5187 ], [ 1005270.9142, 152294.003 ], [ 1005211.7565, 152287.7584 ], [ 1005159.8144, 152288.8067 ], [ 1005065.3512, 152317.5074 ], [ 1004979.257, 152303.9538 ], [ 1004936.4404, 152352.737 ], [ 1004882.2532, 152381.1083 ], [ 1004860.2997, 152393.4768 ], [ 1004818.6142, 152418.9443 ], [ 1004938.524, 152515.5921 ], [ 1004742.6452, 152586.1055 ], [ 1004576.2625, 152925.8814 ], [ 1004269.5697, 153327.8422 ], [ 1004256.6944, 153785.7885 ], [ 1003753.1074, 153833.1062 ], [ 1003487.9275, 154102.4959 ], [ 1003426.2429, 154488.2678 ], [ 1003446.5961, 154740.7613 ], [ 1003602.8778, 154843.6249 ], [ 1003584.2504, 154868.0199 ], [ 1003595.2632, 154989.349 ], [ 1003573.58, 155014.8346 ], [ 1003573.834, 155044.7095 ], [ 1003561.8679, 155074.5747 ], [ 1003567.9398, 155122.6704 ], [ 1003550.1412, 155152.8953 ], [ 1003556.5006, 155188.6043 ], [ 1003538.429, 155212.9998 ], [ 1003538.4197, 155224.6582 ], [ 1003562.2996, 155230.5063 ], [ 1003684.5641, 155149.7234 ], [ 1003597.5394, 155270.2458 ], [ 1003615.5724, 155294.3056 ], [ 1003615.8406, 155306.3286 ], [ 1003627.7637, 155330.3835 ], [ 1003633.869, 155336.2176 ], [ 1003752.2257, 155279.4774 ], [ 1003669.3751, 155389.8018 ], [ 1003686.5673, 155423.3335 ], [ 1003693.7622, 155455.7642 ], [ 1003717.891, 155497.3166 ], [ 1003723.1444, 155526.4668 ], [ 1003723.1298, 155544.6831 ], [ 1003720.616, 155562.533 ], [ 1003729.2115, 155580.0275 ], [ 1003729.2015, 155592.4146 ], [ 1003705.3078, 155604.4182 ], [ 1003687.5242, 155616.0624 ], [ 1003687.5, 155646.3014 ], [ 1003693.3226, 155658.3288 ], [ 1003681.6391, 155682.365 ], [ 1003681.8691, 155742.1145 ], [ 1003663.7884, 155778.1683 ], [ 1003640.1482, 155820.7756 ], [ 1003622.0871, 155832.4196 ], [ 1003598.1982, 155838.5941 ], [ 1003580.4001, 155868.819 ], [ 1003465.3905, 155911.3539 ], [ 1003429.5648, 155911.3257 ], [ 1003358.1595, 155951.3453 ], [ 1003348.7345, 155929.114 ], [ 1003319.0091, 155941.1135 ], [ 1003287.6321, 155934.531 ], [ 1003257.643, 155928.6784 ], [ 1003239.0549, 155904.254 ], [ 1003165.1317, 155968.3177 ], [ 1003015.0274, 156144.8994 ], [ 1002841.5524, 156016.8879 ], [ 1002854.1188, 155926.5448 ], [ 1002577.8191, 155885.5306 ], [ 1002315.9562, 155849.6308 ], [ 1002296.4204, 155978.2233 ], [ 1002285.8153, 156048.1659 ], [ 1002094.7721, 156011.9568 ], [ 1002048.1991, 156277.1517 ], [ 1001657.7788, 156211.2906 ], [ 1001673.6984, 156085.974 ], [ 1001687.3987, 155957.3769 ], [ 1001501.9038, 155927.3699 ], [ 1001509.1587, 155879.2841 ], [ 1001247.0174, 155841.9383 ], [ 1001233.3478, 155929.7312 ], [ 1000983.9806, 155894.2189 ], [ 1000994.0452, 155797.3152 ], [ 1000724.9656, 155750.4978 ], [ 1000728.593, 155725.3618 ], [ 1000743.6599, 155622.2679 ], [ 1000460.4114, 155579.4514 ], [ 1000202.9869, 155541.7557 ], [ 999945.8388, 155504.7916 ], [ 999928.8213, 155623.1864 ], [ 999926.0319, 155642.1295 ], [ 999669.1626, 155604.4399 ], [ 999689.2456, 155467.4662 ], [ 999420.9879, 155429.0433 ], [ 999153.5627, 155390.2595 ], [ 998896.1339, 155352.9419 ], [ 998638.9828, 155314.5343 ], [ 998381.8295, 155278.3154 ], [ 998094.1286, 155236.6169 ], [ 997761.7163, 155188.339 ], [ 997497.619, 155148.8466 ], [ 997231.0199, 155111.906 ], [ 996963.5876, 155073.5106 ], [ 996848.6192, 155051.5913 ], [ 996706.7074, 155036.5809 ], [ 996448.7164, 154997.8317 ], [ 996191.5565, 154961.6359 ], [ 996185.9828, 155000.616 ], [ 996165.9178, 155140.5071 ], [ 996038.7251, 155126.6007 ], [ 996028.1414, 155188.5309 ], [ 995905.9489, 155172.8061 ], [ 995956.2761, 155051.1456 ], [ 996004.6571, 154934.9491 ], [ 995637.5224, 154881.9473 ], [ 995619.9688, 155002.8951 ], [ 995599.3509, 155144.2437 ], [ 995581.7975, 155265.5559 ], [ 995453.7742, 155246.916 ], [ 995434.276, 155371.5063 ], [ 995563.6874, 155390.1468 ], [ 995552.2631, 155471.0217 ], [ 995546.1333, 155513.6449 ], [ 995444.4937, 155497.932 ], [ 995423.5995, 155639.2806 ], [ 995454.9799, 155644.0313 ], [ 995526.0719, 155654.6296 ], [ 995511.5467, 155835.3283 ], [ 995506.5199, 155895.4396 ], [ 995491.7499, 156005.4591 ], [ 995478.3741, 156103.8208 ], [ 995335.0814, 156083.3529 ], [ 995309.7968, 156110.6658 ], [ 995274.6897, 156363.8561 ], [ 995324.1199, 156370.072 ], [ 995304.6166, 156509.5998 ], [ 995283.5118, 156506.6757 ], [ 995265.6814, 156631.9956 ], [ 995234.0229, 156630.8883 ], [ 995176.296, 157166.7852 ], [ 995324.8591, 157186.5259 ], [ 995321.517, 157207.6553 ], [ 995308.1456, 157299.0949 ], [ 995304.7877, 157355.1996 ], [ 995261.705, 158054.3209 ], [ 995256.9502, 158129.3699 ], [ 995253.3106, 158194.9468 ], [ 995250.2317, 158248.5013 ], [ 995122.4999, 158233.5065 ], [ 995085.0081, 158864.1376 ], [ 995213.0172, 158872.9388 ], [ 995211.8981, 158891.5189 ], [ 995204.6246, 159010.6502 ], [ 995081.6186, 158992.7431 ], [ 995024.592, 159848.5191 ], [ 994876.0457, 159826.9585 ], [ 994832.9703, 160547.5763 ], [ 994810.6768, 160732.2799 ], [ 994800.372, 160804.412 ], [ 994948.0768, 160831.8009 ], [ 994858.6781, 161448.2013 ], [ 994709.0333, 161420.8121 ], [ 994695.3886, 161512.9807 ] ] ] ] } },
{ "type": "Feature", "properties": { "ZCTA5CE20": "11363", "GEOID20": "11363", "CLASSFP20": "B5", "MTFCC20": "G6350", "FUNCSTAT20": "S", "ALAND20": 2239195, "AWATER20": 34217, "INTPTLAT20": "+40.7723479", "INTPTLON20": "-073.7462919" }, "geometry": { "type": "MultiPolygon", "coordinates": [ [ [ [ 1051952.1158, 220460.0636 ], [ 1051971.1574, 220485.2558 ], [ 1051992.4311, 220504.6249 ], [ 1052039.7888, 220506.9432 ], [ 1052087.6496, 220527.4797 ], [ 1052078.943, 220570.4469 ], [ 1052088.0783, 220572.2941 ], [ 1052094.2911, 220529.6843 ], [ 1052107.5668, 220536.6438 ], [ 1052150.7147, 220558.6246 ], [ 1052191.9105, 220585.3364 ], [ 1052281.7556, 220647.525 ], [ 1052305.2079, 220680.0166 ], [ 1052332.0013, 220706.3239 ], [ 1052377.8408, 220756.0021 ], [ 1052393.8595, 220772.4422 ], [ 1052407.3946, 220785.5962 ], [ 1052420.6528, 220798.7495 ], [ 1052439.7141, 220816.6555 ], [ 1052463.7436, 220840.7691 ], [ 1052486.3922, 220863.4216 ], [ 1052505.7161, 220886.429 ], [ 1052523.3658, 220913.8038 ], [ 1052538.2272, 220947.7288 ], [ 1052549.7617, 220982.7374 ], [ 1052555.7413, 221023.1954 ], [ 1052561.4163, 221073.4896 ], [ 1052554.4263, 221096.7874 ], [ 1052530.3829, 221176.1447 ], [ 1052506.9377, 221239.8373 ], [ 1052490.1584, 221296.9907 ], [ 1052485.1268, 221313.3716 ], [ 1052473.9393, 221351.9597 ], [ 1052453.6353, 221382.1424 ], [ 1052438.3097, 221414.8895 ], [ 1052430.4747, 221443.2856 ], [ 1052408.8218, 221460.7128 ], [ 1052397.1542, 221473.0674 ], [ 1052390.4138, 221506.203 ], [ 1052383.1389, 221532.4147 ], [ 1052378.9414, 221547.7049 ], [ 1052355.7494, 221620.1425 ], [ 1052350.8292, 221695.546 ], [ 1052344.3281, 221742.1626 ], [ 1052331.5007, 221773.0951 ], [ 1052308.1802, 221792.7038 ], [ 1052317.2353, 221822.969 ], [ 1052291.598, 221878.6403 ], [ 1052266.8163, 221925.5701 ], [ 1052249.8397, 221954.6693 ], [ 1052232.3347, 221974.6586 ], [ 1052222.8822, 221987.3839 ], [ 1052200.6056, 222029.9487 ], [ 1052187.015, 222036.833 ], [ 1052175.0821, 222045.1793 ], [ 1052161.4894, 222052.7923 ], [ 1052161.4496, 222067.0012 ], [ 1052156.1333, 222086.2961 ], [ 1052151.0766, 222111.7854 ], [ 1052146.5942, 222129.9896 ], [ 1052145.7347, 222140.1886 ], [ 1052137.3749, 222158.3819 ], [ 1052125.4063, 222179.4799 ], [ 1052102.9051, 222203.4631 ], [ 1052079.0212, 222226.7137 ], [ 1052067.9121, 222237.6127 ], [ 1052057.8906, 222255.8015 ], [ 1052054.2483, 222270.729 ], [ 1052056.6941, 222287.4953 ], [ 1052076.0366, 222303.5801 ], [ 1052087.3788, 222308.3481 ], [ 1052099.2504, 222321.8617 ], [ 1052112.4834, 222343.7588 ], [ 1052122.3857, 222368.197 ], [ 1052134.2287, 222391.9119 ], [ 1052144.6859, 222415.9873 ], [ 1052145.1899, 222433.8411 ], [ 1052137.9471, 222448.7586 ], [ 1052124.8954, 222461.1095 ], [ 1052110.1921, 222469.8124 ], [ 1052115.6844, 222486.5872 ], [ 1052127.002, 222500.0992 ], [ 1052133.8964, 222510.6842 ], [ 1052135.2465, 222523.0754 ], [ 1052150.1968, 222624.0381 ], [ 1052155.864, 222677.2468 ], [ 1051988.8356, 222685.1596 ], [ 1051987.2268, 222666.2097 ], [ 1051961.1928, 222666.137 ], [ 1051961.3477, 222709.8577 ], [ 1051988.2156, 222708.8397 ], [ 1051987.7095, 222691.7145 ], [ 1052156.6714, 222685.6288 ], [ 1052163.8601, 222690.021 ], [ 1052184.8843, 222698.8239 ], [ 1052203.9556, 222712.722 ], [ 1052226.8745, 222737.1967 ], [ 1052246.9627, 222783.5235 ], [ 1052226.9433, 222811.5212 ], [ 1052245.9817, 222837.078 ], [ 1052258.6461, 222864.0743 ], [ 1052277.615, 222914.4058 ], [ 1052297.1326, 222966.5604 ], [ 1052302.5153, 223022.3188 ], [ 1052311.8152, 223063.8791 ], [ 1052346.4054, 223172.9124 ], [ 1052349.1207, 223192.2298 ], [ 1052343.7032, 223247.5936 ], [ 1052343.7685, 223323.0111 ], [ 1052372.3462, 223403.2451 ], [ 1052408.9848, 223472.9361 ], [ 1052509.0669, 223633.1606 ], [ 1052652.9834, 223863.8259 ], [ 1052655.3183, 224017.9463 ], [ 1052724.3182, 224101.5738 ], [ 1052803.8064, 224197.6185 ], [ 1052834.6876, 224245.7981 ], [ 1052868.6038, 224297.9939 ], [ 1052926.8831, 224352.8092 ], [ 1052973.5534, 224399.5763 ], [ 1053028.8758, 224422.6862 ], [ 1053089.9952, 224452.3707 ], [ 1053170.1784, 224497.776 ], [ 1053234.4131, 224503.0593 ], [ 1053270.3868, 224512.9986 ], [ 1053390.99, 224465.6141 ], [ 1053402.6567, 224453.26 ], [ 1053577.791, 224318.2271 ], [ 1053669.387, 224246.3506 ], [ 1054298.3637, 223751.9338 ], [ 1054372.7618, 223690.9404 ], [ 1054492.6743, 223597.2887 ], [ 1054751.448, 223371.0585 ], [ 1055091.8301, 223083.4964 ], [ 1055120.4232, 223060.6268 ], [ 1055310.8588, 222908.8917 ], [ 1055834.391, 222504.9257 ], [ 1056049.4827, 222353.9978 ], [ 1056158.9346, 222243.1997 ], [ 1056238.3413, 222177.4905 ], [ 1056371.9824, 222129.0665 ], [ 1056433.5344, 222107.0251 ], [ 1056445.7793, 222087.3875 ], [ 1056420.6385, 222066.1812 ], [ 1056402.6922, 222047.1824 ], [ 1056388.883, 222034.0253 ], [ 1056419.3458, 222035.2089 ], [ 1056451.8298, 222008.7091 ], [ 1056486.8119, 221980.395 ], [ 1056528.1795, 221946.9994 ], [ 1056605.0847, 221884.9273 ], [ 1056688.6538, 221817.4103 ], [ 1056790.826, 221734.6472 ], [ 1056868.8436, 221671.4863 ], [ 1056890.2018, 221660.9845 ], [ 1056904.3512, 221653.0115 ], [ 1056921.2747, 221643.5895 ], [ 1057087.0527, 221501.6315 ], [ 1057114.2833, 221472.5665 ], [ 1057147.3184, 221447.5266 ], [ 1057274.2143, 221341.5223 ], [ 1057289.484, 221329.5452 ], [ 1057434.9691, 221213.3964 ], [ 1057502.9927, 221158.9514 ], [ 1057587.3966, 221091.8044 ], [ 1057739.2694, 220970.9403 ], [ 1057876.1538, 220860.9618 ], [ 1057936.959, 220812.6898 ], [ 1057928.6873, 220800.2773 ], [ 1057922.0697, 220790.4202 ], [ 1057815.6443, 220629.0611 ], [ 1057704.8078, 220460.4025 ], [ 1057682.4748, 220426.4518 ], [ 1057560.9494, 220494.5793 ], [ 1057358.336, 220172.6244 ], [ 1057514.8581, 220164.7169 ], [ 1057386.1373, 219954.8359 ], [ 1057294.3511, 219804.8178 ], [ 1057237.2893, 219713.198 ], [ 1057113.2244, 219519.3633 ], [ 1057078.9986, 219478.8194 ], [ 1056950.6257, 219335.2508 ], [ 1056775.0405, 219139.4419 ], [ 1056617.1337, 218959.3534 ], [ 1056515.5386, 218844.6495 ], [ 1056470.2558, 218795.6938 ], [ 1056371.1524, 218680.9979 ], [ 1056256.2707, 218562.248 ], [ 1056145.9901, 218479.5813 ], [ 1056027.1087, 218401.2618 ], [ 1055923.1041, 218350.3118 ], [ 1055678.4193, 218285.4674 ], [ 1055431.6754, 218261.0606 ], [ 1055086.0851, 218220.7011 ], [ 1054681.2922, 218057.7583 ], [ 1054567.5932, 218004.9643 ], [ 1054368.6871, 217912.9408 ], [ 1054316.9481, 217891.2956 ], [ 1053844.2093, 217751.4881 ], [ 1053300.9581, 218635.9976 ], [ 1052560.3285, 218213.0949 ], [ 1052548.6337, 218234.5577 ], [ 1052541.1247, 218245.1023 ], [ 1052526.667, 218264.007 ], [ 1052512.2278, 218276.3537 ], [ 1052508.8935, 218279.9877 ], [ 1052501.3866, 218289.8036 ], [ 1052495.8188, 218299.625 ], [ 1052490.5301, 218308.7185 ], [ 1052485.2464, 218315.9903 ], [ 1052474.9716, 218325.0698 ], [ 1052470.795, 218332.7091 ], [ 1052466.6122, 218342.5343 ], [ 1052464.349, 218359.2874 ], [ 1052461.537, 218374.2172 ], [ 1052449.5858, 218388.3926 ], [ 1052442.0759, 218399.3016 ], [ 1052431.7899, 218412.3887 ], [ 1052422.6261, 218420.3783 ], [ 1052409.2797, 218438.1932 ], [ 1052405.1124, 218442.5535 ], [ 1052392.3353, 218454.905 ], [ 1052387.8879, 218460.3575 ], [ 1052380.3689, 218474.5455 ], [ 1052369.2099, 218502.5679 ], [ 1052364.4354, 218525.8719 ], [ 1052356.6159, 218548.4387 ], [ 1052346.0478, 218563.3467 ], [ 1052330.2167, 218578.24 ], [ 1052314.958, 218586.5769 ], [ 1052304.4022, 218597.113 ], [ 1052288.8164, 218623.3014 ], [ 1052272.367, 218661.1461 ], [ 1052252.0121, 218708.8168 ], [ 1052242.5327, 218730.6503 ], [ 1052228.3199, 218761.2146 ], [ 1052215.7875, 218785.2256 ], [ 1052199.653, 218809.5908 ], [ 1052167.9801, 218843.3853 ], [ 1052149.9016, 218869.5667 ], [ 1052137.9029, 218900.8659 ], [ 1052122.5599, 218939.4425 ], [ 1052116.3895, 218966.7503 ], [ 1052094.9546, 219004.5812 ], [ 1052093.7132, 219052.3055 ], [ 1052115.6855, 219119.4045 ], [ 1052126.6197, 219171.535 ], [ 1052140.9664, 219191.9778 ], [ 1052147.0135, 219208.7542 ], [ 1052152.1877, 219240.4657 ], [ 1052155.4423, 219265.2496 ], [ 1052161.7408, 219291.135 ], [ 1052154.212, 219308.9663 ], [ 1052155.2741, 219325.3644 ], [ 1052167.9853, 219336.33 ], [ 1052176.2298, 219359.6705 ], [ 1052178.1423, 219369.1485 ], [ 1052185.8461, 219387.7512 ], [ 1052196.3342, 219401.2609 ], [ 1052219.8481, 219412.2568 ], [ 1052250.8673, 219413.801 ], [ 1052269.3902, 219426.6047 ], [ 1052279.5981, 219441.2067 ], [ 1052281.2315, 219451.4126 ], [ 1052268.1872, 219460.4844 ], [ 1052255.9995, 219460.4503 ], [ 1052223.5994, 219457.4448 ], [ 1052205.0429, 219456.6642 ], [ 1052196.7229, 219460.2842 ], [ 1052192.8327, 219464.6453 ], [ 1052193.0628, 219481.4054 ], [ 1052193.5198, 219516.0184 ], [ 1052192.6725, 219521.8454 ], [ 1052187.9269, 219534.9482 ], [ 1052187.3587, 219540.0473 ], [ 1052188.1519, 219553.5299 ], [ 1052190.604, 219568.1101 ], [ 1052197.1641, 219599.4613 ], [ 1052201.271, 219616.5965 ], [ 1052202.882, 219634.8178 ], [ 1052201.1782, 219649.7507 ], [ 1052200.0498, 219657.0342 ], [ 1052196.9172, 219687.6296 ], [ 1052196.3387, 219696.372 ], [ 1052196.3183, 219703.6586 ], [ 1052197.6482, 219723.3364 ], [ 1052200.639, 219743.3832 ], [ 1052200.2936, 219767.7927 ], [ 1052198.5807, 219786.0046 ], [ 1052196.8861, 219797.6586 ], [ 1052194.0825, 219809.6738 ], [ 1052190.1628, 219824.6005 ], [ 1052188.2035, 219831.8817 ], [ 1052180.3672, 219860.6422 ], [ 1052173.1227, 219875.924 ], [ 1052164.2213, 219889.3795 ], [ 1052147.8106, 219913.744 ], [ 1052139.7239, 219933.0311 ], [ 1052054.3608, 220149.2072 ], [ 1052019.9699, 220264.2409 ], [ 1051999.4822, 220260.9047 ], [ 1052000.6024, 220256.5358 ], [ 1051969.3286, 220247.3401 ], [ 1051963.1932, 220262.2607 ], [ 1052000.0006, 220273.6578 ], [ 1052001.3977, 220269.2897 ], [ 1052016.6146, 220275.5259 ], [ 1051996.2655, 220321.7396 ], [ 1051994.288, 220335.5788 ], [ 1051972.0317, 220370.4928 ], [ 1051955.5209, 220430.9263 ], [ 1051952.1158, 220460.0636 ] ] ] ] } },
{ "type": "Feature", "properties": { "ZCTA5CE20": "11422", "GEOID20": "11422", "CLASSFP20": "B5", "MTFCC20": "G6350", "FUNCSTAT20": "S", "ALAND20": 5436200, "AWATER20": 137648, "INTPTLAT20": "+40.6607865", "INTPTLON20": "-073.7375702" }, "geometry": { "type": "MultiPolygon", "coordinates": [ [ [ [ 1053065.294, 174971.2814 ], [ 1053176.5383, 175179.2641 ], [ 1054084.8151, 174498.0112 ], [ 1054127.5658, 174589.5806 ], [ 1054183.116, 174669.164 ], [ 1054189.6954, 174697.2363 ], [ 1054207.6084, 174740.6429 ], [ 1054243.5298, 174794.3027 ], [ 1054261.387, 174857.0187 ], [ 1054318.6001, 174936.9716 ], [ 1054356.1229, 175012.4958 ], [ 1054368.9983, 175070.4613 ], [ 1054439.3404, 175120.213 ], [ 1054442.421, 175206.5679 ], [ 1054485.0127, 175256.2396 ], [ 1054519.2234, 175325.1967 ], [ 1054540.398, 175391.9301 ], [ 1054584.6414, 175445.9788 ], [ 1054616.3573, 175513.8358 ], [ 1054643.4886, 175631.5926 ], [ 1054683.7905, 175704.9395 ], [ 1054699.9313, 175784.7743 ], [ 1054706.4169, 175844.9074 ], [ 1054683.2352, 175896.5749 ], [ 1054650.4354, 175915.7893 ], [ 1054635.6661, 175937.242 ], [ 1054648.6702, 175950.3955 ], [ 1054665.5411, 175969.7538 ], [ 1054678.1811, 176012.7812 ], [ 1054671.4084, 176051.7448 ], [ 1054628.6002, 176077.4882 ], [ 1054584.4426, 176090.1119 ], [ 1054594.0735, 176118.1931 ], [ 1054622.006, 176150.6992 ], [ 1054639.9551, 176180.9905 ], [ 1054606.7284, 176251.9385 ], [ 1054731.8525, 176355.7705 ], [ 1054766.8326, 176350.0426 ], [ 1054693.9706, 176501.0279 ], [ 1054673.5855, 176545.417 ], [ 1054654.8622, 176590.9039 ], [ 1054638.0792, 176637.1251 ], [ 1054623.2366, 176684.0806 ], [ 1054610.0578, 176731.4052 ], [ 1054589.8019, 176827.1652 ], [ 1054582.1518, 176881.7924 ], [ 1054577.5877, 176924.77 ], [ 1054574.3942, 176973.5809 ], [ 1054573.4195, 177022.7625 ], [ 1054574.1096, 177071.949 ], [ 1054577.0196, 177121.1418 ], [ 1054217.98, 177114.6407 ], [ 1054162.2386, 177103.5504 ], [ 1054061.9082, 177159.3687 ], [ 1053916.8173, 177439.1216 ], [ 1053926.344, 177503.6351 ], [ 1053958.8852, 177573.6797 ], [ 1054011.4501, 177627.7512 ], [ 1054049.8669, 177680.6892 ], [ 1054125.7439, 177829.5536 ], [ 1054136.9871, 177875.8557 ], [ 1054093.7126, 178065.1825 ], [ 1054039.1548, 178222.416 ], [ 1054020.7514, 178350.6071 ], [ 1054017.1594, 178442.0435 ], [ 1054123.6753, 178549.0979 ], [ 1054198.9024, 178633.4744 ], [ 1054270.915, 178677.7656 ], [ 1054355.7755, 178788.7663 ], [ 1054430.2402, 178848.3669 ], [ 1054443.4803, 178875.3655 ], [ 1054432.2568, 178918.6883 ], [ 1054151.9776, 178934.6397 ], [ 1054007.9234, 178953.171 ], [ 1054216.8521, 179337.7747 ], [ 1054304.541, 179525.657 ], [ 1054465.3495, 179468.9213 ], [ 1054516.0296, 179597.3117 ], [ 1054484.005, 179638.0241 ], [ 1054488.1968, 180107.6569 ], [ 1054681.7372, 180435.0206 ], [ 1055029.6997, 181179.6283 ], [ 1055235.2846, 181082.2232 ], [ 1055315.5006, 181259.1576 ], [ 1055435.3736, 181440.9446 ], [ 1055598.3686, 181770.048 ], [ 1056505.3215, 181754.5112 ], [ 1056554.768, 181826.0669 ], [ 1056599.2411, 181890.6856 ], [ 1056682.1074, 182011.89 ], [ 1056779.0081, 182171.0268 ], [ 1056398.9393, 182171.3528 ], [ 1056317.9328, 182171.1124 ], [ 1056259.3973, 182170.9389 ], [ 1056052.4403, 182171.0552 ], [ 1056155.7198, 182332.03 ], [ 1055876.9152, 182331.2066 ], [ 1055841.9595, 182331.4679 ], [ 1055881.6595, 182415.7451 ], [ 1055762.7655, 182469.6801 ], [ 1055959.9267, 182873.9386 ], [ 1055971.7446, 182911.4995 ], [ 1056228.1244, 183456.5665 ], [ 1056241.8878, 183492.6759 ], [ 1056261.2079, 183525.8872 ], [ 1056517.5812, 184068.7714 ], [ 1056536.6111, 184105.9896 ], [ 1056826.3187, 184721.8425 ], [ 1057047.6594, 185191.0332 ], [ 1057122.9378, 185155.5545 ], [ 1057183.5426, 185295.6391 ], [ 1057221.0386, 185279.3569 ], [ 1057406.8193, 185762.6531 ], [ 1057390.7116, 185769.1626 ], [ 1057290.7273, 185811.4885 ], [ 1057566.6744, 186470.3002 ], [ 1057685.2645, 186420.0164 ], [ 1057745.3027, 186561.9225 ], [ 1057755.2163, 186585.6339 ], [ 1057779.1622, 186646.9139 ], [ 1057803.9345, 186710.018 ], [ 1057685.0803, 186756.2928 ], [ 1057863.9791, 187215.5263 ], [ 1057984.205, 187173.6285 ], [ 1058019.1567, 187263.7242 ], [ 1058027.6874, 187285.9743 ], [ 1058091.3664, 187506.2234 ], [ 1058099.2979, 187543.0449 ], [ 1058139.6563, 187679.0629 ], [ 1058224.4276, 187985.3586 ], [ 1058293.297, 188230.3985 ], [ 1058362.1618, 188476.5317 ], [ 1058430.487, 188717.1985 ], [ 1058466.463, 188833.8942 ], [ 1058516.7157, 188997.9966 ], [ 1058764.6833, 188900.3866 ], [ 1059005.9899, 188804.9446 ], [ 1059246.7415, 188710.232 ], [ 1059488.3281, 188615.1599 ], [ 1059729.6381, 188520.4538 ], [ 1059915.4135, 188447.0725 ], [ 1060034.5468, 188398.9879 ], [ 1060082.0257, 188382.3768 ], [ 1060282.4936, 188311.9588 ], [ 1060270.3808, 188105.7097 ], [ 1060294.5652, 187733.8038 ], [ 1060302.646, 187633.2738 ], [ 1060314.7672, 187482.4789 ], [ 1060326.3372, 187330.5892 ], [ 1060334.1443, 187228.9654 ], [ 1060350.7093, 186987.8304 ], [ 1060307.5997, 186759.6245 ], [ 1060293.1376, 186683.4341 ], [ 1060276.2212, 186593.7559 ], [ 1060246.7542, 186437.3659 ], [ 1060195.6797, 186183.2678 ], [ 1060152.5964, 186034.4864 ], [ 1060124.8374, 185952.4253 ], [ 1060101.0026, 185857.2606 ], [ 1060054.2997, 185712.4757 ], [ 1060016.3861, 185595.4074 ], [ 1059990.5588, 185516.2672 ], [ 1059936.7095, 185349.9647 ], [ 1059892.7332, 185219.7618 ], [ 1059854.2507, 185106.6997 ], [ 1059826.5396, 185008.6086 ], [ 1059822.4456, 184987.1004 ], [ 1059825.2388, 184980.9154 ], [ 1059830.7505, 184903.3302 ], [ 1059817.6061, 184759.3789 ], [ 1059802.8526, 184597.5703 ], [ 1059789.6976, 184456.898 ], [ 1059777.6293, 184323.5156 ], [ 1059760.7105, 184144.2125 ], [ 1059754.2522, 184080.0703 ], [ 1059749.9701, 184029.7794 ], [ 1059748.8933, 184019.2105 ], [ 1059747.0149, 183998.8022 ], [ 1059742.9988, 183952.1555 ], [ 1059734.3608, 183875.2549 ], [ 1059729.6053, 183798.7308 ], [ 1059719.6539, 183787.4057 ], [ 1059721.0611, 183691.5912 ], [ 1059704.0758, 183533.4192 ], [ 1059678.4801, 183289.2385 ], [ 1059656.2728, 183025.759 ], [ 1059633.1456, 182790.33 ], [ 1059645.6549, 182513.8423 ], [ 1059634.8036, 182255.863 ], [ 1059632.7719, 182195.3779 ], [ 1059646.6249, 182022.3641 ], [ 1059700.6717, 181860.0407 ], [ 1059722.2312, 181796.3499 ], [ 1059754.1869, 181690.4292 ], [ 1059759.1828, 181600.4552 ], [ 1059761.5335, 181558.2002 ], [ 1059776.7579, 181301.395 ], [ 1059763.4705, 181024.0986 ], [ 1059688.4593, 180968.1232 ], [ 1059620.2413, 180958.0746 ], [ 1059670.2915, 180743.2753 ], [ 1059732.68, 180486.6165 ], [ 1059827.4737, 180248.2751 ], [ 1059934.7736, 180003.7794 ], [ 1060045.9088, 179775.691 ], [ 1060148.1745, 179545.3895 ], [ 1060213.5979, 179296.7567 ], [ 1060265.1995, 179120.9468 ], [ 1060293.247, 179024.4872 ], [ 1060305.9537, 178953.847 ], [ 1060340.6955, 178757.5821 ], [ 1060460.2502, 178148.0689 ], [ 1060613.8155, 177666.5429 ], [ 1060590.3095, 177464.6306 ], [ 1060605.5043, 177309.1096 ], [ 1060560.6671, 177184.3681 ], [ 1060542.184, 177061.5311 ], [ 1060487.9675, 177007.4402 ], [ 1060419.242, 176978.8071 ], [ 1060367.696, 176957.8788 ], [ 1060294.5521, 176922.3099 ], [ 1060227.2385, 176885.6665 ], [ 1060160.4456, 176859.9547 ], [ 1060136.903, 176846.0367 ], [ 1060093.6934, 176821.1274 ], [ 1060053.0265, 176781.653 ], [ 1060037.8059, 176768.4897 ], [ 1059995.9551, 176752.6931 ], [ 1059578.6612, 176560.1233 ], [ 1059530.7209, 176539.208 ], [ 1059450.8924, 176510.9076 ], [ 1059310.7139, 176436.5154 ], [ 1059243.6502, 176407.8908 ], [ 1059170.2042, 176379.2466 ], [ 1058878.8455, 176287.6323 ], [ 1058775.6876, 176265.456 ], [ 1058559.0595, 176235.6465 ], [ 1057954.4358, 176135.4367 ], [ 1057747.2502, 176102.3841 ], [ 1057303.9603, 175870.7917 ], [ 1057236.3564, 175835.9774 ], [ 1057103.0871, 175767.448 ], [ 1057057.0943, 175743.6288 ], [ 1056732.0907, 175576.5235 ], [ 1056663.9312, 175541.3447 ], [ 1056623.7801, 175512.4432 ], [ 1056001.574, 175061.3809 ], [ 1056001.604, 174863.186 ], [ 1056001.605, 174768.8248 ], [ 1055999.5398, 174716.3553 ], [ 1055994.3962, 174578.6238 ], [ 1055990.0183, 174463.4829 ], [ 1055954.4433, 173540.8973 ], [ 1055952.0853, 173493.5276 ], [ 1055949.1895, 173440.327 ], [ 1055944.4541, 173352.1455 ], [ 1055917.4527, 173285.758 ], [ 1055886.0429, 173208.4277 ], [ 1055836.9981, 173088.0548 ], [ 1056010.9402, 172734.44 ], [ 1055774.063, 172594.9327 ], [ 1055982.8898, 172270.9311 ], [ 1056058.4508, 172152.7474 ], [ 1056069.3575, 172124.7263 ], [ 1056096.741, 172062.1427 ], [ 1056123.0231, 171996.6412 ], [ 1056226.4048, 171762.6837 ], [ 1056332.025, 171523.2684 ], [ 1056534.9409, 171045.8717 ], [ 1056559.2575, 170988.7445 ], [ 1056424.1448, 170783.5903 ], [ 1056373.9452, 170771.0542 ], [ 1056190.6186, 170725.3343 ], [ 1056109.3557, 170705.0559 ], [ 1055947.6438, 170670.6959 ], [ 1055792.4791, 170674.9751 ], [ 1055677.643, 170745.3172 ], [ 1055670.8709, 170877.5486 ], [ 1055682.9449, 170924.5824 ], [ 1055696.4259, 170965.0625 ], [ 1055709.954, 170989.5123 ], [ 1055834.1357, 171232.5204 ], [ 1056058.2814, 171552.3333 ], [ 1056081.1504, 171608.8718 ], [ 1056077.0733, 171673.7102 ], [ 1055993.532, 171768.189 ], [ 1055754.5888, 171856.0169 ], [ 1055495.4172, 171838.8612 ], [ 1055396.9114, 171736.9251 ], [ 1055316.6681, 171653.6234 ], [ 1055251.3656, 171586.0318 ], [ 1054741.5687, 170803.428 ], [ 1054192.9079, 170590.1686 ], [ 1054434.4062, 171446.3078 ], [ 1054467.8717, 171583.0277 ], [ 1054483.5073, 171646.8303 ], [ 1054492.8416, 171682.1972 ], [ 1054502.1294, 171733.5943 ], [ 1054534.5509, 171751.1758 ], [ 1054507.7798, 171795.1822 ], [ 1054521.8205, 171834.5702 ], [ 1054519.2226, 171869.1739 ], [ 1054558.5286, 171905.3561 ], [ 1054574.534, 171937.099 ], [ 1054584.9054, 171997.6075 ], [ 1054578.1149, 172042.4003 ], [ 1054594.1097, 172077.7865 ], [ 1054602.4993, 172151.7695 ], [ 1054619.8014, 172214.8484 ], [ 1054632.1639, 172258.6036 ], [ 1054645.9413, 172292.8904 ], [ 1054650.5602, 172327.1507 ], [ 1054634.3421, 172369.0015 ], [ 1054645.1015, 172487.0751 ], [ 1054654.3423, 172554.5027 ], [ 1054667.7756, 172611.7412 ], [ 1054699.7546, 172685.7926 ], [ 1054668.835, 172725.0505 ], [ 1054645.3455, 172786.1897 ], [ 1054664.2996, 172853.6454 ], [ 1054664.7449, 172891.5368 ], [ 1054641.7779, 172963.9717 ], [ 1054647.4287, 173025.1953 ], [ 1054637.7692, 173102.405 ], [ 1054599.9038, 173144.5576 ], [ 1054568.0966, 173203.1225 ], [ 1054562.6245, 173271.9648 ], [ 1054540.4644, 173353.5103 ], [ 1054519.5019, 173404.8201 ], [ 1054495.2546, 173440.4542 ], [ 1054474.5582, 173495.7724 ], [ 1054405.7861, 173573.5402 ], [ 1054395.3656, 173626.3378 ], [ 1054386.5597, 173696.6278 ], [ 1054341.4392, 173752.9687 ], [ 1054307.49, 173784.9317 ], [ 1054292.0891, 173832.6144 ], [ 1054249.7737, 173878.7623 ], [ 1054210.7141, 173950.7869 ], [ 1054166.2345, 173977.6193 ], [ 1054142.2762, 174009.6114 ], [ 1054108.2793, 174058.3337 ], [ 1054036.2291, 174118.9697 ], [ 1053969.3317, 174221.5184 ], [ 1053988.5578, 174291.1604 ], [ 1053982.2185, 174372.7519 ], [ 1053933.2204, 174427.2607 ], [ 1053871.1369, 174399.7581 ], [ 1053833.2309, 174360.3021 ], [ 1053785.5588, 174339.3989 ], [ 1053756.8431, 174385.5866 ], [ 1053693.1699, 174428.7597 ], [ 1053663.3663, 174467.2934 ], [ 1053619.1023, 174516.3515 ], [ 1053575.7749, 174528.9794 ], [ 1053516.4822, 174593.2966 ], [ 1053439.1811, 174647.3614 ], [ 1053335.9719, 174736.6928 ], [ 1053306.777, 174756.6479 ], [ 1053258.9429, 174792.9449 ], [ 1053196.5744, 174865.9981 ], [ 1053150.3789, 174911.7725 ], [ 1053065.294, 174971.2814 ] ] ] ] } },
{ "type": "Feature", "properties": { "ZCTA5CE20": "10312", "GEOID20": "10312", "CLASSFP20": "B5", "MTFCC20": "G6350", "FUNCSTAT20": "S", "ALAND20": 17797576, "AWATER20": 137541, "INTPTLAT20": "+40.5452374", "INTPTLON20": "-074.1804434" }, "geometry": { "type": "MultiPolygon", "coordinates": [ [ [ [ 925015.0722, 141491.3786 ], [ 925045.9625, 141509.884 ], [ 925505.9661, 141783.1064 ], [ 926002.1633, 141973.549 ], [ 926365.6612, 142103.4747 ], [ 927245.5621, 142399.7804 ], [ 927090.3635, 142456.6148 ], [ 926880.0894, 142489.1701 ], [ 926721.4467, 142499.017 ], [ 926899.7021, 142675.6584 ], [ 927049.4968, 142803.1841 ], [ 927120.1892, 142851.4733 ], [ 927219.5264, 142910.2611 ], [ 927339.6955, 142965.7216 ], [ 927532.6591, 143018.4626 ], [ 927625.4945, 143030.2692 ], [ 927654.1401, 143041.1324 ], [ 927926.3252, 143107.1725 ], [ 928014.7377, 143129.1919 ], [ 928088.4283, 143153.4316 ], [ 928157.4051, 143182.0542 ], [ 928216.3803, 143211.4287 ], [ 928265.6284, 143240.0971 ], [ 928320.7292, 143276.4029 ], [ 928377.7915, 143319.9909 ], [ 928431.2498, 143367.2305 ], [ 928482.7754, 143419.9396 ], [ 928703.9788, 143674.0971 ], [ 928939.1101, 143945.7126 ], [ 929134.9665, 144176.6149 ], [ 929333.3413, 144416.9855 ], [ 929521.417, 144650.823 ], [ 929713.4051, 144896.3117 ], [ 929886.176, 145122.8998 ], [ 930054.2195, 145349.1354 ], [ 930231.7484, 145594.296 ], [ 930250.7011, 145621.2141 ], [ 930378.3519, 145802.3652 ], [ 930523.2915, 146012.9892 ], [ 930717.0027, 146293.4572 ], [ 930824.0721, 146467.7338 ], [ 930968.8083, 146715.8865 ], [ 931277.3046, 147277.0029 ], [ 931392.9557, 147568.9405 ], [ 931432.6668, 147817.3242 ], [ 931454.3528, 148081.0489 ], [ 931456.6013, 148349.1876 ], [ 931448.289, 148487.285 ], [ 931405.8425, 148769.7295 ], [ 931354.5471, 149070.4096 ], [ 931321.0751, 149263.2107 ], [ 931369.1558, 149273.3072 ], [ 931416.1158, 149279.0345 ], [ 931480.3038, 149286.9103 ], [ 931543.6481, 149290.052 ], [ 931591.694, 149284.1188 ], [ 931658.2687, 148596.8567 ], [ 931635.7174, 147931.6469 ], [ 933051.663, 148035.3742 ], [ 933146.1365, 147911.6692 ], [ 933216.5804, 147854.3223 ], [ 933460.3016, 147759.4521 ], [ 934241.0161, 147517.7448 ], [ 934361.8522, 147375.4099 ], [ 934498.4985, 146948.1408 ], [ 934831.3295, 145169.191 ], [ 934899.3552, 144735.5061 ], [ 935183.4567, 144529.8166 ], [ 935515.285, 144428.5962 ], [ 935657.1653, 144377.6713 ], [ 935843.1384, 144283.3049 ], [ 936046.5867, 144173.2392 ], [ 936387.9427, 143967.4506 ], [ 936492.5956, 143916.9682 ], [ 936585.5867, 143870.5166 ], [ 936656.9275, 143835.4018 ], [ 937062.1337, 143738.0667 ], [ 937079.382, 144322.4106 ], [ 937086.5905, 144601.1053 ], [ 937092.7535, 144770.5045 ], [ 937099.1937, 144939.5389 ], [ 937111.5201, 145278.7017 ], [ 937124.1233, 145617.4997 ], [ 937918.8702, 145832.3829 ], [ 938145.4217, 145893.5236 ], [ 938283.3144, 145792.3447 ], [ 938404.8782, 145576.7993 ], [ 938458.6644, 145368.304 ], [ 938499.3691, 145294.9982 ], [ 938562.0885, 145256.2619 ], [ 938536.0892, 145023.1426 ], [ 938469.6571, 144417.7593 ], [ 938445.0652, 144195.203 ], [ 938434.0403, 144095.0344 ], [ 938405.553, 143869.9352 ], [ 938250.2326, 143576.9466 ], [ 938154.4011, 143446.3353 ], [ 938419.0857, 143383.5359 ], [ 938489.7415, 142981.9169 ], [ 938532.0512, 142725.3527 ], [ 938584.9135, 142464.7612 ], [ 938598.9196, 142376.5683 ], [ 938606.0597, 142331.3786 ], [ 938726.687, 142347.183 ], [ 938745.6492, 142234.2068 ], [ 938895.9621, 142224.4539 ], [ 938991.5715, 142235.2056 ], [ 939008.0917, 142153.2019 ], [ 938916.3613, 142136.6136 ], [ 938948.0059, 141969.3296 ], [ 938945.141, 141923.0657 ], [ 938941.6939, 141862.5942 ], [ 938792.1845, 141857.408 ], [ 938680.7466, 141853.2445 ], [ 938686.7883, 141814.9791 ], [ 938707.1095, 141685.6058 ], [ 938844.3208, 140907.1518 ], [ 939042.2599, 140351.9169 ], [ 939076.6136, 140145.2811 ], [ 939211.993, 140167.9827 ], [ 939310.0071, 139520.0324 ], [ 939181.0161, 139497.3184 ], [ 939190.6309, 139436.8227 ], [ 939202.1695, 139364.6651 ], [ 939220.5161, 139367.1814 ], [ 939333.0998, 139383.7324 ], [ 939433.9592, 138768.2023 ], [ 939361.9584, 138757.0409 ], [ 939399.8341, 138649.1311 ], [ 939371.737, 138634.2455 ], [ 939299.1376, 138600.133 ], [ 939338.6989, 138502.0567 ], [ 939387.6648, 138530.3837 ], [ 939468.0056, 138391.4282 ], [ 939958.8594, 138722.7941 ], [ 940061.069, 138534.6169 ], [ 940097.9432, 138332.35 ], [ 939978.5606, 138247.3148 ], [ 939985.2022, 138231.6368 ], [ 940074.3067, 138018.7095 ], [ 940109.0431, 138016.4605 ], [ 940335.0092, 137715.8486 ], [ 940246.2011, 137633.3073 ], [ 940278.6383, 137588.8011 ], [ 940315.79, 137538.4573 ], [ 940365.4204, 137472.425 ], [ 940392.3146, 137436.3085 ], [ 940490.8387, 137512.275 ], [ 940800.5483, 137098.5764 ], [ 940702.8592, 137023.7002 ], [ 940729.1999, 136988.3136 ], [ 940750.2728, 136960.223 ], [ 940768.295, 136935.781 ], [ 940801.8446, 136890.5449 ], [ 940905.9322, 136968.6891 ], [ 941200.6747, 136570.6884 ], [ 941440.2588, 136254.0325 ], [ 941338.1142, 136175.1539 ], [ 941378.5998, 136121.5269 ], [ 941412.7075, 136076.2907 ], [ 941514.5673, 136151.1625 ], [ 941889.7588, 135651.747 ], [ 941795.1108, 135568.8459 ], [ 941823.9505, 135530.1773 ], [ 941864.1602, 135476.5516 ], [ 941916.8483, 135405.781 ], [ 941941.5279, 135372.2203 ], [ 942038.9506, 135452.2025 ], [ 942103.29, 135367.9322 ], [ 942332.583, 135195.211 ], [ 942248.9902, 135075.8568 ], [ 942360.8677, 134994.7841 ], [ 942414.6119, 135051.8906 ], [ 942537.862, 134956.5905 ], [ 942592.4708, 135031.9121 ], [ 943308.1552, 134501.3353 ], [ 943324.296, 134512.6022 ], [ 943403.3305, 134567.8467 ], [ 943640.7335, 134414.4335 ], [ 943353.6991, 134310.7172 ], [ 943129.4539, 134189.775 ], [ 942957.7727, 134086.5975 ], [ 942769.6359, 133951.7531 ], [ 942721.7437, 133904.1082 ], [ 942684.1692, 133875.7551 ], [ 942635.1946, 133845.5998 ], [ 942614.8448, 133811.7525 ], [ 942610.588, 133760.7544 ], [ 942614.7221, 133739.9809 ], [ 942620.5271, 133721.0261 ], [ 942627.7158, 133698.4257 ], [ 942627.6766, 133675.4734 ], [ 942603.1539, 133639.8115 ], [ 942542.727, 133577.6156 ], [ 942404.2996, 133418.2791 ], [ 942358.8736, 133350.9573 ], [ 942351.6368, 133345.5049 ], [ 942324.3819, 133337.901 ], [ 942308.5472, 133343.7575 ], [ 942276.9132, 133375.8725 ], [ 942252.4933, 133400.3243 ], [ 942205.4846, 133382.5535 ], [ 942131.1514, 133317.1037 ], [ 942110.2679, 133296.7377 ], [ 942092.1697, 133279.6458 ], [ 942060.6989, 133245.4538 ], [ 942029.518, 133218.1836 ], [ 941995.5636, 133194.5614 ], [ 941956.3325, 133173.863 ], [ 941875.6712, 133146.679 ], [ 941820.8439, 133109.2491 ], [ 941737.2834, 133013.9419 ], [ 941564.8718, 132819.3302 ], [ 941392.5004, 132649.1294 ], [ 941348.2103, 132597.8377 ], [ 941340.3728, 132567.2483 ], [ 941280.2129, 132502.1404 ], [ 941272.4177, 132495.5963 ], [ 941256.79, 132461.3774 ], [ 941217.6241, 132478.5698 ], [ 941191.4991, 132481.8949 ], [ 941147.287, 132475.051 ], [ 941108.0244, 132437.5952 ], [ 941045.3681, 132376.1355 ], [ 940995.771, 132311.3739 ], [ 940938.3719, 132236.4252 ], [ 940862.6004, 132147.665 ], [ 940763.4107, 132021.7859 ], [ 940737.2547, 132007.9883 ], [ 940702.2492, 132020.0735 ], [ 940630.5548, 132035.5035 ], [ 940612.2132, 132038.8152 ], [ 940572.9739, 132015.2045 ], [ 940484.4742, 131960.7148 ], [ 940455.8102, 131943.6431 ], [ 940395.7021, 131909.5049 ], [ 940338.3678, 131872.0828 ], [ 940309.6668, 131834.6092 ], [ 940262.5871, 131780.0456 ], [ 940192.1055, 131697.8358 ], [ 940035.3711, 131575.3427 ], [ 939957.13, 131507.3564 ], [ 939907.5655, 131462.999 ], [ 939891.9664, 131445.9042 ], [ 939860.534, 131435.7604 ], [ 939852.7627, 131442.6968 ], [ 939844.9973, 131452.912 ], [ 939802.7396, 131451.8961 ], [ 939785.7783, 131450.1054 ], [ 939767.1385, 131442.4887 ], [ 939754.6299, 131443.2402 ], [ 939746.8566, 131449.0836 ], [ 939740.4759, 131456.3817 ], [ 939733.8179, 131464.0447 ], [ 939723.5626, 131480.8223 ], [ 939712.7607, 131502.7015 ], [ 939696.6668, 131519.1255 ], [ 939685.8269, 131520.2383 ], [ 939675.537, 131518.0712 ], [ 939656.6198, 131510.8194 ], [ 939638.2546, 131501.3806 ], [ 939598.4762, 131487.9735 ], [ 939577.8823, 131475.9886 ], [ 939543.6518, 131456.0136 ], [ 939526.9511, 131444.7502 ], [ 939510.2465, 131431.3009 ], [ 939436.771, 131385.8955 ], [ 939416.7377, 131376.46 ], [ 939398.0902, 131364.836 ], [ 939381.3861, 131351.7511 ], [ 939345.4819, 131328.8648 ], [ 939330.1811, 131323.0639 ], [ 939312.1118, 131323.4615 ], [ 939299.6085, 131327.1279 ], [ 939262.1102, 131344.3203 ], [ 939223.2125, 131356.4149 ], [ 939186.8303, 131375.7914 ], [ 939174.0578, 131384.1945 ], [ 939151.2767, 131392.2518 ], [ 939138.4834, 131389.3609 ], [ 939122.3405, 131379.1897 ], [ 939107.0236, 131364.6451 ], [ 939091.4347, 131353.38 ], [ 939073.0684, 131343.5773 ], [ 939056.9235, 131332.3132 ], [ 939001.8166, 131298.5334 ], [ 938965.084, 131278.9282 ], [ 938930.8405, 131252.3963 ], [ 938900.7784, 131232.0501 ], [ 938887.9592, 131215.3151 ], [ 938872.6419, 131200.7707 ], [ 938821.9723, 131161.5182 ], [ 938792.1772, 131135.3424 ], [ 938778.8038, 131119.7015 ], [ 938735.366, 131082.6216 ], [ 938716.173, 131076.8283 ], [ 938645.255, 131062.388 ], [ 938603.5478, 131058.8229 ], [ 938556.5653, 131058.911 ], [ 938486.1669, 131025.1611 ], [ 938423.5257, 130977.1881 ], [ 938381.7482, 130936.4625 ], [ 938324.3378, 130861.52 ], [ 938293.1304, 130824.0535 ], [ 938206.8771, 130786.3267 ], [ 938115.5814, 130728.572 ], [ 938058.2409, 130691.1553 ], [ 937854.695, 130522.1317 ], [ 937778.95, 130455.9691 ], [ 937674.5396, 130374.1957 ], [ 937601.3181, 130319.6873 ], [ 937538.6999, 130285.5609 ], [ 937491.6634, 130258.3268 ], [ 937429.0645, 130234.4017 ], [ 937392.6386, 130231.1929 ], [ 937361.4816, 130221.0518 ], [ 937330.0002, 130186.866 ], [ 937303.808, 130156.3132 ], [ 937267.2695, 130094.813 ], [ 937243.8636, 130067.5338 ], [ 937199.3159, 130033.7377 ], [ 937126.3901, 129989.4312 ], [ 937089.9101, 129958.5343 ], [ 937003.6327, 129910.9751 ], [ 936977.7511, 129897.5453 ], [ 936936.0218, 129883.7821 ], [ 936855.1254, 129887.2183 ], [ 936792.6385, 129921.5864 ], [ 936753.5449, 129976.3112 ], [ 936688.6231, 130044.9308 ], [ 936654.6918, 130038.075 ], [ 936506.1385, 129990.6393 ], [ 936429.6286, 129962.3721 ], [ 936221.6752, 129822.881 ], [ 936023.1259, 129660.0563 ], [ 935315.6822, 129026.4509 ], [ 935198.1006, 128900.2671 ], [ 935098.8743, 128777.3257 ], [ 934955.1002, 128623.8716 ], [ 934905.4653, 128552.2003 ], [ 934900.1488, 128535.4522 ], [ 934892.3292, 128518.3448 ], [ 934871.4694, 128514.7438 ], [ 934848.1702, 128542.1154 ], [ 934835.1308, 128555.9861 ], [ 934827.3732, 128569.4819 ], [ 934790.9741, 128580.8498 ], [ 934738.7857, 128621.0314 ], [ 934717.9749, 128641.4759 ], [ 934691.84, 128641.5291 ], [ 934663.2237, 128651.7884 ], [ 934642.4901, 128710.1224 ], [ 934634.7676, 128740.7414 ], [ 934600.9038, 128768.1347 ], [ 934561.7641, 128798.8177 ], [ 934507.0275, 128816.0526 ], [ 934439.4457, 128805.9897 ], [ 934410.8229, 128812.9704 ], [ 934330.1265, 128915.5107 ], [ 934236.2587, 128967.073 ], [ 934210.409, 128970.405 ], [ 934098.3785, 128977.5576 ], [ 934006.943, 128994.8692 ], [ 933910.7949, 129018.7488 ], [ 933819.3107, 129012.3803 ], [ 933743.8802, 128971.368 ], [ 933717.7177, 128957.9423 ], [ 933665.3707, 128920.5256 ], [ 933636.7052, 128906.7408 ], [ 933594.9942, 128903.5486 ], [ 933563.8119, 128882.847 ], [ 933488.0677, 128825.0773 ], [ 933404.5451, 128770.6029 ], [ 933323.8626, 128744.9045 ], [ 933197.5868, 128986.3513 ], [ 933142.2025, 129091.7571 ], [ 932831.3059, 128930.2874 ], [ 932070.9919, 128584.7037 ], [ 931917.5452, 128856.09 ], [ 931773.5099, 129106.6905 ], [ 931425.3631, 129720.9648 ], [ 931642.1604, 129822.8705 ], [ 931852.8348, 129922.6055 ], [ 931545.7389, 130488.6991 ], [ 931112.6653, 131283.8668 ], [ 930787.2999, 131110.0677 ], [ 930531.7908, 130973.2798 ], [ 929933.9275, 132026.7743 ], [ 929862.4863, 132152.6256 ], [ 930162.8514, 132588.4171 ], [ 930170.7847, 132655.7995 ], [ 930048.601, 132589.3998 ], [ 929740.999, 132398.8161 ], [ 929673.8204, 132565.0985 ], [ 929554.3345, 132834.238 ], [ 929455.6391, 133076.3712 ], [ 929353.8773, 133313.7756 ], [ 929010.5924, 133199.4254 ], [ 928758.3132, 133132.9633 ], [ 928588.6893, 133108.5764 ], [ 928057.7477, 133109.4316 ], [ 927850.5349, 133058.9052 ], [ 927830.7525, 133159.1402 ], [ 927821.1346, 133207.2533 ], [ 927814.8146, 133238.9642 ], [ 927794.7562, 133339.9286 ], [ 928459.1692, 133602.1681 ], [ 928556.3287, 133666.0668 ], [ 928668.2552, 133745.2338 ], [ 928749.5634, 133806.6191 ], [ 928847.5876, 133884.7257 ], [ 928958.4366, 133979.9267 ], [ 929050.6378, 134064.9694 ], [ 928970.3056, 134310.342 ], [ 928873.5818, 134558.6668 ], [ 928784.3376, 134794.9522 ], [ 928700.1391, 135049.0784 ], [ 928612.8632, 135293.7394 ], [ 928529.2091, 135541.3071 ], [ 928451.1199, 135790.684 ], [ 928369.4181, 136039.7051 ], [ 928286.5778, 136276.342 ], [ 928262.2847, 136348.5342 ], [ 928234.9537, 136429.1128 ], [ 928359.2981, 136474.3676 ], [ 928187.5882, 136982.631 ], [ 928154.7893, 136981.6136 ], [ 928149.5061, 136980.5328 ], [ 928120.0323, 136975.1358 ], [ 928086.3736, 136962.8264 ], [ 928056.317, 136945.7725 ], [ 927906.6236, 137355.6195 ], [ 927803.3397, 137641.4893 ], [ 927658.9741, 137589.726 ], [ 927486.2498, 137534.0221 ], [ 927247.0586, 137460.9874 ], [ 926960.2996, 137370.9436 ], [ 926867.4017, 137577.7346 ], [ 926774.9666, 137862.126 ], [ 926696.3746, 138123.1682 ], [ 926541.3257, 138605.9014 ], [ 926369.2899, 139188.5011 ], [ 926286.8316, 139456.1118 ], [ 926201.0228, 139716.4443 ], [ 926110.0924, 140042.3679 ], [ 926025.6945, 140309.9842 ], [ 925939.1512, 140609.3022 ], [ 925856.9969, 140883.836 ], [ 925780.271, 141103.7082 ], [ 925675.2443, 141456.6274 ], [ 925631.8858, 141568.5796 ], [ 925083.7535, 141280.6316 ], [ 925037.6903, 141422.1018 ], [ 925015.0722, 141491.3786 ] ] ] ] } },
{ "type": "Feature", "properties": { "ZCTA5CE20": "11357", "GEOID20": "11357", "CLASSFP20": "B5", "MTFCC20": "G6350", "FUNCSTAT20": "S", "ALAND20": 7341415, "AWATER20": 2281, "INTPTLAT20": "+40.7851288", "INTPTLON20": "-073.8100365" }, "geometry": { "type": "MultiPolygon", "coordinates": [ [ [ [ 1030729.2441, 227159.4236 ], [ 1030730.8867, 227169.2638 ], [ 1030733.6348, 227180.1991 ], [ 1030735.8354, 227187.8543 ], [ 1030744.3719, 227212.6455 ], [ 1030750.4338, 227228.3235 ], [ 1030754.5671, 227238.8972 ], [ 1030766.1552, 227260.7795 ], [ 1030779.3991, 227285.5797 ], [ 1030782.9912, 227289.5942 ], [ 1030793.4793, 227307.4668 ], [ 1030798.7202, 227318.0426 ], [ 1030804.2324, 227331.5335 ], [ 1030808.916, 227343.9299 ], [ 1030813.594, 227359.241 ], [ 1030816.6133, 227373.0915 ], [ 1030817.9797, 227382.5668 ], [ 1030819.8578, 227413.9033 ], [ 1030822.0122, 227445.6046 ], [ 1030822.552, 227452.8923 ], [ 1030826.6741, 227469.2953 ], [ 1030832.4575, 227485.7015 ], [ 1030834.935, 227493.3573 ], [ 1030839.8975, 227504.6612 ], [ 1030845.9676, 227515.9672 ], [ 1030855.0788, 227529.8295 ], [ 1030868.3274, 227552.0794 ], [ 1030892.6561, 227572.1646 ], [ 1030905.3684, 227585.3051 ], [ 1030911.7224, 227592.9684 ], [ 1030925.8036, 227614.1269 ], [ 1030938.7696, 227639.291 ], [ 1030948.1744, 227644.4098 ], [ 1030955.638, 227650.9822 ], [ 1030971.122, 227662.6707 ], [ 1030981.6295, 227670.342 ], [ 1031001.8115, 227686.776 ], [ 1031025.0479, 227698.8438 ], [ 1031037.7706, 227706.5194 ], [ 1031048.2829, 227711.6404 ], [ 1031056.3074, 227714.5705 ], [ 1031076.2315, 227721.167 ], [ 1031106.9462, 227732.1564 ], [ 1031127.7009, 227738.7545 ], [ 1031155.9348, 227743.9098 ], [ 1031165.6249, 227744.6572 ], [ 1031186.1238, 227740.3249 ], [ 1031194.9846, 227740.342 ], [ 1031217.7052, 227732.735 ], [ 1031244.8596, 227723.3148 ], [ 1031278.3864, 227712.0854 ], [ 1031288.0884, 227706.6392 ], [ 1031292.2433, 227705.9186 ], [ 1031302.2124, 227705.5736 ], [ 1031308.5804, 227705.9503 ], [ 1031318.8222, 227707.7918 ], [ 1031330.1701, 227710.3642 ], [ 1031352.3065, 227718.4226 ], [ 1031384.4042, 227730.1436 ], [ 1031395.7464, 227735.6307 ], [ 1031408.7458, 227743.307 ], [ 1031443.3149, 227765.5987 ], [ 1031465.9923, 227780.2162 ], [ 1031478.4336, 227790.0775 ], [ 1031517.9988, 227806.1853 ], [ 1031552.3015, 227823.0116 ], [ 1031565.8603, 227827.7744 ], [ 1031583.2679, 227846.7538 ], [ 1031610.3513, 227873.7675 ], [ 1031627.7602, 227892.0182 ], [ 1031646.2789, 227909.1782 ], [ 1031676.6785, 227939.4774 ], [ 1031699.0565, 227965.389 ], [ 1031721.4424, 227987.2929 ], [ 1031727.8003, 227992.7704 ], [ 1031737.4774, 228000.076 ], [ 1031747.1595, 228004.8313 ], [ 1031762.6564, 228009.598 ], [ 1031774.5536, 228014.3577 ], [ 1031706.6186, 228063.0456 ], [ 1031524.1679, 228192.757 ], [ 1031515.0112, 228202.5762 ], [ 1031513.8873, 228210.9537 ], [ 1031537.9167, 228241.9691 ], [ 1031542.3491, 228240.8847 ], [ 1031748.3734, 228091.9098 ], [ 1031794.4052, 228057.7525 ], [ 1031797.436, 228065.4095 ], [ 1031801.2961, 228073.7968 ], [ 1031805.4353, 228081.0916 ], [ 1031811.2329, 228089.847 ], [ 1031818.1367, 228099.3333 ], [ 1031833.3445, 228110.2931 ], [ 1031851.0479, 228119.4363 ], [ 1031861.2787, 228126.743 ], [ 1031868.1882, 228133.3146 ], [ 1031879.7827, 228151.1898 ], [ 1031888.6018, 228172.3386 ], [ 1031895.4877, 228190.9332 ], [ 1031904.0163, 228219.0038 ], [ 1031910.3405, 228241.605 ], [ 1031916.9401, 228264.9354 ], [ 1031924.3639, 228291.5465 ], [ 1031929.8559, 228314.8748 ], [ 1031932.3036, 228337.4684 ], [ 1031934.739, 228366.2556 ], [ 1031935.2699, 228377.9154 ], [ 1031934.9722, 228388.4805 ], [ 1031931.5943, 228416.5277 ], [ 1031929.3248, 228444.2127 ], [ 1031930.1053, 228469.7177 ], [ 1031925.0769, 228492.2966 ], [ 1031924.7778, 228503.5905 ], [ 1031912.8035, 228538.1788 ], [ 1031906.1123, 228561.4831 ], [ 1031903.8786, 228570.9514 ], [ 1031900.5201, 228589.1616 ], [ 1031898.5583, 228601.1808 ], [ 1031897.1373, 228619.7591 ], [ 1031897.6725, 228629.2329 ], [ 1031900.9451, 228654.7428 ], [ 1031904.199, 228689.7254 ], [ 1031906.0764, 228720.6976 ], [ 1031904.1145, 228732.7168 ], [ 1031892.9961, 228754.555 ], [ 1031885.767, 228769.8429 ], [ 1031882.1481, 228779.6729 ], [ 1031877.9748, 228789.8661 ], [ 1031880.4431, 228801.894 ], [ 1031881.8068, 228812.4624 ], [ 1031883.1576, 228829.5888 ], [ 1031883.6556, 228858.0079 ], [ 1031883.637, 228867.4806 ], [ 1031882.7713, 228885.3314 ], [ 1031872.7805, 228896.9705 ], [ 1031856.7268, 228894.0243 ], [ 1031855.5985, 228904.5878 ], [ 1031862.779, 228914.0746 ], [ 1031871.0691, 228922.4706 ], [ 1031872.7118, 228931.9465 ], [ 1031867.4231, 228946.1452 ], [ 1031851.0347, 228972.7095 ], [ 1031829.9514, 228993.071 ], [ 1031817.7248, 229015.2714 ], [ 1031806.5795, 229050.9544 ], [ 1031801.2751, 229073.1685 ], [ 1031787.8847, 229124.1492 ], [ 1031775.6347, 229158.3727 ], [ 1031762.8531, 229181.3008 ], [ 1031746.475, 229202.7645 ], [ 1031724.3051, 229212.5582 ], [ 1031707.6964, 229210.3397 ], [ 1031698.8269, 229215.0587 ], [ 1031696.8738, 229222.7059 ], [ 1031697.1322, 229232.1791 ], [ 1031698.2261, 229239.1036 ], [ 1031700.4234, 229248.2163 ], [ 1031701.5166, 229255.5052 ], [ 1031700.1087, 229267.5255 ], [ 1031693.9945, 229279.1723 ], [ 1031684.2709, 229295.9127 ], [ 1031677.6172, 229300.2717 ], [ 1031672.6419, 229295.8899 ], [ 1031668.4936, 229293.3315 ], [ 1031661.0193, 229292.5882 ], [ 1031655.7364, 229303.8723 ], [ 1031656.2667, 229315.8964 ], [ 1031663.1545, 229333.3979 ], [ 1031664.7902, 229346.5172 ], [ 1031664.4962, 229355.2607 ], [ 1031662.2662, 229362.9074 ], [ 1031655.8666, 229378.9256 ], [ 1031649.1909, 229394.579 ], [ 1031638.379, 229401.4802 ], [ 1031630.3509, 229400.7359 ], [ 1031617.892, 229400.3472 ], [ 1031609.3059, 229401.7878 ], [ 1031595.7267, 229407.955 ], [ 1031585.1889, 229416.3141 ], [ 1031572.7129, 229424.6695 ], [ 1031558.0127, 229437.7569 ], [ 1031553.2866, 229447.5847 ], [ 1031546.6017, 229467.9745 ], [ 1031540.2093, 229480.3494 ], [ 1031534.3614, 229497.4618 ], [ 1031527.979, 229504.7361 ], [ 1031525.1918, 229514.2033 ], [ 1031520.4514, 229531.3179 ], [ 1031517.3603, 229554.6293 ], [ 1031514.8336, 229572.4768 ], [ 1031501.5201, 229584.474 ], [ 1031484.8811, 229597.922 ], [ 1031473.7847, 229608.8304 ], [ 1031467.6714, 229620.1129 ], [ 1031468.7655, 229627.0374 ], [ 1031482.882, 229629.2509 ], [ 1031504.7794, 229616.9062 ], [ 1031525.0256, 229599.4575 ], [ 1031530.5873, 229587.081 ], [ 1031528.1181, 229575.4174 ], [ 1031539.7839, 229556.4947 ], [ 1031567.787, 229536.8752 ], [ 1031578.0401, 229532.5232 ], [ 1031589.943, 229534.0038 ], [ 1031606.2781, 229534.4 ], [ 1031627.8768, 229533.3492 ], [ 1031653.0742, 229532.6697 ], [ 1031676.8772, 229537.0883 ], [ 1031696.5278, 229541.1344 ], [ 1031730.0158, 229548.4866 ], [ 1031761.839, 229557.6573 ], [ 1031781.4752, 229568.9902 ], [ 1031800.2658, 229587.9725 ], [ 1031820.1817, 229597.8486 ], [ 1031838.9994, 229602.9862 ], [ 1031862.534, 229603.0324 ], [ 1031892.4419, 229600.5408 ], [ 1031925.6651, 229601.6991 ], [ 1031956.3949, 229603.5812 ], [ 1031978.5444, 229603.9891 ], [ 1032007.6109, 229606.961 ], [ 1032025.0427, 229612.8247 ], [ 1032039.1512, 229619.0462 ], [ 1032051.8632, 229631.4587 ], [ 1032062.6356, 229644.596 ], [ 1032072.5759, 229658.4603 ], [ 1032069.7827, 229670.8422 ], [ 1032069.774, 229675.2142 ], [ 1032072.5349, 229679.2274 ], [ 1032080.5636, 229679.6075 ], [ 1032088.8929, 229667.9652 ], [ 1032092.5002, 229663.9646 ], [ 1032114.0787, 229673.1156 ], [ 1032125.4062, 229685.5254 ], [ 1032140.6107, 229697.5785 ], [ 1032148.3316, 229713.6245 ], [ 1032152.7422, 229723.4702 ], [ 1032155.4951, 229731.4911 ], [ 1032157.6641, 229754.8128 ], [ 1032155.1499, 229766.1022 ], [ 1032153.4706, 229775.2073 ], [ 1032149.8389, 229791.5952 ], [ 1032140.4035, 229802.5067 ], [ 1032125.1466, 229817.05 ], [ 1032113.1942, 229840.7082 ], [ 1032102.6305, 229862.1831 ], [ 1032094.548, 229889.128 ], [ 1032096.4351, 229914.9996 ], [ 1032108.0386, 229927.7742 ], [ 1032116.0522, 229935.8054 ], [ 1032122.6842, 229942.3765 ], [ 1032138.722, 229952.9739 ], [ 1032155.0403, 229961.7502 ], [ 1032171.6441, 229966.155 ], [ 1032176.9011, 229967.9871 ], [ 1032186.5837, 229972.0139 ], [ 1032215.3592, 229981.9079 ], [ 1032228.0917, 229983.7547 ], [ 1032245.2629, 229981.2384 ], [ 1032253.0204, 229978.7034 ], [ 1032265.7739, 229969.9846 ], [ 1032285.4695, 229951.0781 ], [ 1032299.3471, 229933.9818 ], [ 1032313.2406, 229908.8702 ], [ 1032325.7491, 229884.1202 ], [ 1032342.9471, 229868.1235 ], [ 1032372.3262, 229852.8797 ], [ 1032390.8964, 229843.0795 ], [ 1032401.7003, 229840.1863 ], [ 1032416.3826, 229836.2077 ], [ 1032444.3637, 229827.8836 ], [ 1032464.024, 229826.8297 ], [ 1032496.1393, 229827.9865 ], [ 1032530.1834, 229833.8836 ], [ 1032544.8578, 229833.9129 ], [ 1032554.2614, 229839.0323 ], [ 1032554.2396, 229849.9623 ], [ 1032559.2168, 229853.2512 ], [ 1032571.4226, 229841.6168 ], [ 1032574.4827, 229834.3362 ], [ 1032590.0168, 229819.7937 ], [ 1032604.9862, 229810.7152 ], [ 1032627.6987, 229806.3885 ], [ 1032645.6876, 229810.432 ], [ 1032664.4999, 229818.1206 ], [ 1032692.7063, 229835.6651 ], [ 1032721.4525, 229860.133 ], [ 1032751.8556, 229886.7902 ], [ 1032807.1233, 229940.4582 ], [ 1032835.8583, 229970.3912 ], [ 1032859.622, 229994.1207 ], [ 1032885.052, 230015.3031 ], [ 1032904.3885, 230037.5664 ], [ 1032924.015, 230053.2722 ], [ 1032936.4524, 230064.2272 ], [ 1032955.2556, 230076.288 ], [ 1032961.6105, 230082.8588 ], [ 1032971.0044, 230092.7148 ], [ 1032976.2393, 230105.477 ], [ 1032973.442, 230119.6805 ], [ 1032970.3738, 230130.9687 ], [ 1032983.9273, 230137.554 ], [ 1032901.8898, 230317.0067 ], [ 1032919.8944, 230313.0352 ], [ 1032993.8866, 230141.5817 ], [ 1033002.4631, 230144.878 ], [ 1033021.0816, 230111.0322 ], [ 1033052.051, 230131.1329 ], [ 1033078.3215, 230147.2166 ], [ 1033110.0913, 230182.2568 ], [ 1033119.1899, 230201.2206 ], [ 1033131.6402, 230205.6177 ], [ 1033044.9039, 230380.6885 ], [ 1033056.5222, 230385.8125 ], [ 1033142.9802, 230211.4699 ], [ 1033163.4473, 230222.0769 ], [ 1033181.1583, 230226.4847 ], [ 1033197.4554, 230245.463 ], [ 1033211.2555, 230266.9867 ], [ 1033237.2659, 230274.6902 ], [ 1033164.9997, 230413.3562 ], [ 1033176.9065, 230412.6516 ], [ 1033249.9865, 230282.367 ], [ 1033262.4162, 230296.9655 ], [ 1033284.8117, 230312.3129 ], [ 1033310.506, 230339.3257 ], [ 1033327.0821, 230357.2117 ], [ 1033347.8148, 230373.2844 ], [ 1033367.9931, 230389.7204 ], [ 1033383.4837, 230396.6741 ], [ 1033308.6965, 230549.5437 ], [ 1033322.8145, 230550.6653 ], [ 1033387.8723, 230417.0858 ], [ 1033419.3806, 230444.1105 ], [ 1033334.8912, 230602.7897 ], [ 1033350.1203, 230602.0919 ], [ 1033425.152, 230465.2537 ], [ 1033458.8493, 230505.0346 ], [ 1033473.459, 230536.7615 ], [ 1033496.6307, 230578.7071 ], [ 1033518.6913, 230622.4722 ], [ 1033559.5312, 230689.593 ], [ 1033573.8874, 230709.6606 ], [ 1033594.0452, 230735.9338 ], [ 1033615.3119, 230761.4806 ], [ 1033637.6882, 230785.9366 ], [ 1033667.8145, 230811.5015 ], [ 1033696.831, 230838.1571 ], [ 1033724.7377, 230865.9036 ], [ 1033768.1064, 230914.4487 ], [ 1033798.2122, 230949.8508 ], [ 1033830.553, 230975.4204 ], [ 1033848.5289, 230985.2942 ], [ 1033867.616, 230993.3486 ], [ 1033887.2605, 230999.5825 ], [ 1033912.1677, 231004.7342 ], [ 1033926.2824, 231007.3135 ], [ 1033955.3372, 231015.0241 ], [ 1033965.5744, 231018.3241 ], [ 1033938.7135, 231155.9879 ], [ 1033946.7387, 231157.8261 ], [ 1033973.0407, 231022.7114 ], [ 1033991.0128, 231034.407 ], [ 1034012.5803, 231047.9317 ], [ 1034027.5151, 231055.6134 ], [ 1034040.2373, 231062.1975 ], [ 1034065.939, 231084.8391 ], [ 1034083.0856, 231093.9828 ], [ 1034104.1038, 231105.3204 ], [ 1034109.9029, 231112.619 ], [ 1034110.9669, 231133.7527 ], [ 1034110.387, 231146.5032 ], [ 1034117.3092, 231146.1531 ], [ 1034129.2015, 231152.3713 ], [ 1034139.185, 231144.3764 ], [ 1034146.9738, 231126.54 ], [ 1034161.9512, 231113.4547 ], [ 1034191.3135, 231106.2285 ], [ 1034206.2737, 231101.5229 ], [ 1034223.1855, 231090.2633 ], [ 1034234.5616, 231078.2637 ], [ 1034249.269, 231061.8989 ], [ 1034273.1151, 231044.46 ], [ 1034303.0741, 231016.4679 ], [ 1034327.2152, 230990.2856 ], [ 1034350.2467, 230965.194 ], [ 1034382.438, 230928.8269 ], [ 1034402.9786, 230903.3659 ], [ 1034424.0534, 230887.3787 ], [ 1034444.5737, 230871.7547 ], [ 1034471.7659, 230843.0285 ], [ 1034492.0245, 230820.1173 ], [ 1034513.6637, 230799.0307 ], [ 1034533.9163, 230779.0342 ], [ 1034574.135, 230743.777 ], [ 1034615.1844, 230708.5217 ], [ 1034647.6351, 230680.8996 ], [ 1034672.5977, 230659.4557 ], [ 1034703.1272, 230623.8142 ], [ 1034728.3592, 230606.0143 ], [ 1034743.062, 230592.2001 ], [ 1034771.913, 230564.9351 ], [ 1034809.9121, 230532.224 ], [ 1034846.7818, 230510.0764 ], [ 1034902.7578, 230486.8758 ], [ 1034947.6439, 230470.9388 ], [ 1034987.5373, 230459.3635 ], [ 1035028.5412, 230446.3332 ], [ 1035050.9881, 230436.5432 ], [ 1035068.7566, 230413.2629 ], [ 1035081.2576, 230393.2506 ], [ 1035092.9152, 230379.4303 ], [ 1035112.3273, 230364.5333 ], [ 1035126.4866, 230345.9818 ], [ 1035141.485, 230323.4245 ], [ 1035154.5384, 230304.1421 ], [ 1035166.7642, 230283.4006 ], [ 1035179.2647, 230263.7527 ], [ 1035211.9798, 230242.69 ], [ 1035244.6812, 230228.1853 ], [ 1035276.8365, 230210.0361 ], [ 1035297.9025, 230198.7861 ], [ 1035328.9496, 230180.999 ], [ 1035357.7773, 230165.3933 ], [ 1035384.6499, 230157.7989 ], [ 1035434.5568, 230124.7496 ], [ 1035459.5076, 230109.5002 ], [ 1035484.1823, 230093.8859 ], [ 1035519.6643, 230073.9224 ], [ 1035549.8704, 230061.2345 ], [ 1035575.3943, 230036.878 ], [ 1035600.336, 230026.0007 ], [ 1035626.1245, 230007.4742 ], [ 1035646.9101, 229998.0455 ], [ 1035667.6965, 229988.2525 ], [ 1035689.0235, 229984.6544 ], [ 1035707.0365, 229977.0416 ], [ 1035730.6017, 229962.5182 ], [ 1035750.5629, 229950.1731 ], [ 1035781.34, 229929.4714 ], [ 1035805.1868, 229912.7626 ], [ 1035819.0437, 229906.5983 ], [ 1035840.9385, 229896.4435 ], [ 1035850.6632, 229880.4334 ], [ 1035849.9031, 229847.2773 ], [ 1035840.8243, 229819.9328 ], [ 1035833.1245, 229795.1416 ], [ 1035823.7665, 229768.8895 ], [ 1035819.3714, 229752.4851 ], [ 1035827.4326, 229737.5645 ], [ 1035832.1573, 229729.1948 ], [ 1035908.9293, 229953.0603 ], [ 1035928.6037, 229945.4511 ], [ 1035891.2017, 229826.598 ], [ 1035921.1291, 229815.003 ], [ 1035889.2101, 229721.6651 ], [ 1035923.5296, 229727.9319 ], [ 1035949.255, 229739.2812 ], [ 1035957.7559, 229777.9189 ], [ 1035981.5781, 229772.869 ], [ 1036011.2707, 229871.3029 ], [ 1036043.9746, 229856.0707 ], [ 1036013.9881, 229765.6514 ], [ 1036045.5605, 229761.7111 ], [ 1036057.2002, 229756.6353 ], [ 1036061.8721, 229773.0404 ], [ 1036065.6791, 229805.4744 ], [ 1036077.5886, 229803.6781 ], [ 1036083.3726, 229817.8996 ], [ 1036090.527, 229838.682 ], [ 1036094.0804, 229860.1854 ], [ 1036098.1861, 229882.4187 ], [ 1036101.7418, 229902.8291 ], [ 1036104.4623, 229925.4237 ], [ 1036108.8424, 229948.7505 ], [ 1036115.9842, 229975.3623 ], [ 1036119.841, 229984.4789 ], [ 1036125.0439, 230011.4509 ], [ 1036136.6211, 230035.5218 ], [ 1036141.2843, 230055.9346 ], [ 1036149.2661, 230078.1762 ], [ 1036152.5698, 230086.9273 ], [ 1036162.5193, 230095.3283 ], [ 1036190.7423, 230103.7685 ], [ 1036208.1712, 230110.3638 ], [ 1036224.5036, 230111.8562 ], [ 1036239.4578, 230110.4309 ], [ 1036261.6263, 230101.7343 ], [ 1036278.2402, 230101.0413 ], [ 1036307.6051, 230093.4533 ], [ 1036343.0658, 230083.6924 ], [ 1036361.3527, 230077.5379 ], [ 1036365.2642, 230061.1512 ], [ 1036366.9857, 230033.1011 ], [ 1036369.0021, 229996.6718 ], [ 1036369.6114, 229970.8053 ], [ 1036371.3118, 229952.5922 ], [ 1036384.1443, 229907.8065 ], [ 1036403.0917, 229852.1039 ], [ 1036410.8763, 229837.1828 ], [ 1036414.478, 229836.0976 ], [ 1036441.9083, 229827.0482 ], [ 1036462.4049, 229823.449 ], [ 1036514.7689, 229807.531 ], [ 1036539.6892, 229806.856 ], [ 1036569.0443, 229804.0046 ], [ 1036605.8837, 229797.1618 ], [ 1036634.9651, 229792.8525 ], [ 1036678.4496, 229786.0241 ], [ 1036695.8959, 229784.6045 ], [ 1036816.3993, 229756.0828 ], [ 1036847.9955, 229741.2136 ], [ 1036901.4651, 229726.3918 ], [ 1036952.4404, 229712.6578 ], [ 1037002.5717, 229705.1157 ], [ 1037047.1727, 229694.2827 ], [ 1037084.0322, 229678.3322 ], [ 1037130.3199, 229655.8443 ], [ 1037158.594, 229640.9682 ], [ 1037191.0149, 229629.0159 ], [ 1037216.4821, 229631.6218 ], [ 1037235.3368, 229619.2756 ], [ 1037267.4554, 229618.9814 ], [ 1037300.9656, 229615.4113 ], [ 1037333.6619, 229604.1885 ], [ 1037370.2185, 229600.2608 ], [ 1037380.175, 229605.3833 ], [ 1037469.6417, 229589.5487 ], [ 1037499.8326, 229584.5143 ], [ 1037556.9207, 229561.3222 ], [ 1037569.1098, 229558.4343 ], [ 1037578.5172, 229561.3697 ], [ 1037679.0746, 229538.6378 ], [ 1037846.6965, 229489.0937 ], [ 1037864.1512, 229484.0316 ], [ 1037873.7082, 229544.5324 ], [ 1037877.2545, 229568.5864 ], [ 1037888.7246, 229640.3859 ], [ 1037900.3583, 229638.2256 ], [ 1037886.1162, 229567.8773 ], [ 1037884.2336, 229542.734 ], [ 1037873.0121, 229483.6868 ], [ 1037889.0719, 229483.358 ], [ 1037893.4923, 229487.7398 ], [ 1037895.4071, 229498.3098 ], [ 1037901.4589, 229516.1756 ], [ 1037904.7718, 229520.555 ], [ 1037924.6998, 229523.8781 ], [ 1037939.9282, 229523.9118 ], [ 1037962.0841, 229521.4105 ], [ 1037979.5339, 229518.5345 ], [ 1038002.8071, 229511.6637 ], [ 1038012.5059, 229508.0418 ], [ 1038036.0649, 229497.164 ], [ 1038048.8183, 229489.5412 ], [ 1038067.3975, 229476.8307 ], [ 1038091.5337, 229455.3884 ], [ 1038104.8555, 229441.2089 ], [ 1038117.9052, 229424.8428 ], [ 1038130.4061, 229406.2894 ], [ 1038137.3362, 229402.6615 ], [ 1038142.55, 229423.8045 ], [ 1038143.9117, 229434.009 ], [ 1038144.6913, 229456.9638 ], [ 1038158.2593, 229456.6297 ], [ 1038155.5431, 229432.9418 ], [ 1038151.9655, 229423.0968 ], [ 1038147.8617, 229400.8632 ], [ 1038167.2498, 229397.9916 ], [ 1038178.3226, 229399.1092 ], [ 1038195.7531, 229404.9774 ], [ 1038222.068, 229399.9352 ], [ 1038233.157, 229393.7662 ], [ 1038257.7953, 229395.6427 ], [ 1038271.904, 229401.1392 ], [ 1038283.5281, 229403.3511 ], [ 1038301.8079, 229400.8414 ], [ 1038317.5811, 229404.8843 ], [ 1038332.2704, 229398.359 ], [ 1038338.7473, 229473.7909 ], [ 1038335.372, 229497.4652 ], [ 1038343.9528, 229498.5774 ], [ 1038353.9716, 229475.6466 ], [ 1038344.2931, 229470.1599 ], [ 1038338.9131, 229399.4668 ], [ 1038354.4346, 229392.2147 ], [ 1038374.6331, 229398.4535 ], [ 1038390.1172, 229407.9608 ], [ 1038407.2626, 229417.4718 ], [ 1038422.2093, 229419.6912 ], [ 1038423.3013, 229426.616 ], [ 1038436.1356, 229506.7985 ], [ 1038429.765, 229507.8773 ], [ 1038431.9499, 229521.3626 ], [ 1038437.2114, 229521.01 ], [ 1038442.3508, 229575.3075 ], [ 1038452.877, 229573.145 ], [ 1038446.6253, 229521.0311 ], [ 1038451.6107, 229520.3135 ], [ 1038451.0895, 229505.7389 ], [ 1038444.4444, 229505.7241 ], [ 1038432.4546, 229419.3497 ], [ 1038463.7356, 229422.3343 ], [ 1038472.8661, 229425.2694 ], [ 1038484.5275, 229534.5962 ], [ 1038492.8331, 229534.9791 ], [ 1038480.8915, 229427.109 ], [ 1038504.6853, 229435.1776 ], [ 1038517.1359, 229439.2132 ], [ 1038529.9128, 229544.8991 ], [ 1038537.3885, 229544.9159 ], [ 1038525.7102, 229443.2401 ], [ 1038539.2626, 229449.8284 ], [ 1038549.2197, 229454.5871 ], [ 1038556.9642, 229458.2478 ], [ 1038566.495, 229529.6789 ], [ 1038568.8931, 229571.5829 ], [ 1038580.7997, 229571.2452 ], [ 1038575.632, 229529.6994 ], [ 1038567.4725, 229464.1007 ], [ 1038592.0854, 229477.2719 ], [ 1038617.2528, 229490.0801 ], [ 1038624.0106, 229563.3267 ], [ 1038625.3362, 229589.5618 ], [ 1038635.5774, 229591.0421 ], [ 1038632.8732, 229562.2535 ], [ 1038625.547, 229495.5637 ], [ 1038645.4569, 229506.9027 ], [ 1038663.4255, 229519.6948 ], [ 1038670.5949, 229532.827 ], [ 1038673.0312, 229557.6073 ], [ 1038674.1068, 229571.8188 ], [ 1038680.7127, 229589.3217 ], [ 1038695.3602, 229601.3777 ], [ 1038709.7472, 229606.1463 ], [ 1038720.1246, 229670.2927 ], [ 1038708.4875, 229673.9099 ], [ 1038712.2681, 229716.5457 ], [ 1038736.0705, 229720.6069 ], [ 1038728.7053, 229671.405 ], [ 1038717.5088, 229602.1561 ], [ 1038749.9051, 229601.5002 ], [ 1038779.246, 229605.2095 ], [ 1038795.0379, 229600.8729 ], [ 1038802.8101, 229592.1464 ], [ 1038804.8212, 229559.725 ], [ 1038804.4281, 229488.3143 ], [ 1038825.7576, 229483.9903 ], [ 1038842.6612, 229477.8346 ], [ 1038856.5101, 229475.6798 ], [ 1038875.342, 229473.9005 ], [ 1038889.1991, 229468.1024 ], [ 1038896.4012, 229466.6613 ], [ 1038898.5982, 229474.6816 ], [ 1038907.4953, 229458.3065 ], [ 1038911.9434, 229450.3012 ], [ 1038930.224, 229447.4277 ], [ 1038950.7246, 229442.3732 ], [ 1038990.3267, 229438.8192 ], [ 1039005.5559, 229438.4892 ], [ 1039036.2879, 229439.2873 ], [ 1039060.9236, 229442.2577 ], [ 1039075.0379, 229445.2043 ], [ 1039096.6254, 229449.2608 ], [ 1039109.3528, 229453.2972 ], [ 1039128.7253, 229457.3487 ], [ 1039137.7741, 229496.3531 ], [ 1039134.4507, 229496.71 ], [ 1039136.8965, 229517.1183 ], [ 1039142.6821, 229529.8831 ], [ 1039149.3313, 229528.0765 ], [ 1039142.0073, 229461.0222 ], [ 1039162.2121, 229464.3469 ], [ 1039183.5252, 229467.3099 ], [ 1039217.2855, 229475.7661 ], [ 1039247.7191, 229486.0365 ], [ 1039282.8406, 229504.6973 ], [ 1039300.2608, 229514.9382 ], [ 1039318.5183, 229522.2664 ], [ 1039341.7504, 229533.6135 ], [ 1039349.7865, 229530.7171 ], [ 1039356.7499, 229512.5161 ], [ 1039359.0162, 229489.9325 ], [ 1039370.4022, 229475.0206 ], [ 1039387.0374, 229465.2213 ], [ 1039415.2757, 229466.7429 ], [ 1039443.5033, 229473.0008 ], [ 1039448.4723, 229479.5701 ], [ 1039455.3503, 229498.8956 ], [ 1039458.1381, 229490.5222 ], [ 1039465.6437, 229477.4232 ], [ 1039477.5852, 229461.784 ], [ 1039489.797, 229449.06 ], [ 1039518.0586, 229440.3804 ], [ 1039524.92, 229466.9925 ], [ 1039546.8043, 229462.306 ], [ 1039534.397, 229439.3246 ], [ 1039560.9741, 229440.8425 ], [ 1039569.5533, 229442.6838 ], [ 1039592.2342, 229574.2607 ], [ 1039602.4811, 229573.1911 ], [ 1039596.4746, 229536.0151 ], [ 1039592.319, 229537.0987 ], [ 1039590.9653, 229523.6151 ], [ 1039608.1385, 229520.7397 ], [ 1039600.9853, 229500.6849 ], [ 1039588.801, 229501.3857 ], [ 1039581.9513, 229469.6729 ], [ 1039575.6471, 229441.6047 ], [ 1039586.7356, 229435.8006 ], [ 1039615.813, 229433.6809 ], [ 1039628.8454, 229425.331 ], [ 1039651.0166, 229416.2732 ], [ 1039673.7358, 229409.7671 ], [ 1039689.8007, 229407.2534 ], [ 1039706.1366, 229407.2908 ], [ 1039714.9943, 229408.404 ], [ 1039718.5904, 229409.8696 ], [ 1039723.8211, 229422.9977 ], [ 1039721.019, 229437.5647 ], [ 1039719.3468, 229442.2972 ], [ 1039716.001, 229452.491 ], [ 1039715.4255, 229461.9624 ], [ 1039717.6339, 229464.8821 ], [ 1039725.6559, 229468.1795 ], [ 1039735.3525, 229465.6513 ], [ 1039746.4452, 229458.0256 ], [ 1039757.2935, 229436.1903 ], [ 1039772.8272, 229423.8385 ], [ 1039790.8477, 229413.6783 ], [ 1039801.968, 229394.0297 ], [ 1039809.1936, 229382.3875 ], [ 1039830.8145, 229371.8713 ], [ 1039850.4872, 229365.7227 ], [ 1039865.171, 229361.7486 ], [ 1039884.5585, 229359.2428 ], [ 1039898.6845, 229357.0891 ], [ 1039932.4815, 229349.5157 ], [ 1039960.7459, 229339.7435 ], [ 1039985.9663, 229329.2357 ], [ 1040011.4737, 229314.3566 ], [ 1040032.296, 229289.994 ], [ 1040051.1767, 229267.0843 ], [ 1040063.6766, 229249.6249 ], [ 1040084.7473, 229237.6503 ], [ 1040105.8189, 229225.3114 ], [ 1040129.1081, 229211.8846 ], [ 1040154.6081, 229200.2847 ], [ 1040180.9279, 229193.423 ], [ 1040199.4816, 229192.3728 ], [ 1040208.6355, 229185.1072 ], [ 1040270.616, 229322.9691 ], [ 1040263.9616, 229326.9615 ], [ 1040271.3987, 229343.7381 ], [ 1040295.51, 229333.9567 ], [ 1040286.686, 229318.2699 ], [ 1040280.3136, 229320.0768 ], [ 1040216.3941, 229182.5747 ], [ 1040223.3212, 229180.4047 ], [ 1040242.995, 229173.8921 ], [ 1040271.5367, 229164.1209 ], [ 1040287.3325, 229158.328 ], [ 1040305.6202, 229152.5409 ], [ 1040343.294, 229144.977 ], [ 1040364.0644, 229143.2033 ], [ 1040377.6368, 229141.0487 ], [ 1040390.6368, 229146.9082 ], [ 1040391.778, 229132.3374 ], [ 1040386.5476, 229119.2092 ], [ 1040386.0141, 229110.4639 ], [ 1040405.1452, 229099.2138 ], [ 1040417.8928, 229094.5069 ], [ 1040439.7776, 229089.8213 ], [ 1040451.6878, 229088.0272 ], [ 1040469.9681, 229085.5192 ], [ 1040487.7021, 229079.7309 ], [ 1040522.9044, 229063.4175 ], [ 1040530.669, 229058.3348 ], [ 1040590.4262, 229199.1071 ], [ 1040584.0486, 229203.1 ], [ 1040592.3153, 229220.243 ], [ 1040599.2433, 229217.7087 ], [ 1040613.8418, 229250.5328 ], [ 1040620.4929, 229247.998 ], [ 1040604.7877, 229214.8069 ], [ 1040611.719, 229210.8153 ], [ 1040604.8359, 229194.0399 ], [ 1040597.9105, 229195.4811 ], [ 1040538.9848, 229054.3464 ], [ 1040555.3405, 229046.0046 ], [ 1040576.1338, 229034.3942 ], [ 1040588.8849, 229028.2301 ], [ 1040606.0653, 229022.4406 ], [ 1040622.1365, 229017.3773 ], [ 1040630.4489, 229014.8463 ], [ 1040642.9172, 229011.2319 ], [ 1040661.2085, 229003.9877 ], [ 1040672.2941, 228999.6415 ], [ 1040682.8242, 228996.0226 ], [ 1040691.9673, 228993.4935 ], [ 1040702.494, 228991.332 ], [ 1040744.8752, 228983.7796 ], [ 1040787.8051, 228978.4146 ], [ 1040830.7308, 228974.8714 ], [ 1040877.8038, 228973.8882 ], [ 1040916.8421, 228975.0724 ], [ 1040931.5136, 228976.564 ], [ 1040945.9031, 228980.241 ], [ 1040969.6768, 228996.6917 ], [ 1040980.7301, 229006.1903 ], [ 1040987.9265, 229007.3001 ], [ 1040994.0171, 229007.6787 ], [ 1040993.4932, 228994.9258 ], [ 1040990.7474, 228985.0823 ], [ 1040997.9711, 228974.5334 ], [ 1040994.3954, 228964.3237 ], [ 1041009.3711, 228954.1573 ], [ 1041025.1655, 228949.0936 ], [ 1041044.0057, 228944.037 ], [ 1041058.6857, 228941.8854 ], [ 1041078.8992, 228941.5684 ], [ 1041093.0169, 228943.0588 ], [ 1041099.9203, 228951.0904 ], [ 1041104.0667, 228954.0148 ], [ 1041114.0269, 228957.3171 ], [ 1041119.286, 228958.0581 ], [ 1041157.3005, 228923.5354 ], [ 1041167.0018, 228919.1861 ], [ 1041173.6624, 228912.6437 ], [ 1041169.5194, 228908.262 ], [ 1041162.0495, 228905.6941 ], [ 1041153.46, 228908.2243 ], [ 1041147.0882, 228909.6667 ], [ 1041140.9908, 228912.2027 ], [ 1041135.1693, 228915.1038 ], [ 1041129.0966, 228907.0741 ], [ 1041127.4507, 228900.5122 ], [ 1041127.4661, 228893.9542 ], [ 1041135.2676, 228873.2054 ], [ 1041145.0048, 228853.5541 ], [ 1041156.4015, 228834.6354 ], [ 1041166.4114, 228816.8064 ], [ 1041174.4855, 228797.8799 ], [ 1041180.9104, 228773.8489 ], [ 1041183.716, 228758.189 ], [ 1041184.8723, 228737.4246 ], [ 1041183.8127, 228717.0193 ], [ 1041185.2356, 228700.6275 ], [ 1041183.8905, 228683.865 ], [ 1041178.9501, 228665.2722 ], [ 1041172.0638, 228649.954 ], [ 1041154.4002, 228625.502 ], [ 1041139.7558, 228612.3516 ], [ 1041125.667, 228598.4738 ], [ 1041122.0802, 228593.0004 ], [ 1041120.4437, 228582.4308 ], [ 1041119.0959, 228566.7612 ], [ 1041118.8481, 228554.3732 ], [ 1041118.8857, 228538.3425 ], [ 1041120.0394, 228518.6711 ], [ 1041127.9145, 228466.5896 ], [ 1041123.5295, 228447.2695 ], [ 1041117.7695, 228423.9385 ], [ 1041107.8757, 228392.2181 ], [ 1041095.7898, 228350.6556 ], [ 1041091.691, 228327.3285 ], [ 1041085.9412, 228299.6255 ], [ 1041082.6654, 228279.5794 ], [ 1041078.0171, 228254.4293 ], [ 1041074.7337, 228237.6622 ], [ 1041073.9329, 228224.9086 ], [ 1041075.9147, 228206.3321 ], [ 1041082.6199, 228180.8443 ], [ 1041092.9281, 228153.9077 ], [ 1041094.898, 228140.4319 ], [ 1041093.2631, 228129.1336 ], [ 1041083.3188, 228118.9089 ], [ 1041064.5155, 228107.9348 ], [ 1041048.7573, 228097.3322 ], [ 1041037.1584, 228084.1889 ], [ 1041032.4827, 228070.6976 ], [ 1041030.8776, 228046.6477 ], [ 1041032.5834, 228027.7062 ], [ 1041033.7217, 228014.5928 ], [ 1041031.2919, 227987.9906 ], [ 1041029.9654, 227963.2127 ], [ 1041026.9604, 227945.7176 ], [ 1041025.3366, 227929.683 ], [ 1041025.3758, 227912.9237 ], [ 1041025.1407, 227895.0707 ], [ 1041023.5245, 227875.7571 ], [ 1041021.0708, 227859.3563 ], [ 1041021.6681, 227840.7765 ], [ 1041026.7145, 227814.1919 ], [ 1041027.8571, 227799.2568 ], [ 1041042.0668, 227761.7635 ], [ 1041050.4488, 227729.7216 ], [ 1041061.358, 227682.7479 ], [ 1041074.7576, 227636.5087 ], [ 1041090.6476, 227591.004 ], [ 1041102.903, 227560.4285 ], [ 1041115.9882, 227530.2193 ], [ 1041172.0327, 227365.3068 ], [ 1041180.9569, 227338.367 ], [ 1041192.1109, 227305.2386 ], [ 1041221.9484, 227216.4108 ], [ 1041262.3823, 227096.2752 ], [ 1041277.1671, 227050.0393 ], [ 1041300.3029, 226985.242 ], [ 1041316.4458, 226950.3038 ], [ 1041339.022, 226888.0556 ], [ 1041356.5951, 226833.811 ], [ 1041365.4991, 226815.6152 ], [ 1041385.9818, 226819.3068 ], [ 1041391.7944, 226820.4135 ], [ 1041461.5028, 226968.8623 ], [ 1041457.2898, 226993.9915 ], [ 1041464.7311, 227008.9468 ], [ 1041503.8163, 226991.5509 ], [ 1041498.034, 226977.6925 ], [ 1041478.1198, 226967.8085 ], [ 1041405.9528, 226805.1447 ], [ 1041398.772, 226797.1124 ], [ 1041433.6738, 226792.4583 ], [ 1041464.1546, 226783.7862 ], [ 1041488.8391, 226767.085 ], [ 1041534.0176, 226749.3392 ], [ 1041572.0043, 226728.2975 ], [ 1041616.3445, 226713.8289 ], [ 1041645.1536, 226709.525 ], [ 1041675.336, 226709.9608 ], [ 1041701.8884, 226723.1397 ], [ 1041687.8237, 226932.5993 ], [ 1041673.258, 227119.8332 ], [ 1041653.5409, 227260.7843 ], [ 1041664.122, 227352.9862 ], [ 1041732.6297, 227188.8332 ], [ 1041831.3661, 227005.8067 ], [ 1041875.8479, 226931.5879 ], [ 1041889.1906, 226910.1238 ], [ 1041946.9982, 226821.7277 ], [ 1041960.8896, 226802.451 ], [ 1042008.6543, 226745.364 ], [ 1042120.0144, 226611.9184 ], [ 1042153.6095, 226574.8363 ], [ 1042206.6364, 226517.7623 ], [ 1042240.5034, 226482.8671 ], [ 1042200.1315, 226458.7245 ], [ 1042184.6469, 226449.2148 ], [ 1042011.5522, 226342.4161 ], [ 1041738.9094, 226174.9028 ], [ 1041564.4132, 226073.569 ], [ 1041488.6382, 226030.7629 ], [ 1041324.3688, 225936.7417 ], [ 1041267.6654, 225908.9188 ], [ 1041196.0269, 225873.0457 ], [ 1041035.5725, 225804.5389 ], [ 1041027.3391, 225772.8224 ], [ 1040995.5034, 225649.967 ], [ 1041263.908, 225740.2228 ], [ 1041285.8343, 225601.4627 ], [ 1041290.0481, 225575.9691 ], [ 1041160.2136, 225557.4474 ], [ 1041237.9216, 225014.0418 ], [ 1041257.5768, 225017.0027 ], [ 1041372.4634, 225034.0324 ], [ 1041377.5271, 225000.5255 ], [ 1041384.5585, 224954.6358 ], [ 1041277.4264, 224937.26 ], [ 1041347.552, 224440.472 ], [ 1041459.9531, 224455.6745 ], [ 1041470.9272, 224382.1047 ], [ 1041445.7353, 224378.0376 ], [ 1041478.1444, 224140.2033 ], [ 1041576.711, 224150.6374 ], [ 1041607.8752, 223971.4583 ], [ 1041725.0105, 223976.4719 ], [ 1041748.3274, 223836.9869 ], [ 1041818.6901, 223829.1384 ], [ 1041827.695, 223769.0445 ], [ 1041857.0407, 223773.4862 ], [ 1041827.8152, 223718.4022 ], [ 1041797.7094, 223684.0833 ], [ 1041880.0012, 223318.1221 ], [ 1042040.7891, 223252.56 ], [ 1042117.152, 223168.2164 ], [ 1042068.8835, 223085.033 ], [ 1041936.8122, 222953.558 ], [ 1041978.7649, 222665.1047 ], [ 1041866.4509, 222493.236 ], [ 1042016.5063, 222517.2746 ], [ 1042087.7049, 222276.619 ], [ 1042165.8499, 222027.2362 ], [ 1042243.7178, 221778.5817 ], [ 1042212.7192, 221769.3992 ], [ 1042172.5894, 221756.5517 ], [ 1042200.502, 221666.2633 ], [ 1042148.1932, 221650.1077 ], [ 1042159.0767, 221615.8863 ], [ 1042110.3666, 221600.468 ], [ 1042107.2965, 221610.2977 ], [ 1041951.756, 221561.1065 ], [ 1041630.9851, 221460.1537 ], [ 1041650.3753, 221342.1552 ], [ 1041663.0417, 221256.5665 ], [ 1041532.2192, 221177.5611 ], [ 1041477.7326, 221144.6424 ], [ 1041423.441, 221264.0161 ], [ 1041361.6726, 221265.3279 ], [ 1041373.1005, 221234.7507 ], [ 1041006.4312, 221215.3092 ], [ 1041024.2682, 221404.8048 ], [ 1040993.7936, 221408.0126 ], [ 1040894.891, 221417.9828 ], [ 1040767.4545, 221430.4373 ], [ 1040762.2591, 221401.6428 ], [ 1040748.721, 221268.2648 ], [ 1040715.4766, 221271.4665 ], [ 1040484.2819, 221356.9124 ], [ 1040464.1651, 221312.7813 ], [ 1040440.1689, 221269.37 ], [ 1040408.2638, 221292.2492 ], [ 1040238.5946, 221482.0396 ], [ 1040133.2602, 221639.1893 ], [ 1040115.0372, 221494.1422 ], [ 1040105.5949, 221384.8201 ], [ 1039973.4442, 221399.8183 ], [ 1039971.5489, 221380.8685 ], [ 1039370.9326, 221441.7977 ], [ 1039329.6573, 221444.6187 ], [ 1039342.9311, 221575.8092 ], [ 1039254.2802, 221584.7164 ], [ 1039197.4883, 221590.4171 ], [ 1039184.4874, 221460.6846 ], [ 1038686.9309, 221511.6629 ], [ 1038692.6263, 221565.5972 ], [ 1038559.6515, 221578.4152 ], [ 1038540.6721, 221395.8412 ], [ 1038521.8339, 221397.6207 ], [ 1038520.3611, 221436.9655 ], [ 1038429.5857, 221528.9393 ], [ 1037891.2887, 221592.959 ], [ 1037817.6191, 221716.3056 ], [ 1037815.6474, 221731.239 ], [ 1037790.9916, 221733.7349 ], [ 1037713.9769, 221741.5804 ], [ 1037663.0036, 221746.5688 ], [ 1037648.3305, 221617.9265 ], [ 1036984.8455, 221682.7841 ], [ 1036998.1302, 221814.7021 ], [ 1036868.4805, 221827.9009 ], [ 1036799.7778, 221834.6744 ], [ 1036787.042, 221704.5794 ], [ 1036238.5227, 221760.5983 ], [ 1036250.7074, 221890.6918 ], [ 1036188.93, 221897.1175 ], [ 1036102.4972, 221906.041 ], [ 1036016.6098, 221918.9736 ], [ 1035972.2806, 221925.8014 ], [ 1035958.4488, 221788.0535 ], [ 1035615.4895, 221822.3011 ], [ 1035632.6082, 221978.2725 ], [ 1035599.9155, 221983.3039 ], [ 1035504.3303, 221998.4039 ], [ 1035252.1584, 222061.631 ], [ 1034756.1191, 222192.118 ], [ 1034454.3946, 222245.7776 ], [ 1034199.5147, 222281.6849 ], [ 1033980.0985, 222311.8383 ], [ 1033924.4137, 222319.3752 ], [ 1033640.4463, 222359.2366 ], [ 1033631.8765, 222215.307 ], [ 1033500.0609, 222205.9307 ], [ 1033500.3727, 222188.8076 ], [ 1033253.0481, 222186.8495 ], [ 1033254.1422, 222330.7638 ], [ 1032903.5419, 222314.0274 ], [ 1032754.9602, 222240.4987 ], [ 1032488.7, 222011.5302 ], [ 1032489.2441, 222155.8077 ], [ 1031998.1946, 222151.9216 ], [ 1031949.4057, 222033.0527 ], [ 1031859.106, 222037.6116 ], [ 1031741.661, 222043.5751 ], [ 1031821.3801, 222208.7748 ], [ 1031858.8796, 222294.1026 ], [ 1032135.1537, 222923.4875 ], [ 1032356.5487, 223427.8001 ], [ 1032373.9111, 223470.826 ], [ 1032461.8253, 223688.5083 ], [ 1032635.7211, 224118.405 ], [ 1032521.6259, 224115.9917 ], [ 1032220.3312, 224107.0143 ], [ 1032189.8333, 224825.0577 ], [ 1032185.7808, 225194.1209 ], [ 1031919.9319, 225192.504 ], [ 1031658.5117, 225191.9917 ], [ 1031432.546, 225187.5434 ], [ 1031164.7542, 225188.117 ], [ 1031147.9146, 225303.9429 ], [ 1031287.4441, 225325.7088 ], [ 1031235.8255, 225668.4479 ], [ 1031094.6322, 225648.8651 ], [ 1031075.0084, 225772.701 ], [ 1031012.9722, 226206.5042 ], [ 1030973.9236, 226495.7109 ], [ 1031109.5267, 226539.6927 ], [ 1031069.7241, 226788.821 ], [ 1031042.927, 226899.5271 ], [ 1031030.4387, 226913.7121 ], [ 1031014.0787, 226925.3393 ], [ 1030994.6803, 226932.9529 ], [ 1030974.1842, 226935.4638 ], [ 1030964.7721, 226933.9883 ], [ 1030923.7799, 226939.0101 ], [ 1030888.9989, 227026.0192 ], [ 1030777.294, 226939.4573 ], [ 1030774.7885, 226946.3749 ], [ 1030772.5481, 226959.4866 ], [ 1030773.3565, 226971.1469 ], [ 1030773.6166, 226979.8915 ], [ 1030772.7712, 226987.5409 ], [ 1030770.5392, 226996.2806 ], [ 1030766.3611, 227009.0243 ], [ 1030761.0705, 227024.3163 ], [ 1030759.3993, 227029.4138 ], [ 1030751.0425, 227055.2655 ], [ 1030744.3611, 227073.8338 ], [ 1030741.8529, 227082.2087 ], [ 1030737.663, 227101.1461 ], [ 1030730.4159, 227125.907 ], [ 1030731.2327, 227133.1953 ], [ 1030728.9818, 227151.772 ], [ 1030729.2441, 227159.4236 ] ] ] ] } },
{ "type": "Feature", "properties": { "ZCTA5CE20": "11413", "GEOID20": "11413", "CLASSFP20": "B5", "MTFCC20": "G6350", "FUNCSTAT20": "S", "ALAND20": 7812635, "AWATER20": 43490, "INTPTLAT20": "+40.6711705", "INTPTLON20": "-073.7520631" }, "geometry": { "type": "MultiPolygon", "coordinates": [ [ [ [ 1048563.5606, 180450.4851 ], [ 1049039.5769, 180477.6168 ], [ 1049309.6662, 180425.5106 ], [ 1049382.3136, 180648.3104 ], [ 1049458.5252, 180886.4219 ], [ 1049534.4618, 181123.0755 ], [ 1049678.0735, 181571.9513 ], [ 1049754.0028, 181809.6987 ], [ 1049851.12, 182111.2612 ], [ 1049594.68, 182149.1892 ], [ 1049347.4015, 182184.9585 ], [ 1049098.4574, 182221.4545 ], [ 1048852.5665, 182257.5969 ], [ 1048884.5261, 182340.749 ], [ 1048899.9539, 182381.2306 ], [ 1048956.1608, 182526.3834 ], [ 1049470.4157, 182451.6133 ], [ 1049700.7634, 182417.9856 ], [ 1049787.0714, 182406.5597 ], [ 1049818.9064, 182431.7843 ], [ 1049836.6661, 182532.7515 ], [ 1049872.4566, 182736.8727 ], [ 1049819.4432, 182746.9308 ], [ 1049785.5811, 182753.3974 ], [ 1049821.0911, 182855.8698 ], [ 1049781.1203, 182864.5059 ], [ 1049821.0274, 182982.2921 ], [ 1049810.478, 182985.1782 ], [ 1049842.6655, 183085.0914 ], [ 1049918.7208, 183068.5377 ], [ 1049957.5025, 183191.7859 ], [ 1050013.0166, 183179.9132 ], [ 1050018.7455, 183215.633 ], [ 1050027.758, 183268.1209 ], [ 1049896.5121, 183279.7889 ], [ 1049960.1606, 183645.0193 ], [ 1050018.9986, 183634.6129 ], [ 1050037.264, 183753.0695 ], [ 1050060.2843, 183754.5892 ], [ 1050101.0554, 183757.2499 ], [ 1050032.3248, 184040.5123 ], [ 1050011.5686, 184124.9807 ], [ 1050063.9611, 184138.2384 ], [ 1050200.9022, 184172.8567 ], [ 1050156.1426, 184209.1682 ], [ 1050135.02, 184224.0485 ], [ 1049737.0516, 184496.5843 ], [ 1049701.8109, 184500.8614 ], [ 1049760.9488, 184789.9343 ], [ 1049768.0333, 184837.3163 ], [ 1049772.9152, 184878.4987 ], [ 1049789.7291, 185020.9971 ], [ 1049791.6295, 185036.304 ], [ 1049802.5797, 185192.9954 ], [ 1049882.2532, 185169.5291 ], [ 1050133.4894, 184993.1446 ], [ 1050259.6627, 184905.3192 ], [ 1050402.8472, 184988.4115 ], [ 1050419.5737, 184957.8534 ], [ 1050453.3644, 184976.5262 ], [ 1050436.6378, 185007.0844 ], [ 1050569.0239, 185082.4973 ], [ 1050503.7907, 185201.4553 ], [ 1050734.7847, 185328.1444 ], [ 1050958.0186, 185451.5354 ], [ 1051021.2926, 185339.4956 ], [ 1051030.2129, 185323.4896 ], [ 1051360.6382, 185502.9217 ], [ 1051373.7307, 185683.6655 ], [ 1051374.6389, 185756.534 ], [ 1051281.4869, 185940.2636 ], [ 1051156.3139, 186169.0822 ], [ 1051030.0368, 186396.8054 ], [ 1050906.8261, 186619.8015 ], [ 1050866.8467, 186734.8201 ], [ 1051186.8833, 186752.0946 ], [ 1051359.7531, 186827.6235 ], [ 1051110.2982, 187267.4109 ], [ 1050968.7124, 187516.9523 ], [ 1050831.8675, 187758.1278 ], [ 1050644.7702, 188120.4888 ], [ 1050664.5144, 188202.8814 ], [ 1050686.7188, 188298.3966 ], [ 1050695.7478, 188343.5983 ], [ 1050689.8049, 188386.9373 ], [ 1050684.9933, 188422.2642 ], [ 1050675.0899, 188494.0102 ], [ 1050657.7724, 188640.0594 ], [ 1050644.7397, 188740.5789 ], [ 1050619.6311, 188896.0794 ], [ 1050609.731, 188966.7325 ], [ 1050812.4976, 189057.6411 ], [ 1051039.3372, 189168.2915 ], [ 1051262.5723, 189277.841 ], [ 1051298.2747, 189204.3448 ], [ 1051318.6372, 189162.1386 ], [ 1051542.9774, 189272.7868 ], [ 1051512.8544, 189334.2753 ], [ 1051487.1942, 189386.6678 ], [ 1051890.4713, 189576.5105 ], [ 1052011.5538, 189617.2886 ], [ 1052022.4339, 189594.3661 ], [ 1052067.9029, 189500.1314 ], [ 1052177.5821, 189552.5371 ], [ 1052132.3708, 189653.6946 ], [ 1052093.8749, 189733.7398 ], [ 1052205.4903, 189787.6084 ], [ 1052244.5442, 189706.4719 ], [ 1052291.6901, 189607.8704 ], [ 1052405.5264, 189661.0174 ], [ 1052375.1192, 189724.3256 ], [ 1052573.7802, 189889.9253 ], [ 1052675.9441, 189951.056 ], [ 1052806.1845, 189988.585 ], [ 1053032.7652, 190086.5017 ], [ 1053247.0484, 190217.1754 ], [ 1053471.0887, 190329.298 ], [ 1053487.2691, 190295.8256 ], [ 1053601.3717, 190350.8007 ], [ 1053720.272, 190085.5434 ], [ 1053800.2802, 190231.5046 ], [ 1053945.3851, 190500.0679 ], [ 1054100.9055, 190810.1957 ], [ 1054213.1435, 190740.9315 ], [ 1054229.5338, 190731.1418 ], [ 1054317.8724, 190679.2971 ], [ 1054351.7635, 190659.3567 ], [ 1054288.3617, 190526.5574 ], [ 1054350.3006, 190493.582 ], [ 1054375.9939, 190527.5389 ], [ 1054412.3676, 190512.342 ], [ 1056015.5936, 189854.672 ], [ 1057027.3742, 189462.3831 ], [ 1057066.7133, 189569.2499 ], [ 1057306.6188, 189474.1511 ], [ 1057550.4111, 189378.3378 ], [ 1057791.9888, 189281.7916 ], [ 1057842.2488, 189261.5413 ], [ 1058033.5684, 189185.2478 ], [ 1058133.5325, 189145.4752 ], [ 1058067.5078, 188968.5741 ], [ 1058466.463, 188833.8942 ], [ 1058430.487, 188717.1985 ], [ 1058362.1618, 188476.5317 ], [ 1058293.297, 188230.3985 ], [ 1058224.4276, 187985.3586 ], [ 1058139.6563, 187679.0629 ], [ 1058099.2979, 187543.0449 ], [ 1058091.3664, 187506.2234 ], [ 1058027.6874, 187285.9743 ], [ 1058019.1567, 187263.7242 ], [ 1057984.205, 187173.6285 ], [ 1057863.9791, 187215.5263 ], [ 1057685.0803, 186756.2928 ], [ 1057803.9345, 186710.018 ], [ 1057779.1622, 186646.9139 ], [ 1057755.2163, 186585.6339 ], [ 1057745.3027, 186561.9225 ], [ 1057685.2645, 186420.0164 ], [ 1057566.6744, 186470.3002 ], [ 1057290.7273, 185811.4885 ], [ 1057390.7116, 185769.1626 ], [ 1057406.8193, 185762.6531 ], [ 1057221.0386, 185279.3569 ], [ 1057183.5426, 185295.6391 ], [ 1057122.9378, 185155.5545 ], [ 1057047.6594, 185191.0332 ], [ 1056826.3187, 184721.8425 ], [ 1056536.6111, 184105.9896 ], [ 1056517.5812, 184068.7714 ], [ 1056261.2079, 183525.8872 ], [ 1056241.8878, 183492.6759 ], [ 1056228.1244, 183456.5665 ], [ 1055971.7446, 182911.4995 ], [ 1055959.9267, 182873.9386 ], [ 1055762.7655, 182469.6801 ], [ 1055881.6595, 182415.7451 ], [ 1055841.9595, 182331.4679 ], [ 1055876.9152, 182331.2066 ], [ 1056155.7198, 182332.03 ], [ 1056052.4403, 182171.0552 ], [ 1056259.3973, 182170.9389 ], [ 1056317.9328, 182171.1124 ], [ 1056398.9393, 182171.3528 ], [ 1056779.0081, 182171.0268 ], [ 1056682.1074, 182011.89 ], [ 1056599.2411, 181890.6856 ], [ 1056554.768, 181826.0669 ], [ 1056505.3215, 181754.5112 ], [ 1055598.3686, 181770.048 ], [ 1055435.3736, 181440.9446 ], [ 1055315.5006, 181259.1576 ], [ 1055235.2846, 181082.2232 ], [ 1055029.6997, 181179.6283 ], [ 1054681.7372, 180435.0206 ], [ 1054488.1968, 180107.6569 ], [ 1054484.005, 179638.0241 ], [ 1054516.0296, 179597.3117 ], [ 1054465.3495, 179468.9213 ], [ 1054304.541, 179525.657 ], [ 1054216.8521, 179337.7747 ], [ 1054007.9234, 178953.171 ], [ 1054151.9776, 178934.6397 ], [ 1054432.2568, 178918.6883 ], [ 1054443.4803, 178875.3655 ], [ 1054430.2402, 178848.3669 ], [ 1054355.7755, 178788.7663 ], [ 1054270.915, 178677.7656 ], [ 1054198.9024, 178633.4744 ], [ 1054123.6753, 178549.0979 ], [ 1054017.1594, 178442.0435 ], [ 1054020.7514, 178350.6071 ], [ 1054039.1548, 178222.416 ], [ 1054093.7126, 178065.1825 ], [ 1054136.9871, 177875.8557 ], [ 1054125.7439, 177829.5536 ], [ 1054049.8669, 177680.6892 ], [ 1054011.4501, 177627.7512 ], [ 1053958.8852, 177573.6797 ], [ 1053926.344, 177503.6351 ], [ 1053916.8173, 177439.1216 ], [ 1054061.9082, 177159.3687 ], [ 1054162.2386, 177103.5504 ], [ 1054217.98, 177114.6407 ], [ 1054577.0196, 177121.1418 ], [ 1054574.1096, 177071.949 ], [ 1054573.4195, 177022.7625 ], [ 1054574.3942, 176973.5809 ], [ 1054577.5877, 176924.77 ], [ 1054582.1518, 176881.7924 ], [ 1054589.8019, 176827.1652 ], [ 1054610.0578, 176731.4052 ], [ 1054623.2366, 176684.0806 ], [ 1054638.0792, 176637.1251 ], [ 1054654.8622, 176590.9039 ], [ 1054673.5855, 176545.417 ], [ 1054693.9706, 176501.0279 ], [ 1054766.8326, 176350.0426 ], [ 1054731.8525, 176355.7705 ], [ 1054606.7284, 176251.9385 ], [ 1054639.9551, 176180.9905 ], [ 1054622.006, 176150.6992 ], [ 1054594.0735, 176118.1931 ], [ 1054584.4426, 176090.1119 ], [ 1054628.6002, 176077.4882 ], [ 1054671.4084, 176051.7448 ], [ 1054678.1811, 176012.7812 ], [ 1054665.5411, 175969.7538 ], [ 1054648.6702, 175950.3955 ], [ 1054635.6661, 175937.242 ], [ 1054650.4354, 175915.7893 ], [ 1054683.2352, 175896.5749 ], [ 1054706.4169, 175844.9074 ], [ 1054699.9313, 175784.7743 ], [ 1054683.7905, 175704.9395 ], [ 1054643.4886, 175631.5926 ], [ 1054616.3573, 175513.8358 ], [ 1054584.6414, 175445.9788 ], [ 1054540.398, 175391.9301 ], [ 1054519.2234, 175325.1967 ], [ 1054485.0127, 175256.2396 ], [ 1054442.421, 175206.5679 ], [ 1054439.3404, 175120.213 ], [ 1054368.9983, 175070.4613 ], [ 1054356.1229, 175012.4958 ], [ 1054318.6001, 174936.9716 ], [ 1054261.387, 174857.0187 ], [ 1054243.5298, 174794.3027 ], [ 1054207.6084, 174740.6429 ], [ 1054189.6954, 174697.2363 ], [ 1054183.116, 174669.164 ], [ 1054127.5658, 174589.5806 ], [ 1054084.8151, 174498.0112 ], [ 1053176.5383, 175179.2641 ], [ 1052711.2951, 175528.4337 ], [ 1052228.7996, 175899.4237 ], [ 1051422.4106, 176499.782 ], [ 1049625.1421, 177837.4339 ], [ 1049419.1734, 177972.7755 ], [ 1049394.7006, 177993.4767 ], [ 1049269.0272, 178089.6874 ], [ 1049099.1796, 178207.6405 ], [ 1048958.801, 178304.5423 ], [ 1048800.8969, 178418.886 ], [ 1049224.9963, 178472.4795 ], [ 1049185.851, 178792.6202 ], [ 1049156.0534, 179041.3774 ], [ 1049130.9711, 179290.8759 ], [ 1048951.7923, 179269.6315 ], [ 1048710.7595, 179241.302 ], [ 1048689.7595, 179417.9459 ], [ 1048659.9668, 179667.0681 ], [ 1048627.3258, 179944.2362 ], [ 1049025.9424, 179868.0576 ], [ 1049128.3694, 179849.75 ], [ 1049163.8612, 179961.6938 ], [ 1048991.9813, 180014.4274 ], [ 1049013.6353, 180113.5827 ], [ 1049073.8909, 180094.7982 ], [ 1049110.2139, 180207.1086 ], [ 1049014.7041, 180233.0856 ], [ 1048597.8407, 180182.4295 ], [ 1048563.5606, 180450.4851 ] ] ] ] } },
{ "type": "Feature", "properties": { "ZCTA5CE20": "10465", "GEOID20": "10465", "CLASSFP20": "B5", "MTFCC20": "G6350", "FUNCSTAT20": "S", "ALAND20": 10153865, "AWATER20": 3147, "INTPTLAT20": "+40.8273295", "INTPTLON20": "-073.8221698" }, "geometry": { "type": "MultiPolygon", "coordinates": [ [ [ [ 1027751.0959, 241211.0797 ], [ 1027869.2327, 241229.8731 ], [ 1027868.6124, 241267.0344 ], [ 1027879.9556, 241268.8765 ], [ 1027890.4693, 241270.3528 ], [ 1027888.7275, 241315.5275 ], [ 1027889.4554, 241372.3654 ], [ 1028171.8891, 241439.9135 ], [ 1028749.4812, 241575.4074 ], [ 1028795.1267, 241584.5997 ], [ 1028850.109, 241633.1576 ], [ 1028946.0493, 241681.4269 ], [ 1029025.1357, 241714.7275 ], [ 1029099.5342, 241738.9113 ], [ 1029204.6431, 241767.16 ], [ 1029209.3862, 241746.4015 ], [ 1029251.1576, 241755.2231 ], [ 1029245.8597, 241776.7092 ], [ 1029219.9033, 241895.0707 ], [ 1029123.2605, 242376.5457 ], [ 1029051.197, 242737.1066 ], [ 1029015.4275, 243075.5101 ], [ 1028956.3841, 243580.3731 ], [ 1029159.0674, 243662.3594 ], [ 1029290.0845, 243741.6638 ], [ 1029523.4549, 243837.555 ], [ 1029823.3672, 243127.2942 ], [ 1029961.2846, 243216.4523 ], [ 1030078.2025, 243288.4476 ], [ 1030134.3149, 243321.3441 ], [ 1030217.5161, 243369.9586 ], [ 1030377.5703, 243458.0681 ], [ 1030537.0818, 243539.9838 ], [ 1030639.3729, 243589.7293 ], [ 1030672.2193, 243633.1483 ], [ 1031086.684, 243521.0009 ], [ 1031314.2906, 243447.4812 ], [ 1031412.3437, 243399.2149 ], [ 1031504.8926, 243335.636 ], [ 1031549.8614, 243263.9492 ], [ 1031670.6139, 243070.7218 ], [ 1031697.009, 243016.4872 ], [ 1031748.4087, 242911.6586 ], [ 1032100.784, 243140.427 ], [ 1032338.7212, 243303.0281 ], [ 1032422.9235, 243402.6595 ], [ 1032507.3229, 243542.0044 ], [ 1032538.7179, 243617.8492 ], [ 1032567.5546, 243727.5724 ], [ 1032562.3058, 243862.0026 ], [ 1032523.2856, 244002.5592 ], [ 1032484.3296, 244111.0544 ], [ 1032441.9166, 244288.4026 ], [ 1032436.0159, 244472.7458 ], [ 1032428.9498, 244686.5982 ], [ 1032421.8795, 244902.6365 ], [ 1032406.0457, 245351.4695 ], [ 1032371.2795, 245859.6522 ], [ 1032326.6666, 246450.5202 ], [ 1032446.8307, 246409.2243 ], [ 1032509.6856, 246385.6674 ], [ 1032507.0091, 246896.1001 ], [ 1032489.6933, 247255.3032 ], [ 1032472.7737, 247415.5785 ], [ 1032506.7046, 247465.9247 ], [ 1032531.5639, 247486.7415 ], [ 1032479.2461, 247638.9308 ], [ 1032422.7819, 247789.6547 ], [ 1032355.2227, 247954.9302 ], [ 1032315.7566, 248045.2078 ], [ 1032270.1904, 248142.3959 ], [ 1032230.4288, 248242.5102 ], [ 1032198.9796, 248336.4473 ], [ 1032175.0165, 248422.3839 ], [ 1032155.4773, 248509.7865 ], [ 1032142.3287, 248583.3569 ], [ 1032117.2841, 248796.8099 ], [ 1032116.8797, 249001.5674 ], [ 1032135.8188, 249217.6577 ], [ 1032177.2174, 249407.9244 ], [ 1032242.6925, 249593.8667 ], [ 1032345.5193, 250056.0523 ], [ 1032381.2869, 250154.8591 ], [ 1032406.3956, 250188.0639 ], [ 1032456.7864, 250306.2099 ], [ 1032488.6157, 250437.4352 ], [ 1032492.245, 250559.8603 ], [ 1032479.3463, 250646.9117 ], [ 1032467.613, 250704.4539 ], [ 1032413.7419, 250806.726 ], [ 1032379.0163, 250880.2535 ], [ 1032340.8063, 251036.8435 ], [ 1032256.9058, 251217.0249 ], [ 1032251.2671, 251270.5716 ], [ 1032238.6153, 251373.2902 ], [ 1032231.5841, 251431.5705 ], [ 1032223.1186, 251515.7161 ], [ 1032080.9458, 252209.1369 ], [ 1032058.6688, 252283.7825 ], [ 1032038.8938, 252352.2393 ], [ 1032046.6319, 252355.8979 ], [ 1032097.7638, 252377.4949 ], [ 1032106.3318, 252381.1552 ], [ 1032504.6014, 252550.9985 ], [ 1032732.042, 252658.5683 ], [ 1033910.2579, 253145.1615 ], [ 1034071.5025, 253289.0422 ], [ 1034368.8601, 253554.8947 ], [ 1034498.8006, 253319.0718 ], [ 1034015.8119, 252795.2478 ], [ 1033828.7819, 252679.0045 ], [ 1034033.4597, 252552.9984 ], [ 1034591.7566, 253045.2814 ], [ 1034803.7024, 253015.8468 ], [ 1035031.7687, 253081.9049 ], [ 1035619.3104, 253072.5775 ], [ 1035709.6113, 253013.3818 ], [ 1035840.4368, 252889.0559 ], [ 1035912.8478, 252788.2881 ], [ 1035976.1683, 252670.0129 ], [ 1036035.0645, 252551.364 ], [ 1036080.4958, 252391.1518 ], [ 1036125.7017, 252207.2571 ], [ 1036153.8906, 251703.0718 ], [ 1036251.2087, 250439.3878 ], [ 1035273.5882, 250425.2865 ], [ 1035183.4035, 250425.0968 ], [ 1035138.3478, 250407.5138 ], [ 1035052.9905, 250347.9475 ], [ 1035003.6709, 250252.7516 ], [ 1034972.4319, 250110.2297 ], [ 1034959.1492, 249979.7685 ], [ 1034945.7674, 249896.6712 ], [ 1034941.5148, 249813.5931 ], [ 1034955.3191, 249694.8475 ], [ 1034982.3279, 249611.8347 ], [ 1035054.7816, 249493.5764 ], [ 1035149.5584, 249416.5354 ], [ 1035212.7599, 249357.281 ], [ 1035248.9869, 249232.7533 ], [ 1035249.2238, 249120.1731 ], [ 1035249.3741, 249048.763 ], [ 1035466.3581, 248746.8194 ], [ 1035245.909, 248591.8749 ], [ 1035183.1983, 248284.9699 ], [ 1035301.3786, 247738.7106 ], [ 1035250.1226, 247641.3243 ], [ 1035272.8212, 247635.9069 ], [ 1035417.3176, 247732.397 ], [ 1035431.985, 247730.6062 ], [ 1035458.3495, 247692.4064 ], [ 1035499.1181, 247646.2216 ], [ 1035519.7143, 247588.3353 ], [ 1035505.4329, 247538.3907 ], [ 1035387.2113, 247445.9633 ], [ 1035431.0928, 247366.9945 ], [ 1035661.4603, 247546.3723 ], [ 1035712.7795, 247483.0863 ], [ 1035441.7965, 247277.0255 ], [ 1035499.1602, 247233.7904 ], [ 1035511.6329, 246961.656 ], [ 1035599.8737, 246971.3156 ], [ 1035683.1017, 246996.2671 ], [ 1035751.9863, 247000.4211 ], [ 1035797.1509, 246969.5483 ], [ 1035823.513, 246933.1705 ], [ 1035848.5701, 246859.9918 ], [ 1035867.8325, 246779.5141 ], [ 1035864.8589, 246746.7173 ], [ 1035780.26, 246715.5685 ], [ 1035515.8894, 246649.7913 ], [ 1035492.6604, 246643.9127 ], [ 1035414.2921, 246675.4446 ], [ 1035176.9844, 246897.1912 ], [ 1035044.6385, 246809.1079 ], [ 1034467.6188, 246874.9438 ], [ 1034779.7281, 246736.4152 ], [ 1035083.1544, 246386.1918 ], [ 1035250.565, 246247.7306 ], [ 1035383.1293, 245577.6275 ], [ 1035512.6649, 245034.6729 ], [ 1035301.3615, 244988.3203 ], [ 1035069.3676, 244647.9054 ], [ 1035062.5686, 244327.2737 ], [ 1035052.7078, 243883.1251 ], [ 1035264.1161, 243095.5063 ], [ 1035270.0201, 243051.4338 ], [ 1035394.5053, 242152.875 ], [ 1035465.1431, 241988.7079 ], [ 1035684.7242, 241667.4627 ], [ 1035924.6408, 241286.5115 ], [ 1036038.4017, 240889.2621 ], [ 1035911.6822, 240744.3498 ], [ 1035766.1868, 240578.2667 ], [ 1035784.8599, 240386.6649 ], [ 1035680.582, 240228.321 ], [ 1035730.8413, 240150.0952 ], [ 1035781.3769, 240072.2344 ], [ 1035800.7205, 239565.4824 ], [ 1035944.5157, 239493.2855 ], [ 1035985.7265, 239506.1252 ], [ 1035983.5987, 239595.3832 ], [ 1036136.946, 239715.5779 ], [ 1036346.768, 239699.2684 ], [ 1036607.1298, 239861.2307 ], [ 1036922.8906, 239999.9985 ], [ 1037257.5695, 240218.6017 ], [ 1037601.0734, 240071.4342 ], [ 1037795.0007, 239606.9673 ], [ 1037885.1065, 239035.5214 ], [ 1037870.7253, 238905.4212 ], [ 1037952.0906, 238783.184 ], [ 1037994.404, 238673.2479 ], [ 1037981.4675, 238640.7933 ], [ 1037939.923, 238528.4854 ], [ 1037938.456, 238441.0412 ], [ 1038021.7888, 238306.0569 ], [ 1038020.7524, 238149.3896 ], [ 1038327.1825, 237762.4166 ], [ 1038641.5021, 237441.0458 ], [ 1038882.823, 237458.7122 ], [ 1038994.316, 237482.2812 ], [ 1039092.3252, 237470.8439 ], [ 1039248.3296, 237395.0509 ], [ 1039288.4376, 237406.8007 ], [ 1039368.7063, 237406.983 ], [ 1039417.7245, 237395.4357 ], [ 1039462.1841, 237319.3905 ], [ 1039456.5681, 237233.0298 ], [ 1039979.7461, 236974.4545 ], [ 1040060.0297, 236968.8097 ], [ 1040144.8236, 236927.835 ], [ 1040144.7097, 236857.1534 ], [ 1040242.0667, 236650.0703 ], [ 1040280.7327, 236567.4551 ], [ 1040239.2869, 236535.2978 ], [ 1040112.1574, 236569.2522 ], [ 1039993.3913, 236457.1275 ], [ 1039865.9824, 236492.1756 ], [ 1039729.1143, 236306.4146 ], [ 1039598.3337, 236120.6682 ], [ 1039531.8725, 236011.5799 ], [ 1039407.5698, 235897.2595 ], [ 1039300.9476, 235797.9176 ], [ 1039186.8368, 235704.7529 ], [ 1039160.6757, 235522.5253 ], [ 1039029.9949, 235533.8885 ], [ 1038965.0391, 235491.8431 ], [ 1038935.0729, 235400.327 ], [ 1038836.6461, 235347.6408 ], [ 1038772.4043, 235356.969 ], [ 1038710.3231, 235390.3484 ], [ 1038654.3115, 235432.8501 ], [ 1038730.3152, 235609.3597 ], [ 1038750.0465, 235697.9378 ], [ 1038672.7291, 235860.2583 ], [ 1038571.6459, 236005.402 ], [ 1038506.953, 236093.4267 ], [ 1038442.5636, 236169.7934 ], [ 1038340.0592, 236332.7874 ], [ 1038215.189, 236471.6858 ], [ 1038094.0027, 236572.702 ], [ 1038025.5373, 236615.9061 ], [ 1037931.527, 236695.1232 ], [ 1037870.2018, 236764.2115 ], [ 1037830.4372, 236846.8281 ], [ 1037789.4659, 236849.2879 ], [ 1037740.2181, 236839.3421 ], [ 1037652.5157, 236820.2033 ], [ 1037650.3382, 236803.439 ], [ 1037656.8466, 236738.9657 ], [ 1037679.909, 236698.9395 ], [ 1037710.4322, 236664.7591 ], [ 1037707.4516, 236635.6056 ], [ 1037723.1194, 236559.8581 ], [ 1037823.9716, 236390.6641 ], [ 1038016.8784, 236276.6894 ], [ 1038092.051, 236205.0818 ], [ 1038117.3501, 236030.9851 ], [ 1038111.5711, 235641.8607 ], [ 1038215.9178, 235397.9871 ], [ 1038217.1385, 235346.9827 ], [ 1038232.579, 235250.1036 ], [ 1038280.0472, 235190.4581 ], [ 1038301.3635, 235189.7769 ], [ 1038335.3759, 235205.8836 ], [ 1038356.6905, 235205.9311 ], [ 1038373.6087, 235191.3954 ], [ 1038398.5594, 235174.6916 ], [ 1038478.1964, 235213.125 ], [ 1038488.4849, 235192.3808 ], [ 1038524.7133, 235207.764 ], [ 1038582.4588, 235132.84 ], [ 1038661.0418, 235024.0795 ], [ 1038714.4802, 234895.2244 ], [ 1038698.4967, 234863.1269 ], [ 1038701.6456, 234816.8632 ], [ 1038732.5043, 234758.2743 ], [ 1038775.2958, 234686.5962 ], [ 1038808.6298, 234635.2997 ], [ 1038843.0441, 234596.0289 ], [ 1038887.4544, 234543.3001 ], [ 1038937.6939, 234483.6622 ], [ 1039028.7717, 234482.4104 ], [ 1039105.0015, 234559.0934 ], [ 1039221.2674, 234681.0451 ], [ 1039280.8895, 234634.5452 ], [ 1039238.7095, 234557.9389 ], [ 1039320.7438, 234516.2263 ], [ 1039595.7692, 234333.5912 ], [ 1039973.648, 234328.2629 ], [ 1040123.2463, 234279.4217 ], [ 1040810.7406, 233865.3076 ], [ 1041382.9642, 233506.6847 ], [ 1041424.5493, 233481.2791 ], [ 1041485.5705, 233431.509 ], [ 1041728.3838, 233302.7439 ], [ 1041805.3822, 233286.8957 ], [ 1041941.8379, 233297.4214 ], [ 1042003.3154, 233289.188 ], [ 1042027.8575, 233329.6878 ], [ 1042063.196, 233370.2134 ], [ 1042064.4742, 233414.6654 ], [ 1042041.4005, 233455.0518 ], [ 1042030.0087, 233472.5128 ], [ 1042030.4886, 233503.4825 ], [ 1042088.9143, 233497.7924 ], [ 1042139.6809, 233453.4645 ], [ 1042161.4384, 233384.6569 ], [ 1042148.036, 233200.635 ], [ 1042283.4898, 233051.5809 ], [ 1042326.6423, 232950.3987 ], [ 1042357.7198, 232805.1029 ], [ 1042329.0389, 232643.2689 ], [ 1042228.1394, 232465.2313 ], [ 1042149.4255, 232386.711 ], [ 1041936.6921, 232318.4375 ], [ 1041822.8968, 232322.9034 ], [ 1041612.4173, 232354.4662 ], [ 1041436.2966, 232373.7244 ], [ 1041392.4235, 232429.3645 ], [ 1041291.0741, 232557.0079 ], [ 1041184.9316, 232604.1222 ], [ 1041108.9132, 232555.4871 ], [ 1041126.6953, 232528.2036 ], [ 1041095.1965, 232501.8975 ], [ 1041129.0289, 232477.5663 ], [ 1041102.2671, 232438.1552 ], [ 1040912.3658, 232549.9264 ], [ 1040537.8655, 232757.4546 ], [ 1040458.8507, 232806.821 ], [ 1040467.1281, 232818.8633 ], [ 1040542.5295, 232775.6822 ], [ 1040558.5305, 232799.7655 ], [ 1041022.2849, 232545.0827 ], [ 1041144.1834, 232626.251 ], [ 1041182.2048, 232704.3082 ], [ 1040917.4858, 232965.2817 ], [ 1040780.7848, 233058.9614 ], [ 1040718.8016, 232927.6559 ], [ 1040624.819, 232985.0024 ], [ 1040607.4442, 232956.5438 ], [ 1040525.096, 233011.003 ], [ 1040434.6625, 233090.2186 ], [ 1040214.3383, 233192.8163 ], [ 1039919.8582, 233400.9032 ], [ 1039583.343, 233713.4623 ], [ 1039274.7705, 233915.3312 ], [ 1039211.6141, 234054.7288 ], [ 1039130.6883, 234095.3512 ], [ 1039017.9631, 234120.2355 ], [ 1038862.2792, 234167.6125 ], [ 1038783.3838, 234167.4349 ], [ 1038692.4121, 234120.9598 ], [ 1038601.5077, 234044.2452 ], [ 1038600.4616, 234016.9177 ], [ 1038579.8677, 233941.8182 ], [ 1038563.071, 233901.7036 ], [ 1038528.7336, 233906.3631 ], [ 1038503.3098, 234010.142 ], [ 1038435.0417, 234085.407 ], [ 1038306.068, 234196.9705 ], [ 1038189.3186, 234289.2519 ], [ 1038054.3136, 234375.2997 ], [ 1037949.4621, 234470.8878 ], [ 1037861.8727, 234522.0654 ], [ 1037760.9263, 234604.9112 ], [ 1037622.1743, 234759.8127 ], [ 1037552.7029, 234880.984 ], [ 1037456.317, 235031.2433 ], [ 1037239.6174, 235262.4868 ], [ 1037070.4272, 235415.5033 ], [ 1036940.3872, 235514.3199 ], [ 1036840.6138, 235570.2112 ], [ 1036749.5473, 235568.1922 ], [ 1036656.0478, 235539.2073 ], [ 1036568.5412, 235555.0492 ], [ 1036478.4713, 235604.4048 ], [ 1036400.7082, 235594.7646 ], [ 1036315.7277, 235594.582 ], [ 1036224.698, 235575.4412 ], [ 1035978.7596, 235636.4882 ], [ 1035638.7378, 235683.1289 ], [ 1034944.2995, 235778.5807 ], [ 1034078.6439, 235545.7969 ], [ 1033946.5159, 235589.2461 ], [ 1033268.7575, 235377.6444 ], [ 1033038.9291, 235276.624 ], [ 1032808.8212, 235175.9696 ], [ 1032320.858, 234865.3114 ], [ 1031428.7642, 234817.2886 ], [ 1031205.1533, 234643.7948 ], [ 1031019.2643, 234430.2989 ], [ 1030871.5655, 234221.2498 ], [ 1030785.5967, 234012.3201 ], [ 1030755.0007, 233799.1247 ], [ 1030766.0773, 233508.7701 ], [ 1030828.4105, 233340.9308 ], [ 1030916.3005, 233271.876 ], [ 1030910.0966, 233186.9737 ], [ 1030856.3144, 233082.3059 ], [ 1030846.2198, 233005.0472 ], [ 1030886.8989, 232869.5924 ], [ 1030875.3016, 232709.991 ], [ 1030871.7972, 232660.7989 ], [ 1030869.6378, 232632.0122 ], [ 1030850.2874, 232617.0372 ], [ 1030843.3769, 232611.5589 ], [ 1030806.0582, 232582.7047 ], [ 1030771.2276, 232555.677 ], [ 1030516.0114, 232537.3363 ], [ 1030067.9402, 232608.9885 ], [ 1029674.4313, 232817.0127 ], [ 1029518.8962, 232938.41 ], [ 1029102.3243, 233048.3941 ], [ 1028814.7408, 233772.8925 ], [ 1028422.5366, 235104.5523 ], [ 1028520.487, 235734.3041 ], [ 1028564.4744, 236050.9927 ], [ 1028573.4506, 236440.4848 ], [ 1028577.0347, 236599.7064 ], [ 1028542.9892, 236750.8439 ], [ 1028474.6225, 237053.1184 ], [ 1028517.0304, 237172.6982 ], [ 1028650.0722, 237527.0767 ], [ 1028743.1329, 237645.2924 ], [ 1028886.8602, 237905.3286 ], [ 1028848.3894, 238205.107 ], [ 1028900.8138, 238594.6795 ], [ 1028907.9371, 238784.5122 ], [ 1028787.334, 239198.177 ], [ 1028201.2583, 240352.4202 ], [ 1028003.2006, 240910.5908 ], [ 1027992.3587, 240937.5322 ], [ 1027982.9177, 240955.0033 ], [ 1027974.0322, 240971.3825 ], [ 1027875.8096, 240958.4537 ], [ 1027796.4051, 240945.9235 ], [ 1027791.6428, 240977.9766 ], [ 1027790.7844, 240993.6416 ], [ 1027795.3432, 241074.897 ], [ 1027791.417, 241103.6726 ], [ 1027772.1999, 241171.4048 ], [ 1027768.8684, 241177.2282 ], [ 1027751.0959, 241211.0797 ] ] ] ] } },
{ "type": "Feature", "properties": { "ZCTA5CE20": "11693", "GEOID20": "11693", "CLASSFP20": "B5", "MTFCC20": "G6350", "FUNCSTAT20": "S", "ALAND20": 2560690, "AWATER20": 3120, "INTPTLAT20": "+40.5916616", "INTPTLON20": "-073.8096677" }, "geometry": { "type": "MultiPolygon", "coordinates": [ [ [ [ 1034219.5723, 153180.3777 ], [ 1034422.6083, 153315.2318 ], [ 1034546.591, 153398.1898 ], [ 1034495.3011, 153487.3437 ], [ 1034485.1314, 153570.0247 ], [ 1034497.0602, 153576.9715 ], [ 1034567.1912, 153644.1525 ], [ 1034586.3315, 153655.8505 ], [ 1034626.0068, 153676.3349 ], [ 1034646.8203, 153684.7575 ], [ 1034667.636, 153692.0871 ], [ 1034695.3825, 153705.6247 ], [ 1034722.015, 153720.6173 ], [ 1034743.9273, 153734.8715 ], [ 1034772.491, 153756.0617 ], [ 1034799.1211, 153772.1473 ], [ 1034823.5164, 153794.4219 ], [ 1034909.2192, 153852.1637 ], [ 1034961.3611, 153887.612 ], [ 1034954.9252, 153910.5511 ], [ 1034947.3791, 153933.1236 ], [ 1034912.8064, 153996.8086 ], [ 1034899.4225, 154021.9192 ], [ 1034903.584, 154024.1139 ], [ 1034911.6514, 154017.9371 ], [ 1034928.5746, 154027.0805 ], [ 1034937.1747, 154031.8347 ], [ 1034934.9376, 154039.1165 ], [ 1034959.9145, 154048.6411 ], [ 1034974.436, 154010.7814 ], [ 1035016.887, 154031.6365 ], [ 1035019.0884, 154041.4779 ], [ 1035030.4553, 154051.3385 ], [ 1035040.4524, 154052.088 ], [ 1035055.4534, 154050.662 ], [ 1035079.3604, 154040.5108 ], [ 1035103.8206, 154031.4538 ], [ 1035127.7093, 154030.0464 ], [ 1035136.0248, 154038.079 ], [ 1035148.253, 154034.4613 ], [ 1035162.1126, 154047.606 ], [ 1035193.437, 154076.4534 ], [ 1035210.6622, 154073.9392 ], [ 1035228.9724, 154083.8143 ], [ 1035243.9559, 154090.7679 ], [ 1035258.908, 154112.6588 ], [ 1035271.6596, 154124.344 ], [ 1035286.3897, 154119.6387 ], [ 1035310.524, 154133.5337 ], [ 1035353.5155, 154161.3127 ], [ 1035383.7615, 154174.492 ], [ 1035406.2461, 154180.3685 ], [ 1035562.6826, 154279.4303 ], [ 1035580.9679, 154300.9641 ], [ 1035594.5224, 154326.8599 ], [ 1035620.7782, 154388.1221 ], [ 1035639.8766, 154419.1301 ], [ 1035663.9635, 154455.2493 ], [ 1035673.638, 154477.1293 ], [ 1035703.2941, 154506.3381 ], [ 1035743.8102, 154522.0898 ], [ 1035792.9516, 154530.5734 ], [ 1035824.9143, 154519.7114 ], [ 1035862.1547, 154508.4962 ], [ 1035902.6886, 154515.8688 ], [ 1035942.9215, 154534.1705 ], [ 1035986.1946, 154559.401 ], [ 1036041.3863, 154595.9511 ], [ 1036087.9633, 154634.6688 ], [ 1036114.8375, 154665.6938 ], [ 1036022.1245, 154903.037 ], [ 1036031.8365, 154907.0653 ], [ 1036120.9282, 154674.815 ], [ 1036135.3151, 154700.7128 ], [ 1036145.5384, 154725.5088 ], [ 1036160.5033, 154740.8424 ], [ 1036189.9352, 154744.5485 ], [ 1036242.4072, 154753.7687 ], [ 1036264.057, 154760.0085 ], [ 1036290.4198, 154770.266 ], [ 1036318.1525, 154789.2703 ], [ 1036335.3711, 154789.6715 ], [ 1036351.2111, 154785.3335 ], [ 1036380.6827, 154770.4593 ], [ 1036396.2404, 154768.3067 ], [ 1036423.7101, 154780.3883 ], [ 1036460.8543, 154813.986 ], [ 1036479.4451, 154822.0411 ], [ 1036509.6779, 154840.6867 ], [ 1036546.0059, 154866.2676 ], [ 1036583.1435, 154902.78 ], [ 1036598.6267, 154935.2384 ], [ 1036598.4895, 154998.9952 ], [ 1036592.2767, 155046.7085 ], [ 1036583.3424, 155068.5489 ], [ 1036600.8064, 155083.8881 ], [ 1036592.9767, 155108.6455 ], [ 1036597.0987, 155129.0566 ], [ 1036593.6264, 155193.8992 ], [ 1036584.555, 155279.4963 ], [ 1036580.8654, 155316.2854 ], [ 1036584.1816, 155323.9433 ], [ 1036599.4221, 155340.0065 ], [ 1036607.4589, 155348.039 ], [ 1036608.8961, 155325.4538 ], [ 1036607.3176, 155284.6459 ], [ 1036611.0174, 155243.1207 ], [ 1036619.4433, 155199.4197 ], [ 1036621.3081, 155107.2491 ], [ 1036630.0385, 155051.1617 ], [ 1036640.6863, 155007.4655 ], [ 1036650.5913, 154921.8702 ], [ 1036699.7401, 154926.348 ], [ 1036738.8922, 154930.0757 ], [ 1036756.3452, 154950.5156 ], [ 1036771.5158, 154999.0038 ], [ 1036774.5283, 155018.6839 ], [ 1036769.7668, 155037.2542 ], [ 1036789.4651, 155046.7692 ], [ 1036753.3228, 155192.786 ], [ 1036710.8407, 155187.9581 ], [ 1036633.3814, 155175.4041 ], [ 1036626.9349, 155331.6862 ], [ 1036719.8544, 155386.8997 ], [ 1036732.3796, 155374.1753 ], [ 1036636.3855, 155328.0633 ], [ 1036636.7871, 155270.5006 ], [ 1036807.7816, 155310.2167 ], [ 1036809.7407, 155303.2987 ], [ 1036636.802, 155263.5784 ], [ 1036641.1413, 155183.0717 ], [ 1036757.1654, 155213.9252 ], [ 1036797.7923, 155048.9732 ], [ 1036854.6928, 155064.7622 ], [ 1036962.3813, 155097.4203 ], [ 1037009.9053, 155082.586 ], [ 1037025.1472, 155097.9207 ], [ 1037043.1782, 155107.7966 ], [ 1037001.698, 155409.3688 ], [ 1037022.2496, 155409.4133 ], [ 1037044.7461, 155409.0978 ], [ 1037080.0013, 155160.7039 ], [ 1037093.0506, 155162.5538 ], [ 1037083.6941, 155250.7005 ], [ 1037075.0751, 155255.0537 ], [ 1037073.9151, 155277.6394 ], [ 1037089.4876, 155268.565 ], [ 1037104.1201, 155180.7942 ], [ 1037110.4952, 155186.6373 ], [ 1037119.9181, 155195.7659 ], [ 1037124.8839, 155211.0784 ], [ 1037155.2454, 155297.854 ], [ 1037155.9985, 155334.6526 ], [ 1037148.95, 155383.0927 ], [ 1037100.488, 155574.2586 ], [ 1037111.5756, 155584.1195 ], [ 1037123.7835, 155589.611 ], [ 1037141.2745, 155592.1993 ], [ 1037162.9773, 155573.6658 ], [ 1037182.2337, 155530.7172 ], [ 1037199.2137, 155512.9022 ], [ 1037221.9759, 155518.0523 ], [ 1037246.9576, 155524.3003 ], [ 1037261.6721, 155526.5183 ], [ 1037313.1305, 155490.1978 ], [ 1037401.025, 155429.1829 ], [ 1037429.4006, 155407.3853 ], [ 1037451.0951, 155392.8597 ], [ 1037496.9875, 155361.9924 ], [ 1037515.6126, 155354.018 ], [ 1037583.7177, 155325.7497 ], [ 1037597.9009, 155317.037 ], [ 1037626.8347, 155294.1479 ], [ 1037664.3933, 155264.3556 ], [ 1037708.888, 155237.8575 ], [ 1037736.1517, 155216.7865 ], [ 1037756.1897, 155197.8856 ], [ 1037789.2721, 155183.021 ], [ 1037816.2558, 155163.0425 ], [ 1037839.3377, 155149.2489 ], [ 1037871.6007, 155128.1891 ], [ 1037893.579, 155111.1142 ], [ 1037930.7849, 155115.5682 ], [ 1037959.4078, 155107.9805 ], [ 1038005.0148, 155081.1211 ], [ 1038043.1072, 155061.5317 ], [ 1038075.6442, 155042.2944 ], [ 1038112.9099, 155019.7886 ], [ 1038141.2947, 154994.3486 ], [ 1038149.1696, 154949.9183 ], [ 1038151.5473, 154879.6086 ], [ 1038159.2729, 154777.25 ], [ 1038166.0022, 154748.4832 ], [ 1038184.9833, 154705.5348 ], [ 1038189.4868, 154678.5846 ], [ 1038185.4605, 154615.5472 ], [ 1038188.3243, 154576.5707 ], [ 1038205.0134, 154565.3136 ], [ 1038213.5771, 154586.0992 ], [ 1038211.8622, 154607.9549 ], [ 1038208.9782, 154656.0396 ], [ 1038210.0528, 154672.4367 ], [ 1038204.4004, 154716.5076 ], [ 1038199.0297, 154758.7575 ], [ 1038186.3452, 154842.8888 ], [ 1038182.9486, 154871.663 ], [ 1038180.0954, 154905.9033 ], [ 1038178.3515, 154940.8748 ], [ 1038180.2326, 154969.2964 ], [ 1038201.6138, 154971.1654 ], [ 1038231.9122, 154959.5742 ], [ 1038260.8341, 154942.5151 ], [ 1038293.9301, 154921.822 ], [ 1038309.2248, 154913.1121 ], [ 1038330.0788, 154902.2287 ], [ 1038366.5005, 154884.822 ], [ 1038397.9246, 154866.6756 ], [ 1038439.9228, 154839.4447 ], [ 1038488.3123, 154810.7707 ], [ 1038516.1066, 154801.3602 ], [ 1038550.3025, 154785.7705 ], [ 1038588.6702, 154767.6399 ], [ 1038606.7228, 154767.6802 ], [ 1038615.5598, 154790.2882 ], [ 1038621.6267, 154809.611 ], [ 1038628.7443, 154855.8964 ], [ 1038630.3268, 154893.4255 ], [ 1038630.2609, 154922.9358 ], [ 1038639.6149, 154962.6682 ], [ 1038632.9331, 154969.9398 ], [ 1038599.5705, 154985.5313 ], [ 1038568.425, 155003.3137 ], [ 1038541.4462, 155020.7412 ], [ 1038498.0708, 155042.8683 ], [ 1038458.3142, 155061.3603 ], [ 1038417.7212, 155081.3079 ], [ 1038375.1809, 155102.7084 ], [ 1038315.6612, 155141.1947 ], [ 1038300.0914, 155148.8109 ], [ 1038265.3455, 155162.2138 ], [ 1038235.3081, 155181.4564 ], [ 1038194.9802, 155207.2341 ], [ 1038128.8037, 155242.0628 ], [ 1038109.6164, 155252.9501 ], [ 1038070.6806, 155277.2738 ], [ 1038053.9953, 155287.0737 ], [ 1038032.8631, 155298.3211 ], [ 1037989.2062, 155322.6345 ], [ 1037936.3764, 155350.571 ], [ 1037882.9904, 155378.8707 ], [ 1037840.1686, 155402.4575 ], [ 1037816.2802, 155404.2265 ], [ 1037808.2406, 155397.6509 ], [ 1037781.8488, 155401.2361 ], [ 1037762.3968, 155406.2939 ], [ 1037747.0939, 155419.0117 ], [ 1037726.503, 155436.8184 ], [ 1037696.1726, 155463.3475 ], [ 1037668.6219, 155488.7899 ], [ 1037648.0407, 155502.2247 ], [ 1037630.5266, 155510.2015 ], [ 1037612.7107, 155529.1074 ], [ 1037605.742, 155540.7505 ], [ 1037594.8709, 155558.943 ], [ 1037581.2001, 155587.3305 ], [ 1037566.4353, 155608.0647 ], [ 1037564.4553, 155624.4551 ], [ 1037579.4004, 155648.169 ], [ 1037596.8785, 155656.5868 ], [ 1037609.6106, 155676.2884 ], [ 1037613.7597, 155683.9483 ], [ 1037623.1606, 155702.9139 ], [ 1037625.3145, 155733.8864 ], [ 1037627.786, 155746.6432 ], [ 1037615.8152, 155759.7327 ], [ 1037604.6744, 155774.2813 ], [ 1037599.9284, 155785.565 ], [ 1037587.6911, 155793.5534 ], [ 1037578.2079, 155812.1132 ], [ 1037596.5254, 155817.6183 ], [ 1037601.4797, 155838.0314 ], [ 1037602.2705, 155857.3424 ], [ 1037620.0046, 155875.5977 ], [ 1037642.9849, 155907.7088 ], [ 1037651.2581, 155934.3228 ], [ 1037680.0929, 155956.2457 ], [ 1037703.6685, 155970.1419 ], [ 1037715.5448, 156000.0427 ], [ 1037726.611, 156019.3763 ], [ 1037727.6891, 156034.3161 ], [ 1037724.0283, 156057.2606 ], [ 1037733.1649, 156070.0321 ], [ 1037748.9732, 156079.9037 ], [ 1037763.1007, 156096.3294 ], [ 1037773.048, 156119.3039 ], [ 1037784.1038, 156143.3737 ], [ 1037790.1807, 156158.3245 ], [ 1037806.7939, 156180.9493 ], [ 1037814.7907, 156206.8341 ], [ 1037820.3266, 156215.2258 ], [ 1037840.8438, 156230.5727 ], [ 1037864.1599, 156236.0889 ], [ 1037878.8587, 156245.2295 ], [ 1037891.5846, 156267.4814 ], [ 1037921.5827, 156265.3617 ], [ 1037957.1198, 156270.1763 ], [ 1037981.8219, 156276.7887 ], [ 1038032.0513, 156293.6588 ], [ 1038060.9086, 156305.0167 ], [ 1038110.0448, 156313.8693 ], [ 1038136.4583, 156300.0833 ], [ 1038163.9819, 156286.6643 ], [ 1038186.2193, 156277.6054 ], [ 1038224.0476, 156251.0935 ], [ 1038272.4169, 156230.0699 ], [ 1038296.332, 156215.9143 ], [ 1038308.2795, 156213.3906 ], [ 1038323.5903, 156197.0299 ], [ 1038344.1631, 156187.2388 ], [ 1038388.6398, 156168.3928 ], [ 1038422.565, 156148.7947 ], [ 1038450.106, 156127.7251 ], [ 1038468.1958, 156110.6421 ], [ 1038496.0227, 156085.9299 ], [ 1038496.6318, 156061.8857 ], [ 1038511.9558, 156039.696 ], [ 1038541.4288, 156024.0957 ], [ 1038557.5942, 155998.2646 ], [ 1038568.7477, 155978.2516 ], [ 1038580.1732, 155960.7894 ], [ 1038603.5878, 155922.2232 ], [ 1038623.3702, 155893.4856 ], [ 1038651.2089, 155863.6731 ], [ 1038680.5211, 155795.9739 ], [ 1038675.8504, 155773.3753 ], [ 1038680.4627, 155697.97 ], [ 1038681.0964, 155662.9961 ], [ 1038675.6226, 155626.9156 ], [ 1038676.5202, 155598.1358 ], [ 1038671.5644, 155578.8154 ], [ 1038664.3444, 155578.4349 ], [ 1038650.1903, 155574.0314 ], [ 1038667.84, 155505.5775 ], [ 1038671.8064, 155470.611 ], [ 1038682.6874, 155448.4115 ], [ 1038702.1819, 155424.4096 ], [ 1038726.9394, 155406.613 ], [ 1038753.3804, 155381.1694 ], [ 1038752.5709, 155370.6021 ], [ 1038746.4927, 155356.3798 ], [ 1038743.1927, 155341.7993 ], [ 1038774.5855, 155337.4978 ], [ 1038784.5428, 155355.7364 ], [ 1038790.6388, 155361.9436 ], [ 1038886.0517, 155294.0287 ], [ 1038941.4347, 155242.7831 ], [ 1038953.4064, 155229.6943 ], [ 1038969.2352, 155230.4585 ], [ 1038981.9893, 155239.9597 ], [ 1039027.8052, 155244.0704 ], [ 1039118.3244, 155253.0182 ], [ 1039121.2389, 155192.1823 ], [ 1038870.2233, 155169.3936 ], [ 1038924.1499, 154530.4865 ], [ 1038540.3983, 154494.6518 ], [ 1038316.8554, 154478.8523 ], [ 1038297.6784, 154234.7111 ], [ 1038411.2734, 154234.9637 ], [ 1038428.2151, 154110.4019 ], [ 1038316.8755, 154094.8525 ], [ 1038333.8169, 153970.2906 ], [ 1038342.6594, 153865.7487 ], [ 1038460.1136, 153879.8545 ], [ 1038483.9361, 153659.126 ], [ 1038603.3192, 153680.5233 ], [ 1038685.0806, 153013.2607 ], [ 1039265.4509, 153072.8583 ], [ 1039323.7647, 153079.1837 ], [ 1039325.7535, 153059.5146 ], [ 1039339.6719, 152923.2882 ], [ 1039429.8, 152618.5515 ], [ 1039332.3544, 152597.5641 ], [ 1039290.4115, 152598.1979 ], [ 1039241.5724, 152577.6852 ], [ 1039129.4743, 152526.0621 ], [ 1039064.2595, 152500.0479 ], [ 1038956.8548, 152460.8233 ], [ 1038902.4763, 152433.0123 ], [ 1038872.2129, 152427.4795 ], [ 1038829.9625, 152441.2291 ], [ 1038809.6322, 152465.229 ], [ 1038768.7788, 152475.3385 ], [ 1038670.7798, 152452.8953 ], [ 1038632.4687, 152444.0658 ], [ 1038594.4434, 152431.5937 ], [ 1038563.0875, 152417.6793 ], [ 1038499.8292, 152385.8418 ], [ 1038427.675, 152357.2636 ], [ 1038359.3996, 152333.0662 ], [ 1038301.125, 152308.1625 ], [ 1038213.398, 152287.5655 ], [ 1038173.9391, 152295.1289 ], [ 1038118.9361, 152297.9217 ], [ 1038042.3056, 152283.5434 ], [ 1037991.7781, 152272.1376 ], [ 1037946.264, 152254.5495 ], [ 1037890.2358, 152218.3577 ], [ 1037807.2646, 152182.1066 ], [ 1037738.4477, 152150.9875 ], [ 1037704.8634, 152139.6196 ], [ 1037626.327, 152107.3865 ], [ 1037601.0586, 152103.6878 ], [ 1037484.9355, 152111.813 ], [ 1037441.591, 152117.9117 ], [ 1037354.1085, 152111.8914 ], [ 1037263.6135, 152086.1913 ], [ 1037202.2977, 152053.9971 ], [ 1037159.838, 152036.4171 ], [ 1037130.3998, 152034.1671 ], [ 1036657.1655, 151998.5322 ], [ 1036461.1268, 151968.9647 ], [ 1036276.4729, 151940.8804 ], [ 1036146.5203, 151921.2936 ], [ 1036075.9867, 151912.3995 ], [ 1036046.5561, 151906.5076 ], [ 1036012.7036, 151890.0409 ], [ 1035924.444, 151857.0639 ], [ 1035843.9639, 151823.0108 ], [ 1035777.1095, 151781.7004 ], [ 1035724.357, 151770.6589 ], [ 1035693.822, 151761.4862 ], [ 1035640.8301, 151732.2281 ], [ 1035576.4374, 151708.7754 ], [ 1035527.5988, 151685.7199 ], [ 1035460.7051, 151662.6265 ], [ 1035404.2368, 151833.3765 ], [ 1035441.6179, 151889.197 ], [ 1035041.4604, 151839.5387 ], [ 1034886.8147, 151805.6984 ], [ 1034756.3683, 151755.5146 ], [ 1034463.168, 152369.1611 ], [ 1034440.9758, 152355.271 ], [ 1034365.2426, 152308.8455 ], [ 1034353.8057, 152332.5031 ], [ 1034327.3083, 152386.0045 ], [ 1034300.531, 152440.5982 ], [ 1034413.1869, 152496.2078 ], [ 1034318.5898, 152708.4149 ], [ 1034421.5274, 152761.8185 ], [ 1034219.5723, 153180.3777 ] ] ], [ [ [ 1030158.8398, 156422.1642 ], [ 1030178.213, 156457.5404 ], [ 1030223.8773, 156541.4217 ], [ 1030240.099, 156627.7977 ], [ 1030294.1196, 156698.2148 ], [ 1030369.8585, 156738.4341 ], [ 1030491.3921, 156792.9495 ], [ 1030526.9948, 156909.6015 ], [ 1030639.3275, 156982.6807 ], [ 1030685.9384, 157005.7222 ], [ 1030797.7796, 157044.9189 ], [ 1030866.3605, 157051.608 ], [ 1030814.5739, 157121.0952 ], [ 1031018.3207, 157167.7555 ], [ 1031109.7206, 157149.715 ], [ 1031160.0562, 157113.0151 ], [ 1031194.3152, 157060.6182 ], [ 1031249.1648, 156987.4946 ], [ 1031272.4978, 156984.625 ], [ 1031329.6962, 156989.4719 ], [ 1031319.8567, 157051.3883 ], [ 1031351.9909, 157092.6194 ], [ 1031386.1042, 157115.638 ], [ 1031445.5246, 157120.1251 ], [ 1031518.1843, 157171.2719 ], [ 1031566.687, 157220.5502 ], [ 1031603.3085, 157238.8378 ], [ 1031639.7282, 157218.1421 ], [ 1031662.5667, 157183.94 ], [ 1031666.8366, 157130.3923 ], [ 1031706.3162, 157107.1524 ], [ 1031760.7529, 157103.9798 ], [ 1031797.9469, 157113.5249 ], [ 1031847.4441, 157080.1037 ], [ 1031919.684, 157061.6645 ], [ 1032003.5119, 157081.8669 ], [ 1032022.6171, 157110.6861 ], [ 1032057.7281, 157190.9069 ], [ 1032117.0673, 157236.5644 ], [ 1032167.003, 157262.5298 ], [ 1032259.2893, 157358.5296 ], [ 1032245.0157, 157414.6077 ], [ 1032253.8497, 157441.2209 ], [ 1032301.3453, 157436.9428 ], [ 1032335.704, 157475.6293 ], [ 1032358.1265, 157511.7419 ], [ 1032394.426, 157551.8896 ], [ 1032469.2758, 157617.2523 ], [ 1032501.3943, 157665.0427 ], [ 1032556.2615, 157724.1725 ], [ 1032611.5387, 157716.6315 ], [ 1032611.6119, 157679.8346 ], [ 1032593.1313, 157616.7695 ], [ 1032612.9878, 157546.494 ], [ 1032651.1727, 157476.2549 ], [ 1032701.0764, 157378.3505 ], [ 1032806.788, 157286.0224 ], [ 1032889.9029, 157245.3839 ], [ 1032968.1972, 157254.6487 ], [ 1033042.5034, 157313.8185 ], [ 1033071.5379, 157375.8122 ], [ 1033112.4652, 157461.8754 ], [ 1033136.8011, 157512.5657 ], [ 1033110.1426, 157512.1478 ], [ 1032978.7463, 157533.7438 ], [ 1032923.5648, 157354.3848 ], [ 1032906.9216, 157344.879 ], [ 1032977.7796, 157600.4136 ], [ 1032995.5612, 157596.0773 ], [ 1032991.2238, 157543.2413 ], [ 1033103.7313, 157524.1577 ], [ 1033098.6625, 157559.1228 ], [ 1033064.4549, 157584.1927 ], [ 1033079.0085, 157666.1953 ], [ 1033105.395, 157663.698 ], [ 1033121.1228, 157714.0066 ], [ 1033182.1857, 157867.5108 ], [ 1033189.545, 157936.3833 ], [ 1033229.002, 157924.4399 ], [ 1033359.819, 157913.7739 ], [ 1033365.314, 157942.9311 ], [ 1033401.1427, 157940.0888 ], [ 1033403.1543, 157906.5749 ], [ 1033520.1154, 157881.673 ], [ 1033524.2587, 157892.6112 ], [ 1033572.0158, 157895.9869 ], [ 1033606.1991, 157882.9405 ], [ 1033640.6668, 157866.6157 ], [ 1033695.6841, 157850.3328 ], [ 1033735.9257, 157862.4374 ], [ 1033764.1536, 157910.2216 ], [ 1033782.2024, 157910.987 ], [ 1033827.4468, 157920.916 ], [ 1033825.4614, 157941.3142 ], [ 1033758.2389, 157951.0141 ], [ 1033764.035, 157968.5136 ], [ 1033589.0675, 157977.6306 ], [ 1033584.2912, 158004.9453 ], [ 1033545.1288, 158008.5092 ], [ 1033514.8992, 157989.1387 ], [ 1033314.0615, 158020.4292 ], [ 1033313.5325, 158007.3123 ], [ 1033010.4882, 158046.0502 ], [ 1033011.1394, 158136.7688 ], [ 1032998.4928, 158211.7947 ], [ 1033035.1724, 158199.8455 ], [ 1033041.2173, 158231.9183 ], [ 1033080.6102, 158251.671 ], [ 1033126.9145, 158286.7393 ], [ 1033144.8883, 158324.6654 ], [ 1033156.4466, 158376.7873 ], [ 1033181.9253, 158411.0852 ], [ 1033205.4931, 158428.9846 ], [ 1033233.4767, 158460.373 ], [ 1033259.252, 158485.1991 ], [ 1033271.405, 158517.6487 ], [ 1033274.9246, 158562.4679 ], [ 1033256.8073, 158595.9494 ], [ 1033238.4139, 158628.7018 ], [ 1033227.7942, 158662.1984 ], [ 1033240.1141, 158749.6616 ], [ 1033335.6229, 158757.505 ], [ 1033386.9566, 158776.5536 ], [ 1033401.6195, 158803.5434 ], [ 1033415.6607, 158863.3213 ], [ 1033433.1946, 159118.3853 ], [ 1033453.2332, 159370.5397 ], [ 1033464.1723, 159453.6283 ], [ 1033459.7624, 159574.5758 ], [ 1033450.8428, 159591.3168 ], [ 1033425.7738, 159629.8847 ], [ 1033444.8348, 159678.743 ], [ 1033449.7445, 159722.4721 ], [ 1033462.5146, 159723.9552 ], [ 1033477.7831, 159725.8078 ], [ 1033489.9735, 159739.3125 ], [ 1033511.2778, 159777.2456 ], [ 1033524.813, 159812.2484 ], [ 1033528.1067, 159831.2 ], [ 1033521.9071, 159875.9996 ], [ 1033546.2221, 159935.4341 ], [ 1033541.7365, 159956.556 ], [ 1033509.1735, 159993.6513 ], [ 1033482.7555, 160012.9071 ], [ 1033468.8328, 160032.1883 ], [ 1033424.3611, 160053.9579 ], [ 1033490.2493, 160151.7307 ], [ 1033575.2357, 160279.4172 ], [ 1033604.131, 160270.732 ], [ 1033647.9954, 160274.4643 ], [ 1033747.7591, 160371.578 ], [ 1033764.6242, 160407.3164 ], [ 1033808.4274, 160440.9236 ], [ 1033878.8865, 160474.5853 ], [ 1033893.2709, 160501.2105 ], [ 1033875.9924, 160532.143 ], [ 1033904.8043, 160564.2626 ], [ 1033897.0021, 160577.7267 ], [ 1033931.0828, 160613.136 ], [ 1033981.9803, 160707.6006 ], [ 1033983.3202, 160731.2846 ], [ 1033978.2672, 160758.2344 ], [ 1033990.7181, 160779.7552 ], [ 1034145.6596, 161048.217 ], [ 1034219.8121, 161175.1549 ], [ 1034220.8471, 161211.954 ], [ 1034233.192, 161284.8447 ], [ 1034244.2152, 161325.3077 ], [ 1034235.268, 161355.5284 ], [ 1034233.2189, 161406.8942 ], [ 1034281.325, 161507.183 ], [ 1034283.8823, 161748.7369 ], [ 1034240.4657, 161933.7256 ], [ 1034100.4513, 162242.7517 ], [ 1034082.3333, 162277.3256 ], [ 1034106.4609, 162290.8552 ], [ 1034105.8459, 162320.0 ], [ 1034083.5961, 162338.5351 ], [ 1034068.804, 162376.0305 ], [ 1034042.6823, 162387.2711 ], [ 1034024.0636, 162395.2482 ], [ 1034004.8987, 162398.8522 ], [ 1033987.4212, 162391.8943 ], [ 1033961.9932, 162335.3716 ], [ 1033954.0249, 162294.5507 ], [ 1033941.0008, 162282.137 ], [ 1033923.8165, 162267.5288 ], [ 1033938.3278, 162231.4901 ], [ 1033945.0345, 162210.3729 ], [ 1033949.7925, 162191.8019 ], [ 1033919.7402, 162088.2717 ], [ 1033907.5527, 162074.0381 ], [ 1033896.4847, 162055.4348 ], [ 1033876.7976, 162042.6432 ], [ 1033870.7444, 162015.6707 ], [ 1033870.5648, 161967.5792 ], [ 1033892.6516, 161892.9373 ], [ 1033925.4963, 161852.9284 ], [ 1034002.5115, 161801.3514 ], [ 1034053.4069, 161759.9223 ], [ 1034071.5162, 161729.7203 ], [ 1034096.4155, 161637.961 ], [ 1034082.0506, 161602.2275 ], [ 1034074.9167, 161560.6796 ], [ 1034051.9653, 161514.7275 ], [ 1034019.6594, 161426.8586 ], [ 1034006.7385, 161363.8036 ], [ 1033996.0678, 161286.5445 ], [ 1033923.7033, 161235.3909 ], [ 1033895.8071, 161163.1973 ], [ 1033859.5883, 161087.3434 ], [ 1033844.9756, 161036.6722 ], [ 1033776.1528, 161018.3156 ], [ 1033748.8753, 161051.0495 ], [ 1033761.8297, 161098.074 ], [ 1033736.4589, 161149.0281 ], [ 1033721.9398, 161188.7102 ], [ 1033758.1878, 161250.3552 ], [ 1033765.3335, 161286.438 ], [ 1033729.112, 161348.2999 ], [ 1033714.7306, 161456.84 ], [ 1033716.2647, 161521.6933 ], [ 1033649.4321, 161617.7397 ], [ 1033584.9151, 161667.5215 ], [ 1033533.0235, 161652.8432 ], [ 1033468.2646, 161685.1372 ], [ 1033430.4979, 161687.9754 ], [ 1033340.0955, 161907.1174 ], [ 1033303.8643, 161974.8091 ], [ 1033276.0185, 162014.8289 ], [ 1033247.0769, 162047.56 ], [ 1033164.7645, 162111.1515 ], [ 1033123.9189, 162264.8153 ], [ 1033105.7189, 162340.923 ], [ 1033087.8106, 162410.1092 ], [ 1033115.9899, 162480.1165 ], [ 1033763.8992, 163354.7184 ], [ 1033962.7186, 163474.6233 ], [ 1034007.1346, 163477.2644 ], [ 1034174.8719, 163454.6556 ], [ 1034899.1559, 163085.2683 ], [ 1035188.4109, 163371.5048 ], [ 1035171.907, 163297.8762 ], [ 1035182.9446, 163197.7094 ], [ 1035216.6882, 163126.372 ], [ 1035270.3049, 163110.8184 ], [ 1035339.6713, 163131.3663 ], [ 1035383.2227, 163149.3098 ], [ 1035419.0325, 163151.9354 ], [ 1035460.1503, 163138.9062 ], [ 1035506.4619, 163164.5067 ], [ 1035547.2306, 163185.3593 ], [ 1035593.5581, 163203.309 ], [ 1035636.6033, 163197.9351 ], [ 1035690.9983, 163208.2512 ], [ 1035735.2982, 163265.9086 ], [ 1035784.0971, 163296.6154 ], [ 1035845.5232, 163264.3206 ], [ 1035867.8044, 163231.2141 ], [ 1035853.5158, 163161.233 ], [ 1035844.967, 163133.8903 ], [ 1035775.7045, 163064.5214 ], [ 1035701.1171, 163018.4583 ], [ 1035650.004, 163031.466 ], [ 1035649.8793, 163090.4867 ], [ 1035652.5586, 163136.3975 ], [ 1035601.1897, 163139.2036 ], [ 1035517.1979, 163076.3622 ], [ 1035471.4867, 163029.2677 ], [ 1035514.026, 163000.5755 ], [ 1035511.3256, 162964.5014 ], [ 1035560.2984, 162913.2346 ], [ 1035620.3793, 162860.8984 ], [ 1035648.2765, 162797.9287 ], [ 1035670.3456, 162733.8539 ], [ 1035603.8794, 162654.2901 ], [ 1035547.2343, 162657.0852 ], [ 1035537.0717, 162736.4871 ], [ 1035473.1091, 162786.265 ], [ 1035414.0222, 162762.0951 ], [ 1035396.1104, 162697.9359 ], [ 1035367.8499, 162669.8233 ], [ 1035339.5358, 162667.2135 ], [ 1035292.9462, 162641.2485 ], [ 1035324.1814, 162575.0066 ], [ 1035332.8382, 162419.0928 ], [ 1035349.9001, 162359.3791 ], [ 1035375.5568, 162305.5126 ], [ 1035370.4102, 162244.2949 ], [ 1035391.6186, 162193.3337 ], [ 1035388.3688, 162154.3439 ], [ 1035411.5216, 162103.0225 ], [ 1035450.8587, 162013.4809 ], [ 1035450.3226, 161872.4853 ], [ 1035449.3332, 161814.9196 ], [ 1035503.6964, 161710.1079 ], [ 1035542.4794, 161752.0873 ], [ 1035611.4333, 161838.2139 ], [ 1035658.0148, 161868.5515 ], [ 1035722.6189, 161910.5857 ], [ 1035753.3424, 161955.8273 ], [ 1035754.7022, 161838.1526 ], [ 1035705.3458, 161807.0803 ], [ 1035661.8361, 161768.3697 ], [ 1035624.7254, 161723.4791 ], [ 1035595.1226, 161673.1394 ], [ 1035580.2063, 161636.6753 ], [ 1035566.6988, 161590.3773 ], [ 1035561.7618, 161561.585 ], [ 1035558.8306, 161503.2866 ], [ 1035609.4439, 161333.9814 ], [ 1035639.6595, 161225.8402 ], [ 1035680.6325, 161151.6042 ], [ 1035685.7983, 161072.1919 ], [ 1035683.1519, 161010.615 ], [ 1035665.2772, 160928.6037 ], [ 1035655.1716, 160849.1592 ], [ 1035617.8379, 160777.6722 ], [ 1035625.2257, 160697.9003 ], [ 1035595.4856, 160580.5243 ], [ 1035561.2018, 160510.8656 ], [ 1035523.8351, 160454.6804 ], [ 1035447.6606, 160367.0816 ], [ 1035412.8538, 160281.7559 ], [ 1035474.2532, 160265.4904 ], [ 1035475.3516, 160271.322 ], [ 1035490.9072, 160268.4401 ], [ 1035470.8399, 160172.2156 ], [ 1035456.9495, 160175.4653 ], [ 1035473.1525, 160260.7519 ], [ 1035422.3145, 160272.3033 ], [ 1035417.1039, 160241.3246 ], [ 1035405.7056, 160247.8585 ], [ 1035394.8811, 160245.6498 ], [ 1035381.849, 160236.8785 ], [ 1035352.4773, 160207.6707 ], [ 1035339.2004, 160183.2329 ], [ 1035338.9617, 160164.6517 ], [ 1035353.9544, 160165.4119 ], [ 1035349.8445, 160139.1717 ], [ 1035364.2933, 160134.4658 ], [ 1035364.0447, 160120.6209 ], [ 1035372.0956, 160121.3665 ], [ 1035372.7245, 160086.3924 ], [ 1035357.7318, 160085.6323 ], [ 1035345.9396, 160015.2925 ], [ 1035316.4941, 160021.0599 ], [ 1035224.1532, 159829.2304 ], [ 1034955.6922, 159804.6237 ], [ 1034981.4063, 159457.8384 ], [ 1034987.8909, 159410.8538 ], [ 1034994.937, 159360.9558 ], [ 1034911.398, 158940.3488 ], [ 1034866.8384, 158735.8689 ], [ 1034703.3942, 158413.1004 ], [ 1034654.882, 157702.5633 ], [ 1034516.3265, 157291.3165 ], [ 1034485.989, 157189.6068 ], [ 1034436.8981, 157024.4656 ], [ 1034413.5723, 157023.6889 ], [ 1034310.5514, 157019.469 ], [ 1034194.1179, 156784.9679 ], [ 1034175.843, 156758.6989 ], [ 1034159.2365, 156731.3404 ], [ 1034144.2984, 156702.8923 ], [ 1034131.3058, 156673.7195 ], [ 1034119.9817, 156643.4572 ], [ 1034110.8799, 156612.8352 ], [ 1034103.4452, 156581.8522 ], [ 1034094.0732, 156547.5863 ], [ 1034089.9717, 156516.2459 ], [ 1034090.018, 156493.6577 ], [ 1034091.4312, 156481.6379 ], [ 1034095.3669, 156458.329 ], [ 1034093.7499, 156434.2802 ], [ 1034116.0663, 156385.8705 ], [ 1034111.39, 156364.0014 ], [ 1034106.4113, 156354.1544 ], [ 1034086.1814, 156332.982 ], [ 1034073.4297, 156321.6618 ], [ 1034068.2255, 156286.3115 ], [ 1034041.2592, 156164.207 ], [ 1033982.1258, 156154.2492 ], [ 1033953.6327, 156099.542 ], [ 1033921.2462, 156047.3773 ], [ 1033862.2112, 155988.9646 ], [ 1033775.7963, 156010.6481 ], [ 1033638.2579, 156043.8865 ], [ 1033542.4135, 156059.3581 ], [ 1033415.2167, 156060.1937 ], [ 1033236.3579, 156064.2048 ], [ 1033153.8561, 156073.8756 ], [ 1032905.1862, 156129.8476 ], [ 1032685.5515, 156109.7357 ], [ 1032618.1684, 156058.2316 ], [ 1032536.2179, 156070.0916 ], [ 1032366.8082, 156070.8489 ], [ 1032035.2745, 156039.2277 ], [ 1031941.7108, 156025.1997 ], [ 1031702.0361, 156026.917 ], [ 1031654.3147, 156003.1427 ], [ 1031539.4089, 155967.2151 ], [ 1031353.6512, 155948.2741 ], [ 1031100.0694, 155960.5359 ], [ 1030816.2473, 155956.712 ], [ 1030613.6558, 156027.0043 ], [ 1030402.4976, 156075.4225 ], [ 1030168.7854, 156155.4963 ], [ 1030115.484, 156292.018 ], [ 1030158.8398, 156422.1642 ] ] ] ] } },
{ "type": "Feature", "properties": { "ZCTA5CE20": "11214", "GEOID20": "11214", "CLASSFP20": "B5", "MTFCC20": "G6350", "FUNCSTAT20": "S", "ALAND20": 5242819, "AWATER20": 0, "INTPTLAT20": "+40.5996903", "INTPTLON20": "-073.9963717" }, "geometry": { "type": "MultiPolygon", "coordinates": [ [ [ [ 980236.0341, 158723.9762 ], [ 980230.212, 158780.812 ], [ 980217.7355, 158897.7626 ], [ 980367.9989, 159121.7985 ], [ 980387.1634, 159149.4842 ], [ 980313.8839, 159326.1939 ], [ 980733.2535, 159828.1706 ], [ 980704.6559, 159847.8484 ], [ 981077.0782, 160317.0486 ], [ 981188.9694, 160243.0761 ], [ 981203.1329, 160261.2906 ], [ 981244.7898, 160314.1127 ], [ 981281.4477, 160360.0133 ], [ 981329.2139, 160420.1213 ], [ 981222.3231, 160510.4871 ], [ 981537.7963, 160904.6505 ], [ 981645.2423, 160818.2936 ], [ 981672.1793, 160852.5373 ], [ 981729.3853, 160925.0322 ], [ 981640.8187, 160994.9921 ], [ 981746.6228, 161142.8973 ], [ 981877.1481, 161403.013 ], [ 981895.1945, 161390.2598 ], [ 981931.2948, 161442.355 ], [ 982007.0897, 161386.2416 ], [ 982074.5691, 161484.6035 ], [ 982134.5385, 161435.7786 ], [ 982157.8641, 161465.2869 ], [ 982220.0655, 161543.9761 ], [ 982394.4496, 161764.0151 ], [ 982580.2151, 161998.6275 ], [ 982717.1072, 162170.9448 ], [ 982877.8767, 162374.2291 ], [ 983039.7541, 162578.6074 ], [ 983106.1147, 162661.6706 ], [ 983003.9469, 162749.1138 ], [ 983090.8543, 162869.3372 ], [ 983249.6727, 163075.5387 ], [ 983274.6592, 163055.8641 ], [ 983430.6985, 163263.8886 ], [ 983524.2594, 163189.563 ], [ 983686.1259, 163393.2171 ], [ 983847.7121, 163596.5079 ], [ 984021.2338, 163816.1943 ], [ 984265.5473, 163622.3717 ], [ 984701.4346, 163276.266 ], [ 984753.3532, 163235.0982 ], [ 984808.0484, 163191.7446 ], [ 984710.6004, 163073.7009 ], [ 985177.6002, 162712.667 ], [ 985255.3347, 162837.2696 ], [ 985365.2841, 162750.2005 ], [ 985350.8477, 162731.2549 ], [ 985274.7781, 162632.5192 ], [ 985833.1456, 162192.0789 ], [ 986353.7706, 161776.058 ], [ 986440.387, 161899.2079 ], [ 986475.3734, 161871.8866 ], [ 986535.9059, 161824.1655 ], [ 986598.1046, 161774.6231 ], [ 986577.2982, 161591.3651 ], [ 987056.0166, 161223.8107 ], [ 987588.8994, 160814.74 ], [ 987710.5097, 160858.4761 ], [ 987734.9511, 160808.9313 ], [ 987591.7015, 160629.2985 ], [ 987464.5524, 160466.4277 ], [ 987543.1307, 160477.368 ], [ 987570.6471, 160276.9925 ], [ 987671.9941, 160293.4012 ], [ 987678.6646, 160247.1328 ], [ 987824.7161, 160265.7344 ], [ 987853.0674, 160070.0956 ], [ 987902.2664, 159729.8226 ], [ 987726.5268, 159526.5031 ], [ 987958.693, 159346.1961 ], [ 988010.6772, 158970.5842 ], [ 988030.6916, 158835.0582 ], [ 988053.4853, 158684.9595 ], [ 988121.3147, 158221.9123 ], [ 988153.842, 157989.8421 ], [ 988171.6358, 157857.5947 ], [ 988208.0523, 157622.6106 ], [ 988229.4593, 157475.4266 ], [ 988279.2269, 157118.76 ], [ 988282.0072, 157099.0869 ], [ 988341.7833, 156686.6804 ], [ 988359.8557, 156560.6268 ], [ 988398.7806, 156295.7688 ], [ 988411.5715, 156201.775 ], [ 988132.8011, 155849.4262 ], [ 988505.2735, 155562.7644 ], [ 988515.8338, 155523.7834 ], [ 988520.2823, 155495.7312 ], [ 988546.9753, 155317.5808 ], [ 988573.391, 155139.066 ], [ 988622.3319, 154800.9808 ], [ 988637.0781, 154654.5247 ], [ 988667.6684, 154436.2994 ], [ 988689.9148, 154285.4728 ], [ 988721.338, 154074.1699 ], [ 988748.5923, 153880.7182 ], [ 988770.8403, 153726.6127 ], [ 988841.4804, 153232.9653 ], [ 988867.9007, 153053.358 ], [ 988897.3828, 152842.055 ], [ 988907.1169, 152775.7497 ], [ 988759.911, 152753.1338 ], [ 988821.6546, 152316.6839 ], [ 988970.8076, 152338.5719 ], [ 989024.2102, 151968.0637 ], [ 989304.767, 151895.6196 ], [ 989318.1004, 151892.3435 ], [ 989572.2769, 151794.03 ], [ 989640.8966, 151742.6753 ], [ 989729.2297, 151728.122 ], [ 989710.9097, 151671.6475 ], [ 989697.0304, 151631.2043 ], [ 989502.1453, 151130.5789 ], [ 989480.754, 151143.3257 ], [ 989442.4134, 151180.1143 ], [ 989411.0202, 151202.6958 ], [ 989404.0672, 151243.863 ], [ 989414.334, 151294.5064 ], [ 989385.1613, 151326.1965 ], [ 989331.2578, 151401.9647 ], [ 989270.9747, 151435.1058 ], [ 989188.7452, 151482.0869 ], [ 989124.8495, 151525.4287 ], [ 989110.3978, 151564.0443 ], [ 989073.442, 151627.0651 ], [ 989037.322, 151679.1565 ], [ 989002.323, 151680.6069 ], [ 988986.4879, 151692.6266 ], [ 988953.1498, 151723.5877 ], [ 988898.9793, 151754.9093 ], [ 988847.036, 151759.9999 ], [ 988788.9847, 151749.7879 ], [ 988777.87, 151771.281 ], [ 988738.144, 151800.784 ], [ 988711.2072, 151765.0752 ], [ 988671.2149, 151731.55 ], [ 988621.2255, 151683.8144 ], [ 988561.7947, 151618.9539 ], [ 988482.6481, 151519.4793 ], [ 988441.5476, 151465.5521 ], [ 988385.448, 151407.2505 ], [ 988313.7921, 151353.6826 ], [ 988240.1951, 151278.2552 ], [ 988179.9206, 151265.494 ], [ 988150.2037, 151236.3432 ], [ 988097.1565, 151190.0655 ], [ 988052.1615, 151162.7341 ], [ 988042.164, 151147.4308 ], [ 988016.3361, 151115.3662 ], [ 987966.8974, 151081.8407 ], [ 987909.9596, 151042.485 ], [ 987878.0199, 151012.9699 ], [ 987841.3603, 150967.7882 ], [ 987826.0889, 150925.5242 ], [ 987804.1493, 150893.0961 ], [ 987779.4342, 150844.6373 ], [ 987766.3862, 150792.9012 ], [ 987744.1733, 150728.0482 ], [ 987727.2369, 150671.2111 ], [ 987711.1334, 150617.653 ], [ 987690.8607, 150580.489 ], [ 987670.5873, 150548.4255 ], [ 987649.2031, 150513.083 ], [ 987632.5349, 150522.9175 ], [ 987621.7032, 150510.5289 ], [ 987602.5394, 150487.9381 ], [ 987584.4878, 150457.3324 ], [ 987517.5397, 150478.4541 ], [ 987345.5798, 150583.3572 ], [ 987278.6252, 150660.95 ], [ 987205.5678, 150672.9637 ], [ 987156.9487, 150738.1721 ], [ 987147.7813, 150744.7288 ], [ 987095.0007, 150768.0394 ], [ 987026.1044, 150832.5169 ], [ 987067.2098, 150881.3412 ], [ 987154.105, 151290.4884 ], [ 987375.1699, 151613.672 ], [ 987483.7456, 151852.3191 ], [ 987437.8949, 151999.8647 ], [ 987366.2094, 152175.8244 ], [ 987263.7014, 152287.6593 ], [ 987017.8609, 152484.73 ], [ 986783.9643, 152716.7796 ], [ 986539.5092, 153037.3615 ], [ 986410.0533, 153301.8497 ], [ 986326.7122, 153494.9348 ], [ 984735.5207, 152521.3742 ], [ 984731.0763, 152534.1255 ], [ 984689.4119, 152576.3865 ], [ 984578.0311, 152591.322 ], [ 984473.8721, 152599.336 ], [ 984401.933, 152614.2728 ], [ 984357.2137, 152704.2608 ], [ 984338.326, 152805.1788 ], [ 984374.9892, 152882.4159 ], [ 984419.4295, 152919.9417 ], [ 984472.4803, 152929.0502 ], [ 984579.1371, 152957.1045 ], [ 984733.012, 152970.2228 ], [ 984724.1232, 153003.7405 ], [ 984679.1271, 153017.9483 ], [ 984658.8499, 153095.1849 ], [ 984726.6223, 153038.7158 ], [ 984773.8398, 153055.1114 ], [ 984861.0525, 153105.7546 ], [ 984920.213, 153125.4297 ], [ 984922.9917, 153080.9821 ], [ 984989.373, 153124.3387 ], [ 985097.9716, 153184.0916 ], [ 985159.0755, 153213.9685 ], [ 985240.4541, 153264.9772 ], [ 985438.7613, 153384.849 ], [ 985624.8462, 153496.3424 ], [ 985815.0956, 153605.6514 ], [ 985868.4194, 153655.2031 ], [ 985832.0344, 153662.4872 ], [ 985685.9454, 153581.598 ], [ 985566.7968, 153501.0754 ], [ 985417.096, 153405.9788 ], [ 985293.2234, 153337.8444 ], [ 985220.7328, 153294.4867 ], [ 984972.7071, 153152.3913 ], [ 984960.4854, 153176.4364 ], [ 985440.7014, 153469.7369 ], [ 985888.1333, 153745.5571 ], [ 985858.6877, 153816.5986 ], [ 985642.3334, 153685.4281 ], [ 985589.5627, 153671.5808 ], [ 985575.6725, 153725.5002 ], [ 985603.1674, 153757.9266 ], [ 985664.2692, 153788.8978 ], [ 985533.4406, 154006.757 ], [ 985470.674, 153949.5547 ], [ 985374.5775, 153905.4667 ], [ 985252.097, 153815.1087 ], [ 985170.7201, 153766.6502 ], [ 984996.0232, 153642.4093 ], [ 984842.1552, 153526.914 ], [ 984740.2236, 153462.7905 ], [ 984534.6922, 153337.8237 ], [ 984350.8232, 153221.2382 ], [ 984196.3941, 153120.6843 ], [ 984203.3376, 153004.4646 ], [ 984223.058, 152994.6278 ], [ 984199.449, 152951.6374 ], [ 984167.2296, 152929.4137 ], [ 984125.5668, 152970.5826 ], [ 984131.6776, 153024.1384 ], [ 984133.0668, 153103.5612 ], [ 984111.9578, 153127.6068 ], [ 984108.9027, 153151.6523 ], [ 984134.4559, 153185.8987 ], [ 984376.9311, 153341.1013 ], [ 984435.5357, 153380.8131 ], [ 984611.0709, 153482.4618 ], [ 984769.3843, 153589.5763 ], [ 984905.7553, 153669.3668 ], [ 984897.9779, 153690.8618 ], [ 984798.5462, 153650.7836 ], [ 984796.8793, 153670.4571 ], [ 984621.8961, 153937.5042 ], [ 984534.4083, 153869.0099 ], [ 984452.4744, 153852.6144 ], [ 984434.6985, 153899.9765 ], [ 984418.867, 153923.6576 ], [ 984411.3678, 153959.3614 ], [ 984676.0528, 154105.459 ], [ 984651.0555, 154144.4414 ], [ 984666.0531, 154166.6655 ], [ 984630.7797, 154202.0045 ], [ 984586.3396, 154337.1685 ], [ 984607.4474, 154353.1991 ], [ 984631.611, 154323.6891 ], [ 984664.9395, 154320.7751 ], [ 984709.6546, 154353.9295 ], [ 984740.7605, 154383.0761 ], [ 984767.4223, 154429.346 ], [ 984787.6956, 154492.0103 ], [ 984808.5246, 154543.3807 ], [ 984827.4103, 154553.5822 ], [ 984857.9607, 154571.4349 ], [ 984876.0131, 154582.7295 ], [ 984924.8935, 154614.0627 ], [ 984980.439, 154656.6904 ], [ 985052.3707, 154694.9468 ], [ 985055.4242, 154740.1233 ], [ 985018.7611, 154819.545 ], [ 984987.6541, 154853.4263 ], [ 984942.1043, 154919.7322 ], [ 984923.4962, 154924.4679 ], [ 984856.2864, 154888.3979 ], [ 984810.7393, 154854.8789 ], [ 984714.3674, 154808.2432 ], [ 984604.1089, 154743.3914 ], [ 984526.9, 154678.5405 ], [ 984463.0217, 154641.743 ], [ 984359.9826, 154631.5412 ], [ 984319.9889, 154639.1919 ], [ 984299.992, 154643.5638 ], [ 984258.6097, 154657.7724 ], [ 984210.5619, 154697.8482 ], [ 984192.2316, 154724.0797 ], [ 984190.0099, 154776.9069 ], [ 984206.9516, 154816.9826 ], [ 984263.0534, 154878.9179 ], [ 984485.7918, 155062.539 ], [ 984534.3938, 155104.4369 ], [ 984532.1717, 155130.6683 ], [ 984501.3439, 155123.7458 ], [ 984472.1824, 155139.0472 ], [ 984414.1367, 155216.2837 ], [ 984391.3628, 155268.0178 ], [ 984394.1398, 155311.0082 ], [ 984451.9063, 155372.2152 ], [ 984534.6677, 155436.7017 ], [ 984640.4793, 155524.5055 ], [ 983986.1585, 155145.2411 ], [ 983943.1107, 155147.0633 ], [ 983683.726, 155708.4933 ], [ 983511.549, 156048.7779 ], [ 983378.252, 156255.3548 ], [ 983191.9139, 156458.2915 ], [ 983106.9398, 156587.6309 ], [ 982827.0225, 156856.5179 ], [ 982694.5634, 156978.5751 ], [ 982077.8199, 157466.8186 ], [ 981684.0753, 157807.8657 ], [ 981406.4018, 158013.0119 ], [ 981197.8697, 158148.5663 ], [ 981046.261, 158239.6672 ], [ 980837.4526, 158356.2798 ], [ 980147.1544, 158606.6782 ], [ 980236.0341, 158723.9762 ] ] ] ] } },
{ "type": "Feature", "properties": { "ZCTA5CE20": "11224", "GEOID20": "11224", "CLASSFP20": "B5", "MTFCC20": "G6350", "FUNCSTAT20": "S", "ALAND20": 4017284, "AWATER20": 87258, "INTPTLAT20": "+40.5773723", "INTPTLON20": "-073.9887059" }, "geometry": { "type": "MultiPolygon", "coordinates": [ [ [ [ 980602.3592, 149835.1104 ], [ 980632.0885, 149874.8174 ], [ 980674.0463, 149954.9626 ], [ 980708.2295, 150060.6118 ], [ 980812.1542, 150292.3076 ], [ 980893.2842, 150417.624 ], [ 980980.8, 150525.8166 ], [ 981119.4323, 150679.5435 ], [ 981242.7783, 150778.26 ], [ 981366.9547, 150860.2181 ], [ 981584.7403, 150939.2518 ], [ 981682.7979, 150964.3796 ], [ 981919.4809, 151154.1691 ], [ 982099.2105, 151270.0079 ], [ 982212.8222, 151304.609 ], [ 982318.0989, 151320.2664 ], [ 982388.6533, 151326.0901 ], [ 982536.9844, 151341.0165 ], [ 982638.6483, 151334.8161 ], [ 982687.8143, 151342.0994 ], [ 982787.2559, 151334.4424 ], [ 982938.6405, 151319.8607 ], [ 983136.6891, 151264.4735 ], [ 983156.9663, 151260.8293 ], [ 983253.0748, 151243.3376 ], [ 983356.405, 151212.0016 ], [ 983450.8469, 151186.4956 ], [ 983998.8926, 151132.1993 ], [ 984031.1143, 151129.6487 ], [ 984354.9986, 151104.8739 ], [ 984427.2196, 151134.7489 ], [ 984488.0518, 151159.5236 ], [ 984614.716, 151185.7565 ], [ 984723.3252, 151191.2233 ], [ 984823.0459, 151184.3032 ], [ 984876.9345, 151161.7164 ], [ 984915.5467, 151096.8676 ], [ 984905.5486, 151032.7461 ], [ 984845.8306, 150886.6503 ], [ 984910.833, 150787.9199 ], [ 985126.6684, 150725.2628 ], [ 985351.1147, 150695.033 ], [ 985821.4055, 150517.2682 ], [ 986191.4179, 150410.5478 ], [ 986317.5335, 150379.5905 ], [ 986541.4315, 150321.6829 ], [ 986701.7104, 150339.5505 ], [ 986834.213, 150337.7425 ], [ 986839.1843, 150608.0722 ], [ 987517.5397, 150478.4541 ], [ 987584.4878, 150457.3324 ], [ 987602.5394, 150487.9381 ], [ 987621.7032, 150510.5289 ], [ 987632.5349, 150522.9175 ], [ 987649.2031, 150513.083 ], [ 987670.5873, 150548.4255 ], [ 987690.8607, 150580.489 ], [ 987711.1334, 150617.653 ], [ 987727.2369, 150671.2111 ], [ 987744.1733, 150728.0482 ], [ 987766.3862, 150792.9012 ], [ 987779.4342, 150844.6373 ], [ 987804.1493, 150893.0961 ], [ 987826.0889, 150925.5242 ], [ 987841.3603, 150967.7882 ], [ 987878.0199, 151012.9699 ], [ 987909.9596, 151042.485 ], [ 987966.8974, 151081.8407 ], [ 988016.3361, 151115.3662 ], [ 988042.164, 151147.4308 ], [ 988052.1615, 151162.7341 ], [ 988097.1565, 151190.0655 ], [ 988150.2037, 151236.3432 ], [ 988179.9206, 151265.494 ], [ 988240.1951, 151278.2552 ], [ 988313.7921, 151353.6826 ], [ 988385.448, 151407.2505 ], [ 988441.5476, 151465.5521 ], [ 988482.6481, 151519.4793 ], [ 988561.7947, 151618.9539 ], [ 988621.2255, 151683.8144 ], [ 988671.2149, 151731.55 ], [ 988711.2072, 151765.0752 ], [ 988738.144, 151800.784 ], [ 988777.87, 151771.281 ], [ 988788.9847, 151749.7879 ], [ 988847.036, 151759.9999 ], [ 988898.9793, 151754.9093 ], [ 988953.1498, 151723.5877 ], [ 988986.4879, 151692.6266 ], [ 989002.323, 151680.6069 ], [ 989037.322, 151679.1565 ], [ 989073.442, 151627.0651 ], [ 989110.3978, 151564.0443 ], [ 989124.8495, 151525.4287 ], [ 989188.7452, 151482.0869 ], [ 989270.9747, 151435.1058 ], [ 989331.2578, 151401.9647 ], [ 989385.1613, 151326.1965 ], [ 989414.334, 151294.5064 ], [ 989404.0672, 151243.863 ], [ 989411.0202, 151202.6958 ], [ 989442.4134, 151180.1143 ], [ 989480.754, 151143.3257 ], [ 989502.1453, 151130.5789 ], [ 989697.0304, 151631.2043 ], [ 989710.9097, 151671.6475 ], [ 989729.2297, 151728.122 ], [ 990498.6766, 151601.158 ], [ 990727.2758, 151616.5194 ], [ 990994.206, 151634.8082 ], [ 991140.3025, 151668.0027 ], [ 991294.7258, 151721.6027 ], [ 991298.3582, 151647.6458 ], [ 991300.3158, 151602.1057 ], [ 991314.791, 151494.2697 ], [ 991693.3649, 151579.6346 ], [ 992015.8286, 151659.8869 ], [ 992372.1751, 151748.1699 ], [ 992381.6184, 151750.359 ], [ 992328.6351, 151539.0329 ], [ 992268.1527, 151322.9681 ], [ 992484.823, 151297.9021 ], [ 992867.0616, 151228.4484 ], [ 993034.014, 151197.9047 ], [ 993001.5474, 151106.4475 ], [ 992851.1444, 150680.8623 ], [ 992824.2265, 150605.0732 ], [ 992826.2574, 150359.8832 ], [ 992731.6857, 149923.3888 ], [ 992718.6502, 149864.3637 ], [ 992698.4189, 149728.4634 ], [ 992726.4783, 149720.8224 ], [ 992668.2778, 149329.5173 ], [ 992651.3703, 149219.4853 ], [ 992606.1725, 148978.2868 ], [ 992842.3372, 148875.9937 ], [ 992898.4612, 148851.9682 ], [ 992919.855, 148842.8677 ], [ 992990.4252, 148817.7545 ], [ 993227.9678, 148754.0841 ], [ 993485.7855, 148705.3611 ], [ 994053.3412, 148687.0026 ], [ 994561.6871, 148760.4419 ], [ 995074.7701, 148794.547 ], [ 995524.7928, 148824.626 ], [ 995522.5031, 148370.3119 ], [ 995410.8247, 148371.7177 ], [ 995350.2644, 148369.1397 ], [ 995245.5339, 148364.356 ], [ 994992.4647, 148338.3759 ], [ 994767.4589, 148299.6592 ], [ 994458.8312, 148264.1882 ], [ 994308.5455, 148245.9094 ], [ 994170.7596, 148230.5512 ], [ 993999.9147, 148214.8162 ], [ 993771.846, 148187.0372 ], [ 993542.1073, 148166.1819 ], [ 993377.3719, 148154.0968 ], [ 993285.7061, 148125.281 ], [ 993302.9454, 148084.483 ], [ 993308.2422, 148034.9368 ], [ 993287.1246, 148045.8587 ], [ 993259.0419, 148110.6981 ], [ 993137.6419, 148104.8243 ], [ 992977.9094, 148084.3643 ], [ 992885.4115, 148049.7204 ], [ 992785.4141, 148010.3381 ], [ 992731.5342, 147966.9646 ], [ 992763.7842, 147898.1185 ], [ 992798.5456, 147798.3057 ], [ 992782.7137, 147788.8277 ], [ 992709.3092, 147967.6855 ], [ 992642.9076, 147982.2355 ], [ 992512.0601, 147979.6405 ], [ 992436.4991, 147970.1425 ], [ 992289.5478, 147939.4902 ], [ 992212.8833, 147905.5828 ], [ 992204.8417, 147860.0396 ], [ 992234.8737, 147773.3402 ], [ 992267.4054, 147689.1918 ], [ 992254.9166, 147650.5693 ], [ 992227.671, 147711.0383 ], [ 992169.8395, 147853.8347 ], [ 992125.1021, 147884.0591 ], [ 992021.196, 147899.3273 ], [ 991907.0203, 147885.0825 ], [ 991768.6813, 147850.4285 ], [ 991667.2946, 147803.0352 ], [ 991651.1931, 147765.1405 ], [ 991672.3318, 147683.1739 ], [ 991685.6897, 147608.1271 ], [ 991681.266, 147538.5397 ], [ 991660.9811, 147553.1065 ], [ 991649.0027, 147659.4857 ], [ 991619.516, 147786.626 ], [ 991570.0621, 147797.9052 ], [ 991389.7664, 147783.6429 ], [ 991127.2511, 147723.4538 ], [ 991065.3095, 147685.5466 ], [ 991067.2747, 147612.3179 ], [ 991080.9137, 147519.4189 ], [ 991081.2062, 147466.9562 ], [ 991064.2603, 147464.0369 ], [ 991021.4172, 147677.8835 ], [ 990823.0533, 147697.5027 ], [ 990636.6514, 147657.3773 ], [ 990473.0331, 147603.4149 ], [ 990456.3753, 147560.056 ], [ 990478.6423, 147396.4799 ], [ 990459.7565, 147374.2513 ], [ 990342.5124, 147396.0811 ], [ 990448.0767, 147419.4245 ], [ 990438.6136, 147487.5508 ], [ 990430.8175, 147555.6776 ], [ 990422.475, 147587.3717 ], [ 990256.0542, 147628.4988 ], [ 990087.4224, 147623.7215 ], [ 989949.6387, 147573.0477 ], [ 989848.8084, 147501.981 ], [ 989878.5496, 147437.1381 ], [ 989969.1232, 147413.1138 ], [ 989971.3528, 147383.2397 ], [ 989878.5583, 147399.6126 ], [ 989819.3672, 147470.6423 ], [ 989806.8449, 147560.6276 ], [ 989764.0585, 147573.7336 ], [ 989643.487, 147574.0709 ], [ 989577.9248, 147565.3127 ], [ 989528.7531, 147558.3798 ], [ 989410.9671, 147523.7437 ], [ 989315.6849, 147484.0123 ], [ 989243.7311, 147482.1758 ], [ 989242.0682, 147462.5019 ], [ 989271.8024, 147424.2539 ], [ 989367.3725, 147417.716 ], [ 989355.9861, 147398.4044 ], [ 989292.3669, 147394.7479 ], [ 989240.4118, 147411.4961 ], [ 989211.2199, 147515.3227 ], [ 989130.6536, 147515.3064 ], [ 989001.1941, 147503.6224 ], [ 988881.1842, 147470.81 ], [ 988770.3404, 147446.0151 ], [ 988642.5478, 147431.4187 ], [ 988640.8878, 147393.1643 ], [ 988625.3319, 147383.3248 ], [ 988588.6516, 147431.0447 ], [ 988490.8627, 147417.5475 ], [ 988428.6333, 147409.1572 ], [ 988245.5565, 147384.3524 ], [ 988048.5888, 147357.7252 ], [ 987989.4162, 147342.4144 ], [ 987576.5871, 147292.0776 ], [ 987418.2339, 147270.197 ], [ 987430.4665, 147204.6202 ], [ 987403.2407, 147201.3377 ], [ 987368.2276, 147263.2684 ], [ 987122.9185, 147228.9917 ], [ 987001.5143, 147207.8468 ], [ 986907.8921, 147184.1553 ], [ 986847.8845, 147171.7618 ], [ 986818.4419, 147113.4668 ], [ 986820.117, 147035.5015 ], [ 986802.057, 147051.8942 ], [ 986787.0458, 147136.7802 ], [ 986749.8166, 147151.3494 ], [ 986686.1958, 147153.1645 ], [ 986608.9621, 147153.1569 ], [ 986541.4536, 147136.3915 ], [ 986476.7226, 147126.9131 ], [ 986432.827, 147128.3664 ], [ 986357.8166, 147118.1587 ], [ 986261.9691, 147116.329 ], [ 986205.5747, 147079.1633 ], [ 986208.6348, 147028.5224 ], [ 986196.6891, 147020.5063 ], [ 986187.519, 147046.0083 ], [ 986151.9555, 147078.4304 ], [ 986105.2815, 147081.7057 ], [ 986023.88, 147084.9785 ], [ 985996.6536, 147085.3409 ], [ 985884.4141, 147088.9764 ], [ 985676.0501, 147074.0259 ], [ 985631.8769, 147072.2018 ], [ 985594.6499, 147055.8051 ], [ 985593.5408, 147016.8223 ], [ 985611.6022, 146960.7173 ], [ 985582.4314, 146953.4292 ], [ 985573.5396, 146980.7531 ], [ 985565.479, 147051.7959 ], [ 985547.1419, 147069.6468 ], [ 985474.0741, 147092.5955 ], [ 985384.8938, 147095.1415 ], [ 985215.7015, 147095.4985 ], [ 985108.4634, 147087.115 ], [ 985047.6209, 147085.6556 ], [ 985007.3382, 147047.4002 ], [ 984991.2247, 147044.8495 ], [ 984990.9478, 147012.7889 ], [ 984968.723, 146985.0996 ], [ 984955.1081, 147043.0268 ], [ 984944.5507, 147051.7703 ], [ 984873.9835, 147082.0073 ], [ 984790.3598, 147080.1837 ], [ 984637.5585, 147100.2186 ], [ 984491.4253, 147104.953 ], [ 984351.682, 147109.3239 ], [ 984345.57, 147098.0298 ], [ 984313.3428, 147131.1832 ], [ 984227.2188, 147114.0599 ], [ 984171.6549, 147105.3162 ], [ 984106.9228, 147098.03 ], [ 983951.8991, 147071.4357 ], [ 983814.0998, 147039.3772 ], [ 983727.9746, 147000.7605 ], [ 983682.134, 146994.568 ], [ 983680.7443, 146966.5151 ], [ 983697.9654, 146800.0183 ], [ 983670.183, 146795.6471 ], [ 983661.5716, 146843.0095 ], [ 983652.4057, 146932.2692 ], [ 983644.3499, 146976.717 ], [ 983640.7393, 147018.2501 ], [ 983636.0178, 147076.1779 ], [ 983618.2404, 147194.2195 ], [ 983597.1299, 147333.0277 ], [ 983577.1295, 147421.5592 ], [ 983550.4613, 147496.6108 ], [ 983530.7378, 147542.1519 ], [ 983489.9003, 147583.3219 ], [ 983457.9522, 147598.6245 ], [ 983442.951, 147620.1202 ], [ 983477.6785, 147644.1645 ], [ 983442.3979, 147697.7213 ], [ 983401.2827, 147729.7833 ], [ 983320.4408, 147770.2263 ], [ 983295.9932, 147765.1267 ], [ 983264.8762, 147716.3084 ], [ 983159.3085, 147740.7227 ], [ 983113.4707, 147766.5918 ], [ 983134.5857, 147794.2795 ], [ 983160.7013, 147824.153 ], [ 983151.5349, 147854.7567 ], [ 983125.1445, 147891.1903 ], [ 983079.8628, 147919.6098 ], [ 983004.022, 147948.3952 ], [ 982911.7913, 147988.8402 ], [ 982808.4495, 148045.6807 ], [ 982747.0543, 148055.5212 ], [ 982634.2679, 148114.549 ], [ 982550.3713, 148135.3212 ], [ 982467.587, 148168.845 ], [ 982375.3578, 148206.3774 ], [ 981847.814, 148327.3796 ], [ 981694.7455, 148350.3476 ], [ 981554.4573, 148382.059 ], [ 981388.8938, 148453.1212 ], [ 981268.0517, 148475.3595 ], [ 981274.7138, 148433.0971 ], [ 981565.5626, 148319.7583 ], [ 981540.2753, 148257.0972 ], [ 981391.3796, 148330.3435 ], [ 981273.5981, 148396.6647 ], [ 981179.4279, 148441.4884 ], [ 980902.4938, 148710.0322 ], [ 980796.4127, 148984.7479 ], [ 980745.352, 149360.7384 ], [ 980657.8926, 149670.063 ], [ 980627.0731, 149772.4428 ], [ 980602.3592, 149835.1104 ] ] ] ] } },
{ "type": "Feature", "properties": { "ZCTA5CE20": "11424", "GEOID20": "11424", "CLASSFP20": "B5", "MTFCC20": "G6350", "FUNCSTAT20": "S", "ALAND20": 49079, "AWATER20": 0, "INTPTLAT20": "+40.7139684", "INTPTLON20": "-073.8280870" }, "geometry": { "type": "MultiPolygon", "coordinates": [ [ [ [ 1031175.2875, 199530.3581 ], [ 1031668.4331, 199689.0714 ], [ 1032151.3218, 199844.4955 ], [ 1032397.628, 199356.4146 ], [ 1032289.3154, 199174.7632 ], [ 1032175.7519, 198983.9937 ], [ 1032100.2599, 199027.5645 ], [ 1031355.1409, 199420.314 ], [ 1031175.2875, 199530.3581 ] ] ] ] } },
{ "type": "Feature", "properties": { "ZCTA5CE20": "10304", "GEOID20": "10304", "CLASSFP20": "B5", "MTFCC20": "G6350", "FUNCSTAT20": "S", "ALAND20": 9041054, "AWATER20": 19194, "INTPTLAT20": "+40.6059650", "INTPTLON20": "-074.0935352" }, "geometry": { "type": "MultiPolygon", "coordinates": [ [ [ [ 950304.5473, 152854.3615 ], [ 950612.569, 153250.3198 ], [ 950872.1926, 153602.265 ], [ 950765.6832, 153707.7015 ], [ 951749.5115, 155620.8985 ], [ 951902.1079, 155924.9071 ], [ 952055.999, 156370.6377 ], [ 952201.9648, 156496.5017 ], [ 952330.9869, 156620.9315 ], [ 952387.4085, 156656.1972 ], [ 952452.6938, 156673.9637 ], [ 952481.8491, 156670.6467 ], [ 952504.6181, 156668.0667 ], [ 952552.6193, 156635.2148 ], [ 952798.7397, 156473.1347 ], [ 952936.321, 156561.124 ], [ 953338.2217, 156820.01 ], [ 953335.6733, 156999.9902 ], [ 953340.9762, 157239.3455 ], [ 952863.9535, 157942.0123 ], [ 953888.1632, 158216.8714 ], [ 953860.2837, 158350.9782 ], [ 954325.4198, 158352.9518 ], [ 954776.0279, 158511.6121 ], [ 955481.4892, 158620.7939 ], [ 956089.1809, 158954.8984 ], [ 956161.3721, 159429.896 ], [ 956515.5216, 159524.943 ], [ 956739.5364, 159461.6602 ], [ 956865.2169, 159365.7007 ], [ 956977.9124, 159327.6841 ], [ 957338.7946, 159486.1283 ], [ 957434.9597, 159566.1738 ], [ 957417.8016, 159618.6557 ], [ 957332.5826, 159643.8884 ], [ 957283.2523, 159730.6526 ], [ 957331.4265, 159853.7414 ], [ 957229.9026, 159948.2144 ], [ 957211.5818, 159953.3354 ], [ 957194.101, 159964.6489 ], [ 957181.0698, 159982.1511 ], [ 957175.2582, 159999.6452 ], [ 957173.886, 160014.2198 ], [ 957176.6806, 160030.247 ], [ 957222.9077, 160150.4232 ], [ 957330.1372, 160445.0441 ], [ 957504.1304, 160602.6053 ], [ 957507.7677, 160627.7398 ], [ 957506.4086, 160654.3371 ], [ 957500.881, 160677.6601 ], [ 957489.2459, 160702.0827 ], [ 957473.165, 160723.5957 ], [ 957454.0247, 160740.3757 ], [ 957433.7729, 160756.4284 ], [ 957416.8575, 160776.485 ], [ 957403.2773, 160799.4525 ], [ 957394.6971, 160824.2362 ], [ 957390.8352, 160847.193 ], [ 957392.807, 160872.6936 ], [ 957398.6596, 160892.3608 ], [ 957408.3991, 160911.6593 ], [ 957421.7454, 160928.4036 ], [ 957437.8646, 160941.8659 ], [ 957458.1463, 160953.1377 ], [ 957587.3065, 160996.3505 ], [ 957521.3593, 161120.2938 ], [ 957889.1513, 161277.2813 ], [ 957772.0689, 161359.3819 ], [ 957351.3219, 161272.4053 ], [ 957214.3394, 161185.1189 ], [ 957215.3578, 161351.9791 ], [ 957362.1601, 161532.1579 ], [ 957343.5476, 161523.4346 ], [ 957321.6076, 161518.7227 ], [ 957293.842, 161518.7534 ], [ 957275.244, 161523.146 ], [ 957254.708, 161532.6412 ], [ 957238.3389, 161543.9535 ], [ 957223.0861, 161560.3651 ], [ 957211.7221, 161578.2297 ], [ 957202.8644, 161602.6495 ], [ 957200.3914, 161625.9691 ], [ 957134.9634, 161714.2089 ], [ 957072.3144, 161804.2674 ], [ 957011.5951, 161881.5725 ], [ 956910.6891, 162023.0443 ], [ 956897.3771, 162036.5393 ], [ 956665.6888, 162412.7857 ], [ 957010.3979, 162547.9266 ], [ 957062.5974, 162798.5247 ], [ 957173.0624, 163015.5399 ], [ 957278.7761, 163456.2574 ], [ 957417.6883, 163542.8134 ], [ 957474.3641, 163578.0906 ], [ 957514.264, 163000.9537 ], [ 957999.2904, 162736.2888 ], [ 958283.4418, 162592.4392 ], [ 958266.7345, 162546.9162 ], [ 958243.3646, 162502.1291 ], [ 958215.5581, 162462.8116 ], [ 958186.6491, 162431.1462 ], [ 958154.6895, 162402.763 ], [ 958116.6239, 162376.5724 ], [ 958078.8426, 162356.5751 ], [ 958034.1232, 162339.4999 ], [ 957985.8002, 162327.8936 ], [ 957960.8086, 162324.6416 ], [ 958148.9426, 162222.0633 ], [ 958430.2996, 162054.9016 ], [ 958536.6461, 162061.3468 ], [ 958790.7124, 162077.8385 ], [ 958816.2603, 162081.8194 ], [ 958843.7582, 162091.9918 ], [ 958871.2633, 162109.0864 ], [ 958893.7767, 162132.0155 ], [ 958988.8879, 162281.6546 ], [ 958727.9913, 162368.6366 ], [ 958841.0356, 162409.3228 ], [ 958903.2143, 162662.4647 ], [ 959013.5554, 162775.2911 ], [ 959068.678, 162919.8715 ], [ 959000.2509, 163064.2157 ], [ 958948.6759, 163127.2977 ], [ 958814.3897, 163213.4188 ], [ 958666.4478, 163249.6423 ], [ 958575.736, 163320.7815 ], [ 958521.9573, 163661.1192 ], [ 958560.5963, 164495.3859 ], [ 958594.2427, 164546.7204 ], [ 958929.157, 164379.5079 ], [ 959069.1628, 164192.463 ], [ 959166.2934, 164155.5657 ], [ 959133.4509, 164075.4478 ], [ 959178.412, 164061.557 ], [ 959304.1423, 164027.9096 ], [ 959318.5594, 164008.9499 ], [ 959776.7157, 164080.2568 ], [ 959801.824, 164201.5523 ], [ 959836.9221, 164318.4658 ], [ 959927.1766, 164622.9523 ], [ 959953.7576, 164830.2275 ], [ 959935.817, 164934.8071 ], [ 959923.3943, 165004.7702 ], [ 959812.3268, 165259.9102 ], [ 959827.8943, 165281.0255 ], [ 959847.0678, 165299.2225 ], [ 959866.7914, 165312.3185 ], [ 959889.5731, 165329.7834 ], [ 959908.473, 165351.9884 ], [ 959924.605, 165382.5756 ], [ 959942.1211, 165409.154 ], [ 959960.1854, 165428.8095 ], [ 959985.1904, 165448.8225 ], [ 960006.3044, 165464.4675 ], [ 960025.4823, 165487.401 ], [ 960039.111, 165513.2546 ], [ 960043.8445, 165527.4586 ], [ 960048.6284, 165592.304 ], [ 960057.8627, 165665.8888 ], [ 960168.3372, 165652.299 ], [ 960183.225, 165828.6184 ], [ 960008.0702, 165843.3654 ], [ 960011.1757, 165895.461 ], [ 959968.2055, 165954.1605 ], [ 959937.1608, 166001.1896 ], [ 959857.2105, 166000.9054 ], [ 959878.2265, 166196.1634 ], [ 959911.8809, 166260.6155 ], [ 960088.4253, 166250.6026 ], [ 960080.733, 166610.9293 ], [ 959911.9442, 166601.2609 ], [ 959877.8771, 166955.4205 ], [ 960273.4059, 166913.1297 ], [ 960299.7125, 167129.1496 ], [ 960325.7045, 167308.0084 ], [ 960652.989, 167314.9751 ], [ 960396.4176, 167517.4268 ], [ 960390.3554, 167562.9736 ], [ 960244.696, 167637.4397 ], [ 959912.4217, 167633.0337 ], [ 959910.3181, 167749.9847 ], [ 959894.4958, 167750.0006 ], [ 959904.5724, 167833.4213 ], [ 959764.7145, 167877.281 ], [ 959901.7817, 168372.9922 ], [ 960276.7324, 168316.1489 ], [ 960296.5211, 168398.103 ], [ 960116.5605, 168586.2736 ], [ 960227.2219, 168775.2497 ], [ 960278.3445, 168825.112 ], [ 960242.5668, 168854.6578 ], [ 960150.4879, 168930.1645 ], [ 959802.694, 169208.4932 ], [ 959930.304, 169414.9386 ], [ 960062.9167, 169630.1236 ], [ 960449.8957, 170254.9269 ], [ 960537.5638, 170214.401 ], [ 960631.8081, 170371.6985 ], [ 960823.8444, 170627.2703 ], [ 960985.7268, 170700.3446 ], [ 961375.0629, 170333.8265 ], [ 961460.3729, 170441.2229 ], [ 961318.3728, 170555.0264 ], [ 961452.8381, 170693.7086 ], [ 961557.4008, 170614.5518 ], [ 961844.9246, 170894.4527 ], [ 961919.79, 170815.3248 ], [ 961557.1665, 170363.5307 ], [ 961403.4757, 170147.2643 ], [ 961357.8872, 170073.7131 ], [ 961550.1243, 169955.491 ], [ 961845.6532, 169877.9795 ], [ 961876.7272, 169864.1065 ], [ 961901.6928, 169848.0531 ], [ 961928.0383, 169823.2547 ], [ 961949.383, 169793.3603 ], [ 961964.6181, 169759.8282 ], [ 961972.9136, 169725.5739 ], [ 961974.8281, 169694.6043 ], [ 961973.1404, 169670.196 ], [ 961966.7231, 169633.7692 ], [ 961955.0324, 169597.7115 ], [ 961938.0686, 169562.3873 ], [ 961920.8359, 169536.536 ], [ 961896.6611, 169507.412 ], [ 961866.3818, 169480.4797 ], [ 961832.4985, 169458.2869 ], [ 961796.3996, 169441.5612 ], [ 961759.4731, 169430.3012 ], [ 961719.4984, 169424.509 ], [ 961684.2469, 169423.813 ], [ 961669.1248, 169279.9179 ], [ 961485.2427, 169138.0019 ], [ 961653.8041, 168922.5274 ], [ 961945.8349, 169253.7953 ], [ 962221.2383, 169622.9717 ], [ 962298.3406, 169863.7222 ], [ 962383.2441, 169830.4919 ], [ 962418.7593, 169816.6155 ], [ 962450.2409, 169947.3807 ], [ 962500.7391, 169927.6618 ], [ 962541.4101, 170092.6656 ], [ 962724.8267, 170037.4891 ], [ 962841.3615, 169992.574 ], [ 962763.746, 169792.627 ], [ 962793.1562, 169779.8496 ], [ 962757.8216, 169684.4271 ], [ 962843.559, 169651.1977 ], [ 963166.536, 169529.2303 ], [ 963336.4915, 169952.4314 ], [ 963386.2203, 170329.1029 ], [ 963303.5541, 170703.7022 ], [ 963198.5963, 170973.7592 ], [ 963507.87, 171074.412 ], [ 963751.6006, 171127.7613 ], [ 963770.4752, 171129.5671 ], [ 963792.4074, 171136.8351 ], [ 963812.6802, 171151.0268 ], [ 963825.4589, 171164.8605 ], [ 963835.7436, 171183.4326 ], [ 963839.3612, 171194.7237 ], [ 963842.162, 171224.9605 ], [ 963784.2565, 171674.9532 ], [ 963906.9416, 171690.152 ], [ 963951.9078, 171695.9436 ], [ 964099.2967, 171714.766 ], [ 964107.6231, 171715.1235 ], [ 964115.3622, 171676.4984 ], [ 963829.1934, 171645.7692 ], [ 963849.8654, 171474.8824 ], [ 963873.1618, 171454.4606 ], [ 963888.8386, 171283.578 ], [ 963899.0507, 171215.4403 ], [ 964338.7231, 171266.4464 ], [ 964343.9741, 171239.1175 ], [ 963891.2566, 171188.1223 ], [ 963906.7219, 171095.9346 ], [ 963938.0874, 171099.1873 ], [ 963943.012, 171013.9306 ], [ 963953.5387, 170989.8763 ], [ 963953.5189, 170966.195 ], [ 963927.3466, 170867.1199 ], [ 963971.5833, 170661.9668 ], [ 963989.4677, 170474.3235 ], [ 963981.5565, 170306.7396 ], [ 964009.9827, 170112.1653 ], [ 963978.7481, 169934.3998 ], [ 963905.4129, 169531.5154 ], [ 964001.7418, 169548.5584 ], [ 964014.7275, 169476.7752 ], [ 963923.6694, 169456.4488 ], [ 963931.4126, 169422.1956 ], [ 963996.3743, 169435.9858 ], [ 964009.3458, 169347.0792 ], [ 963931.3355, 169330.021 ], [ 963998.726, 168927.0192 ], [ 964014.2472, 168899.6817 ], [ 965353.9451, 168365.5935 ], [ 965333.0659, 168287.2795 ], [ 964014.1705, 168807.5071 ], [ 964130.6529, 168018.2785 ], [ 964148.6448, 167956.6924 ], [ 964166.9032, 167881.626 ], [ 964177.3695, 167782.5205 ], [ 964131.6134, 167837.2073 ], [ 964122.7265, 167832.1141 ], [ 964106.9043, 167832.1272 ], [ 964082.1925, 167823.7682 ], [ 964071.9062, 167804.8317 ], [ 964056.343, 167782.6207 ], [ 964005.524, 167757.1601 ], [ 963978.0374, 167750.2608 ], [ 963950.8357, 167752.1051 ], [ 963894.7509, 167736.8503 ], [ 963862.2534, 167712.832 ], [ 963846.1199, 167672.7695 ], [ 963827.2417, 167669.8708 ], [ 963666.504, 167651.0613 ], [ 963715.143, 167395.2628 ], [ 963497.2152, 167370.6736 ], [ 963363.1276, 167356.2154 ], [ 963422.1282, 167209.3411 ], [ 963475.0305, 167071.9447 ], [ 963564.7333, 167119.595 ], [ 963608.8888, 167141.4171 ], [ 964181.0232, 166155.4346 ], [ 964375.8646, 165772.3674 ], [ 964552.3369, 165324.1022 ], [ 964453.5499, 165035.6358 ], [ 963553.7968, 164054.1609 ], [ 963092.9702, 163134.9978 ], [ 962716.5917, 162303.9356 ], [ 962637.0289, 162128.401 ], [ 962195.8345, 161197.5794 ], [ 962006.428, 160846.9059 ], [ 961843.7446, 160574.9036 ], [ 961676.3294, 160294.5274 ], [ 961656.8624, 160262.1205 ], [ 961620.9875, 160202.4043 ], [ 961579.8285, 160133.9494 ], [ 961228.6192, 160181.2773 ], [ 961185.2498, 160125.5765 ], [ 961547.0133, 160080.4241 ], [ 961290.3277, 159662.4188 ], [ 961048.6503, 159267.7188 ], [ 961126.2651, 159124.8291 ], [ 961191.1292, 159004.9043 ], [ 961224.116, 158944.0307 ], [ 961108.5382, 158880.019 ], [ 960988.2186, 159084.8849 ], [ 960962.7084, 159123.1635 ], [ 960820.0275, 158884.6671 ], [ 960714.3361, 158708.0711 ], [ 960604.1648, 158495.0473 ], [ 960512.0544, 158295.1221 ], [ 960381.9851, 157900.6845 ], [ 960288.3547, 157571.4261 ], [ 960131.5529, 157111.0733 ], [ 959943.8294, 156560.764 ], [ 960079.8959, 156548.2414 ], [ 960047.8267, 156415.2944 ], [ 959885.3808, 156431.8512 ], [ 959744.0338, 156165.3068 ], [ 959606.9083, 155956.6867 ], [ 959463.6612, 155738.9655 ], [ 958873.3764, 155084.8811 ], [ 958816.4832, 155124.2876 ], [ 958629.3873, 154948.879 ], [ 958444.5074, 154770.5549 ], [ 958267.392, 154583.4801 ], [ 958088.6177, 154405.8809 ], [ 957817.537, 154141.3092 ], [ 957635.1439, 153962.26 ], [ 957446.0923, 153792.3275 ], [ 957255.0903, 153619.1198 ], [ 957305.602, 153584.8172 ], [ 957049.8014, 153339.5465 ], [ 956890.2157, 153446.1085 ], [ 956685.0194, 153253.2476 ], [ 956671.42, 153262.3712 ], [ 956421.6377, 153430.6096 ], [ 956491.7477, 153533.6336 ], [ 956122.3715, 153797.1008 ], [ 956047.8067, 153685.3392 ], [ 955898.2208, 153787.1599 ], [ 955722.9994, 153580.0635 ], [ 955618.6343, 153637.3852 ], [ 955592.543, 153651.6246 ], [ 955247.3409, 153215.2074 ], [ 954594.3546, 152535.4347 ], [ 954276.7438, 152201.7376 ], [ 953998.1255, 151959.806 ], [ 953929.4283, 151888.1195 ], [ 953888.5028, 151812.7551 ], [ 953785.214, 151623.0708 ], [ 953710.9808, 151568.1507 ], [ 953576.8066, 151558.847 ], [ 953461.5224, 151550.9775 ], [ 953379.5256, 151507.7266 ], [ 953110.4368, 151345.5804 ], [ 952820.0225, 151019.8827 ], [ 952777.7093, 150949.2583 ], [ 952713.6815, 150841.8653 ], [ 952691.4958, 150869.9471 ], [ 952627.1576, 150951.6395 ], [ 952611.2879, 150923.607 ], [ 952605.2822, 150791.0005 ], [ 952597.0067, 150621.9643 ], [ 952519.9155, 150509.8525 ], [ 952355.481, 150307.1384 ], [ 952187.1601, 150108.438 ], [ 951743.0479, 149950.9101 ], [ 951612.5502, 149790.4174 ], [ 951585.5191, 149726.6968 ], [ 951390.8113, 149949.5616 ], [ 951340.9408, 150252.0189 ], [ 951284.9105, 150517.6879 ], [ 951224.7138, 150782.634 ], [ 951135.8883, 151033.4105 ], [ 951153.5576, 151157.9857 ], [ 951131.6571, 151190.0761 ], [ 951038.166, 151276.913 ], [ 950931.8935, 151360.4888 ], [ 950816.4989, 151475.7739 ], [ 950776.6364, 151574.9252 ], [ 950709.8569, 151693.0585 ], [ 950647.7532, 151777.3034 ], [ 950625.8449, 151802.8364 ], [ 950558.9598, 151843.7334 ], [ 950054.5829, 152469.6195 ], [ 950304.5473, 152854.3615 ] ] ] ] } },
{ "type": "Feature", "properties": { "ZCTA5CE20": "11356", "GEOID20": "11356", "CLASSFP20": "B5", "MTFCC20": "G6350", "FUNCSTAT20": "S", "ALAND20": 4096028, "AWATER20": 0, "INTPTLAT20": "+40.7848710", "INTPTLON20": "-073.8415275" }, "geometry": { "type": "MultiPolygon", "coordinates": [ [ [ [ 1023151.2941, 225509.4949 ], [ 1023278.1813, 225475.087 ], [ 1023271.7739, 225498.7584 ], [ 1023299.2129, 225484.2292 ], [ 1023313.0146, 225511.9408 ], [ 1023275.8856, 225524.9971 ], [ 1023262.2846, 225544.6493 ], [ 1023259.4826, 225565.0475 ], [ 1023274.406, 225584.0169 ], [ 1023292.111, 225595.3398 ], [ 1023283.2435, 225598.9689 ], [ 1023261.6183, 225614.6005 ], [ 1023267.693, 225625.5403 ], [ 1023294.0254, 225610.2806 ], [ 1023287.8938, 225634.6811 ], [ 1023291.1782, 225658.7325 ], [ 1023306.6577, 225676.2455 ], [ 1023350.1005, 225697.4469 ], [ 1023397.9822, 225713.5548 ], [ 1023413.461, 225731.4322 ], [ 1023416.1755, 225765.3197 ], [ 1023408.1019, 225791.9031 ], [ 1023393.1028, 225819.9327 ], [ 1023379.7636, 225849.0579 ], [ 1023404.6018, 225901.5622 ], [ 1023452.4142, 225960.2973 ], [ 1023465.4082, 225973.4344 ], [ 1023501.6292, 226007.7404 ], [ 1023528.7041, 226046.7681 ], [ 1023554.9943, 226057.3763 ], [ 1023575.4892, 226055.5879 ], [ 1023610.4105, 226037.4278 ], [ 1023647.2702, 226019.2709 ], [ 1023686.0489, 226013.1402 ], [ 1023719.0331, 225994.2485 ], [ 1023749.2564, 225970.2516 ], [ 1023776.7118, 225945.5215 ], [ 1023790.8591, 225930.6069 ], [ 1023815.5192, 225921.903 ], [ 1023847.9414, 225908.1112 ], [ 1023867.3157, 225914.3366 ], [ 1023903.3129, 225915.8527 ], [ 1023941.2289, 225929.3951 ], [ 1023955.883, 225943.2638 ], [ 1023971.3189, 225987.0092 ], [ 1023977.6695, 225998.314 ], [ 1023983.1805, 226015.0824 ], [ 1023985.9449, 226018.0016 ], [ 1023994.8003, 226021.6595 ], [ 1024003.1138, 226018.0298 ], [ 1024012.8036, 226019.503 ], [ 1024019.723, 226021.7003 ], [ 1024025.256, 226024.9884 ], [ 1024033.8267, 226033.3822 ], [ 1024047.3533, 226059.2721 ], [ 1024051.772, 226066.5661 ], [ 1024056.1932, 226072.4027 ], [ 1024068.9069, 226087.3613 ], [ 1024073.0505, 226093.5618 ], [ 1024076.6367, 226101.9474 ], [ 1024079.3903, 226111.4246 ], [ 1024080.7581, 226121.6282 ], [ 1024079.0799, 226131.8268 ], [ 1024078.1277, 226205.7852 ], [ 1024079.2174, 226216.717 ], [ 1024088.3467, 226222.1971 ], [ 1024103.5639, 226230.2374 ], [ 1024110.1997, 226236.442 ], [ 1024116.8253, 226248.8403 ], [ 1024121.5197, 226256.8634 ], [ 1024133.1161, 226277.6495 ], [ 1024145.292, 226282.7702 ], [ 1024158.5821, 226283.8851 ], [ 1024180.1792, 226285.378 ], [ 1024198.1769, 226286.5006 ], [ 1024235.8356, 226287.6556 ], [ 1024247.4661, 226287.6748 ], [ 1024285.9592, 226286.6453 ], [ 1024295.65, 226287.39 ], [ 1024308.107, 226289.9609 ], [ 1024322.4976, 226295.4497 ], [ 1024331.0724, 226301.2932 ], [ 1024341.311, 226305.6821 ], [ 1024367.6144, 226307.9116 ], [ 1024416.6212, 226312.3648 ], [ 1024426.3108, 226313.8381 ], [ 1024447.9036, 226317.8816 ], [ 1024457.5932, 226319.355 ], [ 1024467.8385, 226319.7363 ], [ 1024477.2548, 226319.0233 ], [ 1024538.2034, 226302.7294 ], [ 1024545.4032, 226302.7413 ], [ 1024567.5474, 226308.2431 ], [ 1024592.7521, 226305.006 ], [ 1024600.7827, 226305.0194 ], [ 1024654.2164, 226311.6663 ], [ 1024699.0658, 226318.2991 ], [ 1024758.588, 226327.1425 ], [ 1024806.7603, 226333.781 ], [ 1024855.4827, 226342.6065 ], [ 1024877.8994, 226350.6594 ], [ 1024886.1996, 226355.0454 ], [ 1024905.5476, 226376.5735 ], [ 1024944.5388, 226408.7004 ], [ 1024957.805, 226424.0247 ], [ 1024973.8281, 226446.6404 ], [ 1024991.5175, 226466.3441 ], [ 1025000.0829, 226477.6529 ], [ 1025000.0021, 226525.745 ], [ 1024990.3077, 226527.186 ], [ 1024963.721, 226528.9631 ], [ 1024937.6881, 226530.7411 ], [ 1024918.0267, 226531.0724 ], [ 1024906.6732, 226531.0534 ], [ 1024882.8612, 226529.5561 ], [ 1024873.4461, 226529.5404 ], [ 1024826.091, 226531.2828 ], [ 1024807.2615, 226530.887 ], [ 1024792.5863, 226530.1338 ], [ 1024786.2192, 226529.0301 ], [ 1024769.888, 226524.9951 ], [ 1024762.4132, 226523.8897 ], [ 1024716.7298, 226519.4414 ], [ 1024674.3676, 226516.0917 ], [ 1024634.2176, 226514.5675 ], [ 1024611.2356, 226513.4363 ], [ 1024589.0808, 226514.4924 ], [ 1024569.6914, 226517.7392 ], [ 1024545.8623, 226526.4436 ], [ 1024527.8509, 226533.7004 ], [ 1024513.1558, 226544.9704 ], [ 1024504.5594, 226552.2428 ], [ 1024495.9606, 226560.9726 ], [ 1024487.3594, 226571.1597 ], [ 1024477.9232, 226583.8958 ], [ 1024467.3757, 226598.816 ], [ 1024462.9349, 226605.0023 ], [ 1024460.9826, 226613.3788 ], [ 1024459.8611, 226621.7566 ], [ 1024457.0859, 226625.3954 ], [ 1024457.8955, 226638.1484 ], [ 1024459.7983, 226659.6474 ], [ 1024460.2977, 226692.4383 ], [ 1024456.9494, 226707.7348 ], [ 1024464.359, 226748.1883 ], [ 1024466.5133, 226784.9897 ], [ 1024470.9178, 226800.6634 ], [ 1024477.5045, 226836.3791 ], [ 1024481.3492, 226855.6952 ], [ 1024484.6467, 226871.0028 ], [ 1024494.0187, 226896.8861 ], [ 1024501.9976, 226927.8678 ], [ 1024509.4476, 226943.9109 ], [ 1024514.1242, 226962.4997 ], [ 1024515.7505, 226983.6339 ], [ 1024523.1859, 227008.421 ], [ 1024527.2814, 227043.4039 ], [ 1024531.1134, 227070.3711 ], [ 1024533.585, 227082.7626 ], [ 1024534.1194, 227094.4222 ], [ 1024534.6333, 227118.4691 ], [ 1024535.6828, 227153.447 ], [ 1024537.5752, 227181.1396 ], [ 1024538.9361, 227195.3509 ], [ 1024540.8587, 227204.8268 ], [ 1024543.612, 227214.3041 ], [ 1024546.0939, 227220.5019 ], [ 1024549.132, 227225.2433 ], [ 1024554.3859, 227229.6241 ], [ 1024560.7481, 227233.6423 ], [ 1024634.052, 227279.3061 ], [ 1024660.327, 227297.931 ], [ 1024705.9815, 227318.7742 ], [ 1024724.7934, 227329.3713 ], [ 1024780.6695, 227364.4407 ], [ 1024801.9716, 227376.135 ], [ 1024823.5499, 227388.1942 ], [ 1024840.979, 227397.696 ], [ 1024849.8387, 227398.4395 ], [ 1024869.7641, 227405.3953 ], [ 1024878.8958, 227409.0539 ], [ 1024908.2243, 227422.9478 ], [ 1024919.0137, 227428.7952 ], [ 1024928.6955, 227434.6408 ], [ 1024953.0373, 227449.9837 ], [ 1025000.0605, 227479.9381 ], [ 1025010.2949, 227486.5134 ], [ 1025018.0389, 227491.9914 ], [ 1025027.717, 227500.023 ], [ 1025037.9453, 227510.2416 ], [ 1025043.4704, 227517.9019 ], [ 1025045.6679, 227528.4714 ], [ 1025052.0225, 227536.8617 ], [ 1025051.998, 227551.4351 ], [ 1025052.2559, 227562.7299 ], [ 1025050.5743, 227574.7502 ], [ 1025047.5075, 227587.1324 ], [ 1025042.78, 227599.1475 ], [ 1025035.5542, 227614.8017 ], [ 1025019.9976, 227644.6511 ], [ 1025000.0051, 227677.7719 ], [ 1024986.1246, 227698.8801 ], [ 1024960.0385, 227733.0837 ], [ 1024932.5687, 227766.9208 ], [ 1024905.6564, 227798.5728 ], [ 1024855.7335, 227846.9458 ], [ 1024826.0555, 227876.7716 ], [ 1024791.6556, 227915.3336 ], [ 1024769.4612, 227940.7999 ], [ 1024746.4295, 227970.2726 ], [ 1024740.5983, 227980.0999 ], [ 1024738.3557, 227996.4912 ], [ 1024738.8499, 228032.1969 ], [ 1024752.8597, 228099.2579 ], [ 1024762.4853, 228138.6222 ], [ 1024771.0088, 228174.7056 ], [ 1024778.1069, 228235.1971 ], [ 1024779.7056, 228272.7263 ], [ 1024779.9374, 228299.6875 ], [ 1024773.2171, 228344.4895 ], [ 1024763.731, 228387.4651 ], [ 1024755.6038, 228445.7452 ], [ 1024751.9397, 228484.3586 ], [ 1024747.7134, 228528.0717 ], [ 1024751.5247, 228567.062 ], [ 1024765.598, 228595.868 ], [ 1024790.745, 228625.7855 ], [ 1024813.7024, 228640.3972 ], [ 1024845.2464, 228653.2017 ], [ 1024895.062, 228667.8586 ], [ 1024941.5542, 228682.8743 ], [ 1024979.7336, 228701.5194 ], [ 1025017.3451, 228728.5434 ], [ 1025039.7203, 228759.9139 ], [ 1025052.9698, 228784.3466 ], [ 1025056.5258, 228810.2204 ], [ 1025056.7187, 228860.1346 ], [ 1025047.228, 228905.6606 ], [ 1025046.6466, 228922.0547 ], [ 1025054.3841, 228931.1761 ], [ 1025064.9113, 228927.9148 ], [ 1025075.1818, 228912.63 ], [ 1025081.8909, 228874.7504 ], [ 1025093.3137, 228832.8711 ], [ 1025111.0744, 228809.2192 ], [ 1025136.311, 228785.58 ], [ 1025158.7585, 228773.9591 ], [ 1025191.1931, 228751.0607 ], [ 1025235.0054, 228713.2438 ], [ 1025258.0234, 228691.787 ], [ 1025280.2053, 228673.6077 ], [ 1025321.8021, 228636.1516 ], [ 1025350.635, 228614.7047 ], [ 1025385.5533, 228596.9115 ], [ 1025425.7289, 228581.3132 ], [ 1025473.3904, 228559.8984 ], [ 1025523.5539, 228532.6586 ], [ 1025562.6196, 228518.516 ], [ 1025618.8557, 228502.5811 ], [ 1025647.6704, 228492.0646 ], [ 1025704.7521, 228467.3873 ], [ 1025733.0093, 228459.0559 ], [ 1025790.6376, 228438.7517 ], [ 1025833.0357, 228419.1503 ], [ 1025863.5225, 228402.4432 ], [ 1025898.7109, 228389.0232 ], [ 1025927.252, 228376.6848 ], [ 1025966.3226, 228359.9925 ], [ 1026023.3686, 228356.4474 ], [ 1026043.5817, 228356.4822 ], [ 1026065.4367, 228367.8142 ], [ 1026079.8244, 228374.0328 ], [ 1026088.1161, 228382.7911 ], [ 1026098.8935, 228395.1971 ], [ 1026102.4724, 228407.2263 ], [ 1026099.9244, 228439.6477 ], [ 1026093.7926, 228462.9546 ], [ 1026091.0167, 228466.9575 ], [ 1026070.9933, 228517.5656 ], [ 1026055.689, 228561.2594 ], [ 1026038.6606, 228641.3838 ], [ 1026051.2763, 228711.7222 ], [ 1026070.3376, 228737.2585 ], [ 1026119.8162, 228786.1648 ], [ 1026121.7305, 228800.0129 ], [ 1026123.3686, 228813.4961 ], [ 1026118.6018, 228848.0997 ], [ 1026102.1441, 228918.388 ], [ 1026095.1352, 228968.6542 ], [ 1026093.6936, 229001.8062 ], [ 1026102.7686, 229037.891 ], [ 1026111.0411, 229057.5794 ], [ 1026139.7559, 229104.6282 ], [ 1026181.2387, 229133.4824 ], [ 1026225.219, 229159.0619 ], [ 1026271.4162, 229183.5524 ], [ 1026311.5281, 229204.389 ], [ 1026357.1726, 229228.15 ], [ 1026385.9487, 229239.4944 ], [ 1026436.3153, 229254.5197 ], [ 1026486.1318, 229267.3581 ], [ 1026530.4081, 229281.6444 ], [ 1026578.0095, 229294.4791 ], [ 1026652.185, 229311.0038 ], [ 1026676.2654, 229315.7822 ], [ 1026687.3356, 229318.7163 ], [ 1026721.0985, 229328.2481 ], [ 1026746.8261, 229341.0449 ], [ 1026765.9053, 229355.6518 ], [ 1026784.9845, 229370.2586 ], [ 1026800.1989, 229378.3007 ], [ 1026821.7968, 229377.6099 ], [ 1026833.1636, 229369.2502 ], [ 1026856.451, 229352.5316 ], [ 1026878.6367, 229332.5322 ], [ 1026896.9243, 229324.9133 ], [ 1026920.1907, 229320.2178 ], [ 1026971.6745, 229329.4168 ], [ 1026992.729, 229322.8959 ], [ 1027002.6961, 229323.2778 ], [ 1026993.0823, 229279.5406 ], [ 1027000.6197, 229244.5777 ], [ 1027025.0098, 229230.776 ], [ 1027063.0777, 229154.3327 ], [ 1027088.0647, 229116.1217 ], [ 1027149.332, 229073.2384 ], [ 1027184.311, 229021.5647 ], [ 1027222.3248, 228976.0901 ], [ 1027259.4927, 228939.3581 ], [ 1027278.35, 228922.9965 ], [ 1027342.8909, 228908.1733 ], [ 1027422.3545, 228909.772 ], [ 1027525.072, 228913.9627 ], [ 1027580.4231, 228928.6349 ], [ 1027607.2556, 228942.892 ], [ 1027631.2768, 228980.8258 ], [ 1027625.0733, 229043.4803 ], [ 1027620.021, 229081.7265 ], [ 1027623.5377, 229128.0034 ], [ 1027635.9792, 229138.227 ], [ 1027673.7097, 229096.7603 ], [ 1027696.2593, 229028.67 ], [ 1027723.6983, 229013.4171 ], [ 1027759.3896, 229028.4188 ], [ 1027750.4025, 229099.0838 ], [ 1027641.3551, 229383.4343 ], [ 1027662.9394, 229390.3953 ], [ 1027779.1827, 229107.8795 ], [ 1027925.5439, 229169.3509 ], [ 1027741.6626, 229649.5788 ], [ 1027756.6022, 229656.1636 ], [ 1027957.1053, 229171.2294 ], [ 1027973.1336, 229188.3821 ], [ 1028003.3118, 229189.5295 ], [ 1028040.9975, 229173.2024 ], [ 1028061.5368, 229145.55 ], [ 1028102.3183, 229101.5392 ], [ 1028139.1181, 229115.8148 ], [ 1028156.25, 229135.1556 ], [ 1028173.8847, 229182.5511 ], [ 1028182.6288, 229246.69 ], [ 1028164.8477, 229280.1766 ], [ 1028129.604, 229324.1974 ], [ 1028158.6474, 229340.2807 ], [ 1028190.4617, 229355.2761 ], [ 1028200.1155, 229375.6963 ], [ 1028191.2092, 229401.1837 ], [ 1028384.3592, 229615.3992 ], [ 1028517.2107, 229642.9665 ], [ 1028428.1082, 229918.2416 ], [ 1028436.6481, 229941.939 ], [ 1028761.8534, 230008.8427 ], [ 1028768.8026, 229993.9177 ], [ 1028984.4064, 230188.1409 ], [ 1029139.0904, 230235.426 ], [ 1029139.1329, 230212.4729 ], [ 1028995.2521, 230162.2931 ], [ 1028774.1081, 229969.517 ], [ 1028483.7845, 229904.8627 ], [ 1028478.255, 229900.4806 ], [ 1028556.2357, 229651.0531 ], [ 1028816.9551, 229705.4525 ], [ 1028984.0898, 229609.2113 ], [ 1029485.6488, 228054.0655 ], [ 1029497.1388, 227980.4912 ], [ 1029515.5833, 227889.8062 ], [ 1029512.1175, 227818.0257 ], [ 1029514.1408, 227772.4876 ], [ 1029494.5367, 227742.5755 ], [ 1029463.577, 227714.0997 ], [ 1029434.5358, 227696.1931 ], [ 1029410.7496, 227681.5754 ], [ 1029393.8783, 227670.9783 ], [ 1029364.2683, 227661.0862 ], [ 1029323.0157, 227658.0948 ], [ 1029300.8772, 227650.767 ], [ 1029266.8313, 227643.7814 ], [ 1029255.2164, 227635.7445 ], [ 1029241.4011, 227619.6881 ], [ 1029238.0986, 227608.7519 ], [ 1029238.9536, 227595.6374 ], [ 1029240.665, 227568.6798 ], [ 1029235.7092, 227553.3685 ], [ 1029228.2612, 227538.0527 ], [ 1029221.9066, 227530.3898 ], [ 1029208.6356, 227519.4352 ], [ 1029205.8862, 227508.8644 ], [ 1029210.6205, 227494.2997 ], [ 1029216.4625, 227479.7372 ], [ 1029232.2682, 227467.7434 ], [ 1029239.4907, 227455.3694 ], [ 1029244.2304, 227437.8901 ], [ 1029242.305, 227430.9642 ], [ 1029233.7345, 227423.6616 ], [ 1029229.8673, 227418.5537 ], [ 1029229.8943, 227403.9804 ], [ 1029231.0249, 227391.5951 ], [ 1029233.5481, 227374.8403 ], [ 1029243.3053, 227339.5179 ], [ 1029245.8218, 227326.4066 ], [ 1029245.3038, 227307.0958 ], [ 1029280.1998, 227303.8816 ], [ 1029280.7333, 227314.8126 ], [ 1029377.9205, 227318.2723 ], [ 1029377.9368, 227309.5282 ], [ 1029435.8117, 227308.543 ], [ 1029436.9438, 227295.429 ], [ 1029380.1818, 227293.5017 ], [ 1029381.8568, 227286.2181 ], [ 1029282.4556, 227282.0257 ], [ 1029282.4299, 227295.8703 ], [ 1029249.7505, 227298.36 ], [ 1029263.0763, 227279.8037 ], [ 1029273.9, 227266.7077 ], [ 1029277.5234, 227253.9627 ], [ 1029275.0549, 227241.2064 ], [ 1029272.6115, 227214.9697 ], [ 1029272.0793, 227203.31 ], [ 1029275.7325, 227174.5343 ], [ 1029280.5123, 227135.5594 ], [ 1029281.0836, 227126.0877 ], [ 1029282.2366, 227101.6794 ], [ 1029278.9462, 227084.1852 ], [ 1029278.1337, 227074.3467 ], [ 1029280.6408, 227066.336 ], [ 1029291.7346, 227056.8838 ], [ 1029306.4391, 227041.6091 ], [ 1029310.6036, 227035.7875 ], [ 1029314.7748, 227026.3225 ], [ 1029317.0022, 227019.7686 ], [ 1029320.6311, 227004.1089 ], [ 1029321.7489, 226998.646 ], [ 1029321.7726, 226985.8943 ], [ 1029319.8728, 226965.1237 ], [ 1029320.7259, 226953.1022 ], [ 1029322.673, 226948.3695 ], [ 1029332.6614, 226937.8223 ], [ 1029337.383, 226930.1801 ], [ 1029338.2381, 226917.0656 ], [ 1029337.9829, 226905.4064 ], [ 1029336.6194, 226894.1095 ], [ 1029334.1468, 226883.5392 ], [ 1029323.4151, 226847.0857 ], [ 1029320.1158, 226834.3279 ], [ 1029319.2912, 226831.0473 ], [ 1029314.0678, 226810.6349 ], [ 1029311.0489, 226796.0559 ], [ 1029309.422, 226777.4718 ], [ 1029314.1125, 226786.5888 ], [ 1029318.2255, 226808.4566 ], [ 1029335.8448, 226863.8682 ], [ 1029341.0716, 226882.459 ], [ 1029346.563, 226907.6084 ], [ 1029347.3795, 226915.2609 ], [ 1029345.4134, 226930.195 ], [ 1029341.23, 226946.218 ], [ 1029339.5556, 226953.1372 ], [ 1029339.2503, 226968.4387 ], [ 1029341.7336, 226973.1797 ], [ 1029348.9238, 226978.2937 ], [ 1029359.1633, 226981.5918 ], [ 1029367.4698, 226981.9716 ], [ 1029377.7188, 226980.169 ], [ 1029399.0563, 226971.829 ], [ 1029431.2054, 226956.9511 ], [ 1029449.4902, 226952.2488 ], [ 1029466.3843, 226950.823 ], [ 1029508.2022, 226948.3506 ], [ 1029524.5425, 226946.9238 ], [ 1029551.9666, 226941.5099 ], [ 1029564.1513, 226941.1684 ], [ 1029592.3816, 226948.8721 ], [ 1029614.7941, 226958.0224 ], [ 1029652.4332, 226969.0229 ], [ 1029689.2455, 226977.8359 ], [ 1029721.9111, 226982.9978 ], [ 1029736.8628, 226983.7545 ], [ 1029763.7283, 226980.8902 ], [ 1029777.8554, 226978.3664 ], [ 1029787.2955, 226964.9037 ], [ 1029795.9194, 226943.7884 ], [ 1029802.3389, 226916.8397 ], [ 1029802.942, 226890.6087 ], [ 1029810.7248, 226874.9569 ], [ 1029824.0377, 226863.6876 ], [ 1029848.1521, 226851.3455 ], [ 1029873.9211, 226842.6499 ], [ 1029905.5004, 226836.5156 ], [ 1029946.2171, 226830.7629 ], [ 1029986.9317, 226826.1033 ], [ 1029999.9492, 226824.6705 ], [ 1030103.8062, 226816.4869 ], [ 1030159.4809, 226808.2125 ], [ 1030175.5554, 226800.9563 ], [ 1030190.253, 226789.6897 ], [ 1030201.6388, 226772.5875 ], [ 1030213.6039, 226742.0061 ], [ 1030213.6564, 226714.3167 ], [ 1030214.2392, 226699.0157 ], [ 1030213.9975, 226680.4342 ], [ 1030215.1279, 226668.4133 ], [ 1030239.568, 226630.5688 ], [ 1030250.9497, 226615.6526 ], [ 1030264.5474, 226600.3763 ], [ 1030289.4799, 226594.9586 ], [ 1030314.9606, 226592.4567 ], [ 1030326.5958, 226589.9284 ], [ 1030350.7079, 226579.0442 ], [ 1030364.5577, 226576.8845 ], [ 1030377.5663, 226580.1882 ], [ 1030396.3763, 226590.7897 ], [ 1030408.8256, 226597.0071 ], [ 1030415.7421, 226600.2993 ], [ 1030422.937, 226602.8633 ], [ 1030441.2132, 226602.8981 ], [ 1030455.0636, 226600.3742 ], [ 1030473.8978, 226598.224 ], [ 1030488.8511, 226598.2525 ], [ 1030500.7583, 226598.2752 ], [ 1030511.2796, 226599.024 ], [ 1030521.5191, 226602.3225 ], [ 1030534.2383, 226612.1838 ], [ 1030540.0458, 226616.2026 ], [ 1030547.5134, 226620.9532 ], [ 1030555.8145, 226624.2481 ], [ 1030570.2118, 226625.3686 ], [ 1030590.4208, 226628.3218 ], [ 1030604.8153, 226630.8997 ], [ 1030613.6723, 226633.1026 ], [ 1030636.9162, 226641.8911 ], [ 1030658.2168, 226653.2262 ], [ 1030681.1767, 226665.6576 ], [ 1030687.5394, 226668.9487 ], [ 1030695.286, 226672.6069 ], [ 1030705.2464, 226676.998 ], [ 1030716.8704, 226680.2993 ], [ 1030732.0865, 226687.6152 ], [ 1030744.2504, 226698.2042 ], [ 1030752.5361, 226709.5144 ], [ 1030776.0211, 226736.8846 ], [ 1030783.7564, 226746.3722 ], [ 1030793.4182, 226762.0571 ], [ 1030798.6564, 226774.0902 ], [ 1030808.028, 226796.697 ], [ 1030815.7465, 226814.9285 ], [ 1030821.5351, 226828.7844 ], [ 1030825.9432, 226840.4516 ], [ 1030833.6701, 226854.3111 ], [ 1030848.3274, 226864.1763 ], [ 1030860.7757, 226870.7583 ], [ 1030874.3449, 226870.42 ], [ 1030885.1465, 226869.3478 ], [ 1030895.1201, 226866.8166 ], [ 1030909.8152, 226857.0078 ], [ 1030915.9255, 226847.5469 ], [ 1030924.5279, 226838.0907 ], [ 1030926.7277, 226846.1103 ], [ 1030920.8958, 226854.8431 ], [ 1030912.8514, 226862.1144 ], [ 1030888.182, 226874.8186 ], [ 1030882.6382, 226877.7227 ], [ 1030862.4056, 226887.1565 ], [ 1030848.2763, 226890.7727 ], [ 1030825.8404, 226894.0086 ], [ 1030816.9744, 226896.5419 ], [ 1030808.6594, 226900.5337 ], [ 1030802.8374, 226904.1658 ], [ 1030793.9581, 226913.6215 ], [ 1030784.2412, 226926.7189 ], [ 1030777.294, 226939.4573 ], [ 1030888.9989, 227026.0192 ], [ 1030923.7799, 226939.0101 ], [ 1030964.7721, 226933.9883 ], [ 1030974.1842, 226935.4638 ], [ 1030994.6803, 226932.9529 ], [ 1031014.0787, 226925.3393 ], [ 1031030.4387, 226913.7121 ], [ 1031042.927, 226899.5271 ], [ 1031069.7241, 226788.821 ], [ 1031109.5267, 226539.6927 ], [ 1030973.9236, 226495.7109 ], [ 1031012.9722, 226206.5042 ], [ 1031075.0084, 225772.701 ], [ 1031094.6322, 225648.8651 ], [ 1031235.8255, 225668.4479 ], [ 1031287.4441, 225325.7088 ], [ 1031147.9146, 225303.9429 ], [ 1031164.7542, 225188.117 ], [ 1031432.546, 225187.5434 ], [ 1031658.5117, 225191.9917 ], [ 1031919.9319, 225192.504 ], [ 1032185.7808, 225194.1209 ], [ 1032189.8333, 224825.0577 ], [ 1032220.3312, 224107.0143 ], [ 1032521.6259, 224115.9917 ], [ 1032635.7211, 224118.405 ], [ 1032461.8253, 223688.5083 ], [ 1032373.9111, 223470.826 ], [ 1032356.5487, 223427.8001 ], [ 1032135.1537, 222923.4875 ], [ 1031858.8796, 222294.1026 ], [ 1031821.3801, 222208.7748 ], [ 1031741.661, 222043.5751 ], [ 1031643.7516, 221832.0698 ], [ 1031621.1228, 221789.7628 ], [ 1031560.3982, 221682.8944 ], [ 1031534.4598, 221633.2944 ], [ 1031470.148, 221519.1325 ], [ 1031376.2654, 221371.0303 ], [ 1031292.0278, 221247.7218 ], [ 1031274.6251, 221223.642 ], [ 1031186.2205, 221106.1553 ], [ 1031160.5154, 221078.4162 ], [ 1031059.0862, 220963.8193 ], [ 1031023.9832, 220925.8609 ], [ 1030895.1802, 220786.073 ], [ 1030862.003, 220754.6765 ], [ 1030828.8257, 220723.28 ], [ 1030733.4165, 220645.4939 ], [ 1030661.5139, 220586.6984 ], [ 1030638.2823, 220568.4373 ], [ 1030564.4376, 220511.0958 ], [ 1030469.2926, 220439.1406 ], [ 1030387.7047, 220374.8625 ], [ 1030365.6949, 220442.2224 ], [ 1030242.5207, 220836.5624 ], [ 1029578.5157, 222958.2883 ], [ 1028877.7637, 222989.0506 ], [ 1028849.918, 222317.5312 ], [ 1028826.4741, 222264.2953 ], [ 1028983.1841, 221841.2274 ], [ 1028540.3596, 221664.0772 ], [ 1028362.2543, 221671.7681 ], [ 1028366.9555, 221828.076 ], [ 1028307.1261, 221830.5176 ], [ 1028314.6856, 222090.666 ], [ 1028163.1753, 222096.5849 ], [ 1028166.2483, 222235.0375 ], [ 1028093.9566, 222237.4571 ], [ 1027844.1277, 222242.1076 ], [ 1027594.5798, 222244.5751 ], [ 1027344.4632, 222255.4239 ], [ 1027342.8817, 222210.2437 ], [ 1027341.2943, 222168.3424 ], [ 1027214.989, 222173.9478 ], [ 1027212.5821, 222125.4871 ], [ 1027162.7191, 222130.8638 ], [ 1027165.1202, 222182.6035 ], [ 1027093.1048, 222185.3909 ], [ 1027090.4433, 222124.1781 ], [ 1027013.1628, 222128.4137 ], [ 1027011.8383, 222094.164 ], [ 1026958.9338, 222096.6211 ], [ 1026963.469, 222194.9994 ], [ 1026829.3827, 222215.5307 ], [ 1026832.5912, 222281.1165 ], [ 1026840.2041, 222362.0121 ], [ 1026590.6442, 222372.1409 ], [ 1026345.239, 222382.2796 ], [ 1026365.5276, 222979.823 ], [ 1026114.3327, 222978.2952 ], [ 1026015.1771, 222981.7676 ], [ 1025956.4365, 222835.9329 ], [ 1025949.7677, 222848.6731 ], [ 1025937.8273, 222866.8693 ], [ 1025933.3823, 222874.877 ], [ 1025929.4918, 222882.5214 ], [ 1025925.8738, 222892.7165 ], [ 1025923.0855, 222903.6417 ], [ 1025921.6826, 222914.205 ], [ 1025878.4765, 222914.8595 ], [ 1025877.3768, 222910.1213 ], [ 1025863.2528, 222909.7327 ], [ 1025864.0517, 222928.3151 ], [ 1025922.2171, 222925.5003 ], [ 1025919.7126, 222932.4184 ], [ 1025924.956, 222943.3574 ], [ 1025931.0408, 222948.1042 ], [ 1025943.7688, 222955.0484 ], [ 1025945.1266, 222970.7171 ], [ 1025946.5014, 222976.5488 ], [ 1025949.8098, 222985.2985 ], [ 1025942.5865, 222998.4022 ], [ 1025937.0393, 223003.129 ], [ 1025930.1079, 223007.4891 ], [ 1025908.2174, 223014.0095 ], [ 1025900.7378, 223015.0897 ], [ 1025879.6856, 223017.2395 ], [ 1025865.2784, 223020.4938 ], [ 1025855.8557, 223024.121 ], [ 1025850.0316, 223028.8474 ], [ 1025848.0767, 223038.3167 ], [ 1025811.2407, 223038.9822 ], [ 1025812.0541, 223049.185 ], [ 1025848.0605, 223047.7894 ], [ 1025849.269, 223150.5337 ], [ 1025851.4672, 223160.7388 ], [ 1025855.8871, 223167.3044 ], [ 1025867.229, 223174.9749 ], [ 1025877.1799, 223186.2863 ], [ 1025888.5361, 223185.5772 ], [ 1025902.9326, 223188.5166 ], [ 1025907.3619, 223189.6172 ], [ 1025911.2324, 223193.6315 ], [ 1025909.443, 223267.9526 ], [ 1025908.042, 223277.4229 ], [ 1025902.2042, 223290.1646 ], [ 1025893.3268, 223298.8934 ], [ 1025885.2846, 223305.0732 ], [ 1025878.9235, 223299.9616 ], [ 1025866.7421, 223297.3904 ], [ 1025860.6498, 223297.0156 ], [ 1025864.8515, 223269.3334 ], [ 1025773.2141, 223249.8667 ], [ 1025767.3963, 223250.9497 ], [ 1025766.5517, 223258.9636 ], [ 1025756.8622, 223256.7611 ], [ 1025761.8884, 223232.7236 ], [ 1025606.5856, 223193.4746 ], [ 1025610.4778, 223184.7372 ], [ 1025524.9365, 223163.0958 ], [ 1025530.5015, 223147.8032 ], [ 1025464.0666, 223128.0162 ], [ 1025462.3981, 223132.021 ], [ 1025384.059, 223109.2994 ], [ 1025380.7177, 223119.8594 ], [ 1025459.3368, 223140.7599 ], [ 1025457.659, 223150.2297 ], [ 1025512.1899, 223167.0818 ], [ 1025507.9879, 223195.1284 ], [ 1025501.6193, 223194.3889 ], [ 1025493.8021, 223231.1733 ], [ 1025501.5542, 223232.6439 ], [ 1025504.8913, 223224.6342 ], [ 1025530.3627, 223229.4139 ], [ 1025529.7883, 223241.4359 ], [ 1025586.5458, 223251.7339 ], [ 1025588.78, 223240.8077 ], [ 1025749.0664, 223280.7938 ], [ 1025753.8008, 223265.4998 ], [ 1025761.8267, 223268.7926 ], [ 1025758.4858, 223278.9882 ], [ 1025782.2905, 223286.68 ], [ 1025849.8356, 223304.6481 ], [ 1025843.1064, 223352.7287 ], [ 1025827.0527, 223347.2362 ], [ 1025791.0562, 223343.1668 ], [ 1025790.4941, 223347.9022 ], [ 1025140.8546, 223297.2491 ], [ 1025149.9087, 223183.592 ], [ 1025139.9384, 223183.5752 ], [ 1025131.1319, 223314.7207 ], [ 1025138.332, 223315.0972 ], [ 1025139.4601, 223303.0761 ], [ 1025841.9855, 223360.3778 ], [ 1025835.5382, 223405.5442 ], [ 1025843.8454, 223406.2871 ], [ 1025849.3819, 223407.7539 ], [ 1025855.1766, 223420.1512 ], [ 1025867.6249, 223428.5523 ], [ 1025882.8426, 223436.9581 ], [ 1025892.8115, 223437.7039 ], [ 1025903.0586, 223437.7215 ], [ 1025909.4247, 223439.9184 ], [ 1025916.8829, 223451.2256 ], [ 1025917.1411, 223462.156 ], [ 1025916.0132, 223473.8128 ], [ 1025915.9957, 223484.0141 ], [ 1025865.5875, 223486.1136 ], [ 1025864.1752, 223502.1419 ], [ 1025704.9416, 223495.3113 ], [ 1025704.9292, 223502.5979 ], [ 1025688.5936, 223500.0197 ], [ 1025688.0553, 223490.9104 ], [ 1025678.3677, 223487.6149 ], [ 1025676.4079, 223499.9989 ], [ 1025667.5462, 223499.6194 ], [ 1025665.6984, 223446.4234 ], [ 1025658.7747, 223446.4116 ], [ 1025658.1748, 223473.3713 ], [ 1025342.7454, 223464.4553 ], [ 1025339.1883, 223438.9459 ], [ 1025324.2337, 223438.5562 ], [ 1025329.3927, 223499.4088 ], [ 1025342.688, 223498.3383 ], [ 1025342.1798, 223471.3767 ], [ 1025657.6109, 223479.1997 ], [ 1025660.6107, 223506.5299 ], [ 1025675.841, 223507.6489 ], [ 1025676.3812, 223515.6652 ], [ 1025690.2273, 223516.4175 ], [ 1025690.7949, 223508.4031 ], [ 1025933.3915, 223514.2838 ], [ 1025931.7054, 223528.4899 ], [ 1025923.3719, 223543.049 ], [ 1025912.546, 223557.6038 ], [ 1025905.3078, 223579.4514 ], [ 1025906.1124, 223594.7548 ], [ 1025906.6406, 223609.6934 ], [ 1025905.2227, 223629.0007 ], [ 1025903.5235, 223650.8579 ], [ 1025899.8726, 223680.3627 ], [ 1025894.0361, 223692.3757 ], [ 1025885.437, 223700.3763 ], [ 1025874.9068, 223704.0016 ], [ 1025855.7976, 223703.9688 ], [ 1025847.7568, 223709.42 ], [ 1025842.7468, 223723.9848 ], [ 1025841.8891, 223739.6497 ], [ 1025843.779, 223768.071 ], [ 1025844.2811, 223798.3117 ], [ 1025839.5274, 223824.8999 ], [ 1025831.1685, 223854.3967 ], [ 1025826.1604, 223867.8685 ], [ 1025822.2551, 223884.2568 ], [ 1025531.1928, 223880.8451 ], [ 1025532.2764, 223895.056 ], [ 1025813.9269, 223895.9013 ], [ 1025822.7884, 223896.2808 ], [ 1025834.1259, 224067.9017 ], [ 1025846.8527, 224075.2102 ], [ 1025855.7117, 224077.0471 ], [ 1025864.2956, 224077.7905 ], [ 1025887.2792, 224079.2873 ], [ 1025906.385, 224081.1417 ], [ 1025916.9075, 224081.8885 ], [ 1025932.1392, 224081.9146 ], [ 1025943.2175, 224081.5694 ], [ 1025967.8671, 224080.5187 ], [ 1025988.3601, 224080.9183 ], [ 1026013.5586, 224082.7833 ], [ 1026016.8725, 224088.2541 ], [ 1026015.4708, 224098.0887 ], [ 1026007.7046, 224104.9977 ], [ 1026002.9916, 224107.9042 ], [ 1025985.5362, 224112.6105 ], [ 1025960.8828, 224115.8472 ], [ 1025945.6454, 224119.1 ], [ 1025933.1731, 224124.9079 ], [ 1025920.1281, 224141.6449 ], [ 1025916.7861, 224152.5692 ], [ 1025916.4897, 224163.863 ], [ 1025918.1313, 224175.5245 ], [ 1025923.3657, 224191.5643 ], [ 1025928.6119, 224200.6816 ], [ 1025934.1381, 224207.9778 ], [ 1025939.6682, 224213.088 ], [ 1025950.7307, 224221.851 ], [ 1025967.6046, 224233.1744 ], [ 1025981.4321, 224244.4926 ], [ 1025988.8932, 224253.9781 ], [ 1025996.0723, 224266.3778 ], [ 1026001.034, 224279.8667 ], [ 1026001.549, 224302.4564 ], [ 1025997.6536, 224313.0154 ], [ 1025985.7277, 224323.1962 ], [ 1025972.9773, 224329.7323 ], [ 1025966.0482, 224332.9994 ], [ 1025953.0246, 224337.349 ], [ 1025935.2912, 224342.7836 ], [ 1025922.8227, 224346.4055 ], [ 1025911.187, 224348.9358 ], [ 1025900.6602, 224350.7394 ], [ 1025889.0269, 224351.8125 ], [ 1025862.1608, 224353.588 ], [ 1025849.6961, 224355.024 ], [ 1025838.3392, 224356.4619 ], [ 1025808.975, 224361.5122 ], [ 1025787.924, 224363.6622 ], [ 1025741.9486, 224365.7695 ], [ 1025732.5315, 224366.4821 ], [ 1025724.7741, 224368.2905 ], [ 1025717.5532, 224380.3012 ], [ 1025712.8397, 224383.5721 ], [ 1025705.368, 224380.2803 ], [ 1025698.4613, 224370.4315 ], [ 1025694.0415, 224363.8659 ], [ 1025683.8042, 224358.3834 ], [ 1025679.3744, 224357.6472 ], [ 1025665.5437, 224348.1509 ], [ 1025651.9793, 224344.8487 ], [ 1025632.0392, 224345.179 ], [ 1025615.6986, 224345.8798 ], [ 1025568.3367, 224349.0781 ], [ 1025554.7667, 224349.055 ], [ 1025524.8587, 224348.2754 ], [ 1025497.4412, 224348.5931 ], [ 1025469.7462, 224349.2747 ], [ 1025456.999, 224353.9894 ], [ 1025450.0613, 224362.3573 ], [ 1025323.5254, 224347.5694 ], [ 1025258.7318, 224341.6304 ], [ 1025228.2705, 224340.4859 ], [ 1025192.5467, 224339.697 ], [ 1025159.0348, 224341.0978 ], [ 1025141.5883, 224340.704 ], [ 1025131.0653, 224340.3219 ], [ 1025088.6993, 224336.9716 ], [ 1025070.4226, 224336.2121 ], [ 1025021.9579, 224336.495 ], [ 1025000.081, 224335.7296 ], [ 1024967.1272, 224334.5812 ], [ 1024917.8396, 224330.1265 ], [ 1024898.3332, 224236.8242 ], [ 1024886.1577, 224230.9745 ], [ 1024871.7629, 224227.307 ], [ 1024828.0206, 224218.8541 ], [ 1024781.5087, 224210.3967 ], [ 1024761.5728, 224208.1774 ], [ 1024750.2188, 224207.7941 ], [ 1024730.2871, 224203.0244 ], [ 1024695.103, 224210.6168 ], [ 1024667.6854, 224210.9354 ], [ 1024644.4237, 224210.168 ], [ 1024631.4112, 224207.9603 ], [ 1024616.7389, 224204.6569 ], [ 1024608.9864, 224203.551 ], [ 1024601.786, 224203.539 ], [ 1024582.9523, 224204.6007 ], [ 1024578.5206, 224204.9577 ], [ 1024545.2903, 224203.4451 ], [ 1024518.1545, 224200.8497 ], [ 1024484.1006, 224194.9639 ], [ 1024458.0719, 224192.7347 ], [ 1024446.7185, 224191.9872 ], [ 1024430.3785, 224192.3245 ], [ 1024416.254, 224192.6654 ], [ 1024386.8954, 224194.4385 ], [ 1024355.0419, 224197.6648 ], [ 1024343.9607, 224199.8325 ], [ 1024328.1673, 224204.5428 ], [ 1024317.357, 224210.3543 ], [ 1024309.3132, 224217.992 ], [ 1024301.2573, 224232.9164 ], [ 1024298.751, 224241.292 ], [ 1024280.6623, 224630.007 ], [ 1024234.9663, 224631.0246 ], [ 1024202.0045, 224634.978 ], [ 1024201.9835, 224647.7297 ], [ 1024178.7198, 224648.4201 ], [ 1024148.8097, 224649.0995 ], [ 1024147.075, 224693.5455 ], [ 1024130.1766, 224696.7967 ], [ 1024103.0311, 224700.3954 ], [ 1024079.4893, 224701.8141 ], [ 1024054.012, 224701.408 ], [ 1024028.5377, 224699.1802 ], [ 1024003.3433, 224695.1312 ], [ 1024005.3809, 224634.655 ], [ 1023941.1363, 224631.9995 ], [ 1023947.8847, 224569.7093 ], [ 1023956.7466, 224569.7238 ], [ 1023960.0931, 224555.5202 ], [ 1023961.7833, 224538.0349 ], [ 1023948.7673, 224538.0136 ], [ 1023947.9091, 224554.7716 ], [ 1023937.9412, 224553.6623 ], [ 1023933.9676, 224612.678 ], [ 1023933.6596, 224631.6229 ], [ 1023931.7014, 224643.6427 ], [ 1023930.0297, 224649.8337 ], [ 1023927.2472, 224657.8445 ], [ 1023922.5233, 224667.6738 ], [ 1023911.6883, 224688.7875 ], [ 1023905.8572, 224698.2506 ], [ 1023898.0834, 224710.261 ], [ 1023889.2114, 224716.4402 ], [ 1023881.7312, 224718.2496 ], [ 1023870.6544, 224717.8672 ], [ 1023855.1503, 224715.2915 ], [ 1023829.9529, 224713.0644 ], [ 1023815.8335, 224710.491 ], [ 1023802.2655, 224709.3759 ], [ 1023774.2964, 224708.6016 ], [ 1023763.2167, 224710.0409 ], [ 1023749.6374, 224715.8482 ], [ 1023742.1543, 224719.4793 ], [ 1023731.3432, 224726.0197 ], [ 1023726.0749, 224730.0188 ], [ 1023714.7029, 224740.9304 ], [ 1023708.3198, 224749.2997 ], [ 1023705.5439, 224753.3029 ], [ 1023691.9333, 224778.4198 ], [ 1023681.9288, 224799.8993 ], [ 1023660.0363, 224808.9721 ], [ 1023614.5999, 224820.9213 ], [ 1023591.331, 224824.8913 ], [ 1023581.9118, 224827.062 ], [ 1023566.1172, 224832.8657 ], [ 1023551.4274, 224840.493 ], [ 1023545.8716, 224851.0497 ], [ 1023542.5278, 224863.796 ], [ 1023536.6709, 224889.2899 ], [ 1023530.2572, 224916.6046 ], [ 1023527.1744, 224939.1883 ], [ 1023526.3218, 224952.6673 ], [ 1023527.1426, 224958.8624 ], [ 1023532.6458, 224980.7313 ], [ 1023536.4957, 224997.497 ], [ 1023539.5224, 225009.5249 ], [ 1023541.1769, 225013.8996 ], [ 1023546.9789, 225022.2887 ], [ 1023551.1269, 225025.9388 ], [ 1023555.8288, 225029.5897 ], [ 1023561.3627, 225032.5134 ], [ 1023573.2624, 225037.6333 ], [ 1023586.5545, 225038.0192 ], [ 1023594.86, 225039.49 ], [ 1023603.4366, 225044.6046 ], [ 1023613.6363, 225073.4036 ], [ 1023615.563, 225080.6934 ], [ 1023619.4157, 225095.6374 ], [ 1023621.0619, 225105.1128 ], [ 1023619.1027, 225117.8613 ], [ 1023616.3193, 225126.6008 ], [ 1023591.6767, 225124.0105 ], [ 1023572.4806, 225178.2652 ], [ 1023581.3406, 225179.3726 ], [ 1023581.8861, 225184.4741 ], [ 1023571.6168, 225198.6665 ], [ 1023560.2415, 225211.7641 ], [ 1023528.0612, 225246.6881 ], [ 1023479.501, 225307.0891 ], [ 1023459.2353, 225338.0248 ], [ 1023444.7998, 225359.8615 ], [ 1023433.9803, 225371.8671 ], [ 1023427.5904, 225384.6085 ], [ 1023427.5839, 225388.6161 ], [ 1023298.828, 225379.3002 ], [ 1023280.9711, 225462.3397 ], [ 1023274.0544, 225458.3209 ], [ 1023299.163, 225343.2316 ], [ 1023286.7083, 225338.8395 ], [ 1023263.5406, 225452.4747 ], [ 1023266.0106, 225466.3233 ], [ 1023149.9276, 225498.1984 ], [ 1023151.2941, 225509.4949 ] ] ] ] } },
{ "type": "Feature", "properties": { "ZCTA5CE20": "11691", "GEOID20": "11691", "CLASSFP20": "B5", "MTFCC20": "G6350", "FUNCSTAT20": "S", "ALAND20": 6949954, "AWATER20": 254400, "INTPTLAT20": "+40.6020960", "INTPTLON20": "-073.7617938" }, "geometry": { "type": "MultiPolygon", "coordinates": [ [ [ [ 1042774.2616, 156670.0245 ], [ 1042776.464, 156678.045 ], [ 1042779.7527, 156696.2692 ], [ 1042783.3252, 156711.9439 ], [ 1042780.7899, 156726.8752 ], [ 1042782.9888, 156736.353 ], [ 1042783.227, 156752.7482 ], [ 1042791.5162, 156770.2558 ], [ 1042781.198, 156788.083 ], [ 1042777.2777, 156801.5537 ], [ 1042775.5474, 156828.1453 ], [ 1042781.3109, 156856.5767 ], [ 1042786.2659, 156874.8049 ], [ 1042785.395, 156890.4689 ], [ 1042791.459, 156909.4285 ], [ 1042798.9168, 156926.2054 ], [ 1042800.0145, 156931.673 ], [ 1042803.0044, 156958.6403 ], [ 1042806.5944, 156967.0285 ], [ 1042809.0648, 156979.0572 ], [ 1042816.2484, 156994.3762 ], [ 1042815.3688, 157013.6834 ], [ 1042809.508, 157025.6921 ], [ 1042805.041, 157035.5181 ], [ 1042792.6746, 157096.6952 ], [ 1042781.9675, 157160.791 ], [ 1042820.1715, 157210.4313 ], [ 1042852.0171, 157248.0337 ], [ 1042905.1772, 157314.1049 ], [ 1042935.3994, 157333.8514 ], [ 1042960.9314, 157340.8352 ], [ 1042993.0596, 157376.2525 ], [ 1043028.5544, 157397.4692 ], [ 1043050.1817, 157411.3659 ], [ 1043080.6294, 157452.6084 ], [ 1043127.7116, 157505.1853 ], [ 1043168.1501, 157549.0024 ], [ 1043199.4473, 157583.325 ], [ 1043235.1548, 157631.1383 ], [ 1043275.0499, 157669.8537 ], [ 1043309.7189, 157687.7899 ], [ 1043358.1834, 157742.5566 ], [ 1043385.3828, 157748.8162 ], [ 1043397.5395, 157774.3487 ], [ 1043399.3903, 157812.6075 ], [ 1043421.5193, 157848.3653 ], [ 1043442.5241, 157889.5853 ], [ 1043491.5601, 157937.4315 ], [ 1043521.4874, 157963.7359 ], [ 1043567.2503, 157987.1644 ], [ 1043610.5041, 158014.5944 ], [ 1043660.9717, 158044.5924 ], [ 1043708.8802, 158098.9941 ], [ 1043738.1599, 158162.8229 ], [ 1043770.9629, 158262.0 ], [ 1043796.4045, 158305.4171 ], [ 1043794.05, 158359.6961 ], [ 1043801.9425, 158425.2942 ], [ 1043815.4717, 158457.0238 ], [ 1043865.864, 158517.2611 ], [ 1043946.0554, 158542.232 ], [ 1044014.5444, 158583.2048 ], [ 1044089.4361, 158617.6356 ], [ 1044149.5724, 158667.3321 ], [ 1044233.5995, 158713.08 ], [ 1044296.4789, 158776.2637 ], [ 1044342.6932, 158840.8636 ], [ 1044370.0661, 158888.6581 ], [ 1044394.7713, 159004.5751 ], [ 1044417.0267, 159100.4481 ], [ 1044443.8086, 159162.4499 ], [ 1044468.8486, 159255.0509 ], [ 1044469.4787, 159337.026 ], [ 1044443.5634, 159373.7589 ], [ 1044397.9735, 159394.0484 ], [ 1044370.6727, 159429.685 ], [ 1044341.092, 159488.9972 ], [ 1044342.6807, 159520.3332 ], [ 1044317.0074, 159571.6399 ], [ 1044299.1893, 159590.5409 ], [ 1044272.1432, 159635.6506 ], [ 1044255.3792, 159677.5069 ], [ 1044241.9348, 159724.4719 ], [ 1044262.9564, 159757.6775 ], [ 1044287.8428, 159800.0008 ], [ 1044312.7148, 159848.1534 ], [ 1044330.634, 159900.6607 ], [ 1044361.9085, 159942.2713 ], [ 1044381.8704, 159954.7077 ], [ 1044411.2325, 159983.5621 ], [ 1044425.3686, 159993.7983 ], [ 1044450.2094, 160054.338 ], [ 1044483.9067, 160126.5582 ], [ 1044547.9395, 160170.8004 ], [ 1044567.0237, 160201.0868 ], [ 1044616.2971, 160262.416 ], [ 1044640.7022, 160274.4994 ], [ 1044676.7114, 160309.9285 ], [ 1044711.3295, 160346.4473 ], [ 1044738.1573, 160389.1402 ], [ 1044771.6291, 160439.8649 ], [ 1044814.5006, 160507.0078 ], [ 1044866.8044, 160577.4532 ], [ 1044918.0017, 160646.0743 ], [ 1044942.0832, 160676.3736 ], [ 1044984.1081, 160748.6152 ], [ 1045052.2485, 160814.7287 ], [ 1045222.2232, 161018.813 ], [ 1045277.3259, 161079.4295 ], [ 1045513.2849, 161321.2072 ], [ 1045663.5029, 161429.4269 ], [ 1045809.4061, 161486.6308 ], [ 1045976.1855, 161523.1218 ], [ 1046089.7057, 161539.4406 ], [ 1046221.9075, 161524.8397 ], [ 1046313.0834, 161483.9032 ], [ 1046371.4339, 161467.2931 ], [ 1046437.774, 161475.1135 ], [ 1046512.4335, 161486.963 ], [ 1046649.3027, 161493.143 ], [ 1046744.1676, 161421.6141 ], [ 1046852.4844, 161302.029 ], [ 1046939.3943, 161193.3191 ], [ 1046965.3538, 161140.1942 ], [ 1046909.7545, 161058.4416 ], [ 1046838.194, 161028.7469 ], [ 1046787.4055, 161019.5081 ], [ 1046812.6424, 160923.3906 ], [ 1046904.7878, 160830.7244 ], [ 1046937.4575, 160759.7648 ], [ 1046931.3022, 160670.1244 ], [ 1046881.634, 160656.8807 ], [ 1046800.2631, 160662.5006 ], [ 1046838.7112, 160611.958 ], [ 1046848.9153, 160531.1037 ], [ 1046829.4494, 160434.5069 ], [ 1046841.101, 160330.7037 ], [ 1046798.8556, 160238.0559 ], [ 1046777.7045, 160148.7414 ], [ 1046772.2832, 160097.3574 ], [ 1046751.3898, 160015.6944 ], [ 1046760.6199, 159881.6458 ], [ 1046738.3286, 159803.6225 ], [ 1046677.445, 159615.4735 ], [ 1046686.2007, 159557.9323 ], [ 1046747.8339, 159562.4625 ], [ 1046808.4988, 159511.6126 ], [ 1046751.7293, 159451.3528 ], [ 1046687.2956, 159455.9235 ], [ 1046599.0461, 159435.2948 ], [ 1046563.962, 159364.5255 ], [ 1046525.0255, 159279.9019 ], [ 1046490.9994, 159229.5377 ], [ 1046472.5784, 159157.7182 ], [ 1046454.1172, 159101.5646 ], [ 1046443.9622, 159054.9048 ], [ 1046443.402, 158948.1556 ], [ 1046504.6668, 158988.7526 ], [ 1046519.2339, 159047.4465 ], [ 1046537.5274, 159060.6091 ], [ 1046568.6401, 159055.9526 ], [ 1046737.8411, 158588.2266 ], [ 1046745.4229, 158555.4566 ], [ 1046769.9372, 158525.2805 ], [ 1046775.5594, 158498.6991 ], [ 1046767.8824, 158460.425 ], [ 1046771.3308, 158415.2574 ], [ 1046787.2528, 158378.8656 ], [ 1046805.0981, 158350.494 ], [ 1046805.1965, 158312.2399 ], [ 1046796.4415, 158261.2117 ], [ 1046810.1946, 158204.412 ], [ 1046831.9418, 158170.5856 ], [ 1046844.2475, 158136.7349 ], [ 1046852.1083, 158103.6013 ], [ 1046871.8733, 158084.7072 ], [ 1046886.1023, 158058.8766 ], [ 1046896.9859, 158038.138 ], [ 1046915.3513, 158023.6123 ], [ 1046944.0271, 157995.2687 ], [ 1046950.7979, 157954.1172 ], [ 1046970.3015, 157929.0289 ], [ 1046973.4942, 157875.4811 ], [ 1046967.5173, 157824.0956 ], [ 1046965.611, 157809.5176 ], [ 1046979.5072, 157805.1815 ], [ 1046974.019, 157779.6645 ], [ 1046970.469, 157756.3384 ], [ 1046970.2533, 157732.2923 ], [ 1046954.2238, 157702.3762 ], [ 1046972.0182, 157694.0426 ], [ 1046976.2362, 157673.6511 ], [ 1046956.9175, 157626.9675 ], [ 1046953.6875, 157587.2475 ], [ 1046967.5875, 157581.4541 ], [ 1046972.6312, 157563.9795 ], [ 1046999.9163, 157536.7253 ], [ 1047029.4062, 157516.0348 ], [ 1047054.4143, 157510.2701 ], [ 1047069.4732, 157485.8991 ], [ 1047082.3011, 157465.1656 ], [ 1047089.2718, 157454.2538 ], [ 1047091.4454, 157365.3637 ], [ 1047089.0647, 157319.4524 ], [ 1047093.5427, 157305.9838 ], [ 1047126.4078, 157268.9074 ], [ 1047148.1026, 157255.8478 ], [ 1047181.7245, 157248.2839 ], [ 1047224.7846, 157242.2017 ], [ 1047257.3647, 157208.0394 ], [ 1047275.2095, 157180.3968 ], [ 1047311.8807, 157175.0269 ], [ 1047340.4465, 157189.674 ], [ 1047375.9889, 157191.2236 ], [ 1047399.3274, 157186.9122 ], [ 1047431.8188, 157186.9966 ], [ 1047475.6801, 157193.3041 ], [ 1047506.7744, 157196.6639 ], [ 1047535.6481, 157199.6536 ], [ 1047573.6965, 157198.6596 ], [ 1047593.4012, 157203.4472 ], [ 1047630.3083, 157214.1088 ], [ 1047656.6722, 157221.0997 ], [ 1047704.6314, 157253.2855 ], [ 1047730.1269, 157273.7543 ], [ 1047759.7698, 157301.1562 ], [ 1047800.7804, 157335.51 ], [ 1047818.2662, 157339.199 ], [ 1047826.875, 157339.2215 ], [ 1047857.1598, 157333.4714 ], [ 1047888.8837, 157308.4158 ], [ 1047901.4023, 157300.0691 ], [ 1047915.5795, 157294.6413 ], [ 1047930.5831, 157291.7659 ], [ 1047945.8587, 157291.0773 ], [ 1047958.9336, 157282.3677 ], [ 1047969.7965, 157270.009 ], [ 1047982.8648, 157263.8497 ], [ 1047992.3106, 157262.4171 ], [ 1047998.4181, 157263.1618 ], [ 1048018.4185, 157261.0282 ], [ 1048038.6909, 157261.0814 ], [ 1048058.6789, 157263.6841 ], [ 1048078.3825, 157268.8364 ], [ 1048153.6344, 157271.2199 ], [ 1048172.7825, 157276.3708 ], [ 1048189.4333, 157280.7865 ], [ 1048205.5113, 157291.7585 ], [ 1048214.3825, 157297.6111 ], [ 1048231.5695, 157309.3147 ], [ 1048243.4906, 157316.997 ], [ 1048256.8078, 157321.7683 ], [ 1048267.0819, 157322.1596 ], [ 1048277.3617, 157320.365 ], [ 1048282.3642, 157318.9209 ], [ 1048295.1548, 157312.761 ], [ 1048305.1665, 157307.3225 ], [ 1048319.6273, 157299.7097 ], [ 1048330.1944, 157294.2726 ], [ 1048347.9876, 157286.6686 ], [ 1048369.6724, 157277.6176 ], [ 1048413.0442, 157258.787 ], [ 1048428.0613, 157250.8114 ], [ 1048461.4377, 157231.2258 ], [ 1048476.7335, 157222.8867 ], [ 1048499.8128, 157211.6535 ], [ 1048517.3294, 157203.6846 ], [ 1048542.3497, 157193.5496 ], [ 1048565.1321, 157189.6022 ], [ 1048584.5897, 157182.7314 ], [ 1048601.8305, 157174.0332 ], [ 1048624.9031, 157165.3504 ], [ 1048634.6276, 157163.5545 ], [ 1048646.0039, 157167.2279 ], [ 1048651.2581, 157175.6213 ], [ 1048652.9166, 157178.5403 ], [ 1048658.9779, 157196.7727 ], [ 1048667.2396, 157223.0261 ], [ 1048675.2332, 157245.6355 ], [ 1048684.3723, 157255.1322 ], [ 1048691.2869, 157265.716 ], [ 1048695.4177, 157278.8427 ], [ 1048688.4577, 157285.3822 ], [ 1048670.9287, 157298.0872 ], [ 1048665.0892, 157300.9863 ], [ 1048643.1207, 157312.2223 ], [ 1048638.1143, 157315.1237 ], [ 1048629.4776, 157325.6663 ], [ 1048620.2768, 157339.4864 ], [ 1048610.5388, 157346.3828 ], [ 1048595.8139, 157348.8941 ], [ 1048566.9058, 157359.0188 ], [ 1048545.5179, 157360.7839 ], [ 1048523.3046, 157359.6323 ], [ 1048501.3487, 157366.1321 ], [ 1048482.4573, 157368.9969 ], [ 1048455.794, 157370.3838 ], [ 1048425.7944, 157373.2192 ], [ 1048426.2989, 157392.5299 ], [ 1048418.5059, 157399.0672 ], [ 1048404.9129, 157393.5665 ], [ 1048393.4945, 157405.9235 ], [ 1048385.419, 157414.2817 ], [ 1048370.4193, 157415.6995 ], [ 1048346.8194, 157413.8156 ], [ 1048329.6067, 157411.9486 ], [ 1048313.476, 157421.0143 ], [ 1048281.5067, 157433.6816 ], [ 1048232.5795, 157453.2265 ], [ 1048212.0152, 157458.6373 ], [ 1048194.7757, 157466.9715 ], [ 1048180.3065, 157477.8633 ], [ 1048169.1783, 157485.4849 ], [ 1048136.9229, 157501.4306 ], [ 1048116.8968, 157513.4008 ], [ 1048102.9812, 157525.0227 ], [ 1048088.5035, 157539.1934 ], [ 1048072.079, 157554.4521 ], [ 1048045.0819, 157577.3338 ], [ 1048025.0626, 157586.7538 ], [ 1048008.121, 157587.4381 ], [ 1047988.6954, 157582.2866 ], [ 1047979.0112, 157568.7811 ], [ 1047967.1082, 157554.1769 ], [ 1047934.4045, 157529.317 ], [ 1047919.9793, 157523.45 ], [ 1047892.4821, 157525.1997 ], [ 1047867.4595, 157536.4284 ], [ 1047848.533, 157552.7736 ], [ 1047840.4454, 157565.8682 ], [ 1047833.1757, 157584.7942 ], [ 1047829.5275, 157599.3578 ], [ 1047826.1447, 157618.6582 ], [ 1047825.2782, 157631.4074 ], [ 1047825.728, 157671.8489 ], [ 1047805.0764, 157710.7779 ], [ 1047799.1828, 157734.4437 ], [ 1047802.1243, 157777.8063 ], [ 1047816.7204, 157824.4783 ], [ 1047818.5195, 157879.8607 ], [ 1047813.906, 157945.0631 ], [ 1047803.7243, 158015.7159 ], [ 1047811.1164, 158056.1755 ], [ 1047792.9435, 158103.1262 ], [ 1047814.1517, 158169.8534 ], [ 1047830.3442, 158243.1255 ], [ 1047856.9355, 158375.0813 ], [ 1047892.0793, 158422.1714 ], [ 1047913.7632, 158519.1391 ], [ 1047909.5216, 158548.2742 ], [ 1047895.5904, 158566.0897 ], [ 1047883.3245, 158584.274 ], [ 1047873.7925, 158618.8601 ], [ 1047901.4631, 158656.4582 ], [ 1047937.3497, 158631.7779 ], [ 1047986.5367, 158724.0814 ], [ 1048007.7524, 158787.5299 ], [ 1048022.3972, 158815.2571 ], [ 1048041.4324, 158863.0339 ], [ 1048052.9709, 158910.4267 ], [ 1048065.8979, 158957.8231 ], [ 1048037.2333, 158981.7935 ], [ 1048007.0973, 159037.4565 ], [ 1048017.8668, 159060.4373 ], [ 1048046.9777, 159078.0013 ], [ 1048079.7051, 159093.0246 ], [ 1048041.5441, 159138.101 ], [ 1048034.5409, 159161.3996 ], [ 1048022.7884, 159195.6155 ], [ 1048004.7389, 159301.5874 ], [ 1047984.7773, 159395.5314 ], [ 1047992.9674, 159449.109 ], [ 1047986.0348, 159551.4667 ], [ 1047986.7208, 159607.5748 ], [ 1047965.7595, 159659.2544 ], [ 1047958.6602, 159719.3497 ], [ 1047979.3789, 159760.2086 ], [ 1048037.8442, 159807.7244 ], [ 1048073.5992, 159832.5924 ], [ 1048090.6601, 159891.6582 ], [ 1048113.6305, 159920.8647 ], [ 1048095.9363, 159997.3269 ], [ 1048107.4216, 160064.7576 ], [ 1048155.4148, 160187.2975 ], [ 1048159.7092, 160243.7795 ], [ 1048152.5923, 160310.4326 ], [ 1048136.0806, 160359.5734 ], [ 1048113.0172, 160471.7256 ], [ 1048108.6676, 160542.0293 ], [ 1048122.4284, 160588.6993 ], [ 1048150.5694, 160657.6311 ], [ 1048167.6746, 160699.5736 ], [ 1048161.4396, 160747.6484 ], [ 1048155.4871, 160793.9024 ], [ 1048175.0623, 160846.7812 ], [ 1048206.892, 160885.4836 ], [ 1048231.2132, 160928.5382 ], [ 1048251.9074, 160978.1411 ], [ 1048308.4736, 161007.4362 ], [ 1048330.8672, 161044.2922 ], [ 1048349.0103, 161113.5622 ], [ 1048365.8304, 161158.0545 ], [ 1048385.3665, 161225.5065 ], [ 1048407.1228, 161293.3287 ], [ 1048397.8611, 161330.83 ], [ 1048388.5716, 161378.8967 ], [ 1048364.2368, 161446.5974 ], [ 1048328.5538, 161500.7881 ], [ 1048302.6772, 161521.4866 ], [ 1048249.2601, 161562.1507 ], [ 1048204.7299, 161602.1095 ], [ 1048123.2433, 161652.9012 ], [ 1048106.2844, 161661.2362 ], [ 1048043.1797, 161690.5811 ], [ 1048007.9703, 161670.4508 ], [ 1047962.4389, 161668.8742 ], [ 1047946.6413, 161657.903 ], [ 1047906.2748, 161698.6019 ], [ 1047882.0551, 161722.9485 ], [ 1047841.4921, 161732.6792 ], [ 1047797.6277, 161730.7429 ], [ 1047759.555, 161743.7593 ], [ 1047730.5565, 161790.6818 ], [ 1047689.1312, 161811.7047 ], [ 1047659.1116, 161824.3778 ], [ 1047627.0772, 161864.3703 ], [ 1047597.0017, 161898.5387 ], [ 1047583.573, 161937.4868 ], [ 1047574.3346, 161966.6089 ], [ 1047564.2273, 162009.5732 ], [ 1047556.8899, 162055.095 ], [ 1047539.3079, 162089.6604 ], [ 1047519.2177, 162127.8624 ], [ 1047476.133, 162146.6954 ], [ 1047446.708, 162144.433 ], [ 1047361.5419, 162116.523 ], [ 1047270.5809, 162074.7538 ], [ 1047203.4823, 162038.8759 ], [ 1047164.4487, 161994.327 ], [ 1047170.6541, 161956.8174 ], [ 1047211.3806, 161883.693 ], [ 1047258.8569, 161777.4324 ], [ 1047289.2749, 161718.1259 ], [ 1047309.3887, 161670.8155 ], [ 1047308.5954, 161655.5117 ], [ 1047287.777, 161653.2717 ], [ 1047277.4604, 161670.0041 ], [ 1047259.0428, 161705.6604 ], [ 1047163.0722, 161882.475 ], [ 1047140.1785, 161931.2356 ], [ 1047108.66, 161986.8962 ], [ 1047075.502, 162032.3515 ], [ 1047059.5923, 162064.7355 ], [ 1047052.2568, 162109.8931 ], [ 1047050.9542, 162184.2125 ], [ 1047038.5807, 162245.0232 ], [ 1047029.825, 162302.5643 ], [ 1047021.9353, 162347.3562 ], [ 1047006.0597, 162366.6246 ], [ 1046993.0902, 162335.6233 ], [ 1046975.6944, 162298.4171 ], [ 1046961.9154, 162258.3055 ], [ 1046950.5178, 162263.7411 ], [ 1046961.5184, 162304.5741 ], [ 1046972.5482, 162334.113 ], [ 1046986.072, 162365.48 ], [ 1046988.7282, 162412.1208 ], [ 1046993.8991, 162452.5745 ], [ 1047004.0225, 162510.5286 ], [ 1047015.5556, 162560.1069 ], [ 1047024.9052, 162595.1064 ], [ 1047037.5385, 162648.6952 ], [ 1047048.0259, 162673.1322 ], [ 1047073.1351, 162733.6753 ], [ 1047083.6008, 162766.4918 ], [ 1047102.1396, 162790.9497 ], [ 1047116.9552, 162859.4815 ], [ 1047149.8238, 162925.5097 ], [ 1047186.7102, 162940.9069 ], [ 1047274.5649, 162894.5005 ], [ 1047367.7496, 162934.0895 ], [ 1047436.2394, 162967.7855 ], [ 1047505.5684, 162998.9335 ], [ 1047634.2786, 163042.9879 ], [ 1047672.0307, 163045.6366 ], [ 1047770.0663, 163034.5984 ], [ 1047806.9407, 163054.3684 ], [ 1047882.7215, 163060.0314 ], [ 1047998.4629, 163073.086 ], [ 1048087.5683, 163079.5133 ], [ 1048159.821, 163054.2001 ], [ 1048292.548, 163048.3557 ], [ 1048365.7704, 163076.6019 ], [ 1048423.7803, 163082.9484 ], [ 1048558.8403, 163139.7759 ], [ 1048589.9385, 163138.7652 ], [ 1048653.2599, 163131.2819 ], [ 1048749.6346, 163118.4215 ], [ 1048891.7024, 163149.7666 ], [ 1048989.6673, 163165.3289 ], [ 1049050.7803, 163153.1045 ], [ 1049103.5828, 163133.9359 ], [ 1049163.1263, 163085.6392 ], [ 1049225.1854, 163031.1558 ], [ 1049349.3208, 163019.8293 ], [ 1049436.8793, 162981.8095 ], [ 1049453.865, 162963.2743 ], [ 1049478.7156, 162910.8778 ], [ 1049488.2218, 162886.129 ], [ 1049924.5048, 162948.8746 ], [ 1050305.8179, 162600.8816 ], [ 1050879.9752, 162098.5829 ], [ 1050988.3101, 162079.935 ], [ 1051070.8108, 162065.9527 ], [ 1051188.5861, 162047.3316 ], [ 1051567.4699, 161986.806 ], [ 1051653.8634, 161971.0148 ], [ 1052220.1202, 161827.2241 ], [ 1052289.632, 161792.0787 ], [ 1052349.421, 161758.7279 ], [ 1052703.0322, 161801.6182 ], [ 1053481.1558, 162143.7383 ], [ 1053637.5538, 162212.6775 ], [ 1053906.1566, 162269.1874 ], [ 1054156.9219, 162348.966 ], [ 1054218.5235, 162458.0771 ], [ 1054324.0782, 162344.7108 ], [ 1054357.2336, 162304.7303 ], [ 1054440.6894, 162345.047 ], [ 1054461.4728, 162358.9515 ], [ 1054510.8908, 162264.0047 ], [ 1054535.2577, 162190.8453 ], [ 1054565.4237, 162128.6325 ], [ 1054665.2326, 162178.8341 ], [ 1054751.7308, 162223.1683 ], [ 1054829.9131, 162262.7424 ], [ 1054902.8262, 162300.1156 ], [ 1054913.4466, 162276.1008 ], [ 1055003.6617, 162092.3777 ], [ 1055204.2154, 161680.9075 ], [ 1055420.6899, 161239.6107 ], [ 1055435.4985, 161207.9575 ], [ 1055483.5428, 161110.0941 ], [ 1055522.6458, 161031.5139 ], [ 1055549.4614, 160976.9434 ], [ 1055593.0288, 160891.0898 ], [ 1055568.916, 160876.0817 ], [ 1055590.0942, 160850.2765 ], [ 1055553.0807, 160784.2247 ], [ 1055500.7474, 160734.5228 ], [ 1055457.0013, 160691.7684 ], [ 1055529.131, 160618.7499 ], [ 1055551.1157, 160602.0552 ], [ 1055563.6406, 160591.8908 ], [ 1055645.8129, 160503.236 ], [ 1055759.7417, 160380.0636 ], [ 1055868.3841, 160260.8839 ], [ 1055952.5034, 160171.8715 ], [ 1056126.3738, 159967.997 ], [ 1056287.2168, 159757.1629 ], [ 1056365.2705, 159654.6539 ], [ 1056595.5799, 159523.087 ], [ 1056612.5789, 159502.7352 ], [ 1056659.1149, 159447.8603 ], [ 1056716.5979, 159353.6707 ], [ 1056752.3157, 159295.1204 ], [ 1056784.6853, 159242.0251 ], [ 1056799.1953, 159218.3871 ], [ 1056840.4955, 159150.3811 ], [ 1056858.9117, 159120.5612 ], [ 1056864.536, 159096.8967 ], [ 1056866.5657, 159068.1209 ], [ 1056874.7795, 159014.225 ], [ 1056886.2396, 158989.1206 ], [ 1056904.1278, 158950.191 ], [ 1056930.0646, 158912.7428 ], [ 1056929.226, 158821.6585 ], [ 1056924.4179, 158572.0799 ], [ 1056903.9673, 157795.2731 ], [ 1056898.0662, 157446.5943 ], [ 1056897.8537, 157424.7341 ], [ 1056896.8942, 157374.0897 ], [ 1056895.9433, 157320.5308 ], [ 1056891.4073, 157258.5816 ], [ 1056887.1838, 157184.9749 ], [ 1056885.0478, 157063.2833 ], [ 1056885.4198, 156938.6845 ], [ 1056885.0352, 156881.484 ], [ 1056880.8885, 156689.1069 ], [ 1056881.6056, 156541.9209 ], [ 1056882.0204, 156496.0169 ], [ 1056882.3612, 156474.8869 ], [ 1056986.7357, 156025.9835 ], [ 1056990.675, 156008.8719 ], [ 1057018.7713, 155993.2899 ], [ 1056995.4397, 155994.3131 ], [ 1056965.175, 155992.0366 ], [ 1056942.9695, 155987.9627 ], [ 1056930.7608, 155984.2829 ], [ 1056910.5135, 155975.4786 ], [ 1056900.8053, 155971.442 ], [ 1056893.3178, 155967.7764 ], [ 1056888.064, 155960.1098 ], [ 1056884.4808, 155950.9909 ], [ 1056884.8151, 155932.0469 ], [ 1056881.501, 155925.8435 ], [ 1056877.3428, 155923.2808 ], [ 1056871.7591, 155933.1009 ], [ 1056868.1248, 155941.1053 ], [ 1056867.821, 155949.8482 ], [ 1056864.1965, 155954.5737 ], [ 1056855.0242, 155957.0966 ], [ 1056829.9969, 155967.9517 ], [ 1056824.4316, 155971.5784 ], [ 1056804.4011, 155983.1771 ], [ 1056800.7854, 155984.9879 ], [ 1056796.4212, 155958.379 ], [ 1056794.794, 155945.2584 ], [ 1056798.6831, 155944.9057 ], [ 1056796.5233, 155924.1326 ], [ 1056785.6868, 155925.9219 ], [ 1056787.2923, 155946.329 ], [ 1056791.1826, 155945.612 ], [ 1056792.8108, 155958.3683 ], [ 1056794.1114, 155987.8826 ], [ 1056780.7668, 155992.5791 ], [ 1056764.3663, 155997.6308 ], [ 1056734.0635, 156008.106 ], [ 1056714.6124, 156011.6913 ], [ 1056704.8912, 156012.0267 ], [ 1056687.9547, 156010.5189 ], [ 1056680.4639, 156007.9463 ], [ 1056665.772, 155998.7944 ], [ 1056657.7344, 155993.3056 ], [ 1056654.9713, 155988.5611 ], [ 1056655.555, 155979.0903 ], [ 1056657.525, 155970.3524 ], [ 1056656.7114, 155963.7921 ], [ 1056653.1141, 155959.4094 ], [ 1056646.1613, 155962.6677 ], [ 1056643.9266, 155967.0329 ], [ 1056641.9695, 155971.399 ], [ 1056637.7756, 155980.8591 ], [ 1056633.3202, 155984.8534 ], [ 1056624.4245, 155987.7416 ], [ 1056616.0865, 155989.9027 ], [ 1056607.1941, 155991.6979 ], [ 1056597.1929, 155992.7611 ], [ 1056588.0228, 155994.5555 ], [ 1056578.8451, 155998.9001 ], [ 1056579.4471, 155983.2359 ], [ 1056582.7798, 155983.2458 ], [ 1056581.4919, 155949.3595 ], [ 1056571.493, 155949.6941 ], [ 1056570.5612, 155982.8451 ], [ 1056574.1748, 155981.7629 ], [ 1056574.3984, 155999.9799 ], [ 1056571.0614, 156001.4273 ], [ 1056562.4403, 156005.4093 ], [ 1056556.606, 156006.1206 ], [ 1056547.1593, 156007.5498 ], [ 1056541.6017, 156008.6263 ], [ 1056545.5817, 155977.6703 ], [ 1056470.8788, 155976.3554 ], [ 1056469.8985, 156025.901 ], [ 1056460.4604, 156024.4157 ], [ 1056452.1375, 156021.4764 ], [ 1056443.8168, 156017.8084 ], [ 1056439.9439, 156012.6963 ], [ 1056436.634, 156005.0356 ], [ 1056432.2435, 155987.1706 ], [ 1056426.9884, 155979.8684 ], [ 1056417.8162, 155982.3915 ], [ 1056419.7083, 155999.8848 ], [ 1056417.1916, 156005.7066 ], [ 1056405.7727, 156016.6025 ], [ 1056397.6994, 156023.1365 ], [ 1056380.7403, 156029.2798 ], [ 1056365.173, 156034.3342 ], [ 1056355.7208, 156037.5851 ], [ 1056347.9393, 156039.3837 ], [ 1056340.4367, 156040.8187 ], [ 1056320.1449, 156046.9522 ], [ 1056291.7972, 156053.7904 ], [ 1056278.1826, 156055.9361 ], [ 1056267.3667, 156050.8035 ], [ 1056262.9351, 156046.7828 ], [ 1056260.1838, 156038.0308 ], [ 1056251.5756, 156037.641 ], [ 1056236.6015, 156029.9458 ], [ 1056227.1979, 156016.8022 ], [ 1056223.8825, 156010.9631 ], [ 1056224.1861, 156002.2202 ], [ 1056223.3821, 155992.381 ], [ 1056220.6437, 155979.2571 ], [ 1056216.4995, 155971.9583 ], [ 1056207.3456, 155968.288 ], [ 1056200.38, 155975.9182 ], [ 1056202.5845, 155981.754 ], [ 1056205.5995, 155995.243 ], [ 1056209.9977, 156010.5577 ], [ 1056208.3153, 156016.0177 ], [ 1056195.791, 156025.0888 ], [ 1056188.2765, 156030.5315 ], [ 1056170.7533, 156039.5879 ], [ 1056157.4056, 156045.3776 ], [ 1056144.0612, 156050.0744 ], [ 1056136.8309, 156053.332 ], [ 1056130.4304, 156057.685 ], [ 1056097.0441, 156077.9887 ], [ 1056078.4134, 156085.9489 ], [ 1056047.5835, 156086.9509 ], [ 1056039.8096, 156086.1993 ], [ 1056023.152, 156084.3285 ], [ 1056014.5481, 156082.4815 ], [ 1056006.505, 156078.8145 ], [ 1056002.9044, 156075.5249 ], [ 1055998.4846, 156067.4967 ], [ 1055996.3488, 156038.3442 ], [ 1055995.2605, 156030.6901 ], [ 1055985.2755, 156026.2888 ], [ 1055977.2024, 156032.8229 ], [ 1055973.5695, 156040.463 ], [ 1055974.0744, 156057.5879 ], [ 1055970.7257, 156063.0429 ], [ 1055956.2533, 156073.5657 ], [ 1055943.1769, 156081.5424 ], [ 1055924.8218, 156090.2321 ], [ 1055910.0814, 156097.4753 ], [ 1055895.0621, 156105.0819 ], [ 1055877.5445, 156112.3168 ], [ 1055860.3089, 156118.0953 ], [ 1055838.3575, 156122.0383 ], [ 1055828.9162, 156121.6462 ], [ 1055811.7085, 156117.9523 ], [ 1055782.0206, 156108.3925 ], [ 1055793.8347, 156057.4215 ], [ 1055729.6734, 156060.1475 ], [ 1055690.2301, 156062.5819 ], [ 1055686.014, 156079.6929 ], [ 1055680.167, 156084.7763 ], [ 1055658.2049, 156092.3627 ], [ 1055647.3675, 156094.5168 ], [ 1055630.7045, 156094.4679 ], [ 1055620.7109, 156092.9813 ], [ 1055604.9067, 156084.1911 ], [ 1055596.0326, 156079.7932 ], [ 1055577.4287, 156078.6456 ], [ 1055562.1479, 156080.7868 ], [ 1055544.0941, 156081.4625 ], [ 1055526.3224, 156080.6818 ], [ 1055513.5378, 156083.9233 ], [ 1055504.6828, 156072.9675 ], [ 1055493.338, 156058.7256 ], [ 1055493.0859, 156049.981 ], [ 1055497.6094, 156022.6697 ], [ 1055497.0796, 156013.9243 ], [ 1055484.0364, 156010.6072 ], [ 1055480.4005, 156019.3404 ], [ 1055475.0983, 156028.0687 ], [ 1055459.5311, 156033.1237 ], [ 1055428.6528, 156145.6104 ], [ 1055341.9876, 156531.5436 ], [ 1054874.3712, 156512.6938 ], [ 1054484.075, 156357.4536 ], [ 1054176.6621, 156254.1921 ], [ 1053691.0848, 156201.4311 ], [ 1053331.735, 156195.3074 ], [ 1053355.9535, 155686.4115 ], [ 1053360.9997, 154985.461 ], [ 1053314.5407, 154915.014 ], [ 1053303.4718, 154900.7739 ], [ 1053260.2833, 154852.1958 ], [ 1053243.1001, 154839.3957 ], [ 1053225.0786, 154828.4148 ], [ 1053193.4564, 154814.4807 ], [ 1053159.6134, 154800.1761 ], [ 1053101.3165, 154790.5385 ], [ 1053058.0109, 154783.1295 ], [ 1053024.9825, 154775.3852 ], [ 1052961.7131, 154756.2615 ], [ 1052929.5156, 154749.2483 ], [ 1052914.2476, 154746.655 ], [ 1052882.3237, 154741.1 ], [ 1052840.3974, 154736.9741 ], [ 1052798.2314, 154719.3676 ], [ 1052769.9652, 154697.0641 ], [ 1052720.3074, 154676.8863 ], [ 1052692.0012, 154668.7914 ], [ 1052665.6257, 154665.4383 ], [ 1052624.5294, 154662.4082 ], [ 1052597.0501, 154656.5017 ], [ 1052574.5609, 154653.8883 ], [ 1052552.6169, 154654.9196 ], [ 1052497.3193, 154664.9656 ], [ 1052460.391, 154661.2188 ], [ 1052439.5446, 154666.9896 ], [ 1052422.6029, 154666.9421 ], [ 1052407.8953, 154662.529 ], [ 1052377.6489, 154652.9717 ], [ 1052343.7746, 154649.598 ], [ 1052304.0699, 154645.4793 ], [ 1052284.0782, 154643.6017 ], [ 1052236.0435, 154638.7312 ], [ 1052210.7707, 154638.2963 ], [ 1052187.4421, 154637.8668 ], [ 1052147.7201, 154639.9418 ], [ 1052095.2305, 154639.0668 ], [ 1052058.3031, 154634.9562 ], [ 1052024.4216, 154634.1332 ], [ 1052011.6113, 154646.4846 ], [ 1051995.7542, 154655.9129 ], [ 1051971.8366, 154667.5048 ], [ 1051935.9715, 154680.8851 ], [ 1051917.6209, 154688.1205 ], [ 1051874.8074, 154703.3032 ], [ 1051847.0179, 154709.0552 ], [ 1051813.1264, 154711.8757 ], [ 1051787.8325, 154719.092 ], [ 1051767.8166, 154725.9586 ], [ 1051738.6233, 154737.1718 ], [ 1051713.0406, 154748.3949 ], [ 1051683.2909, 154759.9709 ], [ 1051649.0895, 154774.4492 ], [ 1051621.3122, 154775.8296 ], [ 1051596.0134, 154784.8677 ], [ 1051559.6013, 154795.3324 ], [ 1051509.5632, 154811.9531 ], [ 1051473.442, 154817.6824 ], [ 1051415.0992, 154824.4435 ], [ 1051378.4276, 154828.3499 ], [ 1051305.0673, 154842.3563 ], [ 1051265.8871, 154849.5349 ], [ 1051241.9852, 154855.6626 ], [ 1051222.2573, 154858.8872 ], [ 1051203.3675, 154860.2926 ], [ 1051170.86, 154864.9394 ], [ 1051136.1316, 154869.2158 ], [ 1051120.0171, 154871.3574 ], [ 1051103.648, 154865.1189 ], [ 1051077.807, 154869.4198 ], [ 1051051.4016, 154876.9982 ], [ 1050996.6466, 154892.1496 ], [ 1050963.0172, 154900.8012 ], [ 1050934.1132, 154908.0085 ], [ 1050919.943, 154910.1556 ], [ 1050886.0549, 154911.8844 ], [ 1050854.3976, 154910.3404 ], [ 1050833.0103, 154911.0105 ], [ 1050819.6773, 154911.7027 ], [ 1050799.396, 154914.1975 ], [ 1050789.3957, 154914.8988 ], [ 1050752.7293, 154916.9845 ], [ 1050724.1141, 154920.1852 ], [ 1050687.162, 154925.1849 ], [ 1050671.0497, 154926.5982 ], [ 1050640.2037, 154933.0719 ], [ 1050604.6453, 154936.2538 ], [ 1050569.6354, 154941.9876 ], [ 1050550.1843, 154945.5778 ], [ 1050532.4007, 154948.8083 ], [ 1050513.2413, 154947.2988 ], [ 1050472.9912, 154939.5383 ], [ 1050424.4102, 154931.391 ], [ 1050266.698, 154916.7537 ], [ 1050248.9262, 154915.6125 ], [ 1050227.8226, 154914.098 ], [ 1050149.7892, 154910.6076 ], [ 1050092.5886, 154906.0808 ], [ 1050049.0095, 154896.8547 ], [ 1049922.2006, 154854.2502 ], [ 1049860.8535, 154842.4262 ], [ 1049769.2394, 154828.3349 ], [ 1049716.5067, 154814.7128 ], [ 1049617.4211, 154790.4008 ], [ 1049520.0007, 154766.4581 ], [ 1049400.6344, 154744.2785 ], [ 1049340.6832, 154729.545 ], [ 1049186.9448, 154682.136 ], [ 1049140.0429, 154668.8951 ], [ 1049058.9738, 154657.7492 ], [ 1048960.7047, 154639.2713 ], [ 1048863.8008, 154629.5413 ], [ 1048789.4435, 154600.9264 ], [ 1048727.2678, 154586.9171 ], [ 1048664.8007, 154578.0078 ], [ 1048636.4313, 154593.2344 ], [ 1048582.7506, 154622.6029 ], [ 1048475.2445, 154631.0627 ], [ 1048368.3593, 154614.7504 ], [ 1048229.2692, 154593.6176 ], [ 1048193.3065, 154856.2025 ], [ 1048158.8405, 155077.9868 ], [ 1048061.7868, 155761.2088 ], [ 1047822.5316, 155600.643 ], [ 1047711.0116, 155552.6251 ], [ 1047614.4712, 155511.2045 ], [ 1047376.6217, 155449.015 ], [ 1047131.7564, 155414.4985 ], [ 1046890.4961, 155381.8153 ], [ 1046655.8968, 155350.609 ], [ 1046428.2363, 155320.8799 ], [ 1046148.6591, 155283.7343 ], [ 1046044.8246, 155269.6259 ], [ 1045976.5261, 155260.7087 ], [ 1045953.4757, 155260.2859 ], [ 1045814.6677, 155238.0747 ], [ 1045756.6422, 155230.277 ], [ 1045620.8788, 155212.0822 ], [ 1045482.3397, 155193.1524 ], [ 1045337.4145, 155173.4788 ], [ 1045333.6275, 155243.7843 ], [ 1044677.0191, 155155.4348 ], [ 1044666.4673, 155154.68 ], [ 1043944.4948, 155104.078 ], [ 1044158.4027, 155194.2281 ], [ 1044412.5522, 155295.4094 ], [ 1044344.5505, 156178.0045 ], [ 1044308.8531, 156463.5483 ], [ 1044405.4656, 156476.5385 ], [ 1044378.3962, 156866.6654 ], [ 1044034.1123, 156835.5777 ], [ 1044013.4442, 157109.5006 ], [ 1043518.9173, 157080.9662 ], [ 1043483.6531, 157079.0586 ], [ 1043020.266, 157034.9442 ], [ 1043038.4218, 156761.7431 ], [ 1043059.5342, 156529.3538 ], [ 1042802.1311, 156513.7955 ], [ 1042804.5612, 156542.5831 ], [ 1042794.2315, 156565.1465 ], [ 1042790.5897, 156578.2535 ], [ 1042789.9852, 156598.6544 ], [ 1042788.2742, 156617.2309 ], [ 1042778.7935, 156633.2384 ], [ 1042774.3273, 156642.7002 ], [ 1042774.2616, 156670.0245 ] ] ] ] } },
{ "type": "Feature", "properties": { "ZCTA5CE20": "11003", "GEOID20": "11003", "CLASSFP20": "B5", "MTFCC20": "G6350", "FUNCSTAT20": "S", "ALAND20": 10685703, "AWATER20": 113541, "INTPTLAT20": "+40.6991762", "INTPTLON20": "-073.7061659" }, "geometry": { "type": "MultiPolygon", "coordinates": [ [ [ [ 1059322.5937, 201404.5067 ], [ 1059552.3418, 201510.8745 ], [ 1059791.0263, 201595.4123 ], [ 1060183.9698, 201724.5186 ], [ 1060234.926, 201739.98 ], [ 1061200.5961, 202030.8438 ], [ 1061382.2549, 201389.8306 ], [ 1061607.8868, 201219.3121 ], [ 1061803.3057, 201135.7747 ], [ 1061960.8266, 201201.1295 ], [ 1061897.1203, 201011.8371 ], [ 1061900.5251, 200727.3043 ], [ 1061910.4476, 200658.4773 ], [ 1061928.2963, 200538.3046 ], [ 1061931.4237, 200513.9044 ], [ 1061933.2666, 200371.092 ], [ 1062711.951, 200288.7061 ], [ 1062977.8911, 200260.7846 ], [ 1063237.2841, 200285.6729 ], [ 1063470.1239, 200377.1501 ], [ 1063580.8258, 200857.7018 ], [ 1063581.3979, 200937.1281 ], [ 1063797.1342, 201000.8634 ], [ 1064060.1976, 201002.8196 ], [ 1064321.1731, 200965.4239 ], [ 1064492.5675, 200941.2151 ], [ 1064569.9943, 200580.0531 ], [ 1064578.9313, 200560.0444 ], [ 1064613.1113, 200535.0186 ], [ 1064690.8664, 200494.1064 ], [ 1064780.2585, 200455.0548 ], [ 1064819.1321, 200435.8741 ], [ 1065006.2484, 200353.4279 ], [ 1065018.091, 200376.7845 ], [ 1065140.8139, 200318.5355 ], [ 1065198.0219, 200371.19 ], [ 1065331.2672, 200316.6204 ], [ 1065355.3362, 200248.2062 ], [ 1065200.171, 199560.1931 ], [ 1065153.5634, 199487.1713 ], [ 1065133.9529, 199382.1782 ], [ 1066119.247, 199125.711 ], [ 1066044.1312, 199039.4754 ], [ 1066074.095, 199032.654 ], [ 1066220.4961, 198943.522 ], [ 1066285.2243, 198904.0283 ], [ 1066393.0181, 198836.6269 ], [ 1066495.8014, 198775.4026 ], [ 1066571.6445, 198728.6607 ], [ 1066743.057, 198622.8573 ], [ 1066838.8927, 198567.0758 ], [ 1066918.9129, 198515.2486 ], [ 1067058.9401, 198427.1929 ], [ 1067304.2178, 198530.7722 ], [ 1067497.2903, 198658.5853 ], [ 1067855.1268, 198840.8878 ], [ 1068174.3956, 199031.0777 ], [ 1068163.2023, 199141.4317 ], [ 1068255.6155, 199113.6976 ], [ 1068321.3743, 199257.8366 ], [ 1068450.0208, 199334.0634 ], [ 1068733.2497, 199282.2189 ], [ 1069361.6256, 199152.1604 ], [ 1069483.8782, 199153.6822 ], [ 1069531.1797, 199262.4194 ], [ 1069646.868, 199238.4156 ], [ 1069982.5579, 199169.2822 ], [ 1070322.4107, 199099.4396 ], [ 1070272.2671, 198854.7947 ], [ 1070248.013, 198736.3007 ], [ 1070512.054, 198704.0829 ], [ 1070766.6802, 198668.9198 ], [ 1070786.2767, 198848.9699 ], [ 1070808.1978, 199076.7559 ], [ 1070835.4851, 199354.4747 ], [ 1071088.2866, 199362.6641 ], [ 1071334.2801, 199336.5843 ], [ 1071296.2496, 198809.2586 ], [ 1071304.2933, 198266.7962 ], [ 1071337.9574, 197769.9673 ], [ 1071332.7269, 197527.6674 ], [ 1071560.938, 197517.5568 ], [ 1071559.6338, 197340.4866 ], [ 1071680.7878, 197341.6511 ], [ 1071679.303, 196752.8845 ], [ 1071803.7935, 196752.24 ], [ 1071803.4859, 196683.7444 ], [ 1071803.1416, 196625.45 ], [ 1071681.423, 196626.1045 ], [ 1071677.9598, 196124.7707 ], [ 1071718.1651, 196124.1868 ], [ 1071717.7729, 196002.1341 ], [ 1071722.2878, 195980.2904 ], [ 1071722.96, 195870.6288 ], [ 1071673.6059, 195870.8154 ], [ 1071667.8396, 195315.9167 ], [ 1071545.0041, 195316.9322 ], [ 1071544.4001, 195253.5362 ], [ 1071544.2407, 195220.7457 ], [ 1071540.9635, 194821.0616 ], [ 1071539.2595, 194755.1113 ], [ 1071567.2709, 194753.3904 ], [ 1071552.976, 194641.8533 ], [ 1071678.359, 194627.3667 ], [ 1071611.7415, 194107.2251 ], [ 1071591.4906, 194109.7026 ], [ 1071574.4619, 193987.2258 ], [ 1071508.9913, 193995.7345 ], [ 1071470.4292, 194001.061 ], [ 1071405.6588, 193505.337 ], [ 1071368.9666, 193221.0265 ], [ 1071354.9828, 193176.8921 ], [ 1071328.8593, 193115.5907 ], [ 1071239.4953, 192903.958 ], [ 1071146.0003, 192683.9313 ], [ 1071196.8244, 192662.2532 ], [ 1071177.8354, 192621.7444 ], [ 1071076.0939, 192380.9215 ], [ 1071066.4924, 192351.7407 ], [ 1071046.2324, 192356.4046 ], [ 1070990.7393, 192365.3147 ], [ 1071013.4079, 192462.6722 ], [ 1070973.6578, 192567.0935 ], [ 1071011.2106, 192612.0404 ], [ 1070827.6594, 192683.1589 ], [ 1070397.7505, 192395.6299 ], [ 1070220.9084, 191981.4869 ], [ 1070122.8098, 191961.8303 ], [ 1070060.7032, 191958.6962 ], [ 1070051.3423, 191861.0222 ], [ 1070053.5801, 191855.5651 ], [ 1070011.3093, 191732.2718 ], [ 1070018.2622, 191412.4131 ], [ 1070256.2491, 191320.35 ], [ 1070326.4296, 191158.471 ], [ 1070356.1348, 191149.468 ], [ 1070297.1866, 190958.7137 ], [ 1070238.2375, 190767.9596 ], [ 1070179.0191, 190574.6543 ], [ 1070120.3441, 190384.2658 ], [ 1070072.0973, 190224.8824 ], [ 1070059.4535, 190192.7766 ], [ 1070038.0252, 190135.1365 ], [ 1070001.0951, 189990.7309 ], [ 1069946.3835, 189776.6753 ], [ 1069900.9937, 189592.8922 ], [ 1069891.382, 189565.8978 ], [ 1069814.2175, 189584.2068 ], [ 1069787.15, 189473.719 ], [ 1069858.2096, 189456.4814 ], [ 1069831.946, 189354.0118 ], [ 1069811.2612, 189321.1491 ], [ 1069559.3461, 189425.555 ], [ 1069378.0028, 189494.1418 ], [ 1069291.9165, 189525.9014 ], [ 1069156.1238, 189575.7042 ], [ 1069055.0429, 189612.8773 ], [ 1068998.954, 189631.9911 ], [ 1068938.9927, 189648.1769 ], [ 1068871.0001, 189661.0559 ], [ 1068806.9081, 189668.848 ], [ 1068707.6188, 189669.5956 ], [ 1068669.0644, 189670.919 ], [ 1068593.1015, 189663.0042 ], [ 1068493.3333, 189641.8911 ], [ 1068382.2359, 189608.7163 ], [ 1067988.902, 189467.8184 ], [ 1067939.5826, 189454.1682 ], [ 1067865.8801, 189433.8762 ], [ 1067789.1018, 189420.8605 ], [ 1067708.9703, 189415.1201 ], [ 1067672.9128, 189416.0892 ], [ 1067625.4945, 189414.1048 ], [ 1067583.8877, 189415.7837 ], [ 1067478.9846, 189435.8266 ], [ 1067330.4862, 189471.3871 ], [ 1067167.0047, 189509.0834 ], [ 1067053.9876, 189550.2317 ], [ 1066995.1181, 189571.891 ], [ 1066965.1114, 189587.8194 ], [ 1066723.3948, 189715.2422 ], [ 1066793.0895, 189527.4839 ], [ 1066665.0965, 189486.973 ], [ 1066640.9881, 189481.0619 ], [ 1066621.0199, 189480.9942 ], [ 1066584.9119, 189496.9024 ], [ 1066512.6553, 189540.7416 ], [ 1066073.0189, 189804.1257 ], [ 1066046.9129, 189814.9678 ], [ 1066035.0011, 189810.92 ], [ 1066026.9916, 189801.0561 ], [ 1065913.3896, 189604.6638 ], [ 1065980.0994, 189560.4397 ], [ 1066204.3414, 189432.9506 ], [ 1066139.2657, 189321.2458 ], [ 1066034.2923, 189362.4259 ], [ 1065913.0912, 189033.3915 ], [ 1065955.858, 189016.7761 ], [ 1065673.4529, 188540.7402 ], [ 1065564.2508, 188601.5821 ], [ 1065480.3339, 188648.6644 ], [ 1065327.9288, 188524.6471 ], [ 1065277.8542, 188486.954 ], [ 1065125.2255, 188596.109 ], [ 1064930.1354, 188713.8679 ], [ 1064595.5702, 188906.9476 ], [ 1064084.5856, 189194.9063 ], [ 1063997.6086, 189246.3556 ], [ 1063610.8582, 189457.8585 ], [ 1063493.9393, 189506.6615 ], [ 1063412.5909, 189533.7211 ], [ 1063309.0571, 189560.3445 ], [ 1063206.3769, 189580.4131 ], [ 1062829.7955, 189652.7869 ], [ 1062600.5203, 189713.254 ], [ 1062295.3928, 189817.5635 ], [ 1061981.5541, 189958.2821 ], [ 1061831.8449, 190029.2124 ], [ 1061744.103, 190062.0865 ], [ 1061665.548, 190084.0602 ], [ 1061587.2913, 190099.4772 ], [ 1061465.5081, 190110.3841 ], [ 1061360.4051, 190108.5929 ], [ 1061171.3592, 190078.8471 ], [ 1061090.7313, 190054.9104 ], [ 1060977.1586, 190012.6534 ], [ 1060861.368, 189970.0256 ], [ 1060760.8474, 189921.9814 ], [ 1060644.318, 189849.4772 ], [ 1060609.4452, 189826.779 ], [ 1060547.9999, 189787.6025 ], [ 1060530.0271, 189770.4225 ], [ 1060482.1869, 189726.1883 ], [ 1060453.9869, 189698.0464 ], [ 1060380.4959, 189608.5549 ], [ 1060340.4616, 189551.2295 ], [ 1060324.9993, 189529.3212 ], [ 1060294.9328, 189477.1278 ], [ 1060269.5843, 189423.8561 ], [ 1060261.0439, 189405.6129 ], [ 1060256.6855, 189468.9928 ], [ 1060240.8246, 189663.1315 ], [ 1060214.0733, 189969.8145 ], [ 1060194.1448, 190223.3266 ], [ 1060189.2253, 190288.8908 ], [ 1060181.9118, 190410.5545 ], [ 1060176.8306, 190527.8532 ], [ 1060172.545, 190656.813 ], [ 1060170.1499, 190713.2768 ], [ 1060164.0866, 190878.6642 ], [ 1060163.9745, 191003.265 ], [ 1060162.4035, 191062.2818 ], [ 1060088.8936, 193289.209 ], [ 1060086.5064, 193520.9163 ], [ 1060085.6572, 193615.2754 ], [ 1060081.2326, 193789.0477 ], [ 1060075.1396, 194053.169 ], [ 1060042.218, 194828.728 ], [ 1060025.4768, 194951.0912 ], [ 1060018.3859, 195002.0755 ], [ 1060005.4552, 195147.4035 ], [ 1060014.2222, 195181.3137 ], [ 1060020.5244, 195205.3792 ], [ 1060015.1619, 195324.4989 ], [ 1060010.3903, 195431.9619 ], [ 1060008.8858, 195469.8477 ], [ 1060007.4063, 195499.7183 ], [ 1060005.32, 195546.3462 ], [ 1060004.6938, 195569.2971 ], [ 1059988.2888, 196028.6682 ], [ 1059977.3634, 196331.3938 ], [ 1059970.0697, 196536.4899 ], [ 1059923.7299, 197883.2804 ], [ 1059965.049, 198057.9242 ], [ 1059963.9162, 198065.5716 ], [ 1059943.417, 198327.0981 ], [ 1059910.9175, 198525.1934 ], [ 1059908.661, 198537.5737 ], [ 1059888.6428, 198644.9893 ], [ 1059845.7914, 198873.6564 ], [ 1059841.5694, 198894.0459 ], [ 1059832.562, 198937.7377 ], [ 1059791.176, 199141.2705 ], [ 1059738.5296, 199400.147 ], [ 1059635.4951, 199905.8843 ], [ 1059600.5855, 200078.1051 ], [ 1059565.398, 200250.6894 ], [ 1059535.8467, 200393.7804 ], [ 1059512.4825, 200508.4726 ], [ 1059497.5736, 200578.3782 ], [ 1059491.3824, 200608.2343 ], [ 1059388.9835, 201091.0218 ], [ 1059322.5937, 201404.5067 ] ] ] ] } },
{ "type": "Feature", "properties": { "ZCTA5CE20": "11451", "GEOID20": "11451", "CLASSFP20": "B5", "MTFCC20": "G6350", "FUNCSTAT20": "S", "ALAND20": 185278, "AWATER20": 0, "INTPTLAT20": "+40.7011879", "INTPTLON20": "-073.7957783" }, "geometry": { "type": "MultiPolygon", "coordinates": [ [ [ [ 1040070.4248, 194265.6473 ], [ 1040383.9022, 194441.6128 ], [ 1040601.2985, 194557.6091 ], [ 1040392.9867, 194949.8752 ], [ 1040190.0664, 195291.5136 ], [ 1040143.3082, 195368.2798 ], [ 1040501.014, 195476.2189 ], [ 1040787.4889, 195571.2457 ], [ 1041215.2447, 195718.7063 ], [ 1041424.0141, 195841.612 ], [ 1041500.0076, 195714.2752 ], [ 1041571.8256, 195594.2154 ], [ 1041777.8111, 195253.3244 ], [ 1041820.4873, 195146.3122 ], [ 1041539.9304, 195010.4821 ], [ 1041191.5594, 194822.7612 ], [ 1041487.2968, 194283.8824 ], [ 1041228.6291, 194149.9292 ], [ 1040893.1585, 194012.5205 ], [ 1040684.3588, 193894.72 ], [ 1040476.673, 193774.0093 ], [ 1040390.5748, 193714.0599 ], [ 1039889.4367, 194110.7558 ], [ 1040070.4248, 194265.6473 ] ] ] ] } },
{ "type": "Feature", "properties": { "ZCTA5CE20": "11692", "GEOID20": "11692", "CLASSFP20": "B5", "MTFCC20": "G6350", "FUNCSTAT20": "S", "ALAND20": 2631023, "AWATER20": 255912, "INTPTLAT20": "+40.5941540", "INTPTLON20": "-073.7919860" }, "geometry": { "type": "MultiPolygon", "coordinates": [ [ [ [ 1038316.8554, 154478.8523 ], [ 1038540.3983, 154494.6518 ], [ 1038924.1499, 154530.4865 ], [ 1038870.2233, 155169.3936 ], [ 1039121.2389, 155192.1823 ], [ 1039118.3244, 155253.0182 ], [ 1039102.5188, 155488.3374 ], [ 1039134.7339, 155488.7744 ], [ 1039101.2018, 155702.9226 ], [ 1039097.2537, 155729.5095 ], [ 1038921.8158, 155692.682 ], [ 1038921.5225, 155699.6035 ], [ 1039096.405, 155736.4298 ], [ 1039080.8799, 155847.5144 ], [ 1038894.3208, 155816.4912 ], [ 1038899.9563, 155780.4355 ], [ 1038893.5703, 155779.6925 ], [ 1038880.9134, 155850.7077 ], [ 1038889.2417, 155852.1837 ], [ 1038894.3078, 155822.3204 ], [ 1039078.3393, 155865.7249 ], [ 1039074.955, 155888.6699 ], [ 1039144.9238, 155896.1142 ], [ 1039142.6272, 155929.2627 ], [ 1039023.4973, 155923.8936 ], [ 1039022.6034, 155950.8518 ], [ 1038949.0244, 155943.3997 ], [ 1038933.45, 155953.2015 ], [ 1038908.6569, 155987.0281 ], [ 1038829.91, 155931.1094 ], [ 1038844.6749, 155910.7402 ], [ 1038838.5757, 155905.9903 ], [ 1038819.3542, 155932.1787 ], [ 1038905.8617, 155995.037 ], [ 1038863.2384, 156053.9622 ], [ 1038855.4386, 156064.5101 ], [ 1038778.6235, 156014.0608 ], [ 1038759.1131, 156045.3491 ], [ 1038766.5959, 156052.2881 ], [ 1038780.8093, 156030.096 ], [ 1038860.9577, 156080.1885 ], [ 1038904.869, 156066.0784 ], [ 1038903.9834, 156089.3933 ], [ 1038900.4798, 156165.5297 ], [ 1038873.2611, 156166.5615 ], [ 1038834.9371, 156166.1112 ], [ 1038789.9577, 156161.274 ], [ 1038711.7592, 156108.6358 ], [ 1038708.1374, 156113.7283 ], [ 1038772.1847, 156160.8699 ], [ 1038780.7596, 156176.1908 ], [ 1038769.9107, 156184.1817 ], [ 1038603.8238, 156438.1098 ], [ 1038571.2174, 156489.0427 ], [ 1038540.0153, 156533.0565 ], [ 1038523.2656, 156572.0021 ], [ 1038486.5256, 156608.7171 ], [ 1038482.0481, 156624.0088 ], [ 1038477.2612, 156653.5086 ], [ 1038464.9729, 156684.4489 ], [ 1038379.5656, 156876.6231 ], [ 1038372.0269, 156894.8226 ], [ 1038397.2351, 156923.2962 ], [ 1038421.6125, 156950.6749 ], [ 1038445.6829, 156991.1688 ], [ 1038471.9546, 157040.7757 ], [ 1038478.2647, 157075.4008 ], [ 1038482.9622, 157085.9767 ], [ 1038507.6512, 157098.0546 ], [ 1038548.7557, 157096.3247 ], [ 1038567.6047, 157112.0328 ], [ 1038606.4232, 157139.0796 ], [ 1038640.2755, 157151.5424 ], [ 1038652.7421, 157165.0504 ], [ 1038673.8387, 157169.1051 ], [ 1038687.9609, 157187.3531 ], [ 1038702.6678, 157192.4865 ], [ 1038702.0577, 157216.8951 ], [ 1038710.6511, 157223.8365 ], [ 1038721.1908, 157229.6893 ], [ 1038722.8284, 157242.4444 ], [ 1038743.9429, 157238.4841 ], [ 1038760.0342, 157245.4424 ], [ 1038768.0607, 157257.4831 ], [ 1038778.3104, 157268.8002 ], [ 1038786.9103, 157272.8271 ], [ 1038797.6794, 157300.1757 ], [ 1038807.0927, 157312.9483 ], [ 1038822.8932, 157325.7351 ], [ 1038833.6868, 157342.154 ], [ 1038844.2183, 157351.6502 ], [ 1038839.7285, 157372.4067 ], [ 1038849.4112, 157388.8231 ], [ 1038863.5618, 157394.3198 ], [ 1038874.6617, 157397.988 ], [ 1038889.6265, 157411.866 ], [ 1038911.2193, 157442.1536 ], [ 1038941.4151, 157475.0108 ], [ 1038956.6256, 157503.0982 ], [ 1038998.7549, 157539.2613 ], [ 1039043.7326, 157543.7345 ], [ 1039076.2211, 157544.9007 ], [ 1039135.3754, 157543.2124 ], [ 1039188.9798, 157539.6902 ], [ 1039227.0742, 157517.9166 ], [ 1039265.6696, 157520.1898 ], [ 1039296.7532, 157528.6397 ], [ 1039330.3418, 157534.5449 ], [ 1039365.8362, 157557.2136 ], [ 1039415.743, 157592.302 ], [ 1039441.803, 157611.6705 ], [ 1039505.9268, 157622.7458 ], [ 1039526.4683, 157626.4358 ], [ 1039536.9944, 157638.1181 ], [ 1039542.5343, 157644.3243 ], [ 1039535.7122, 157713.5308 ], [ 1039544.5969, 157714.2797 ], [ 1039551.4124, 157647.9877 ], [ 1039561.4278, 157639.9953 ], [ 1039573.3664, 157641.1154 ], [ 1039577.8336, 157630.5601 ], [ 1039633.0858, 157635.0578 ], [ 1039632.2328, 157643.7997 ], [ 1039651.9321, 157651.4954 ], [ 1039648.2315, 157691.1986 ], [ 1039658.2262, 157692.3143 ], [ 1039664.7369, 157638.0445 ], [ 1039797.1754, 157648.912 ], [ 1040019.0187, 157666.1786 ], [ 1040014.5238, 157688.7566 ], [ 1040014.7205, 157724.0967 ], [ 1040027.7706, 157724.8553 ], [ 1040033.4056, 157689.5285 ], [ 1040027.0194, 157689.1495 ], [ 1040028.7382, 157666.2009 ], [ 1040126.4824, 157668.9755 ], [ 1040155.6534, 157663.5776 ], [ 1040186.2455, 157643.9743 ], [ 1040218.4763, 157636.3976 ], [ 1040244.0212, 157637.9137 ], [ 1040268.1702, 157642.7055 ], [ 1040297.5828, 157652.9744 ], [ 1040315.6114, 157662.4885 ], [ 1040314.1768, 157682.5231 ], [ 1040394.6918, 157690.3597 ], [ 1040431.6266, 157690.0806 ], [ 1040687.3339, 157713.6251 ], [ 1041549.8628, 158895.6956 ], [ 1042822.9177, 159990.9796 ], [ 1043496.7062, 159130.9785 ], [ 1043576.1776, 159108.9482 ], [ 1043591.499, 159088.9476 ], [ 1043612.634, 159076.2478 ], [ 1043627.3779, 159065.3539 ], [ 1043606.6397, 159029.235 ], [ 1043580.0461, 159002.9386 ], [ 1043554.2783, 158979.5588 ], [ 1043533.7981, 158951.4557 ], [ 1043544.941, 158936.9098 ], [ 1043510.8541, 158908.7736 ], [ 1043500.8299, 158920.0433 ], [ 1043460.0865, 158888.612 ], [ 1043424.0593, 158859.0138 ], [ 1043392.749, 158830.8845 ], [ 1043352.3016, 158791.8033 ], [ 1043327.9962, 158737.8238 ], [ 1043308.9578, 158687.5005 ], [ 1043274.7253, 158604.7153 ], [ 1043246.2957, 158533.6026 ], [ 1043206.8396, 158428.9451 ], [ 1043151.2796, 158323.1558 ], [ 1043140.2125, 158306.37 ], [ 1043120.2699, 158285.1907 ], [ 1043100.9046, 158254.9048 ], [ 1043022.5034, 158177.8423 ], [ 1042947.6695, 158118.2763 ], [ 1042880.3277, 158060.9146 ], [ 1042829.6131, 158017.8019 ], [ 1042819.0774, 158010.8543 ], [ 1042774.7365, 157973.222 ], [ 1042765.0723, 157950.2461 ], [ 1042720.3834, 157941.7592 ], [ 1042693.771, 157922.3859 ], [ 1042656.3923, 157876.391 ], [ 1042612.3792, 157817.6287 ], [ 1042580.8641, 157758.1679 ], [ 1042552.366, 157714.3804 ], [ 1042529.3415, 157704.124 ], [ 1042494.1487, 157672.7077 ], [ 1042472.8662, 157630.7592 ], [ 1042483.3295, 157552.0897 ], [ 1042459.5614, 157504.306 ], [ 1042451.8738, 157467.4906 ], [ 1042383.5289, 157247.6382 ], [ 1042369.2049, 157198.7842 ], [ 1042357.3594, 157158.68 ], [ 1042342.4816, 157109.0961 ], [ 1042336.4295, 157085.0361 ], [ 1042327.6186, 157053.3186 ], [ 1042318.5109, 157029.6156 ], [ 1042313.8212, 157016.4887 ], [ 1042308.3218, 156993.523 ], [ 1042292.5064, 156987.656 ], [ 1042282.0274, 156956.6633 ], [ 1042271.282, 156920.9336 ], [ 1042268.8252, 156903.0758 ], [ 1042272.249, 156864.8297 ], [ 1042269.7896, 156848.0648 ], [ 1042264.5591, 156828.743 ], [ 1042264.8551, 156821.0928 ], [ 1042272.6744, 156802.8952 ], [ 1042269.3819, 156786.1283 ], [ 1042263.2914, 156778.0986 ], [ 1042271.6835, 156752.6157 ], [ 1042270.8894, 156736.2191 ], [ 1042269.829, 156715.0857 ], [ 1042783.227, 156752.7482 ], [ 1042782.9888, 156736.353 ], [ 1042780.7899, 156726.8752 ], [ 1042783.3252, 156711.9439 ], [ 1042779.7527, 156696.2692 ], [ 1042776.464, 156678.045 ], [ 1042774.2616, 156670.0245 ], [ 1042774.3273, 156642.7002 ], [ 1042778.7935, 156633.2384 ], [ 1042788.2742, 156617.2309 ], [ 1042789.9852, 156598.6544 ], [ 1042790.5897, 156578.2535 ], [ 1042794.2315, 156565.1465 ], [ 1042804.5612, 156542.5831 ], [ 1042802.1311, 156513.7955 ], [ 1043059.5342, 156529.3538 ], [ 1043038.4218, 156761.7431 ], [ 1043020.266, 157034.9442 ], [ 1043483.6531, 157079.0586 ], [ 1043518.9173, 157080.9662 ], [ 1044013.4442, 157109.5006 ], [ 1044034.1123, 156835.5777 ], [ 1044378.3962, 156866.6654 ], [ 1044405.4656, 156476.5385 ], [ 1044308.8531, 156463.5483 ], [ 1044344.5505, 156178.0045 ], [ 1044412.5522, 155295.4094 ], [ 1044158.4027, 155194.2281 ], [ 1043944.4948, 155104.078 ], [ 1044666.4673, 155154.68 ], [ 1044677.0191, 155155.4348 ], [ 1045333.6275, 155243.7843 ], [ 1045337.4145, 155173.4788 ], [ 1045482.3397, 155193.1524 ], [ 1045620.8788, 155212.0822 ], [ 1045756.6422, 155230.277 ], [ 1045814.6677, 155238.0747 ], [ 1045953.4757, 155260.2859 ], [ 1045976.5261, 155260.7087 ], [ 1046044.8246, 155269.6259 ], [ 1046148.6591, 155283.7343 ], [ 1046428.2363, 155320.8799 ], [ 1046655.8968, 155350.609 ], [ 1046890.4961, 155381.8153 ], [ 1047131.7564, 155414.4985 ], [ 1047376.6217, 155449.015 ], [ 1047614.4712, 155511.2045 ], [ 1047711.0116, 155552.6251 ], [ 1047822.5316, 155600.643 ], [ 1048061.7868, 155761.2088 ], [ 1048158.8405, 155077.9868 ], [ 1048193.3065, 154856.2025 ], [ 1048229.2692, 154593.6176 ], [ 1048136.5595, 154572.9717 ], [ 1048072.9947, 154558.9604 ], [ 1047967.7934, 154535.7321 ], [ 1047905.0606, 154522.0878 ], [ 1047819.7931, 154522.9578 ], [ 1047732.5776, 154525.2804 ], [ 1047687.0377, 154521.8827 ], [ 1047632.0699, 154512.6312 ], [ 1047548.5171, 154494.926 ], [ 1047506.8767, 154487.1669 ], [ 1047354.4245, 154477.2985 ], [ 1047252.5399, 154459.9111 ], [ 1047161.4483, 154457.4894 ], [ 1047063.1731, 154440.4765 ], [ 1047027.3254, 154448.0348 ], [ 1046975.3916, 154446.8078 ], [ 1046936.5631, 154425.5768 ], [ 1046800.2377, 154408.4669 ], [ 1046682.2026, 154407.0708 ], [ 1046622.7839, 154400.3605 ], [ 1046574.4792, 154391.8572 ], [ 1046519.5182, 154379.6937 ], [ 1046508.2866, 154427.3917 ], [ 1046438.9, 154408.6336 ], [ 1046393.6644, 154394.6736 ], [ 1046350.9302, 154379.9914 ], [ 1046289.6646, 154335.023 ], [ 1046243.2798, 154335.9977 ], [ 1046181.8767, 154344.9495 ], [ 1046087.4526, 154342.159 ], [ 1045974.7597, 154314.9127 ], [ 1045879.8603, 154280.4254 ], [ 1045800.5287, 154240.1487 ], [ 1045712.8233, 154216.2457 ], [ 1045637.362, 154182.9015 ], [ 1045561.3295, 154155.7496 ], [ 1045487.1704, 154156.6558 ], [ 1045372.4138, 154176.4052 ], [ 1045311.3387, 154165.3221 ], [ 1045266.6272, 154163.3882 ], [ 1045143.4059, 154125.1896 ], [ 1045016.3486, 154065.851 ], [ 1044970.8511, 154044.9708 ], [ 1044912.8705, 154017.866 ], [ 1044859.2666, 154017.7324 ], [ 1044822.8717, 154022.0137 ], [ 1044784.0686, 153989.4921 ], [ 1044735.4649, 153989.0069 ], [ 1044703.2813, 153975.0825 ], [ 1044630.5475, 153961.0575 ], [ 1044583.0835, 153948.9169 ], [ 1044526.7543, 153927.6464 ], [ 1044434.9299, 153883.6999 ], [ 1044386.1599, 153838.0385 ], [ 1044325.6299, 153830.6025 ], [ 1044281.778, 153817.7428 ], [ 1044234.3271, 153800.1381 ], [ 1044135.8188, 153763.0985 ], [ 1044094.7486, 153748.4244 ], [ 1044061.4417, 153739.2343 ], [ 1044007.313, 153726.3499 ], [ 1043941.8288, 153700.3219 ], [ 1043860.7346, 153697.2085 ], [ 1043823.2427, 153695.6594 ], [ 1043775.5027, 153682.4268 ], [ 1043681.6963, 153653.0513 ], [ 1043657.5538, 153644.2486 ], [ 1043578.7293, 153621.468 ], [ 1043507.378, 153609.2713 ], [ 1043430.7513, 153596.3334 ], [ 1043352.4643, 153580.8414 ], [ 1043220.0678, 153544.0875 ], [ 1043015.0572, 153442.6731 ], [ 1042969.0725, 153392.285 ], [ 1042906.0676, 153373.9168 ], [ 1042889.6673, 153379.3421 ], [ 1042845.4668, 153395.266 ], [ 1042772.5987, 153435.8951 ], [ 1042729.5531, 153433.6057 ], [ 1042678.4782, 153420.7315 ], [ 1042622.4011, 153408.9385 ], [ 1042587.4233, 153401.2038 ], [ 1042423.9161, 153364.744 ], [ 1042322.8966, 153330.6203 ], [ 1042283.4971, 153313.4029 ], [ 1042221.5783, 153305.2402 ], [ 1042157.6761, 153313.4675 ], [ 1042100.7497, 153308.2315 ], [ 1042020.5261, 153288.7316 ], [ 1041936.458, 153250.6422 ], [ 1041878.2022, 153220.2651 ], [ 1041797.1398, 153202.9499 ], [ 1041749.6617, 153195.5511 ], [ 1041706.0739, 153187.4329 ], [ 1041671.0825, 153185.1644 ], [ 1041611.9544, 153171.1805 ], [ 1041582.2969, 153144.8791 ], [ 1041524.0138, 153125.7969 ], [ 1041483.4408, 153134.8096 ], [ 1041427.6445, 153121.1983 ], [ 1041370.9979, 153114.8717 ], [ 1041341.8545, 153106.0595 ], [ 1041275.5335, 153079.6725 ], [ 1041243.374, 153054.0943 ], [ 1041187.8808, 153029.5545 ], [ 1041126.5325, 153014.4736 ], [ 1041083.2083, 153012.1864 ], [ 1041036.8288, 153009.8922 ], [ 1040972.9806, 152994.8059 ], [ 1040932.4508, 152985.2389 ], [ 1040906.1364, 152954.2099 ], [ 1040870.5696, 152960.3207 ], [ 1040837.788, 152963.159 ], [ 1040791.9283, 152976.1681 ], [ 1040745.8239, 152974.9681 ], [ 1040707.5093, 152968.3212 ], [ 1040683.0848, 152960.6137 ], [ 1040130.4513, 152797.2131 ], [ 1040097.1266, 152794.5863 ], [ 1039999.9475, 152779.0617 ], [ 1039942.1995, 152767.9997 ], [ 1039887.7878, 152755.4881 ], [ 1039780.0978, 152720.6311 ], [ 1039722.6456, 152701.5551 ], [ 1039675.1925, 152682.502 ], [ 1039631.6437, 152656.5357 ], [ 1039590.5814, 152636.4043 ], [ 1039580.5962, 152630.1881 ], [ 1039547.2911, 152618.8183 ], [ 1039478.9712, 152615.0198 ], [ 1039429.8, 152618.5515 ], [ 1039339.6719, 152923.2882 ], [ 1039325.7535, 153059.5146 ], [ 1039323.7647, 153079.1837 ], [ 1039265.4509, 153072.8583 ], [ 1038685.0806, 153013.2607 ], [ 1038603.3192, 153680.5233 ], [ 1038483.9361, 153659.126 ], [ 1038460.1136, 153879.8545 ], [ 1038342.6594, 153865.7487 ], [ 1038333.8169, 153970.2906 ], [ 1038316.8755, 154094.8525 ], [ 1038428.2151, 154110.4019 ], [ 1038411.2734, 154234.9637 ], [ 1038297.6784, 154234.7111 ], [ 1038316.8554, 154478.8523 ] ] ] ] } },
{ "type": "Feature", "properties": { "ZCTA5CE20": "10305", "GEOID20": "10305", "CLASSFP20": "B5", "MTFCC20": "G6350", "FUNCSTAT20": "S", "ALAND20": 10411102, "AWATER20": 42337, "INTPTLAT20": "+40.5965488", "INTPTLON20": "-074.0757794" }, "geometry": { "type": "MultiPolygon", "coordinates": [ [ [ [ 955925.0657, 152272.9922 ], [ 956430.587, 152755.5044 ], [ 956893.5388, 153190.3483 ], [ 956846.3369, 153204.2458 ], [ 956685.0194, 153253.2476 ], [ 956890.2157, 153446.1085 ], [ 957049.8014, 153339.5465 ], [ 957305.602, 153584.8172 ], [ 957255.0903, 153619.1198 ], [ 957446.0923, 153792.3275 ], [ 957635.1439, 153962.26 ], [ 957817.537, 154141.3092 ], [ 958088.6177, 154405.8809 ], [ 958267.392, 154583.4801 ], [ 958444.5074, 154770.5549 ], [ 958629.3873, 154948.879 ], [ 958816.4832, 155124.2876 ], [ 958873.3764, 155084.8811 ], [ 959463.6612, 155738.9655 ], [ 959606.9083, 155956.6867 ], [ 959744.0338, 156165.3068 ], [ 959885.3808, 156431.8512 ], [ 960047.8267, 156415.2944 ], [ 960079.8959, 156548.2414 ], [ 959943.8294, 156560.764 ], [ 960131.5529, 157111.0733 ], [ 960288.3547, 157571.4261 ], [ 960381.9851, 157900.6845 ], [ 960512.0544, 158295.1221 ], [ 960604.1648, 158495.0473 ], [ 960714.3361, 158708.0711 ], [ 960820.0275, 158884.6671 ], [ 960962.7084, 159123.1635 ], [ 960988.2186, 159084.8849 ], [ 961108.5382, 158880.019 ], [ 961224.116, 158944.0307 ], [ 961191.1292, 159004.9043 ], [ 961126.2651, 159124.8291 ], [ 961048.6503, 159267.7188 ], [ 961290.3277, 159662.4188 ], [ 961547.0133, 160080.4241 ], [ 961185.2498, 160125.5765 ], [ 961228.6192, 160181.2773 ], [ 961579.8285, 160133.9494 ], [ 961620.9875, 160202.4043 ], [ 961656.8624, 160262.1205 ], [ 961676.3294, 160294.5274 ], [ 961843.7446, 160574.9036 ], [ 962006.428, 160846.9059 ], [ 962195.8345, 161197.5794 ], [ 962637.0289, 162128.401 ], [ 962716.5917, 162303.9356 ], [ 963092.9702, 163134.9978 ], [ 963553.7968, 164054.1609 ], [ 964453.5499, 165035.6358 ], [ 964552.3369, 165324.1022 ], [ 964375.8646, 165772.3674 ], [ 964181.0232, 166155.4346 ], [ 963608.8888, 167141.4171 ], [ 963564.7333, 167119.595 ], [ 963475.0305, 167071.9447 ], [ 963422.1282, 167209.3411 ], [ 963363.1276, 167356.2154 ], [ 963497.2152, 167370.6736 ], [ 963715.143, 167395.2628 ], [ 963666.504, 167651.0613 ], [ 963827.2417, 167669.8708 ], [ 963846.1199, 167672.7695 ], [ 963856.9048, 167623.9407 ], [ 963912.9828, 167630.816 ], [ 963909.135, 167676.7243 ], [ 964011.8529, 167690.4831 ], [ 964027.3962, 167688.6485 ], [ 964065.135, 167673.3154 ], [ 964073.175, 167661.2859 ], [ 964079.5313, 167627.3983 ], [ 964087.2442, 167555.6195 ], [ 964094.9529, 167478.7402 ], [ 964102.6843, 167429.1854 ], [ 964115.663, 167347.2011 ], [ 964130.044, 167282.339 ], [ 964144.1386, 167206.9118 ], [ 964147.9843, 167157.7245 ], [ 964147.9376, 167101.2539 ], [ 964149.2704, 167034.581 ], [ 964160.8841, 166979.9224 ], [ 964173.8973, 166939.1071 ], [ 964197.4164, 166846.5487 ], [ 964212.9338, 166812.6535 ], [ 964259.7853, 166737.1993 ], [ 964301.3436, 166638.4327 ], [ 964324.6167, 166583.4003 ], [ 964400.0172, 166453.6383 ], [ 964444.0664, 166344.3044 ], [ 964488.3883, 166228.4125 ], [ 964558.5604, 166152.94 ], [ 964605.1646, 166112.0977 ], [ 964625.9407, 166057.432 ], [ 964657.2796, 166019.8811 ], [ 964689.6959, 165941.1604 ], [ 964713.5377, 165901.0653 ], [ 964732.6656, 165867.5319 ], [ 964756.49, 165805.5773 ], [ 964784.4836, 165749.8129 ], [ 964796.1061, 165703.5342 ], [ 964840.477, 165645.5708 ], [ 964884.5842, 165604.7311 ], [ 964949.7788, 165550.0303 ], [ 964962.5595, 165563.5002 ], [ 965000.2913, 165534.3242 ], [ 965040.7831, 165484.7438 ], [ 965048.5455, 165471.2575 ], [ 965080.9868, 165421.6835 ], [ 965128.9825, 165382.2985 ], [ 965239.6667, 165276.557 ], [ 965262.9847, 165274.7172 ], [ 965459.3878, 165085.1149 ], [ 965602.5371, 164954.9401 ], [ 965740.4212, 164835.3357 ], [ 965731.243, 164813.1188 ], [ 965870.2456, 164702.2581 ], [ 966053.8997, 164899.9493 ], [ 966079.979, 164877.7058 ], [ 965749.0167, 164456.4297 ], [ 965803.6615, 164394.8171 ], [ 965913.1309, 164509.1328 ], [ 966026.3208, 164403.0287 ], [ 966092.721, 164467.8291 ], [ 966215.0685, 164355.1612 ], [ 966382.882, 164531.007 ], [ 966411.4555, 164501.8399 ], [ 966177.2396, 164257.9142 ], [ 966351.4677, 164095.2958 ], [ 966376.1941, 164119.3231 ], [ 966344.8476, 164153.5929 ], [ 966420.4143, 164225.3096 ], [ 966449.5453, 164198.6925 ], [ 966527.3405, 164281.3377 ], [ 966558.1368, 164253.9908 ], [ 966506.4528, 164191.0 ], [ 966443.9398, 164126.1956 ], [ 966389.4856, 164072.3153 ], [ 966427.7737, 164039.1335 ], [ 966442.2068, 164034.3867 ], [ 966459.1385, 164029.638 ], [ 966492.7215, 164016.1334 ], [ 966525.4695, 163999.7148 ], [ 966538.5087, 163986.9539 ], [ 966550.7012, 163955.2486 ], [ 966552.9108, 163939.581 ], [ 966566.2139, 163907.8749 ], [ 966588.9468, 163863.0463 ], [ 966785.0603, 163626.4569 ], [ 966792.5479, 163614.7931 ], [ 966841.3565, 163538.6139 ], [ 966849.3982, 163525.1281 ], [ 966957.3057, 163396.4439 ], [ 967072.9945, 163276.8629 ], [ 967152.3177, 163162.4086 ], [ 967200.5774, 163092.4241 ], [ 967236.8928, 163013.7042 ], [ 967278.4541, 162892.7188 ], [ 967309.4926, 162810.7238 ], [ 967370.7207, 162622.6889 ], [ 967392.1029, 162628.139 ], [ 967409.5409, 162550.8897 ], [ 967403.1256, 162508.268 ], [ 967403.0948, 162463.8202 ], [ 967401.6889, 162438.3184 ], [ 967413.3203, 162395.3198 ], [ 967421.3495, 162362.8893 ], [ 967436.8634, 162313.3302 ], [ 967452.3892, 162280.8944 ], [ 967471.8011, 162246.9987 ], [ 967486.2244, 162226.2222 ], [ 967491.4952, 162219.6607 ], [ 967561.7704, 162264.0601 ], [ 967581.1797, 162226.1569 ], [ 967525.3493, 162192.3129 ], [ 967522.5668, 162183.571 ], [ 967534.2233, 162176.6408 ], [ 967551.1623, 162180.2724 ], [ 967565.6035, 162185.363 ], [ 967571.9871, 162182.0797 ], [ 967585.0318, 162175.1486 ], [ 967592.8024, 162170.0427 ], [ 967598.0752, 162166.3958 ], [ 967609.7342, 162163.1089 ], [ 967617.5049, 162158.003 ], [ 967629.4425, 162156.1732 ], [ 967736.0476, 162138.9773 ], [ 967766.0047, 162096.3308 ], [ 967787.9182, 162065.7126 ], [ 967819.2441, 161993.9192 ], [ 967858.3387, 161913.741 ], [ 967868.5899, 161881.3091 ], [ 967860.8051, 161865.6483 ], [ 967847.7486, 161855.456 ], [ 967836.0838, 161850.3633 ], [ 967823.0239, 161835.0704 ], [ 967819.1205, 161811.0275 ], [ 967819.1114, 161797.5475 ], [ 967825.4871, 161782.2415 ], [ 967839.3527, 161757.0936 ], [ 967903.6988, 161653.946 ], [ 967933.3723, 161601.0988 ], [ 967985.5211, 161526.0127 ], [ 968038.7874, 161460.7628 ], [ 968071.2527, 161430.1378 ], [ 968116.7601, 161387.4814 ], [ 968158.3791, 161343.006 ], [ 968201.3912, 161305.452 ], [ 968271.5802, 161216.5103 ], [ 968350.6419, 161107.8893 ], [ 968476.5102, 160815.9822 ], [ 968498.1236, 160747.4749 ], [ 968479.4977, 160712.876 ], [ 968569.0618, 160524.4616 ], [ 968695.557, 160335.6595 ], [ 968771.5861, 160253.6377 ], [ 968847.6578, 160238.2877 ], [ 968881.5418, 160251.382 ], [ 968911.8427, 160306.7404 ], [ 968927.1049, 160291.4291 ], [ 968937.1232, 160326.7624 ], [ 968974.3155, 160302.3292 ], [ 968964.2972, 160266.9959 ], [ 968944.0301, 160271.3806 ], [ 968922.0566, 160211.6449 ], [ 968940.6338, 160169.3714 ], [ 969035.0113, 160120.4925 ], [ 969101.0818, 160096.0415 ], [ 969300.4118, 160033.9827 ], [ 969355.794, 159785.4785 ], [ 969246.0455, 159676.9768 ], [ 969293.226, 159637.2363 ], [ 969316.7945, 159581.8443 ], [ 969350.618, 159495.114 ], [ 969367.5022, 159406.5724 ], [ 969369.1411, 159362.1237 ], [ 969360.7931, 159333.3471 ], [ 969371.3013, 159261.9328 ], [ 969387.9196, 159192.3364 ], [ 969429.7505, 159029.8215 ], [ 969417.1903, 158924.1747 ], [ 969444.8934, 158816.6817 ], [ 969460.0948, 158699.3596 ], [ 969503.9184, 158615.1737 ], [ 969507.2049, 158539.7563 ], [ 969508.8227, 158459.968 ], [ 969493.4717, 158331.3703 ], [ 969458.1577, 158253.7904 ], [ 969439.4956, 158160.5344 ], [ 969400.5807, 158098.6227 ], [ 969397.2119, 158038.8753 ], [ 969481.5784, 157952.1145 ], [ 969505.1665, 157925.5044 ], [ 969532.347, 157869.7461 ], [ 969377.5629, 157694.9639 ], [ 967671.7028, 155722.1506 ], [ 967086.3774, 155092.6378 ], [ 966208.9632, 153875.3329 ], [ 964936.7654, 152303.153 ], [ 963745.5372, 150757.9318 ], [ 963129.5801, 149976.2528 ], [ 963077.8547, 149910.7192 ], [ 962992.6312, 149976.372 ], [ 962889.5486, 149949.5022 ], [ 962879.1636, 149827.8268 ], [ 962881.312, 149743.6658 ], [ 962237.9699, 149150.3896 ], [ 961766.7015, 148713.9949 ], [ 960938.6746, 147947.8701 ], [ 960633.8519, 147594.7689 ], [ 960021.3995, 146886.3949 ], [ 959709.5733, 146502.3447 ], [ 959497.313, 146228.5875 ], [ 958921.4398, 145760.2941 ], [ 958783.3227, 145994.3347 ], [ 958499.0941, 146251.4827 ], [ 958526.6686, 146317.032 ], [ 958560.6337, 146383.3032 ], [ 958602.3808, 146452.4809 ], [ 958642.1691, 146508.545 ], [ 958677.7776, 146552.9552 ], [ 958948.4947, 146930.1127 ], [ 959169.4053, 147240.6531 ], [ 959323.2586, 147455.0823 ], [ 959474.8825, 147665.5073 ], [ 959589.7766, 147820.5929 ], [ 959892.2893, 148073.8584 ], [ 960413.838, 148460.9836 ], [ 960128.1793, 148664.9227 ], [ 960020.7346, 148729.8793 ], [ 959917.1767, 148791.9179 ], [ 959704.2504, 148937.4974 ], [ 959498.532, 149065.9481 ], [ 959287.8337, 149212.2577 ], [ 959081.0177, 149349.4569 ], [ 958874.4932, 149497.5874 ], [ 958656.0323, 149651.5613 ], [ 958740.0523, 149772.7933 ], [ 958834.6056, 149873.2481 ], [ 958937.2292, 149988.2679 ], [ 959027.9485, 150143.3761 ], [ 958989.1017, 150184.9495 ], [ 958943.0206, 150214.872 ], [ 958923.0266, 150221.0864 ], [ 958866.9244, 150230.9816 ], [ 958819.1624, 150247.0618 ], [ 958771.1142, 150255.1272 ], [ 958733.0723, 150269.0114 ], [ 958686.9962, 150303.3063 ], [ 958625.1262, 150375.1435 ], [ 958607.0956, 150399.2079 ], [ 958597.1147, 150417.4347 ], [ 958569.1029, 150459.3616 ], [ 958527.2107, 150509.3184 ], [ 958514.9988, 150519.1681 ], [ 958461.1456, 150553.4717 ], [ 958449.203, 150555.306 ], [ 958439.4849, 150559.3238 ], [ 958363.1248, 150587.0937 ], [ 958353.1313, 150593.2978 ], [ 958329.2675, 150617.0044 ], [ 958315.1671, 150679.319 ], [ 958299.0863, 150707.7535 ], [ 958279.1072, 150727.4484 ], [ 958233.3077, 150759.1936 ], [ 958203.3506, 150799.3014 ], [ 958187.2914, 150847.7738 ], [ 958171.208, 150873.6582 ], [ 958157.3344, 150887.8817 ], [ 958101.2663, 150927.6534 ], [ 958053.2542, 150967.7808 ], [ 958043.2609, 150973.9851 ], [ 958016.3414, 150996.9665 ], [ 957997.1926, 151013.3818 ], [ 957985.255, 151019.5882 ], [ 957957.2257, 151043.664 ], [ 957815.385, 151137.8136 ], [ 957795.3959, 151147.6721 ], [ 957779.2962, 151157.8907 ], [ 957761.2477, 151164.1038 ], [ 957755.4227, 151171.761 ], [ 957749.3165, 151176.1396 ], [ 957689.3588, 151214.0948 ], [ 957619.4191, 151268.0913 ], [ 957569.4577, 151302.3926 ], [ 957555.2957, 151306.4158 ], [ 957509.4874, 151328.3256 ], [ 957493.3879, 151338.5444 ], [ 957398.7169, 151383.0963 ], [ 957327.3798, 151428.3515 ], [ 957295.1899, 151456.8045 ], [ 957106.6449, 151262.4644 ], [ 956929.8799, 151419.3221 ], [ 956497.8285, 151803.0812 ], [ 956127.4113, 152149.9799 ], [ 955925.0657, 152272.9922 ] ] ] ] } },
{ "type": "Feature", "properties": { "ZCTA5CE20": "10306", "GEOID20": "10306", "CLASSFP20": "B5", "MTFCC20": "G6350", "FUNCSTAT20": "S", "ALAND20": 18722812, "AWATER20": 100088, "INTPTLAT20": "+40.5717144", "INTPTLON20": "-074.1242640" }, "geometry": { "type": "MultiPolygon", "coordinates": [ [ [ [ 937066.8338, 147308.8084 ], [ 937451.5841, 147583.1311 ], [ 937637.9737, 147715.3878 ], [ 937945.3754, 147934.8535 ], [ 938071.9546, 148027.1516 ], [ 938500.6482, 148340.026 ], [ 938535.6996, 148365.4629 ], [ 938708.4806, 148506.1328 ], [ 939304.6186, 148940.7577 ], [ 939706.0017, 149223.8291 ], [ 940037.5589, 149457.1213 ], [ 940541.8831, 149838.0233 ], [ 940800.0038, 150024.0957 ], [ 940874.8251, 150078.2467 ], [ 941088.4308, 150227.9689 ], [ 941258.0979, 150351.5392 ], [ 941423.6004, 150477.304 ], [ 941552.3883, 150576.9028 ], [ 941722.631, 150714.6841 ], [ 941881.1969, 150847.7506 ], [ 942687.3522, 151849.3484 ], [ 942918.045, 152099.2471 ], [ 943247.2288, 152449.1714 ], [ 943608.3992, 152831.4716 ], [ 943745.4559, 153739.8713 ], [ 944199.611, 153765.7152 ], [ 944593.2112, 153788.023 ], [ 944605.1553, 153788.7322 ], [ 944789.0392, 153799.363 ], [ 944824.5915, 153800.034 ], [ 944872.6428, 153801.0492 ], [ 944987.9168, 153807.4208 ], [ 945085.4194, 153816.3718 ], [ 945132.0978, 153827.2264 ], [ 945252.1218, 153851.4436 ], [ 945376.0276, 153871.6475 ], [ 945509.9256, 153887.8286 ], [ 945617.1486, 153896.7662 ], [ 945736.3097, 153902.7708 ], [ 947007.7311, 152940.0648 ], [ 947047.6807, 152909.4003 ], [ 947072.9195, 152885.3162 ], [ 947101.4753, 152850.6617 ], [ 947127.5208, 152809.0888 ], [ 947146.3431, 152766.434 ], [ 947159.6071, 152721.6017 ], [ 947167.031, 152672.0422 ], [ 947167.2343, 152623.2222 ], [ 947161.3331, 152578.4192 ], [ 947150.4361, 152536.174 ], [ 947133.7073, 152494.6664 ], [ 947123.9441, 152467.3569 ], [ 947113.3236, 152424.3827 ], [ 947107.6956, 152376.6647 ], [ 947108.1861, 152334.0378 ], [ 947112.8479, 152294.6836 ], [ 947123.8872, 152248.033 ], [ 947141.04, 152203.1948 ], [ 947163.1987, 152162.3566 ], [ 947187.0419, 152133.1742 ], [ 947225.8665, 152092.3107 ], [ 947261.3719, 152060.5603 ], [ 947309.3702, 152024.4192 ], [ 947355.4358, 151995.9319 ], [ 947401.2321, 151972.91 ], [ 947451.4771, 151952.7961 ], [ 947497.009, 151938.5186 ], [ 947540.3254, 151928.6164 ], [ 947592.2553, 151920.5229 ], [ 947620.2975, 151912.4655 ], [ 947681.9279, 151890.149 ], [ 947733.8355, 151867.1185 ], [ 947792.1192, 151835.6991 ], [ 947835.1309, 151807.5817 ], [ 947888.4027, 151767.7905 ], [ 947939.7209, 151721.8089 ], [ 947988.8075, 151669.2728 ], [ 948029.0079, 151618.2074 ], [ 948300.6032, 151951.891 ], [ 948328.9954, 151992.6535 ], [ 948351.8376, 152037.0675 ], [ 948369.1288, 152084.4043 ], [ 948379.4731, 152129.9298 ], [ 948436.5919, 152439.1579 ], [ 948424.5572, 152565.9609 ], [ 948391.4474, 152904.4681 ], [ 948758.6974, 153325.8186 ], [ 948754.1604, 153642.7885 ], [ 948748.9221, 154050.1122 ], [ 949148.4343, 154518.7839 ], [ 949177.6417, 155513.351 ], [ 949315.8174, 155808.9847 ], [ 950192.1535, 157684.7489 ], [ 950289.2067, 157782.2526 ], [ 950712.3575, 158140.5266 ], [ 950773.0707, 158268.3214 ], [ 950768.7344, 158345.9288 ], [ 950761.8024, 158555.0615 ], [ 951045.0486, 158557.2235 ], [ 951055.5374, 158307.2815 ], [ 951066.8501, 158050.4163 ], [ 951073.1545, 157786.2713 ], [ 951078.6259, 157522.1276 ], [ 951084.4294, 157297.6949 ], [ 951531.8222, 157306.5615 ], [ 951532.4135, 157539.7293 ], [ 951858.7291, 157552.4083 ], [ 951840.4566, 157802.7246 ], [ 951836.08, 158061.0375 ], [ 951820.5986, 158321.5512 ], [ 951803.7326, 158584.6171 ], [ 952351.7279, 158672.0592 ], [ 952764.1881, 158100.623 ], [ 952863.9535, 157942.0123 ], [ 953340.9762, 157239.3455 ], [ 953335.6733, 156999.9902 ], [ 953338.2217, 156820.01 ], [ 952936.321, 156561.124 ], [ 952798.7397, 156473.1347 ], [ 952552.6193, 156635.2148 ], [ 952504.6181, 156668.0667 ], [ 952481.8491, 156670.6467 ], [ 952452.6938, 156673.9637 ], [ 952387.4085, 156656.1972 ], [ 952330.9869, 156620.9315 ], [ 952201.9648, 156496.5017 ], [ 952055.999, 156370.6377 ], [ 951902.1079, 155924.9071 ], [ 951749.5115, 155620.8985 ], [ 950765.6832, 153707.7015 ], [ 950872.1926, 153602.265 ], [ 950612.569, 153250.3198 ], [ 950304.5473, 152854.3615 ], [ 950054.5829, 152469.6195 ], [ 950558.9598, 151843.7334 ], [ 950625.8449, 151802.8364 ], [ 950647.7532, 151777.3034 ], [ 950709.8569, 151693.0585 ], [ 950776.6364, 151574.9252 ], [ 950816.4989, 151475.7739 ], [ 950931.8935, 151360.4888 ], [ 951038.166, 151276.913 ], [ 951131.6571, 151190.0761 ], [ 951153.5576, 151157.9857 ], [ 951135.8883, 151033.4105 ], [ 951224.7138, 150782.634 ], [ 951284.9105, 150517.6879 ], [ 951340.9408, 150252.0189 ], [ 951390.8113, 149949.5616 ], [ 951585.5191, 149726.6968 ], [ 951612.5502, 149790.4174 ], [ 951743.0479, 149950.9101 ], [ 952187.1601, 150108.438 ], [ 952355.481, 150307.1384 ], [ 952519.9155, 150509.8525 ], [ 952597.0067, 150621.9643 ], [ 952605.2822, 150791.0005 ], [ 952611.2879, 150923.607 ], [ 952627.1576, 150951.6395 ], [ 952691.4958, 150869.9471 ], [ 952713.6815, 150841.8653 ], [ 952777.7093, 150949.2583 ], [ 952820.0225, 151019.8827 ], [ 953110.4368, 151345.5804 ], [ 953379.5256, 151507.7266 ], [ 953461.5224, 151550.9775 ], [ 953576.8066, 151558.847 ], [ 953710.9808, 151568.1507 ], [ 953785.214, 151623.0708 ], [ 953888.5028, 151812.7551 ], [ 953929.4283, 151888.1195 ], [ 953998.1255, 151959.806 ], [ 954276.7438, 152201.7376 ], [ 954594.3546, 152535.4347 ], [ 955247.3409, 153215.2074 ], [ 955592.543, 153651.6246 ], [ 955618.6343, 153637.3852 ], [ 955722.9994, 153580.0635 ], [ 955898.2208, 153787.1599 ], [ 956047.8067, 153685.3392 ], [ 956122.3715, 153797.1008 ], [ 956491.7477, 153533.6336 ], [ 956421.6377, 153430.6096 ], [ 956671.42, 153262.3712 ], [ 956685.0194, 153253.2476 ], [ 956846.3369, 153204.2458 ], [ 956893.5388, 153190.3483 ], [ 956430.587, 152755.5044 ], [ 955925.0657, 152272.9922 ], [ 956127.4113, 152149.9799 ], [ 956497.8285, 151803.0812 ], [ 956929.8799, 151419.3221 ], [ 957106.6449, 151262.4644 ], [ 957295.1899, 151456.8045 ], [ 957327.3798, 151428.3515 ], [ 957398.7169, 151383.0963 ], [ 957493.3879, 151338.5444 ], [ 957509.4874, 151328.3256 ], [ 957555.2957, 151306.4158 ], [ 957569.4577, 151302.3926 ], [ 957619.4191, 151268.0913 ], [ 957689.3588, 151214.0948 ], [ 957749.3165, 151176.1396 ], [ 957755.4227, 151171.761 ], [ 957761.2477, 151164.1038 ], [ 957779.2962, 151157.8907 ], [ 957795.3959, 151147.6721 ], [ 957815.385, 151137.8136 ], [ 957957.2257, 151043.664 ], [ 957985.255, 151019.5882 ], [ 957997.1926, 151013.3818 ], [ 958016.3414, 150996.9665 ], [ 958043.2609, 150973.9851 ], [ 958053.2542, 150967.7808 ], [ 958101.2663, 150927.6534 ], [ 958157.3344, 150887.8817 ], [ 958171.208, 150873.6582 ], [ 958187.2914, 150847.7738 ], [ 958203.3506, 150799.3014 ], [ 958233.3077, 150759.1936 ], [ 958279.1072, 150727.4484 ], [ 958299.0863, 150707.7535 ], [ 958315.1671, 150679.319 ], [ 958329.2675, 150617.0044 ], [ 958353.1313, 150593.2978 ], [ 958363.1248, 150587.0937 ], [ 958439.4849, 150559.3238 ], [ 958449.203, 150555.306 ], [ 958461.1456, 150553.4717 ], [ 958514.9988, 150519.1681 ], [ 958527.2107, 150509.3184 ], [ 958569.1029, 150459.3616 ], [ 958597.1147, 150417.4347 ], [ 958607.0956, 150399.2079 ], [ 958625.1262, 150375.1435 ], [ 958686.9962, 150303.3063 ], [ 958733.0723, 150269.0114 ], [ 958771.1142, 150255.1272 ], [ 958819.1624, 150247.0618 ], [ 958866.9244, 150230.9816 ], [ 958923.0266, 150221.0864 ], [ 958943.0206, 150214.872 ], [ 958989.1017, 150184.9495 ], [ 959027.9485, 150143.3761 ], [ 958937.2292, 149988.2679 ], [ 958834.6056, 149873.2481 ], [ 958740.0523, 149772.7933 ], [ 958656.0323, 149651.5613 ], [ 958874.4932, 149497.5874 ], [ 959081.0177, 149349.4569 ], [ 959287.8337, 149212.2577 ], [ 959498.532, 149065.9481 ], [ 959704.2504, 148937.4974 ], [ 959917.1767, 148791.9179 ], [ 960020.7346, 148729.8793 ], [ 960128.1793, 148664.9227 ], [ 960413.838, 148460.9836 ], [ 959892.2893, 148073.8584 ], [ 959589.7766, 147820.5929 ], [ 959474.8825, 147665.5073 ], [ 959323.2586, 147455.0823 ], [ 959169.4053, 147240.6531 ], [ 958948.4947, 146930.1127 ], [ 958677.7776, 146552.9552 ], [ 958642.1691, 146508.545 ], [ 958602.3808, 146452.4809 ], [ 958560.6337, 146383.3032 ], [ 958526.6686, 146317.032 ], [ 958499.0941, 146251.4827 ], [ 958783.3227, 145994.3347 ], [ 958921.4398, 145760.2941 ], [ 958877.7498, 145693.3039 ], [ 958049.5332, 144414.6732 ], [ 957884.7363, 144385.7052 ], [ 957799.376, 144330.4205 ], [ 957673.5608, 144123.2569 ], [ 956978.7828, 143003.7275 ], [ 956655.807, 143165.4873 ], [ 956369.6719, 142980.3722 ], [ 956167.1588, 142784.5984 ], [ 955824.3979, 142182.0393 ], [ 955717.1945, 141993.4447 ], [ 955147.251, 140586.3701 ], [ 954663.5346, 140895.5359 ], [ 954068.046, 140472.9221 ], [ 953923.9691, 140371.0903 ], [ 953124.1547, 139045.9595 ], [ 952968.7491, 138788.5815 ], [ 952921.4089, 138715.0489 ], [ 952479.2314, 139343.7169 ], [ 952417.0595, 139404.6403 ], [ 952412.6187, 139409.018 ], [ 952384.3084, 139436.7436 ], [ 952393.7701, 139446.568 ], [ 952393.8058, 139473.8923 ], [ 952402.4343, 139484.0821 ], [ 952430.2597, 139510.6414 ], [ 952505.6498, 139569.9278 ], [ 952534.5653, 139580.0912 ], [ 952543.7347, 139578.9863 ], [ 952549.5646, 139574.2425 ], [ 952577.339, 139561.8193 ], [ 952452.9619, 139870.1998 ], [ 951844.2105, 140596.7366 ], [ 951717.9713, 140748.4639 ], [ 951706.5175, 140911.3322 ], [ 951612.8336, 140056.3884 ], [ 951427.8306, 139908.7214 ], [ 951283.1152, 140166.8586 ], [ 951443.7908, 140410.0102 ], [ 951068.9959, 140474.275 ], [ 951051.5094, 140489.6004 ], [ 951033.745, 140504.9263 ], [ 949847.7506, 141533.2398 ], [ 949786.9695, 141586.5171 ], [ 949313.1974, 141986.8565 ], [ 948876.3293, 142339.7893 ], [ 948729.0718, 142160.3918 ], [ 948649.1791, 142063.2338 ], [ 948746.5472, 141948.6937 ], [ 948734.024, 141935.9606 ], [ 948454.1982, 141557.1087 ], [ 948364.2938, 141456.6875 ], [ 948210.3299, 141258.3581 ], [ 948112.3857, 141172.1584 ], [ 948068.4351, 141142.3491 ], [ 948020.2911, 141095.7871 ], [ 947872.5887, 140999.8257 ], [ 947766.8493, 140905.6239 ], [ 947668.8392, 140777.5288 ], [ 947494.902, 140609.1086 ], [ 947334.8208, 140416.6232 ], [ 947207.0897, 140300.5977 ], [ 947135.2572, 140212.1763 ], [ 946959.3855, 140055.7856 ], [ 946925.4604, 140041.9932 ], [ 946739.6063, 139901.6497 ], [ 946705.366, 139863.8127 ], [ 946501.7042, 139711.1114 ], [ 946445.7425, 139644.8912 ], [ 946422.0147, 139576.7994 ], [ 946411.6388, 139516.702 ], [ 946396.02, 139480.6582 ], [ 946333.6469, 139402.4255 ], [ 946251.8323, 139332.2385 ], [ 946223.9726, 139288.1987 ], [ 946215.788, 139208.0601 ], [ 946245.9073, 139097.2585 ], [ 946255.9745, 138959.1638 ], [ 946252.024, 138920.916 ], [ 946258.0875, 138888.4816 ], [ 946270.0036, 138866.6036 ], [ 946280.2024, 138812.6677 ], [ 946278.2194, 138788.6253 ], [ 946222.2676, 138730.4208 ], [ 946192.1678, 138676.1835 ], [ 946179.8769, 138636.127 ], [ 946173.6772, 138581.4881 ], [ 946051.0312, 138704.8218 ], [ 945842.1798, 138970.7429 ], [ 945720.152, 139131.2385 ], [ 946073.7287, 139532.5312 ], [ 946430.4832, 139840.1928 ], [ 946856.4172, 140142.2884 ], [ 946753.2132, 140255.7521 ], [ 947060.4494, 140541.2755 ], [ 946979.438, 140628.8372 ], [ 946657.2237, 140361.5542 ], [ 946481.3329, 140552.3682 ], [ 946301.556, 140744.2825 ], [ 946256.8898, 140792.0786 ], [ 946209.7268, 140842.4291 ], [ 946112.8866, 140756.9643 ], [ 945947.8193, 140934.2852 ], [ 945845.9799, 140851.0154 ], [ 945834.3281, 140863.4208 ], [ 945761.9212, 140941.1363 ], [ 945685.9092, 141023.2296 ], [ 945749.3694, 141087.2503 ], [ 945737.9949, 141099.291 ], [ 945768.0506, 141126.9321 ], [ 945521.9855, 141392.1863 ], [ 945493.3326, 141372.9227 ], [ 945429.6359, 141334.7701 ], [ 945408.4992, 141323.8741 ], [ 945212.9609, 141209.0603 ], [ 945226.9627, 141276.0736 ], [ 945275.5681, 141434.1126 ], [ 945194.7335, 141452.8227 ], [ 945122.9053, 141369.5077 ], [ 945018.7725, 141243.2547 ], [ 944801.5087, 141098.969 ], [ 944613.7645, 140995.0771 ], [ 944444.397, 140914.1091 ], [ 944315.665, 140872.4226 ], [ 944297.326, 140873.5457 ], [ 944285.9678, 140895.0595 ], [ 944274.6826, 140961.0208 ], [ 944261.6924, 141004.0324 ], [ 944243.6853, 141037.9442 ], [ 944196.5077, 141076.6402 ], [ 944164.0577, 141114.9477 ], [ 944149.3897, 141151.4043 ], [ 944133.5987, 141180.9406 ], [ 943936.7568, 141122.2452 ], [ 943805.2686, 141094.046 ], [ 944861.9589, 142220.9909 ], [ 945441.4813, 142838.319 ], [ 944630.0104, 143293.2106 ], [ 944480.8855, 143517.1493 ], [ 943094.449, 145050.3472 ], [ 942912.7959, 145247.3905 ], [ 942358.7121, 145853.8461 ], [ 942103.1455, 146198.5745 ], [ 942336.3887, 146442.9982 ], [ 942325.8432, 146449.9385 ], [ 942069.2679, 146689.7434 ], [ 942018.1223, 146674.8948 ], [ 941995.078, 146683.6786 ], [ 942072.4875, 146944.4011 ], [ 942085.8697, 146971.338 ], [ 941846.0918, 147120.7636 ], [ 941115.3578, 146769.7454 ], [ 940665.4512, 146553.7735 ], [ 940585.9243, 146515.6619 ], [ 940447.4468, 146449.2393 ], [ 939084.5956, 145794.1234 ], [ 938607.955, 145416.4789 ], [ 938576.7906, 145391.7632 ], [ 938572.5478, 145351.6954 ], [ 938562.0885, 145256.2619 ], [ 938499.3691, 145294.9982 ], [ 938458.6644, 145368.304 ], [ 938404.8782, 145576.7993 ], [ 938283.3144, 145792.3447 ], [ 938145.4217, 145893.5236 ], [ 937918.8702, 145832.3829 ], [ 937124.1233, 145617.4997 ], [ 937125.9356, 145692.5471 ], [ 937127.7479, 145767.5946 ], [ 937066.8338, 147308.8084 ] ] ] ] } },
{ "type": "Feature", "properties": { "ZCTA5CE20": "10307", "GEOID20": "10307", "CLASSFP20": "B5", "MTFCC20": "G6350", "FUNCSTAT20": "S", "ALAND20": 4179217, "AWATER20": 289, "INTPTLAT20": "+40.5077532", "INTPTLON20": "-074.2420912" }, "geometry": { "type": "MultiPolygon", "coordinates": [ [ [ [ 913146.5859, 124360.1675 ], [ 913164.862, 124428.9715 ], [ 913149.329, 124442.4968 ], [ 913293.3746, 124633.3471 ], [ 913316.6937, 124619.7991 ], [ 913434.1823, 124763.3654 ], [ 913504.8418, 124772.9969 ], [ 913609.3575, 124854.6665 ], [ 913601.6211, 124871.8122 ], [ 913627.8287, 124895.4173 ], [ 913682.797, 124960.1077 ], [ 913745.6902, 125072.8661 ], [ 913777.0808, 125158.0272 ], [ 913787.815, 125215.9237 ], [ 913821.9375, 125284.318 ], [ 913837.6379, 125328.7202 ], [ 913861.2915, 125431.027 ], [ 913866.999, 125577.8332 ], [ 913862.0811, 125704.268 ], [ 913854.5122, 125779.3407 ], [ 913868.6562, 125958.9118 ], [ 913915.245, 126011.6043 ], [ 914189.5345, 126246.5317 ], [ 914200.2673, 126304.4284 ], [ 914187.3757, 126366.0363 ], [ 914156.2007, 126451.3779 ], [ 914146.0605, 126502.7768 ], [ 914161.7689, 126550.4581 ], [ 914201.1024, 126594.7926 ], [ 914268.5494, 126649.6117 ], [ 914736.5299, 127043.9279 ], [ 914695.038, 127119.4616 ], [ 914781.4562, 127197.5447 ], [ 914916.3497, 127016.0911 ], [ 914945.0478, 127036.7759 ], [ 914843.7792, 127211.5757 ], [ 915110.4316, 127408.6455 ], [ 915100.2112, 127432.3556 ], [ 915230.6652, 127548.205 ], [ 915435.9035, 127267.4588 ], [ 915537.8616, 127335.6639 ], [ 915574.4201, 127383.2873 ], [ 915597.8241, 127400.3446 ], [ 915636.5257, 127419.1804 ], [ 915670.7374, 127423.4559 ], [ 915704.9492, 127427.7315 ], [ 915708.9843, 127478.3613 ], [ 915694.6901, 127536.6934 ], [ 915681.7472, 127581.1774 ], [ 915652.9581, 127626.4347 ], [ 915622.2176, 127669.876 ], [ 915575.3446, 127711.1767 ], [ 915523.2168, 127762.3292 ], [ 915466.2203, 127861.5864 ], [ 915447.9469, 127888.9623 ], [ 915403.8839, 127940.4566 ], [ 915396.1473, 127957.6017 ], [ 915396.2049, 127978.0037 ], [ 915432.5898, 127964.4209 ], [ 915474.1598, 127916.2126 ], [ 915572.7275, 127769.1117 ], [ 915630.0797, 127697.1781 ], [ 915668.8906, 127656.2645 ], [ 915697.452, 127628.8597 ], [ 915786.8089, 127666.1338 ], [ 915927.1718, 127747.7127 ], [ 915995.1291, 127788.6908 ], [ 916026.7191, 127849.8088 ], [ 916016.3547, 127921.6098 ], [ 915980.1236, 127990.2043 ], [ 915939.7641, 128073.7478 ], [ 915930.9486, 128102.9184 ], [ 915933.4898, 128116.7556 ], [ 915983.0467, 128140.2978 ], [ 916048.2893, 128105.8685 ], [ 916100.3117, 128116.2883 ], [ 916170.8362, 128180.9408 ], [ 916223.2595, 128235.443 ], [ 916314.5495, 128269.0704 ], [ 916408.162, 128238.2062 ], [ 916468.1608, 128217.6369 ], [ 916562.1174, 128210.4535 ], [ 916668.8547, 128199.956 ], [ 916718.345, 128199.8187 ], [ 916820.1151, 128202.8156 ], [ 916874.9637, 128229.9882 ], [ 916934.8641, 128274.2701 ], [ 916974.228, 128332.4533 ], [ 917023.9061, 128400.4448 ], [ 917050.0975, 128420.7747 ], [ 917102.165, 128447.9554 ], [ 917167.6251, 128492.2226 ], [ 917121.1617, 128581.6101 ], [ 917100.2754, 128670.1986 ], [ 917129.0531, 128721.1247 ], [ 917152.4738, 128745.1055 ], [ 917155.2632, 128748.3768 ], [ 917172.242, 128755.2522 ], [ 917184.5094, 128767.6054 ], [ 917200.9592, 128784.319 ], [ 917203.4796, 128790.8699 ], [ 917199.6303, 128806.5465 ], [ 917191.8776, 128818.2262 ], [ 917182.7638, 128840.4751 ], [ 917184.2292, 128867.7954 ], [ 917222.0932, 128886.6361 ], [ 917274.1124, 128896.694 ], [ 917331.3951, 128899.8155 ], [ 917364.2023, 128899.7254 ], [ 917453.9452, 128877.6196 ], [ 917568.375, 128834.3157 ], [ 917602.5654, 128831.6719 ], [ 917671.7248, 128805.98 ], [ 917702.6098, 128814.6394 ], [ 917724.299, 128815.6731 ], [ 917855.1382, 128774.1474 ], [ 917950.4545, 128756.4002 ], [ 917958.8261, 128767.6714 ], [ 918066.6034, 128731.3102 ], [ 918289.1717, 128681.5226 ], [ 918364.7506, 128664.5591 ], [ 918510.6633, 128644.4913 ], [ 918962.4481, 128637.8111 ], [ 919016.2901, 128290.4657 ], [ 919112.5343, 127890.9086 ], [ 919142.9734, 127836.5429 ], [ 919515.1527, 127478.1486 ], [ 919575.8406, 127296.5539 ], [ 919596.1278, 127187.9314 ], [ 919658.9638, 126872.2599 ], [ 919681.1894, 126760.3534 ], [ 919687.5112, 126732.648 ], [ 919834.0115, 126088.8635 ], [ 919843.1085, 126058.9649 ], [ 919848.6225, 126041.0984 ], [ 919887.5545, 125831.8735 ], [ 919907.6413, 125751.6691 ], [ 919962.3471, 125513.2566 ], [ 919973.3486, 125467.3227 ], [ 920036.7392, 125252.933 ], [ 920118.2247, 124940.1282 ], [ 920139.6947, 124856.6415 ], [ 920203.846, 124613.1042 ], [ 920275.9863, 124340.4002 ], [ 920308.4621, 124211.7086 ], [ 920427.9132, 123739.5957 ], [ 920501.6853, 123450.8579 ], [ 920683.6421, 122737.4005 ], [ 920732.3686, 122546.732 ], [ 920758.2498, 122446.8398 ], [ 920750.18, 122338.2923 ], [ 920717.3639, 122338.3778 ], [ 920685.9108, 122327.8945 ], [ 920613.0394, 122324.8058 ], [ 920545.1738, 122321.7043 ], [ 920498.1115, 122297.782 ], [ 920393.7332, 122263.809 ], [ 920273.7272, 122209.4752 ], [ 920247.55, 122196.064 ], [ 920200.4872, 122172.1423 ], [ 920164.0737, 122179.1602 ], [ 920109.2958, 122182.5833 ], [ 920065.0869, 122186.343 ], [ 920028.6456, 122182.7958 ], [ 920015.5574, 122176.2725 ], [ 919981.5384, 122142.1157 ], [ 919947.5558, 122121.8033 ], [ 919903.364, 122132.121 ], [ 919871.9469, 122135.483 ], [ 919814.6303, 122125.4334 ], [ 919793.7541, 122118.5665 ], [ 919754.4786, 122094.9894 ], [ 919704.9026, 122067.4321 ], [ 919681.5243, 122060.9362 ], [ 919598.0018, 122026.9113 ], [ 919548.3896, 121985.8744 ], [ 919511.5256, 121928.0448 ], [ 919488.0377, 121880.3808 ], [ 919472.2913, 121815.573 ], [ 919462.7222, 121772.9726 ], [ 919451.3198, 121773.0029 ], [ 919323.2751, 121730.3536 ], [ 919245.1546, 121741.1273 ], [ 919090.5405, 121747.0052 ], [ 919021.0805, 121772.3294 ], [ 918992.4441, 121775.6851 ], [ 918945.3616, 121745.208 ], [ 918898.2967, 121721.2888 ], [ 918859.3438, 121714.8355 ], [ 918801.7379, 121701.1459 ], [ 918746.9141, 121687.8133 ], [ 918687.0185, 121650.0847 ], [ 918639.9541, 121626.5304 ], [ 918613.6919, 121582.1536 ], [ 918600.5559, 121558.1436 ], [ 918582.405, 121530.8682 ], [ 918535.2941, 121490.191 ], [ 918472.7651, 121507.483 ], [ 918454.4373, 121517.7335 ], [ 918444.156, 121521.0402 ], [ 918431.0847, 121521.0755 ], [ 918379.004, 121493.892 ], [ 918324.068, 121439.392 ], [ 918266.3142, 121371.4198 ], [ 918235.0075, 121313.2128 ], [ 918211.5166, 121265.55 ], [ 918200.5575, 121224.0468 ], [ 918216.3192, 121190.4862 ], [ 918216.2175, 121152.9612 ], [ 918216.2076, 121149.3179 ], [ 918211.165, 121135.8516 ], [ 918195.2383, 121108.5705 ], [ 918161.2804, 121098.4615 ], [ 918120.9683, 121104.0358 ], [ 918088.4782, 121122.3402 ], [ 918028.4615, 121143.2697 ], [ 917984.2123, 121132.8246 ], [ 917924.0192, 121088.9053 ], [ 917840.3042, 120986.394 ], [ 917633.6751, 120686.3909 ], [ 917568.1302, 120618.4416 ], [ 917469.0808, 120604.8686 ], [ 917411.8346, 120622.1488 ], [ 917354.6445, 120659.8311 ], [ 917307.68, 120673.8044 ], [ 917245.0836, 120667.0544 ], [ 917200.762, 120630.7439 ], [ 917106.791, 120643.3897 ], [ 917049.4517, 120626.7889 ], [ 916947.5735, 120596.1026 ], [ 916911.1022, 120582.7234 ], [ 916856.3877, 120610.199 ], [ 916838.0599, 120620.4508 ], [ 916793.8576, 120627.4953 ], [ 916683.4574, 120632.9017 ], [ 916437.8281, 120616.461 ], [ 916183.4861, 120567.6222 ], [ 916130.0336, 120548.8267 ], [ 916062.0574, 120508.2126 ], [ 915937.9759, 120395.6198 ], [ 915859.5744, 120307.309 ], [ 915770.6025, 120218.6639 ], [ 915689.4564, 120143.8414 ], [ 915618.9937, 120109.7933 ], [ 915553.8871, 120101.233 ], [ 915377.5386, 120096.2661 ], [ 915268.2549, 120103.8617 ], [ 915061.1521, 120140.5171 ], [ 914819.3257, 120387.1237 ], [ 914665.9515, 120537.6628 ], [ 914559.6306, 120705.1914 ], [ 914479.001, 120811.4405 ], [ 914450.5989, 120896.7737 ], [ 914427.1061, 120948.2107 ], [ 914403.9102, 121006.2047 ], [ 914385.6725, 121047.4256 ], [ 914362.4089, 121081.7388 ], [ 914278.0728, 121155.5744 ], [ 914128.1503, 121246.3578 ], [ 914003.2349, 121328.6906 ], [ 913912.2208, 121400.725 ], [ 913816.041, 121513.5791 ], [ 913764.3303, 121616.1037 ], [ 913699.41, 121766.7575 ], [ 913691.7021, 121794.1041 ], [ 913645.6324, 122019.3899 ], [ 913625.0227, 122105.0659 ], [ 913596.2973, 122173.2778 ], [ 913567.772, 122214.5292 ], [ 913528.4442, 122270.7492 ], [ 913492.5638, 122364.849 ], [ 913218.5596, 123103.403 ], [ 913205.9673, 123267.3857 ], [ 913208.7793, 123373.3958 ], [ 913206.6048, 123485.9784 ], [ 913221.5159, 123640.4084 ], [ 913222.9151, 123738.7719 ], [ 913223.2635, 123858.2692 ], [ 913225.9553, 123923.1111 ], [ 913218.3889, 123998.5483 ], [ 913203.0053, 124063.4429 ], [ 913187.6315, 124131.6164 ], [ 913164.171, 124192.1627 ], [ 913157.6799, 124254.8454 ], [ 913141.1738, 124316.1001 ], [ 913146.5859, 124360.1675 ] ] ] ] } },
{ "type": "Feature", "properties": { "ZCTA5CE20": "11354", "GEOID20": "11354", "CLASSFP20": "B5", "MTFCC20": "G6350", "FUNCSTAT20": "S", "ALAND20": 5572757, "AWATER20": 59468, "INTPTLAT20": "+40.7682126", "INTPTLON20": "-073.8273924" }, "geometry": { "type": "MultiPolygon", "coordinates": [ [ [ [ 1025445.4277, 220567.0801 ], [ 1025453.7408, 220564.9082 ], [ 1025449.9182, 220532.476 ], [ 1025697.2999, 220511.0373 ], [ 1025704.662, 220579.1803 ], [ 1025714.9153, 220576.2832 ], [ 1025714.9427, 220560.2525 ], [ 1025742.6439, 220558.4782 ], [ 1025746.7918, 220562.493 ], [ 1025810.5062, 220557.5013 ], [ 1025807.4357, 220571.3408 ], [ 1025812.1063, 220593.5731 ], [ 1025828.3695, 220639.5071 ], [ 1025786.8237, 220638.7073 ], [ 1025791.5049, 220654.746 ], [ 1025841.3576, 220657.0174 ], [ 1025872.2656, 220723.3792 ], [ 1025915.3817, 220777.3746 ], [ 1026032.73, 220991.0761 ], [ 1026079.8322, 221142.3559 ], [ 1026083.8731, 221208.3073 ], [ 1026013.8479, 221501.4756 ], [ 1026012.4053, 221534.9918 ], [ 1026013.1785, 221568.5119 ], [ 1026015.8912, 221601.671 ], [ 1026020.5426, 221634.8334 ], [ 1026027.1327, 221667.9991 ], [ 1026035.6635, 221700.0752 ], [ 1026046.41, 221732.1551 ], [ 1026054.959, 221753.6656 ], [ 1026064.8821, 221781.3721 ], [ 1026068.1881, 221791.5791 ], [ 1026079.4766, 221830.5823 ], [ 1026088.825, 221870.3109 ], [ 1026071.0238, 221914.0003 ], [ 1026039.6589, 221953.2943 ], [ 1026049.5375, 222167.5398 ], [ 1026060.498, 222396.7249 ], [ 1026061.1512, 222499.8326 ], [ 1026065.786, 222542.4677 ], [ 1026070.9748, 222585.1037 ], [ 1026076.7199, 222626.2834 ], [ 1026077.8026, 222640.8587 ], [ 1026078.295, 222676.5643 ], [ 1026082.3752, 222719.5627 ], [ 1026082.9021, 222735.23 ], [ 1026082.6075, 222745.4309 ], [ 1026081.4802, 222756.7233 ], [ 1026079.2464, 222767.2851 ], [ 1026077.5765, 222772.0186 ], [ 1026068.9676, 222785.4841 ], [ 1026056.4883, 222794.9353 ], [ 1026038.7525, 222801.0984 ], [ 1026021.5737, 222805.4409 ], [ 1026013.2625, 222806.8839 ], [ 1026004.6744, 222808.3264 ], [ 1025989.9914, 222810.8515 ], [ 1025983.8933, 222813.7557 ], [ 1025978.0766, 222814.11 ], [ 1025971.4234, 222817.7419 ], [ 1025965.5967, 222823.9256 ], [ 1025960.6003, 222830.475 ], [ 1025956.4365, 222835.9329 ], [ 1026015.1771, 222981.7676 ], [ 1026114.3327, 222978.2952 ], [ 1026365.5276, 222979.823 ], [ 1026345.239, 222382.2796 ], [ 1026590.6442, 222372.1409 ], [ 1026840.2041, 222362.0121 ], [ 1026832.5912, 222281.1165 ], [ 1026829.3827, 222215.5307 ], [ 1026963.469, 222194.9994 ], [ 1026958.9338, 222096.6211 ], [ 1027011.8383, 222094.164 ], [ 1027013.1628, 222128.4137 ], [ 1027090.4433, 222124.1781 ], [ 1027093.1048, 222185.3909 ], [ 1027165.1202, 222182.6035 ], [ 1027162.7191, 222130.8638 ], [ 1027212.5821, 222125.4871 ], [ 1027214.989, 222173.9478 ], [ 1027341.2943, 222168.3424 ], [ 1027342.8817, 222210.2437 ], [ 1027344.4632, 222255.4239 ], [ 1027594.5798, 222244.5751 ], [ 1027844.1277, 222242.1076 ], [ 1028093.9566, 222237.4571 ], [ 1028166.2483, 222235.0375 ], [ 1028163.1753, 222096.5849 ], [ 1028314.6856, 222090.666 ], [ 1028307.1261, 221830.5176 ], [ 1028366.9555, 221828.076 ], [ 1028362.2543, 221671.7681 ], [ 1028540.3596, 221664.0772 ], [ 1028983.1841, 221841.2274 ], [ 1028826.4741, 222264.2953 ], [ 1028849.918, 222317.5312 ], [ 1028877.7637, 222989.0506 ], [ 1029578.5157, 222958.2883 ], [ 1030242.5207, 220836.5624 ], [ 1030365.6949, 220442.2224 ], [ 1030387.7047, 220374.8625 ], [ 1030469.2926, 220439.1406 ], [ 1030564.4376, 220511.0958 ], [ 1030638.2823, 220568.4373 ], [ 1030661.5139, 220586.6984 ], [ 1030733.4165, 220645.4939 ], [ 1030828.8257, 220723.28 ], [ 1030862.003, 220754.6765 ], [ 1030895.1802, 220786.073 ], [ 1031023.9832, 220925.8609 ], [ 1031059.0862, 220963.8193 ], [ 1031160.5154, 221078.4162 ], [ 1031186.2205, 221106.1553 ], [ 1031274.6251, 221223.642 ], [ 1031292.0278, 221247.7218 ], [ 1031376.2654, 221371.0303 ], [ 1031470.148, 221519.1325 ], [ 1031534.4598, 221633.2944 ], [ 1031560.3982, 221682.8944 ], [ 1031621.1228, 221789.7628 ], [ 1031643.7516, 221832.0698 ], [ 1031741.661, 222043.5751 ], [ 1031859.106, 222037.6116 ], [ 1031949.4057, 222033.0527 ], [ 1031998.1946, 222151.9216 ], [ 1032489.2441, 222155.8077 ], [ 1032488.7, 222011.5302 ], [ 1032754.9602, 222240.4987 ], [ 1032903.5419, 222314.0274 ], [ 1033254.1422, 222330.7638 ], [ 1033253.0481, 222186.8495 ], [ 1033500.3727, 222188.8076 ], [ 1033500.0609, 222205.9307 ], [ 1033631.8765, 222215.307 ], [ 1033640.4463, 222359.2366 ], [ 1033924.4137, 222319.3752 ], [ 1033980.0985, 222311.8383 ], [ 1034199.5147, 222281.6849 ], [ 1034454.3946, 222245.7776 ], [ 1034756.1191, 222192.118 ], [ 1035252.1584, 222061.631 ], [ 1035504.3303, 221998.4039 ], [ 1035599.9155, 221983.3039 ], [ 1035632.6082, 221978.2725 ], [ 1035615.4895, 221822.3011 ], [ 1035958.4488, 221788.0535 ], [ 1035972.2806, 221925.8014 ], [ 1036016.6098, 221918.9736 ], [ 1036102.4972, 221906.041 ], [ 1036188.93, 221897.1175 ], [ 1036250.7074, 221890.6918 ], [ 1036238.5227, 221760.5983 ], [ 1036787.042, 221704.5794 ], [ 1036799.7778, 221834.6744 ], [ 1036868.4805, 221827.9009 ], [ 1036998.1302, 221814.7021 ], [ 1036984.8455, 221682.7841 ], [ 1037648.3305, 221617.9265 ], [ 1037663.0036, 221746.5688 ], [ 1037713.9769, 221741.5804 ], [ 1037790.9916, 221733.7349 ], [ 1037815.6474, 221731.239 ], [ 1037817.6191, 221716.3056 ], [ 1037891.2887, 221592.959 ], [ 1038429.5857, 221528.9393 ], [ 1038520.3611, 221436.9655 ], [ 1038521.8339, 221397.6207 ], [ 1038540.6721, 221395.8412 ], [ 1038514.6614, 221137.1056 ], [ 1038488.0953, 220878.7331 ], [ 1038398.6113, 220887.6416 ], [ 1038386.6641, 220780.1363 ], [ 1038333.195, 220785.4821 ], [ 1038331.0279, 220763.6172 ], [ 1037994.6966, 220798.5746 ], [ 1037976.9802, 220668.8323 ], [ 1037941.7949, 220672.7621 ], [ 1037904.3894, 220302.8801 ], [ 1038163.4496, 220267.3853 ], [ 1038106.8012, 219708.0065 ], [ 1037848.5854, 219734.7598 ], [ 1037797.3454, 219231.1369 ], [ 1037652.9966, 219246.1208 ], [ 1037582.777, 218427.3078 ], [ 1037712.7672, 218393.7108 ], [ 1037704.3622, 218310.9885 ], [ 1037446.9638, 218337.3835 ], [ 1037372.9394, 217607.0963 ], [ 1037621.3851, 217498.3413 ], [ 1037607.0141, 217356.9482 ], [ 1037482.5117, 217412.0535 ], [ 1037451.0806, 217091.3708 ], [ 1037578.5413, 217077.4416 ], [ 1037572.8552, 217017.6784 ], [ 1036188.7925, 217173.526 ], [ 1036163.1644, 217369.4827 ], [ 1035776.7426, 217229.848 ], [ 1035797.9331, 217165.4059 ], [ 1035556.829, 217079.6408 ], [ 1035255.3792, 216971.5269 ], [ 1035196.0232, 217138.267 ], [ 1034587.0232, 216922.7679 ], [ 1033625.3552, 216572.4893 ], [ 1032977.0644, 216319.4244 ], [ 1032395.0815, 216150.305 ], [ 1031418.2016, 215755.2709 ], [ 1031450.7806, 215670.0802 ], [ 1031493.672, 215553.2127 ], [ 1031364.9963, 215477.1812 ], [ 1031316.2813, 215597.3167 ], [ 1030391.9913, 215061.0647 ], [ 1030458.4268, 214944.6045 ], [ 1030328.9135, 214868.5769 ], [ 1030294.2826, 215014.6088 ], [ 1029745.9025, 214628.4744 ], [ 1029632.4617, 214548.4731 ], [ 1029592.619, 214520.3449 ], [ 1029155.7151, 214217.8648 ], [ 1029136.2263, 214269.1997 ], [ 1029117.5641, 214323.0865 ], [ 1029095.2599, 214398.8265 ], [ 1029073.7823, 214477.1185 ], [ 1029047.484, 214615.5165 ], [ 1029019.1875, 214785.9722 ], [ 1028959.5428, 215129.7928 ], [ 1029082.1997, 215469.5776 ], [ 1029186.4433, 215877.095 ], [ 1029362.0257, 216206.4138 ], [ 1029454.8131, 216662.3676 ], [ 1029417.3495, 216994.9343 ], [ 1029424.5327, 217154.1614 ], [ 1029427.189, 217215.3743 ], [ 1029297.652, 217604.6061 ], [ 1029052.5863, 218004.1907 ], [ 1028825.2217, 218121.4517 ], [ 1028811.0748, 218131.9914 ], [ 1028786.6646, 218150.1633 ], [ 1028772.7961, 218159.9748 ], [ 1028748.942, 218177.0547 ], [ 1028732.8635, 218183.5833 ], [ 1028814.4866, 218385.9382 ], [ 1028811.4341, 218388.8473 ], [ 1028777.0567, 218404.4505 ], [ 1028759.5919, 218411.7052 ], [ 1028696.6629, 218438.1862 ], [ 1028697.1602, 218469.1554 ], [ 1028654.3808, 218535.0215 ], [ 1028643.1286, 218628.999 ], [ 1028644.1813, 218659.2406 ], [ 1028667.6892, 218679.6864 ], [ 1028691.9807, 218726.0012 ], [ 1028708.8164, 218759.5508 ], [ 1028693.7936, 218794.8636 ], [ 1028669.1398, 218795.1828 ], [ 1028638.384, 218799.8629 ], [ 1028629.0119, 218774.7067 ], [ 1028612.3552, 218794.7146 ], [ 1028583.8334, 218789.5618 ], [ 1028586.9403, 218756.7774 ], [ 1028602.4857, 218738.5891 ], [ 1028597.5849, 218691.9455 ], [ 1028568.3564, 218618.661 ], [ 1028546.5011, 218603.3191 ], [ 1028508.5862, 218584.3045 ], [ 1028499.4756, 218567.5286 ], [ 1028494.835, 218529.9937 ], [ 1028484.3653, 218499.0063 ], [ 1028417.0525, 218499.248 ], [ 1028331.2347, 218469.5809 ], [ 1028237.0959, 218445.7284 ], [ 1028170.9213, 218429.2135 ], [ 1028087.5868, 218404.6525 ], [ 1028021.4304, 218377.9367 ], [ 1028026.7185, 218364.1015 ], [ 1027941.4472, 218338.0801 ], [ 1027936.7098, 218353.738 ], [ 1027868.5899, 218340.4994 ], [ 1027828.1679, 218328.7681 ], [ 1027751.4214, 218337.3744 ], [ 1027637.6564, 218289.8073 ], [ 1027610.5566, 218263.5269 ], [ 1027573.9981, 218259.8182 ], [ 1027548.1994, 218280.5392 ], [ 1027477.9726, 218205.7256 ], [ 1027441.4063, 218206.3892 ], [ 1027389.6239, 218196.0957 ], [ 1027327.8569, 218192.707 ], [ 1027210.3616, 218217.2733 ], [ 1027108.0569, 218267.3705 ], [ 1026928.3338, 218393.4775 ], [ 1026901.4438, 218405.0889 ], [ 1026869.8197, 218430.901 ], [ 1026853.4252, 218460.0189 ], [ 1026764.1657, 218496.2957 ], [ 1026723.7307, 218491.8529 ], [ 1026673.3299, 218483.7494 ], [ 1026628.1743, 218485.8565 ], [ 1026597.9661, 218494.1834 ], [ 1026567.7586, 218502.146 ], [ 1026525.5866, 218540.6919 ], [ 1026439.2565, 218645.1054 ], [ 1026408.1898, 218669.4618 ], [ 1026392.6289, 218697.4884 ], [ 1026375.9063, 218756.4814 ], [ 1026342.5233, 218838.7629 ], [ 1026328.0301, 218890.1088 ], [ 1026294.9055, 218983.3208 ], [ 1026275.7232, 219023.3643 ], [ 1026250.1611, 219068.4974 ], [ 1026242.3723, 219087.4293 ], [ 1026214.0738, 219113.248 ], [ 1026196.5606, 219149.2868 ], [ 1026205.1286, 219160.2316 ], [ 1026220.3307, 219179.2033 ], [ 1026235.534, 219197.4462 ], [ 1026249.3504, 219216.7798 ], [ 1026261.7799, 219237.2041 ], [ 1026272.8232, 219258.3545 ], [ 1026270.028, 219272.923 ], [ 1026257.8074, 219291.8472 ], [ 1026238.1287, 219298.7355 ], [ 1026219.2779, 219307.4469 ], [ 1026184.6151, 219329.6113 ], [ 1026168.803, 219343.0644 ], [ 1026121.9098, 219389.9825 ], [ 1026072.314, 219558.5835 ], [ 1026097.1742, 219598.703 ], [ 1026097.1227, 219628.5783 ], [ 1026119.8002, 219649.3845 ], [ 1026153.8173, 219680.0472 ], [ 1026170.1182, 219704.1214 ], [ 1026184.4657, 219736.5719 ], [ 1026186.0552, 219778.473 ], [ 1026150.2153, 219841.0765 ], [ 1026095.6955, 219813.6574 ], [ 1026125.9987, 219749.2226 ], [ 1025936.126, 219665.8276 ], [ 1025927.8119, 219668.3636 ], [ 1025921.9663, 219685.1129 ], [ 1025937.7404, 219693.5197 ], [ 1025921.9006, 219723.3679 ], [ 1025908.6107, 219720.066 ], [ 1025901.1307, 219720.7819 ], [ 1025872.7989, 219766.6393 ], [ 1025880.2757, 219767.7451 ], [ 1025897.7005, 219782.7127 ], [ 1025882.6805, 219819.1203 ], [ 1025867.7287, 219815.8157 ], [ 1025861.0722, 219820.9049 ], [ 1025864.3804, 219830.0189 ], [ 1026054.2489, 219915.2351 ], [ 1026071.2495, 219854.785 ], [ 1026150.9733, 219883.3406 ], [ 1026178.7716, 219986.1307 ], [ 1026182.3485, 219999.9816 ], [ 1026189.5011, 220028.412 ], [ 1026190.3075, 220042.6224 ], [ 1026189.4368, 220065.574 ], [ 1026183.0328, 220084.8726 ], [ 1026169.6864, 220114.3606 ], [ 1026161.3523, 220128.5552 ], [ 1026144.9692, 220152.2086 ], [ 1026123.044, 220177.3098 ], [ 1026101.1188, 220202.411 ], [ 1026038.7456, 220232.1789 ], [ 1025981.0551, 220277.257 ], [ 1025937.7573, 220328.5536 ], [ 1025914.9758, 220368.5912 ], [ 1025905.5302, 220384.97 ], [ 1025869.9151, 220478.9071 ], [ 1025857.6867, 220502.9321 ], [ 1025851.2942, 220515.6728 ], [ 1025846.2992, 220521.1293 ], [ 1025815.8088, 220534.1931 ], [ 1025813.2953, 220546.2118 ], [ 1025741.274, 220549.7318 ], [ 1025711.3531, 220553.6884 ], [ 1025703.7247, 220479.3512 ], [ 1025692.641, 220481.8826 ], [ 1025695.371, 220505.2046 ], [ 1025447.9904, 220525.9147 ], [ 1025446.3743, 220498.9513 ], [ 1025436.9526, 220501.4856 ], [ 1025445.4277, 220567.0801 ] ] ] ] } },
{ "type": "Feature", "properties": { "ZCTA5CE20": "11430", "GEOID20": "11430", "CLASSFP20": "B5", "MTFCC20": "G6350", "FUNCSTAT20": "S", "ALAND20": 18446520, "AWATER20": 904474, "INTPTLAT20": "+40.6469645", "INTPTLON20": "-073.7872953" }, "geometry": { "type": "MultiPolygon", "coordinates": [ [ [ [ 1030661.7385, 181746.0622 ], [ 1030929.0548, 181664.9645 ], [ 1031582.4158, 181368.5716 ], [ 1031861.4613, 181251.8028 ], [ 1032056.0571, 181192.4349 ], [ 1032292.273, 181130.9649 ], [ 1032540.3609, 181099.0313 ], [ 1032721.8251, 181087.3697 ], [ 1033049.7582, 181083.654 ], [ 1033340.5163, 181079.5034 ], [ 1033353.0764, 181179.3548 ], [ 1033637.5354, 181134.3902 ], [ 1035725.027, 180829.7711 ], [ 1036036.9078, 180809.667 ], [ 1036389.0742, 180892.394 ], [ 1036331.8565, 180923.2393 ], [ 1036376.095, 180993.6496 ], [ 1036576.6246, 181148.1917 ], [ 1036599.3429, 181291.4219 ], [ 1036686.1051, 181582.7078 ], [ 1036806.5075, 182096.3075 ], [ 1037344.7608, 182070.8816 ], [ 1037628.0383, 182057.2933 ], [ 1037944.0929, 182025.2 ], [ 1038123.0149, 182032.1539 ], [ 1039189.6252, 181944.1882 ], [ 1039135.2313, 181706.887 ], [ 1039207.6194, 181715.7945 ], [ 1039532.7651, 181714.7104 ], [ 1040393.4757, 181656.205 ], [ 1041097.4851, 181580.2395 ], [ 1041800.2583, 181442.3555 ], [ 1041947.3521, 181418.6586 ], [ 1042180.4854, 181379.8657 ], [ 1042382.269, 181341.3643 ], [ 1042430.5643, 181332.0073 ], [ 1042440.5561, 181330.2096 ], [ 1042493.5695, 181320.1353 ], [ 1042506.0617, 181316.8863 ], [ 1042517.9981, 181314.0003 ], [ 1042551.8637, 181306.0663 ], [ 1043189.3678, 181204.8632 ], [ 1043883.304, 181059.7314 ], [ 1045066.7322, 180657.8944 ], [ 1045625.3317, 180392.2454 ], [ 1045820.7326, 180250.2869 ], [ 1046053.0617, 180098.2227 ], [ 1046149.1804, 180050.0116 ], [ 1046223.3368, 180019.2326 ], [ 1046270.2583, 180006.2364 ], [ 1046526.3166, 179907.4293 ], [ 1046898.2937, 179722.9418 ], [ 1046950.4294, 179732.5488 ], [ 1047000.4903, 179686.0439 ], [ 1047144.1966, 179583.6745 ], [ 1047228.4477, 179512.8485 ], [ 1047926.0854, 179041.7671 ], [ 1048131.502, 178898.7605 ], [ 1048404.7574, 178704.1998 ], [ 1048552.9438, 178590.9208 ], [ 1048800.8969, 178418.886 ], [ 1048958.801, 178304.5423 ], [ 1049099.1796, 178207.6405 ], [ 1049269.0272, 178089.6874 ], [ 1049394.7006, 177993.4767 ], [ 1049419.1734, 177972.7755 ], [ 1049625.1421, 177837.4339 ], [ 1051422.4106, 176499.782 ], [ 1052228.7996, 175899.4237 ], [ 1052711.2951, 175528.4337 ], [ 1053176.5383, 175179.2641 ], [ 1053065.294, 174971.2814 ], [ 1053150.3789, 174911.7725 ], [ 1053196.5744, 174865.9981 ], [ 1053258.9429, 174792.9449 ], [ 1053306.777, 174756.6479 ], [ 1053335.9719, 174736.6928 ], [ 1053439.1811, 174647.3614 ], [ 1053516.4822, 174593.2966 ], [ 1053575.7749, 174528.9794 ], [ 1053619.1023, 174516.3515 ], [ 1053663.3663, 174467.2934 ], [ 1053693.1699, 174428.7597 ], [ 1053756.8431, 174385.5866 ], [ 1053785.5588, 174339.3989 ], [ 1053833.2309, 174360.3021 ], [ 1053871.1369, 174399.7581 ], [ 1053933.2204, 174427.2607 ], [ 1053982.2185, 174372.7519 ], [ 1053988.5578, 174291.1604 ], [ 1053969.3317, 174221.5184 ], [ 1054036.2291, 174118.9697 ], [ 1054108.2793, 174058.3337 ], [ 1054142.2762, 174009.6114 ], [ 1054166.2345, 173977.6193 ], [ 1054210.7141, 173950.7869 ], [ 1054249.7737, 173878.7623 ], [ 1054292.0891, 173832.6144 ], [ 1054307.49, 173784.9317 ], [ 1054341.4392, 173752.9687 ], [ 1054386.5597, 173696.6278 ], [ 1054395.3656, 173626.3378 ], [ 1054405.7861, 173573.5402 ], [ 1054474.5582, 173495.7724 ], [ 1054495.2546, 173440.4542 ], [ 1054519.5019, 173404.8201 ], [ 1054540.4644, 173353.5103 ], [ 1054562.6245, 173271.9648 ], [ 1054568.0966, 173203.1225 ], [ 1054599.9038, 173144.5576 ], [ 1054637.7692, 173102.405 ], [ 1054647.4287, 173025.1953 ], [ 1054641.7779, 172963.9717 ], [ 1054664.7449, 172891.5368 ], [ 1054664.2996, 172853.6454 ], [ 1054645.3455, 172786.1897 ], [ 1054668.835, 172725.0505 ], [ 1054699.7546, 172685.7926 ], [ 1054667.7756, 172611.7412 ], [ 1054654.3423, 172554.5027 ], [ 1054645.1015, 172487.0751 ], [ 1054634.3421, 172369.0015 ], [ 1054650.5602, 172327.1507 ], [ 1054645.9413, 172292.8904 ], [ 1054632.1639, 172258.6036 ], [ 1054619.8014, 172214.8484 ], [ 1054602.4993, 172151.7695 ], [ 1054594.1097, 172077.7865 ], [ 1054578.1149, 172042.4003 ], [ 1054584.9054, 171997.6075 ], [ 1054574.534, 171937.099 ], [ 1054558.5286, 171905.3561 ], [ 1054519.2226, 171869.1739 ], [ 1054521.8205, 171834.5702 ], [ 1054507.7798, 171795.1822 ], [ 1054534.5509, 171751.1758 ], [ 1054502.1294, 171733.5943 ], [ 1054492.8416, 171682.1972 ], [ 1054483.5073, 171646.8303 ], [ 1054467.8717, 171583.0277 ], [ 1054434.4062, 171446.3078 ], [ 1054192.9079, 170590.1686 ], [ 1048809.5074, 167651.5451 ], [ 1048786.8779, 167601.5721 ], [ 1048731.3353, 167506.3351 ], [ 1048717.5477, 167471.6874 ], [ 1048713.7745, 167429.0511 ], [ 1048711.0798, 167398.4404 ], [ 1048669.3155, 167341.1302 ], [ 1048611.5811, 167234.5936 ], [ 1048608.2635, 167229.4842 ], [ 1048581.664, 167210.8331 ], [ 1048576.4891, 167173.2937 ], [ 1048569.8838, 167151.7809 ], [ 1048560.8572, 167101.1154 ], [ 1048535.4228, 167061.7008 ], [ 1048512.7489, 167028.1227 ], [ 1048495.353, 166993.1012 ], [ 1048484.0371, 166968.2971 ], [ 1048478.6277, 166914.3622 ], [ 1048471.8024, 166870.9892 ], [ 1048455.2237, 166841.7992 ], [ 1048440.8215, 166829.374 ], [ 1048434.4974, 166806.4047 ], [ 1048436.5309, 166772.1633 ], [ 1048421.9097, 166737.5135 ], [ 1048428.9198, 166710.9361 ], [ 1048419.8313, 166683.5875 ], [ 1048442.4435, 166635.5559 ], [ 1048441.1123, 166614.0571 ], [ 1048467.3719, 166551.462 ], [ 1048474.4051, 166516.1408 ], [ 1048474.4638, 166493.917 ], [ 1048483.6804, 166472.8103 ], [ 1048490.9557, 166450.9699 ], [ 1048499.7134, 166393.4292 ], [ 1048490.4001, 166346.042 ], [ 1048476.9315, 166295.3649 ], [ 1048472.5668, 166266.2071 ], [ 1048462.9701, 166221.0052 ], [ 1048453.3156, 166197.6627 ], [ 1048435.3513, 166167.3761 ], [ 1048408.4864, 166143.6239 ], [ 1048345.0787, 166081.521 ], [ 1048324.8588, 166064.3443 ], [ 1048300.4902, 166041.3274 ], [ 1048278.618, 166019.0458 ], [ 1048265.3391, 166001.5231 ], [ 1048259.8129, 165991.6717 ], [ 1048253.7401, 165978.54 ], [ 1048242.9126, 165978.8758 ], [ 1048240.6266, 166003.6441 ], [ 1048236.4299, 166016.0202 ], [ 1048231.458, 166006.5346 ], [ 1048230.6443, 165999.2459 ], [ 1048227.9057, 165985.0299 ], [ 1048224.0576, 165970.4466 ], [ 1048219.3747, 165956.5899 ], [ 1048216.6351, 165942.7382 ], [ 1048213.6169, 165929.2502 ], [ 1048206.986, 165917.2099 ], [ 1048197.289, 165909.8978 ], [ 1048185.9349, 165899.3025 ], [ 1048178.4626, 165890.539 ], [ 1048174.6058, 165879.2347 ], [ 1048174.3598, 165867.2112 ], [ 1048177.9936, 165857.7483 ], [ 1048173.304, 165846.4418 ], [ 1048170.2714, 165838.4186 ], [ 1048156.7003, 165826.3601 ], [ 1048153.6754, 165815.4223 ], [ 1048155.0787, 165809.5968 ], [ 1048154.8193, 165802.6739 ], [ 1048153.728, 165795.3844 ], [ 1048154.3177, 165782.2702 ], [ 1048153.7826, 165774.6179 ], [ 1048149.9143, 165767.6855 ], [ 1048149.115, 165754.9319 ], [ 1048150.8074, 165744.7352 ], [ 1048170.7579, 165653.3414 ], [ 1048077.4937, 165542.7052 ], [ 1048061.2305, 165498.5788 ], [ 1048033.1322, 165415.4384 ], [ 1048019.3252, 165387.349 ], [ 1047986.6979, 165337.3506 ], [ 1047937.1438, 165284.3932 ], [ 1047887.2537, 165253.6591 ], [ 1047850.6298, 165245.5481 ], [ 1047796.2216, 165243.9485 ], [ 1047745.0648, 165272.9611 ], [ 1047715.018, 165297.657 ], [ 1047641.201, 165393.2826 ], [ 1047625.6922, 165485.4171 ], [ 1047631.4511, 165619.1403 ], [ 1047672.9928, 165763.8867 ], [ 1047707.7345, 165854.6949 ], [ 1047781.5125, 165986.0455 ], [ 1047813.2218, 166068.4664 ], [ 1047847.7516, 166133.7714 ], [ 1047834.509, 166208.4239 ], [ 1047851.3436, 166246.358 ], [ 1047873.0892, 166317.0945 ], [ 1047845.2072, 166363.6555 ], [ 1047869.9957, 166438.4075 ], [ 1047815.2735, 166451.7445 ], [ 1047755.4359, 166404.2256 ], [ 1047678.963, 166455.0319 ], [ 1047617.9268, 166547.7763 ], [ 1046680.6624, 164960.1625 ], [ 1046663.6989, 164971.4131 ], [ 1047581.1131, 166613.2594 ], [ 1047387.5361, 166861.9562 ], [ 1047263.0834, 167003.7212 ], [ 1047125.9439, 167114.1218 ], [ 1047063.6919, 167249.1265 ], [ 1046964.3396, 167346.8743 ], [ 1046884.9247, 167463.9831 ], [ 1046750.7062, 167627.5853 ], [ 1046600.6196, 167809.7282 ], [ 1046433.2657, 167906.5752 ], [ 1046228.4183, 168011.7072 ], [ 1046010.3646, 168071.2665 ], [ 1045805.9179, 168019.3778 ], [ 1045734.3509, 167999.8874 ], [ 1045608.4605, 167947.4705 ], [ 1045505.0189, 167908.9553 ], [ 1045432.9366, 167763.0427 ], [ 1045273.1502, 167611.4451 ], [ 1045154.2255, 167436.634 ], [ 1045067.1691, 167283.0341 ], [ 1045000.342, 167142.9652 ], [ 1044953.1631, 167026.9912 ], [ 1044159.8103, 165557.8765 ], [ 1044073.6612, 165481.52 ], [ 1043955.3132, 165403.263 ], [ 1042772.1316, 166325.05 ], [ 1042859.2692, 166452.4102 ], [ 1042984.8573, 166635.6056 ], [ 1043964.5134, 167648.2722 ], [ 1044355.402, 168190.9907 ], [ 1044527.1704, 168660.6701 ], [ 1044581.3688, 168967.5686 ], [ 1044214.968, 169195.0957 ], [ 1044107.6579, 169376.2666 ], [ 1043923.037, 169505.1492 ], [ 1043729.5254, 169638.3834 ], [ 1043552.6364, 169671.4695 ], [ 1043454.8822, 169692.7266 ], [ 1043278.6683, 169791.031 ], [ 1043166.1551, 169947.0548 ], [ 1043041.296, 170158.7914 ], [ 1042751.1597, 170310.745 ], [ 1042695.372, 170425.7384 ], [ 1042318.9582, 170330.1112 ], [ 1042316.2174, 170431.7522 ], [ 1040285.5851, 169245.1078 ], [ 1040284.2397, 169347.1165 ], [ 1042173.0605, 170522.4927 ], [ 1042188.7446, 170579.7295 ], [ 1041986.9744, 170925.7254 ], [ 1041881.8247, 171025.3018 ], [ 1041639.6596, 171085.9361 ], [ 1041496.5614, 171154.4567 ], [ 1041281.5859, 171220.2592 ], [ 1041102.7023, 171400.5469 ], [ 1040984.0625, 171455.6476 ], [ 1040845.3114, 171566.0799 ], [ 1040727.1917, 171636.8492 ], [ 1040572.3219, 171757.4468 ], [ 1040518.9705, 171785.0122 ], [ 1040350.6959, 171822.1491 ], [ 1040159.2899, 171901.1317 ], [ 1040010.4952, 171916.0917 ], [ 1039969.1013, 171933.8489 ], [ 1039713.6532, 172105.2276 ], [ 1039601.0047, 172213.5406 ], [ 1038929.8774, 172605.4962 ], [ 1038462.2809, 172835.7973 ], [ 1038143.9766, 173077.3677 ], [ 1037894.5952, 173151.8677 ], [ 1037681.4121, 173298.5868 ], [ 1037354.2649, 173529.2183 ], [ 1036971.4508, 173710.1848 ], [ 1036767.8916, 173774.5946 ], [ 1036660.0546, 173849.0491 ], [ 1036568.5234, 173955.2358 ], [ 1036413.1473, 174069.6652 ], [ 1036205.4112, 174142.8146 ], [ 1036063.8262, 174168.0154 ], [ 1035899.0549, 174265.3047 ], [ 1035602.6251, 174419.5162 ], [ 1035229.1235, 174671.9381 ], [ 1033355.1108, 174129.239 ], [ 1032721.17, 174041.6209 ], [ 1032666.7739, 174322.0451 ], [ 1032420.5021, 175503.0719 ], [ 1032316.7402, 176053.3665 ], [ 1032297.6534, 176163.3559 ], [ 1032281.1233, 176243.4754 ], [ 1031864.961, 178332.4442 ], [ 1031775.439, 178707.5273 ], [ 1031471.5513, 179599.9043 ], [ 1031452.0847, 179766.0004 ], [ 1031354.0287, 179969.4698 ], [ 1031147.0583, 180542.5229 ], [ 1030919.2902, 181115.5379 ], [ 1030661.7385, 181746.0622 ] ] ] ] } },
{ "type": "Feature", "properties": { "ZCTA5CE20": "10301", "GEOID20": "10301", "CLASSFP20": "B5", "MTFCC20": "G6350", "FUNCSTAT20": "S", "ALAND20": 9732406, "AWATER20": 12647, "INTPTLAT20": "+40.6275046", "INTPTLON20": "-074.0943767" }, "geometry": { "type": "MultiPolygon", "coordinates": [ [ [ [ 951029.142, 165817.5415 ], [ 951334.0698, 166108.2239 ], [ 951345.3184, 166214.9564 ], [ 951380.7512, 166551.5465 ], [ 951736.1747, 166832.3289 ], [ 952218.0463, 166596.3343 ], [ 952795.3277, 166287.7245 ], [ 953287.4014, 165762.8268 ], [ 953451.0011, 165613.9738 ], [ 953708.6672, 165428.9352 ], [ 954147.5498, 165636.7828 ], [ 954383.6379, 165735.2242 ], [ 954595.5689, 165830.7828 ], [ 954819.4709, 165955.8392 ], [ 954922.8202, 166022.3861 ], [ 955253.7034, 166237.6707 ], [ 955308.7243, 166517.7724 ], [ 955513.9015, 166544.8536 ], [ 955478.4173, 166820.3266 ], [ 955441.7856, 167063.7403 ], [ 955402.677, 167324.6446 ], [ 955367.4481, 167579.3509 ], [ 955333.5997, 167827.1334 ], [ 955282.3768, 168169.2974 ], [ 955151.6121, 168148.6869 ], [ 955045.663, 168913.9005 ], [ 955004.8965, 168944.1887 ], [ 954892.0256, 169027.3912 ], [ 954832.7111, 169556.8301 ], [ 954919.05, 169570.5703 ], [ 954974.0181, 169579.2479 ], [ 954854.4649, 170331.3633 ], [ 954854.2719, 170401.3144 ], [ 954854.0401, 170439.2047 ], [ 954904.5654, 170447.8875 ], [ 954973.4131, 170459.8273 ], [ 954966.2511, 170505.0125 ], [ 954961.8436, 170532.7066 ], [ 955232.4561, 170531.6535 ], [ 955387.6078, 170531.4688 ], [ 955512.7839, 170531.3205 ], [ 955793.6514, 170517.8744 ], [ 955748.4625, 170799.1879 ], [ 955703.548, 171076.858 ], [ 955666.9064, 171308.2488 ], [ 955659.7421, 171352.3408 ], [ 955626.331, 171498.1111 ], [ 955508.082, 171484.4061 ], [ 955294.8813, 171443.4901 ], [ 955256.2943, 171436.2496 ], [ 955243.3515, 171521.5176 ], [ 955227.6561, 171625.7339 ], [ 955198.7517, 171824.3268 ], [ 955161.6023, 172090.3302 ], [ 954991.717, 172062.1166 ], [ 954943.7905, 172364.566 ], [ 954849.8692, 172957.4401 ], [ 954812.9818, 173205.9561 ], [ 954736.1225, 173674.9388 ], [ 954681.8582, 174009.0931 ], [ 954844.5087, 174032.2128 ], [ 955017.4291, 174057.1428 ], [ 955044.6353, 174065.4896 ], [ 955062.6854, 174075.3048 ], [ 955083.5189, 174092.0389 ], [ 955098.5268, 174110.6016 ], [ 955109.9292, 174130.9902 ], [ 955117.7288, 174155.3908 ], [ 955208.2049, 174393.9172 ], [ 955180.3548, 174542.9604 ], [ 955172.1486, 174642.4317 ], [ 955733.2972, 174669.8202 ], [ 956493.1154, 174434.3137 ], [ 956790.889, 174440.8978 ], [ 956808.5324, 174582.9656 ], [ 957572.8482, 174640.7715 ], [ 958216.4209, 174675.4136 ], [ 958521.0732, 174891.8641 ], [ 959386.3816, 175216.6725 ], [ 959709.0771, 175456.0722 ], [ 959918.0506, 175474.8071 ], [ 960308.4282, 175696.2951 ], [ 960847.3857, 175763.8995 ], [ 960952.1194, 175598.3941 ], [ 961447.6471, 175515.5862 ], [ 961545.6363, 175551.1986 ], [ 961665.5375, 175576.2255 ], [ 961935.1736, 175479.4296 ], [ 962095.8762, 175514.9867 ], [ 962316.1332, 175432.4489 ], [ 962787.0819, 175160.2402 ], [ 962983.1678, 175038.7467 ], [ 963086.5697, 174916.9711 ], [ 963426.7309, 174526.8469 ], [ 963614.421, 174312.4623 ], [ 963795.3661, 174323.2392 ], [ 964137.0727, 174099.9856 ], [ 964403.7499, 173746.0045 ], [ 964412.9895, 173505.9052 ], [ 964409.0894, 173487.6921 ], [ 964218.391, 173435.3853 ], [ 964230.525, 173342.1075 ], [ 964709.3167, 173428.0635 ], [ 964721.2116, 173380.3271 ], [ 963930.17, 173248.7246 ], [ 963950.8776, 173121.1927 ], [ 964752.4747, 173259.7096 ], [ 964762.688, 173191.2079 ], [ 963969.9658, 173048.3113 ], [ 964023.5953, 172795.7878 ], [ 964318.36, 172834.163 ], [ 964316.7191, 172863.6749 ], [ 964814.6437, 172917.9208 ], [ 964823.1925, 172849.7848 ], [ 964325.2701, 172799.9106 ], [ 964325.2591, 172786.4305 ], [ 964008.0138, 172747.7096 ], [ 964028.745, 172647.5023 ], [ 963961.0227, 172641.0008 ], [ 963954.0313, 172577.2494 ], [ 963966.2425, 172577.2392 ], [ 963967.767, 172408.5544 ], [ 963976.3686, 172406.3613 ], [ 963970.8886, 172158.259 ], [ 963962.285, 172158.2662 ], [ 963958.7722, 171939.6728 ], [ 964010.6693, 171937.0792 ], [ 964012.272, 171862.0265 ], [ 964081.6581, 171864.1548 ], [ 964081.6394, 171841.5665 ], [ 964092.1858, 171841.5578 ], [ 964092.1613, 171812.0473 ], [ 964154.6109, 171816.3675 ], [ 964157.9188, 171789.0403 ], [ 964088.5307, 171784.7258 ], [ 964092.1103, 171750.476 ], [ 964107.6231, 171715.1235 ], [ 964099.2967, 171714.766 ], [ 963951.9078, 171695.9436 ], [ 963906.9416, 171690.152 ], [ 963784.2565, 171674.9532 ], [ 963842.162, 171224.9605 ], [ 963839.3612, 171194.7237 ], [ 963835.7436, 171183.4326 ], [ 963825.4589, 171164.8605 ], [ 963812.6802, 171151.0268 ], [ 963792.4074, 171136.8351 ], [ 963770.4752, 171129.5671 ], [ 963751.6006, 171127.7613 ], [ 963507.87, 171074.412 ], [ 963198.5963, 170973.7592 ], [ 963303.5541, 170703.7022 ], [ 963386.2203, 170329.1029 ], [ 963336.4915, 169952.4314 ], [ 963166.536, 169529.2303 ], [ 962843.559, 169651.1977 ], [ 962757.8216, 169684.4271 ], [ 962793.1562, 169779.8496 ], [ 962763.746, 169792.627 ], [ 962841.3615, 169992.574 ], [ 962724.8267, 170037.4891 ], [ 962541.4101, 170092.6656 ], [ 962500.7391, 169927.6618 ], [ 962450.2409, 169947.3807 ], [ 962418.7593, 169816.6155 ], [ 962383.2441, 169830.4919 ], [ 962298.3406, 169863.7222 ], [ 962221.2383, 169622.9717 ], [ 961945.8349, 169253.7953 ], [ 961653.8041, 168922.5274 ], [ 961485.2427, 169138.0019 ], [ 961669.1248, 169279.9179 ], [ 961684.2469, 169423.813 ], [ 961719.4984, 169424.509 ], [ 961759.4731, 169430.3012 ], [ 961796.3996, 169441.5612 ], [ 961832.4985, 169458.2869 ], [ 961866.3818, 169480.4797 ], [ 961896.6611, 169507.412 ], [ 961920.8359, 169536.536 ], [ 961938.0686, 169562.3873 ], [ 961955.0324, 169597.7115 ], [ 961966.7231, 169633.7692 ], [ 961973.1404, 169670.196 ], [ 961974.8281, 169694.6043 ], [ 961972.9136, 169725.5739 ], [ 961964.6181, 169759.8282 ], [ 961949.383, 169793.3603 ], [ 961928.0383, 169823.2547 ], [ 961901.6928, 169848.0531 ], [ 961876.7272, 169864.1065 ], [ 961845.6532, 169877.9795 ], [ 961550.1243, 169955.491 ], [ 961357.8872, 170073.7131 ], [ 961403.4757, 170147.2643 ], [ 961557.1665, 170363.5307 ], [ 961919.79, 170815.3248 ], [ 961844.9246, 170894.4527 ], [ 961557.4008, 170614.5518 ], [ 961452.8381, 170693.7086 ], [ 961318.3728, 170555.0264 ], [ 961460.3729, 170441.2229 ], [ 961375.0629, 170333.8265 ], [ 960985.7268, 170700.3446 ], [ 960823.8444, 170627.2703 ], [ 960631.8081, 170371.6985 ], [ 960537.5638, 170214.401 ], [ 960449.8957, 170254.9269 ], [ 960062.9167, 169630.1236 ], [ 959930.304, 169414.9386 ], [ 959802.694, 169208.4932 ], [ 960150.4879, 168930.1645 ], [ 960242.5668, 168854.6578 ], [ 960278.3445, 168825.112 ], [ 960227.2219, 168775.2497 ], [ 960116.5605, 168586.2736 ], [ 960296.5211, 168398.103 ], [ 960276.7324, 168316.1489 ], [ 959901.7817, 168372.9922 ], [ 959764.7145, 167877.281 ], [ 959904.5724, 167833.4213 ], [ 959894.4958, 167750.0006 ], [ 959910.3181, 167749.9847 ], [ 959912.4217, 167633.0337 ], [ 960244.696, 167637.4397 ], [ 960390.3554, 167562.9736 ], [ 960396.4176, 167517.4268 ], [ 960652.989, 167314.9751 ], [ 960325.7045, 167308.0084 ], [ 960299.7125, 167129.1496 ], [ 960273.4059, 166913.1297 ], [ 959877.8771, 166955.4205 ], [ 959911.9442, 166601.2609 ], [ 960080.733, 166610.9293 ], [ 960088.4253, 166250.6026 ], [ 959911.8809, 166260.6155 ], [ 959878.2265, 166196.1634 ], [ 959857.2105, 166000.9054 ], [ 959937.1608, 166001.1896 ], [ 959968.2055, 165954.1605 ], [ 960011.1757, 165895.461 ], [ 960008.0702, 165843.3654 ], [ 960183.225, 165828.6184 ], [ 960168.3372, 165652.299 ], [ 960057.8627, 165665.8888 ], [ 960048.6284, 165592.304 ], [ 960043.8445, 165527.4586 ], [ 960039.111, 165513.2546 ], [ 960025.4823, 165487.401 ], [ 960006.3044, 165464.4675 ], [ 959985.1904, 165448.8225 ], [ 959960.1854, 165428.8095 ], [ 959942.1211, 165409.154 ], [ 959924.605, 165382.5756 ], [ 959908.473, 165351.9884 ], [ 959889.5731, 165329.7834 ], [ 959866.7914, 165312.3185 ], [ 959847.0678, 165299.2225 ], [ 959827.8943, 165281.0255 ], [ 959812.3268, 165259.9102 ], [ 959923.3943, 165004.7702 ], [ 959935.817, 164934.8071 ], [ 959953.7576, 164830.2275 ], [ 959927.1766, 164622.9523 ], [ 959836.9221, 164318.4658 ], [ 959801.824, 164201.5523 ], [ 959776.7157, 164080.2568 ], [ 959318.5594, 164008.9499 ], [ 959304.1423, 164027.9096 ], [ 959178.412, 164061.557 ], [ 959133.4509, 164075.4478 ], [ 959166.2934, 164155.5657 ], [ 959069.1628, 164192.463 ], [ 958929.157, 164379.5079 ], [ 958594.2427, 164546.7204 ], [ 958560.5963, 164495.3859 ], [ 958521.9573, 163661.1192 ], [ 958575.736, 163320.7815 ], [ 958666.4478, 163249.6423 ], [ 958814.3897, 163213.4188 ], [ 958948.6759, 163127.2977 ], [ 959000.2509, 163064.2157 ], [ 959068.678, 162919.8715 ], [ 959013.5554, 162775.2911 ], [ 958903.2143, 162662.4647 ], [ 958841.0356, 162409.3228 ], [ 958727.9913, 162368.6366 ], [ 958988.8879, 162281.6546 ], [ 958893.7767, 162132.0155 ], [ 958871.2633, 162109.0864 ], [ 958843.7582, 162091.9918 ], [ 958816.2603, 162081.8194 ], [ 958790.7124, 162077.8385 ], [ 958536.6461, 162061.3468 ], [ 958430.2996, 162054.9016 ], [ 958148.9426, 162222.0633 ], [ 957960.8086, 162324.6416 ], [ 957985.8002, 162327.8936 ], [ 958034.1232, 162339.4999 ], [ 958078.8426, 162356.5751 ], [ 958116.6239, 162376.5724 ], [ 958154.6895, 162402.763 ], [ 958186.6491, 162431.1462 ], [ 958215.5581, 162462.8116 ], [ 958243.3646, 162502.1291 ], [ 958266.7345, 162546.9162 ], [ 958283.4418, 162592.4392 ], [ 957999.2904, 162736.2888 ], [ 957514.264, 163000.9537 ], [ 957474.3641, 163578.0906 ], [ 957417.6883, 163542.8134 ], [ 957278.7761, 163456.2574 ], [ 957173.0624, 163015.5399 ], [ 957062.5974, 162798.5247 ], [ 957010.3979, 162547.9266 ], [ 956665.6888, 162412.7857 ], [ 956897.3771, 162036.5393 ], [ 956910.6891, 162023.0443 ], [ 957011.5951, 161881.5725 ], [ 957072.3144, 161804.2674 ], [ 957134.9634, 161714.2089 ], [ 957200.3914, 161625.9691 ], [ 957202.8644, 161602.6495 ], [ 957211.7221, 161578.2297 ], [ 957223.0861, 161560.3651 ], [ 957238.3389, 161543.9535 ], [ 957254.708, 161532.6412 ], [ 957275.244, 161523.146 ], [ 957293.842, 161518.7534 ], [ 957321.6076, 161518.7227 ], [ 957343.5476, 161523.4346 ], [ 957362.1601, 161532.1579 ], [ 957215.3578, 161351.9791 ], [ 957214.3394, 161185.1189 ], [ 957351.3219, 161272.4053 ], [ 957772.0689, 161359.3819 ], [ 957889.1513, 161277.2813 ], [ 957521.3593, 161120.2938 ], [ 957587.3065, 160996.3505 ], [ 957458.1463, 160953.1377 ], [ 957437.8646, 160941.8659 ], [ 957421.7454, 160928.4036 ], [ 957408.3991, 160911.6593 ], [ 957398.6596, 160892.3608 ], [ 957392.807, 160872.6936 ], [ 957390.8352, 160847.193 ], [ 957394.6971, 160824.2362 ], [ 957403.2773, 160799.4525 ], [ 957416.8575, 160776.485 ], [ 957433.7729, 160756.4284 ], [ 957454.0247, 160740.3757 ], [ 957473.165, 160723.5957 ], [ 957489.2459, 160702.0827 ], [ 957500.881, 160677.6601 ], [ 957506.4086, 160654.3371 ], [ 957507.7677, 160627.7398 ], [ 957504.1304, 160602.6053 ], [ 957330.1372, 160445.0441 ], [ 957222.9077, 160150.4232 ], [ 957176.6806, 160030.247 ], [ 957173.886, 160014.2198 ], [ 957175.2582, 159999.6452 ], [ 957181.0698, 159982.1511 ], [ 957194.101, 159964.6489 ], [ 957211.5818, 159953.3354 ], [ 957229.9026, 159948.2144 ], [ 957331.4265, 159853.7414 ], [ 957283.2523, 159730.6526 ], [ 957332.5826, 159643.8884 ], [ 957417.8016, 159618.6557 ], [ 957434.9597, 159566.1738 ], [ 957338.7946, 159486.1283 ], [ 956977.9124, 159327.6841 ], [ 956865.2169, 159365.7007 ], [ 956739.5364, 159461.6602 ], [ 956515.5216, 159524.943 ], [ 956161.3721, 159429.896 ], [ 956089.1809, 158954.8984 ], [ 955481.4892, 158620.7939 ], [ 954776.0279, 158511.6121 ], [ 954325.4198, 158352.9518 ], [ 953860.2837, 158350.9782 ], [ 953888.1632, 158216.8714 ], [ 952863.9535, 157942.0123 ], [ 952764.1881, 158100.623 ], [ 952351.7279, 158672.0592 ], [ 952539.3086, 158780.3831 ], [ 952521.6678, 158880.9601 ], [ 952499.6808, 159055.5009 ], [ 952540.9736, 159205.5494 ], [ 952610.0741, 159386.5295 ], [ 952688.0319, 159546.3673 ], [ 952772.3408, 159679.6014 ], [ 952920.2827, 159848.8221 ], [ 953034.533, 159947.0432 ], [ 953237.5236, 159955.8917 ], [ 953374.9591, 160164.4757 ], [ 953392.0939, 160319.6569 ], [ 953372.8763, 160492.3719 ], [ 953427.3399, 160743.6879 ], [ 953462.7254, 160840.1895 ], [ 953532.5191, 160919.5244 ], [ 953618.9963, 161018.1477 ], [ 953680.7034, 161070.8974 ], [ 953969.7509, 161073.0861 ], [ 953980.9285, 161130.2714 ], [ 954045.4504, 161214.7149 ], [ 954114.6646, 161276.9288 ], [ 954236.0623, 161326.3271 ], [ 954491.8872, 161409.8078 ], [ 954975.6382, 161470.4275 ], [ 954999.409, 161611.7575 ], [ 954985.3354, 161683.911 ], [ 954955.0686, 161681.7615 ], [ 954877.319, 161676.3904 ], [ 954789.2954, 161670.3033 ], [ 954637.9615, 161659.9216 ], [ 954423.8665, 161640.5096 ], [ 954285.5869, 161634.1217 ], [ 954246.4399, 161635.9916 ], [ 953943.2575, 161648.7546 ], [ 953718.6718, 161677.8173 ], [ 953678.1431, 161684.7904 ], [ 953595.9853, 161706.7534 ], [ 953442.7887, 161760.5029 ], [ 953334.2794, 161802.1738 ], [ 953295.9829, 161817.5242 ], [ 953107.8354, 161896.0945 ], [ 952942.1477, 161950.5919 ], [ 952886.3551, 161962.3222 ], [ 952879.8127, 162056.3268 ], [ 952853.3638, 162430.5241 ], [ 952842.0726, 162501.9467 ], [ 952901.5118, 162520.0863 ], [ 952877.9337, 162536.8757 ], [ 952859.3556, 162555.4803 ], [ 952843.5586, 162577.7246 ], [ 952831.9292, 162602.1495 ], [ 952824.4658, 162627.662 ], [ 952821.9929, 162647.7032 ], [ 952772.6505, 162922.4691 ], [ 952558.5608, 162899.7946 ], [ 952502.3187, 163416.1185 ], [ 952490.4254, 163663.1474 ], [ 952478.3175, 163958.2677 ], [ 952455.1065, 164254.4955 ], [ 952405.7052, 164478.621 ], [ 951508.5979, 164396.0171 ], [ 951440.3614, 164645.3085 ], [ 951350.74, 164887.3425 ], [ 951272.4813, 165113.6953 ], [ 951029.142, 165817.5415 ] ] ] ] } },
{ "type": "Feature", "properties": { "ZCTA5CE20": "11580", "GEOID20": "11580", "CLASSFP20": "B5", "MTFCC20": "G6350", "FUNCSTAT20": "S", "ALAND20": 10068249, "AWATER20": 40010, "INTPTLAT20": "+40.6749000", "INTPTLON20": "-073.7021543" }, "geometry": { "type": "MultiPolygon", "coordinates": [ [ [ [ 1059634.8036, 182255.863 ], [ 1059645.6549, 182513.8423 ], [ 1059633.1456, 182790.33 ], [ 1059656.2728, 183025.759 ], [ 1059678.4801, 183289.2385 ], [ 1059704.0758, 183533.4192 ], [ 1059721.0611, 183691.5912 ], [ 1059719.6539, 183787.4057 ], [ 1059729.6053, 183798.7308 ], [ 1059734.3608, 183875.2549 ], [ 1059742.9988, 183952.1555 ], [ 1059747.0149, 183998.8022 ], [ 1059748.8933, 184019.2105 ], [ 1059749.9701, 184029.7794 ], [ 1059754.2522, 184080.0703 ], [ 1059760.7105, 184144.2125 ], [ 1059777.6293, 184323.5156 ], [ 1059789.6976, 184456.898 ], [ 1059802.8526, 184597.5703 ], [ 1059817.6061, 184759.3789 ], [ 1059830.7505, 184903.3302 ], [ 1059825.2388, 184980.9154 ], [ 1059822.4456, 184987.1004 ], [ 1059826.5396, 185008.6086 ], [ 1059854.2507, 185106.6997 ], [ 1059892.7332, 185219.7618 ], [ 1059936.7095, 185349.9647 ], [ 1059990.5588, 185516.2672 ], [ 1060016.3861, 185595.4074 ], [ 1060054.2997, 185712.4757 ], [ 1060101.0026, 185857.2606 ], [ 1060124.8374, 185952.4253 ], [ 1060152.5964, 186034.4864 ], [ 1060195.6797, 186183.2678 ], [ 1060246.7542, 186437.3659 ], [ 1060276.2212, 186593.7559 ], [ 1060293.1376, 186683.4341 ], [ 1060307.5997, 186759.6245 ], [ 1060350.7093, 186987.8304 ], [ 1060334.1443, 187228.9654 ], [ 1060326.3372, 187330.5892 ], [ 1060314.7672, 187482.4789 ], [ 1060302.646, 187633.2738 ], [ 1060294.5652, 187733.8038 ], [ 1060270.3808, 188105.7097 ], [ 1060282.4936, 188311.9588 ], [ 1060287.0845, 188440.2176 ], [ 1060292.7586, 188576.8594 ], [ 1060298.6768, 188724.0676 ], [ 1060275.1667, 189146.6178 ], [ 1060265.3635, 189354.62 ], [ 1060263.4062, 189359.7146 ], [ 1060261.0439, 189405.6129 ], [ 1060269.5843, 189423.8561 ], [ 1060294.9328, 189477.1278 ], [ 1060324.9993, 189529.3212 ], [ 1060340.4616, 189551.2295 ], [ 1060380.4959, 189608.5549 ], [ 1060453.9869, 189698.0464 ], [ 1060482.1869, 189726.1883 ], [ 1060530.0271, 189770.4225 ], [ 1060547.9999, 189787.6025 ], [ 1060609.4452, 189826.779 ], [ 1060644.318, 189849.4772 ], [ 1060760.8474, 189921.9814 ], [ 1060861.368, 189970.0256 ], [ 1060977.1586, 190012.6534 ], [ 1061090.7313, 190054.9104 ], [ 1061171.3592, 190078.8471 ], [ 1061360.4051, 190108.5929 ], [ 1061465.5081, 190110.3841 ], [ 1061587.2913, 190099.4772 ], [ 1061665.548, 190084.0602 ], [ 1061744.103, 190062.0865 ], [ 1061831.8449, 190029.2124 ], [ 1061981.5541, 189958.2821 ], [ 1062295.3928, 189817.5635 ], [ 1062600.5203, 189713.254 ], [ 1062829.7955, 189652.7869 ], [ 1063206.3769, 189580.4131 ], [ 1063309.0571, 189560.3445 ], [ 1063412.5909, 189533.7211 ], [ 1063493.9393, 189506.6615 ], [ 1063610.8582, 189457.8585 ], [ 1063997.6086, 189246.3556 ], [ 1064084.5856, 189194.9063 ], [ 1064595.5702, 188906.9476 ], [ 1064930.1354, 188713.8679 ], [ 1065125.2255, 188596.109 ], [ 1065277.8542, 188486.954 ], [ 1065327.9288, 188524.6471 ], [ 1065480.3339, 188648.6644 ], [ 1065564.2508, 188601.5821 ], [ 1065673.4529, 188540.7402 ], [ 1065955.858, 189016.7761 ], [ 1065913.0912, 189033.3915 ], [ 1066034.2923, 189362.4259 ], [ 1066139.2657, 189321.2458 ], [ 1066204.3414, 189432.9506 ], [ 1065980.0994, 189560.4397 ], [ 1065913.3896, 189604.6638 ], [ 1066026.9916, 189801.0561 ], [ 1066035.0011, 189810.92 ], [ 1066046.9129, 189814.9678 ], [ 1066073.0189, 189804.1257 ], [ 1066512.6553, 189540.7416 ], [ 1066584.9119, 189496.9024 ], [ 1066621.0199, 189480.9942 ], [ 1066640.9881, 189481.0619 ], [ 1066665.0965, 189486.973 ], [ 1066793.0895, 189527.4839 ], [ 1066723.3948, 189715.2422 ], [ 1066965.1114, 189587.8194 ], [ 1066995.1181, 189571.891 ], [ 1067053.9876, 189550.2317 ], [ 1067167.0047, 189509.0834 ], [ 1067330.4862, 189471.3871 ], [ 1067478.9846, 189435.8266 ], [ 1067583.8877, 189415.7837 ], [ 1067625.4945, 189414.1048 ], [ 1067672.9128, 189416.0892 ], [ 1067708.9703, 189415.1201 ], [ 1067789.1018, 189420.8605 ], [ 1067865.8801, 189433.8762 ], [ 1067939.5826, 189454.1682 ], [ 1067988.902, 189467.8184 ], [ 1068382.2359, 189608.7163 ], [ 1068493.3333, 189641.8911 ], [ 1068593.1015, 189663.0042 ], [ 1068669.0644, 189670.919 ], [ 1068707.6188, 189669.5956 ], [ 1068806.9081, 189668.848 ], [ 1068871.0001, 189661.0559 ], [ 1068938.9927, 189648.1769 ], [ 1068998.954, 189631.9911 ], [ 1069055.0429, 189612.8773 ], [ 1069156.1238, 189575.7042 ], [ 1069291.9165, 189525.9014 ], [ 1069378.0028, 189494.1418 ], [ 1069559.3461, 189425.555 ], [ 1069811.2612, 189321.1491 ], [ 1069831.946, 189354.0118 ], [ 1069858.2096, 189456.4814 ], [ 1069787.15, 189473.719 ], [ 1069814.2175, 189584.2068 ], [ 1069891.382, 189565.8978 ], [ 1069900.9937, 189592.8922 ], [ 1069946.3835, 189776.6753 ], [ 1070001.0951, 189990.7309 ], [ 1070038.0252, 190135.1365 ], [ 1070059.4535, 190192.7766 ], [ 1070072.0973, 190224.8824 ], [ 1070120.3441, 190384.2658 ], [ 1070179.0191, 190574.6543 ], [ 1070238.2375, 190767.9596 ], [ 1070297.1866, 190958.7137 ], [ 1070356.1348, 191149.468 ], [ 1070326.4296, 191158.471 ], [ 1070256.2491, 191320.35 ], [ 1070018.2622, 191412.4131 ], [ 1070011.3093, 191732.2718 ], [ 1070053.5801, 191855.5651 ], [ 1070051.3423, 191861.0222 ], [ 1070060.7032, 191958.6962 ], [ 1070122.8098, 191961.8303 ], [ 1070220.9084, 191981.4869 ], [ 1070397.7505, 192395.6299 ], [ 1070827.6594, 192683.1589 ], [ 1071011.2106, 192612.0404 ], [ 1070973.6578, 192567.0935 ], [ 1071013.4079, 192462.6722 ], [ 1070990.7393, 192365.3147 ], [ 1071046.2324, 192356.4046 ], [ 1071003.9571, 192236.0241 ], [ 1070983.8555, 192118.6375 ], [ 1071260.2386, 192067.5264 ], [ 1071384.6083, 192184.5584 ], [ 1071452.3793, 192154.5621 ], [ 1071513.4755, 192130.0069 ], [ 1071583.18, 192102.2039 ], [ 1071684.5528, 192059.2131 ], [ 1071744.5441, 192033.5615 ], [ 1071972.8429, 191936.744 ], [ 1071791.9275, 191505.0868 ], [ 1071587.8878, 191024.1632 ], [ 1071485.0709, 190773.1336 ], [ 1071395.8577, 190517.417 ], [ 1071325.0329, 190314.959 ], [ 1071294.0918, 190204.0913 ], [ 1071286.4715, 190163.6232 ], [ 1071282.3847, 190143.206 ], [ 1071513.3369, 189852.5693 ], [ 1071641.7191, 189859.2244 ], [ 1071737.8412, 189813.6646 ], [ 1071803.6789, 189706.424 ], [ 1071669.4199, 189482.9696 ], [ 1071481.9068, 189414.53 ], [ 1071465.2521, 189264.0013 ], [ 1071412.8548, 189258.3483 ], [ 1071419.0998, 189141.0559 ], [ 1071418.9478, 189028.8413 ], [ 1071411.573, 188919.8798 ], [ 1071390.0227, 188587.5323 ], [ 1071384.9923, 188520.8416 ], [ 1071384.5052, 188424.6564 ], [ 1071790.0522, 188408.262 ], [ 1072005.0365, 188398.1077 ], [ 1072160.901, 188400.1285 ], [ 1072440.9909, 188409.8876 ], [ 1072553.8306, 188421.5917 ], [ 1072724.8933, 188438.9733 ], [ 1073059.7949, 188476.9927 ], [ 1073043.5605, 188441.5932 ], [ 1073027.0475, 188406.5571 ], [ 1072949.9952, 188240.5048 ], [ 1072830.8391, 187983.2165 ], [ 1072740.5746, 187788.699 ], [ 1072716.1473, 187717.9297 ], [ 1072457.1245, 187480.1726 ], [ 1072509.0541, 187462.8733 ], [ 1072557.1286, 187437.9091 ], [ 1072633.0305, 187387.9074 ], [ 1072639.4178, 187385.7447 ], [ 1072595.8947, 187150.5927 ], [ 1072568.9668, 187004.398 ], [ 1072572.6613, 186980.0012 ], [ 1072615.5702, 186697.8006 ], [ 1072623.526, 186645.7301 ], [ 1072637.4484, 186554.698 ], [ 1072642.5235, 186303.328 ], [ 1072643.5173, 186258.8832 ], [ 1072647.8972, 186046.1297 ], [ 1072641.3264, 186022.4243 ], [ 1072598.6056, 185871.0715 ], [ 1072592.2657, 185860.1186 ], [ 1072538.8013, 185764.4695 ], [ 1072458.0519, 185620.2654 ], [ 1072252.5508, 185379.4261 ], [ 1072158.6374, 185269.4226 ], [ 1072151.1796, 185260.6516 ], [ 1072095.0148, 185143.8626 ], [ 1072058.6738, 185067.9504 ], [ 1071994.523, 184934.7379 ], [ 1071946.6165, 184835.1026 ], [ 1071882.7405, 184702.2557 ], [ 1071831.8067, 184595.6874 ], [ 1071737.9179, 184400.4322 ], [ 1071719.7424, 184363.5693 ], [ 1071680.086, 184283.2738 ], [ 1071602.1738, 184118.6804 ], [ 1071464.2426, 183827.0847 ], [ 1071407.5281, 183707.0164 ], [ 1071352.551, 183643.79 ], [ 1071612.3961, 183281.4851 ], [ 1071628.9645, 183302.6758 ], [ 1071728.5554, 183225.4317 ], [ 1071747.8847, 183250.2758 ], [ 1072177.3889, 182923.5641 ], [ 1072146.4651, 182883.0116 ], [ 1072247.457, 182802.86 ], [ 1072225.3234, 182786.385 ], [ 1072185.7602, 182756.731 ], [ 1071980.2042, 182600.4188 ], [ 1072003.5074, 182446.7554 ], [ 1070875.9471, 181548.2784 ], [ 1070476.9749, 181243.3723 ], [ 1070696.6994, 181244.1529 ], [ 1070829.223, 181191.4324 ], [ 1070720.6088, 180606.2954 ], [ 1070662.0947, 180364.9006 ], [ 1070599.8589, 180155.5538 ], [ 1070523.3591, 179899.8866 ], [ 1070620.3636, 179850.6822 ], [ 1070556.451, 179644.2443 ], [ 1070466.2031, 179352.8241 ], [ 1070360.156, 179369.5717 ], [ 1070289.932, 179142.3453 ], [ 1069135.3648, 179399.8744 ], [ 1069124.9222, 179371.0559 ], [ 1069109.5706, 179317.8101 ], [ 1068895.9982, 179377.9084 ], [ 1068802.6808, 179404.544 ], [ 1068592.4165, 179471.2145 ], [ 1068122.1414, 179629.5279 ], [ 1067911.8747, 179698.0259 ], [ 1067873.8343, 179706.6389 ], [ 1067784.7198, 179721.9987 ], [ 1067624.0503, 179729.4622 ], [ 1067347.7889, 179706.2919 ], [ 1067242.594, 179718.3197 ], [ 1067139.0179, 179743.8337 ], [ 1067073.4535, 179769.1132 ], [ 1066989.2643, 179804.8952 ], [ 1066965.9994, 179874.403 ], [ 1066928.0239, 179945.6825 ], [ 1066834.9166, 180075.0674 ], [ 1066738.0016, 180182.2157 ], [ 1066612.4604, 180304.2048 ], [ 1066014.9034, 180534.6296 ], [ 1065723.8626, 180618.9054 ], [ 1065697.1993, 180627.56 ], [ 1065053.6098, 180856.3969 ], [ 1064497.5775, 181038.9055 ], [ 1063695.6514, 181335.75 ], [ 1063472.048, 181418.816 ], [ 1063217.9019, 181510.1643 ], [ 1062994.859, 181592.5078 ], [ 1062780.9831, 181671.604 ], [ 1062535.446, 181761.8943 ], [ 1062179.6697, 181884.2587 ], [ 1061931.9537, 181963.2539 ], [ 1061699.3152, 182012.4246 ], [ 1061460.3456, 182046.2755 ], [ 1061231.9452, 182071.7827 ], [ 1060978.1262, 182064.422 ], [ 1060810.0024, 182066.0777 ], [ 1059957.8607, 182033.1687 ], [ 1059677.9701, 182023.5544 ], [ 1059646.6249, 182022.3641 ], [ 1059632.7719, 182195.3779 ], [ 1059634.8036, 182255.863 ] ] ] ] } },
{ "type": "Feature", "properties": { "ZCTA5CE20": "11694", "GEOID20": "11694", "CLASSFP20": "B5", "MTFCC20": "G6350", "FUNCSTAT20": "S", "ALAND20": 4525516, "AWATER20": 0, "INTPTLAT20": "+40.5753139", "INTPTLON20": "-073.8512354" }, "geometry": { "type": "MultiPolygon", "coordinates": [ [ [ [ 1016741.4467, 146375.7679 ], [ 1016772.8471, 146371.4379 ], [ 1016800.9155, 146365.6463 ], [ 1016830.6431, 146365.686 ], [ 1016849.5325, 146367.8973 ], [ 1016877.577, 146379.9576 ], [ 1016893.9537, 146391.2736 ], [ 1016925.3223, 146410.6249 ], [ 1016946.6994, 146422.312 ], [ 1016983.3422, 146444.9494 ], [ 1017012.4999, 146455.5541 ], [ 1016999.9682, 146477.3967 ], [ 1017026.6126, 146497.4705 ], [ 1017054.944, 146502.6092 ], [ 1017067.7506, 146482.9529 ], [ 1017097.183, 146495.744 ], [ 1017129.3976, 146505.6243 ], [ 1017158.562, 146511.1286 ], [ 1017193.2854, 146514.8188 ], [ 1017227.7309, 146518.5087 ], [ 1017263.574, 146516.007 ], [ 1017290.8069, 146511.6721 ], [ 1017329.714, 146503.3454 ], [ 1017377.2313, 146496.8522 ], [ 1017420.86, 146489.6252 ], [ 1017452.2623, 146483.8388 ], [ 1017488.9355, 146483.8888 ], [ 1017528.943, 146483.5792 ], [ 1017562.0064, 146482.1671 ], [ 1017588.6818, 146479.2891 ], [ 1017624.8022, 146477.1526 ], [ 1017693.1466, 146477.9751 ], [ 1017744.5436, 146478.7744 ], [ 1017788.7171, 146479.5639 ], [ 1017823.7237, 146479.2478 ], [ 1017861.786, 146479.3004 ], [ 1017902.9034, 146480.0859 ], [ 1017926.5186, 146480.1185 ], [ 1017952.3565, 146480.1543 ], [ 1017957.3705, 146470.6888 ], [ 1018001.2571, 146478.0361 ], [ 1018064.3055, 146491.2393 ], [ 1018098.7439, 146500.031 ], [ 1018152.3431, 146515.4072 ], [ 1018176.226, 146522.727 ], [ 1018198.1646, 146529.6798 ], [ 1018257.8647, 146553.0799 ], [ 1018301.7352, 146571.7219 ], [ 1018335.6085, 146587.0709 ], [ 1018403.3519, 146619.9551 ], [ 1018465.816, 146653.1964 ], [ 1018527.7232, 146687.1658 ], [ 1018557.4268, 146703.9666 ], [ 1018579.6342, 146717.1136 ], [ 1018605.4518, 146731.3587 ], [ 1018672.9043, 146772.9871 ], [ 1018714.5412, 146798.9131 ], [ 1018739.2457, 146814.2497 ], [ 1018861.0986, 146892.7526 ], [ 1018929.1017, 146937.297 ], [ 1018948.2537, 146949.7114 ], [ 1019019.8671, 146994.9899 ], [ 1019135.8882, 147070.5712 ], [ 1019276.6134, 147160.7616 ], [ 1019487.0035, 147296.9585 ], [ 1019643.5473, 147397.0108 ], [ 1021162.2744, 148377.4798 ], [ 1021297.9891, 148464.3955 ], [ 1021602.4366, 148662.6894 ], [ 1022340.5809, 149180.4468 ], [ 1022355.2881, 149190.6709 ], [ 1023393.3585, 149915.8686 ], [ 1023514.3228, 150009.6951 ], [ 1024017.6761, 150347.8779 ], [ 1024650.0144, 150787.5673 ], [ 1025067.5845, 151077.5386 ], [ 1025086.4438, 151095.0579 ], [ 1025307.6798, 151184.3256 ], [ 1025541.6687, 151287.097 ], [ 1025792.3089, 151397.55 ], [ 1026108.1116, 151411.2069 ], [ 1026301.426, 151419.5554 ], [ 1026416.7468, 151393.1592 ], [ 1026677.4012, 151333.1343 ], [ 1026985.2973, 151262.2653 ], [ 1027254.5693, 151200.0757 ], [ 1027326.5054, 151204.2106 ], [ 1027533.7026, 151216.601 ], [ 1027817.557, 151233.5022 ], [ 1028053.0838, 151247.4051 ], [ 1028068.6371, 151248.5261 ], [ 1028332.4891, 151266.4903 ], [ 1028601.0616, 151285.1947 ], [ 1028872.9676, 151303.5438 ], [ 1028889.0737, 151306.1236 ], [ 1028897.3206, 151353.1367 ], [ 1028911.1563, 151381.9438 ], [ 1028924.9773, 151418.7661 ], [ 1028944.0645, 151461.7916 ], [ 1028958.4556, 151490.5997 ], [ 1028964.5331, 151508.8272 ], [ 1028978.6558, 151532.5343 ], [ 1028993.6218, 151550.7781 ], [ 1029001.9288, 151565.0021 ], [ 1029018.3037, 151572.3187 ], [ 1029039.6684, 151585.1094 ], [ 1029063.7793, 151615.0285 ], [ 1029081.2733, 151617.9754 ], [ 1029098.7673, 151620.9222 ], [ 1029094.8349, 151644.5961 ], [ 1029114.5504, 151647.9114 ], [ 1029118.2024, 151625.6943 ], [ 1029164.5742, 151634.1593 ], [ 1029168.2181, 151616.3141 ], [ 1029195.1495, 151622.9217 ], [ 1029390.1157, 151637.8556 ], [ 1029665.6315, 151654.3986 ], [ 1029734.5036, 151662.1781 ], [ 1029848.0819, 151677.6924 ], [ 1031128.5492, 152133.7112 ], [ 1031131.0126, 152152.6609 ], [ 1031143.2257, 152157.0564 ], [ 1031369.7376, 152230.7235 ], [ 1031480.765, 152270.6502 ], [ 1031575.4155, 152304.7164 ], [ 1031682.2793, 152342.8144 ], [ 1031878.8199, 152401.1262 ], [ 1031886.5244, 152438.3025 ], [ 1031894.7809, 152477.3015 ], [ 1031901.9398, 152509.3762 ], [ 1031924.2412, 152609.9738 ], [ 1031947.0921, 152713.4871 ], [ 1031959.5133, 152753.223 ], [ 1031963.6246, 152781.2841 ], [ 1031999.0943, 152823.6155 ], [ 1032010.4343, 152848.0476 ], [ 1032039.305, 152856.1195 ], [ 1032066.222, 152868.9237 ], [ 1032387.8843, 152998.1651 ], [ 1032787.2713, 153148.6965 ], [ 1032868.314, 153179.0973 ], [ 1032921.8798, 153199.2423 ], [ 1033338.745, 153356.3757 ], [ 1033392.3328, 153365.2277 ], [ 1033449.5607, 153359.5141 ], [ 1033479.8662, 153344.2737 ], [ 1033510.7199, 153332.6777 ], [ 1033531.8598, 153317.4189 ], [ 1033561.0663, 153296.3471 ], [ 1033691.2371, 153205.8942 ], [ 1033839.7658, 153103.0922 ], [ 1033922.4203, 153159.7313 ], [ 1034134.3252, 153304.8023 ], [ 1034235.5621, 153373.8676 ], [ 1034331.5257, 153440.7366 ], [ 1034432.7006, 153539.3131 ], [ 1034485.1314, 153570.0247 ], [ 1034495.3011, 153487.3437 ], [ 1034546.591, 153398.1898 ], [ 1034422.6083, 153315.2318 ], [ 1034219.5723, 153180.3777 ], [ 1034421.5274, 152761.8185 ], [ 1034318.5898, 152708.4149 ], [ 1034413.1869, 152496.2078 ], [ 1034300.531, 152440.5982 ], [ 1034327.3083, 152386.0045 ], [ 1034353.8057, 152332.5031 ], [ 1034365.2426, 152308.8455 ], [ 1034440.9758, 152355.271 ], [ 1034463.168, 152369.1611 ], [ 1034756.3683, 151755.5146 ], [ 1034886.8147, 151805.6984 ], [ 1035041.4604, 151839.5387 ], [ 1035441.6179, 151889.197 ], [ 1035404.2368, 151833.3765 ], [ 1035460.7051, 151662.6265 ], [ 1035388.2598, 151637.6999 ], [ 1035205.6183, 151575.3814 ], [ 1035124.5906, 151536.5933 ], [ 1035074.6325, 151517.1796 ], [ 1034996.3585, 151489.6918 ], [ 1034915.0282, 151462.5622 ], [ 1034746.2529, 151409.7484 ], [ 1034698.2288, 151395.0758 ], [ 1034562.7852, 151342.3324 ], [ 1034538.921, 151330.6247 ], [ 1034474.825, 151296.9743 ], [ 1034445.6905, 151281.6125 ], [ 1034418.4981, 151267.3477 ], [ 1034347.9755, 151251.9008 ], [ 1034147.5644, 151182.9957 ], [ 1034115.0895, 151170.9064 ], [ 1033876.6332, 151096.4608 ], [ 1033708.0917, 151062.9639 ], [ 1033654.7849, 151050.1043 ], [ 1033630.634, 151042.4044 ], [ 1033613.426, 151035.4473 ], [ 1033576.7996, 151015.6994 ], [ 1033513.8214, 150977.682 ], [ 1033360.3513, 150908.1498 ], [ 1033215.2041, 150843.3717 ], [ 1033145.5479, 150810.4423 ], [ 1033085.589, 150789.9196 ], [ 1033038.6789, 150772.7022 ], [ 1032980.1174, 150747.8107 ], [ 1032934.3227, 150728.4098 ], [ 1032872.7425, 150684.9319 ], [ 1032826.1149, 150665.1652 ], [ 1032705.0773, 150627.7627 ], [ 1032541.8673, 150564.7742 ], [ 1032438.0519, 150527.0428 ], [ 1032348.9253, 150506.0999 ], [ 1032269.8901, 150438.9079 ], [ 1032166.3579, 150397.8994 ], [ 1032046.9818, 150361.9607 ], [ 1031935.1111, 150323.1227 ], [ 1031862.6604, 150297.1137 ], [ 1031811.2997, 150282.0759 ], [ 1031720.2663, 150241.0936 ], [ 1031675.0309, 150218.7816 ], [ 1031593.9782, 150187.6561 ], [ 1031553.7072, 150183.5702 ], [ 1031507.8685, 150185.6671 ], [ 1031465.928, 150183.0354 ], [ 1031431.2169, 150176.7745 ], [ 1031383.7489, 150159.5592 ], [ 1031347.3909, 150143.0942 ], [ 1031289.9535, 150109.8294 ], [ 1031223.3356, 150083.4693 ], [ 1031177.7949, 150075.0019 ], [ 1031126.9679, 150070.8964 ], [ 1031067.8296, 150055.1165 ], [ 1031022.0313, 150036.0835 ], [ 1030987.6292, 150013.4292 ], [ 1030908.5272, 149978.3022 ], [ 1030863.5641, 149958.1781 ], [ 1030850.2422, 149951.9591 ], [ 1030725.0374, 149911.2795 ], [ 1030654.8197, 149878.3562 ], [ 1030628.7298, 149866.648 ], [ 1030532.6969, 149823.4747 ], [ 1030468.015, 149800.7636 ], [ 1030399.4523, 149773.6734 ], [ 1030338.9619, 149737.8549 ], [ 1030216.8824, 149659.294 ], [ 1030181.6388, 149640.2825 ], [ 1030068.1383, 149578.4975 ], [ 1029968.7944, 149522.2045 ], [ 1029929.1125, 149499.5418 ], [ 1029875.0018, 149468.1083 ], [ 1029829.7536, 149450.9002 ], [ 1029807.5459, 149442.4792 ], [ 1029743.9912, 149410.2996 ], [ 1029718.4649, 149393.8573 ], [ 1029694.3261, 149378.1462 ], [ 1029519.7864, 149274.3524 ], [ 1029500.6395, 149263.0227 ], [ 1029348.2928, 149174.9375 ], [ 1029315.2904, 149145.0016 ], [ 1029248.1088, 149120.4675 ], [ 1029181.2055, 149095.5698 ], [ 1029133.7654, 149061.2356 ], [ 1029082.4165, 149037.4598 ], [ 1029008.0231, 149006.7195 ], [ 1028314.0777, 148701.97 ], [ 1027647.617, 148397.6537 ], [ 1027444.7201, 148296.7389 ], [ 1027235.4384, 148192.1713 ], [ 1026988.6539, 148085.718 ], [ 1026970.0568, 148076.5772 ], [ 1026756.3287, 147970.5487 ], [ 1026541.5027, 147855.7762 ], [ 1026262.7999, 147728.144 ], [ 1026244.4875, 147714.6324 ], [ 1026225.0501, 147709.1339 ], [ 1026199.5202, 147692.331 ], [ 1026155.3981, 147663.1089 ], [ 1026119.3062, 147649.2025 ], [ 1026096.8246, 147636.7767 ], [ 1026062.9583, 147621.0525 ], [ 1026039.0857, 147609.7174 ], [ 1026006.8899, 147591.8102 ], [ 1025935.2732, 147557.0766 ], [ 1025853.3777, 147521.9612 ], [ 1025814.5091, 147506.9575 ], [ 1025773.697, 147491.2218 ], [ 1025729.0054, 147469.6504 ], [ 1025684.8625, 147452.0876 ], [ 1025616.2965, 147419.9103 ], [ 1025590.1979, 147410.3935 ], [ 1025566.5928, 147404.8886 ], [ 1025495.2595, 147366.1491 ], [ 1025455.5897, 147331.8353 ], [ 1025431.1689, 147315.7637 ], [ 1025411.1882, 147302.6142 ], [ 1025310.9865, 147248.8891 ], [ 1025161.0505, 147197.6311 ], [ 1025055.8178, 147161.3862 ], [ 1025007.2385, 147137.988 ], [ 1024935.6178, 147103.9859 ], [ 1024875.3382, 147099.5133 ], [ 1024854.5054, 147097.2926 ], [ 1024821.1779, 147090.6792 ], [ 1024789.8152, 147072.0463 ], [ 1024747.1067, 147026.4346 ], [ 1024694.9207, 146999.7521 ], [ 1024612.763, 146952.982 ], [ 1024568.0471, 146944.8928 ], [ 1024552.4993, 146938.6735 ], [ 1024540.5675, 146929.9099 ], [ 1024529.765, 146910.2185 ], [ 1024467.296, 146885.3411 ], [ 1024397.6143, 146853.8941 ], [ 1024327.0882, 146829.0037 ], [ 1024297.942, 146813.6541 ], [ 1024265.4559, 146801.9422 ], [ 1024222.6819, 146795.3141 ], [ 1024192.4404, 146770.126 ], [ 1024129.985, 146736.5057 ], [ 1024078.6145, 146720.0269 ], [ 1024030.8603, 146700.6396 ], [ 1024011.4287, 146690.7711 ], [ 1023984.7783, 146677.9762 ], [ 1023941.7494, 146657.1394 ], [ 1023902.9151, 146619.5506 ], [ 1023882.3756, 146607.4945 ], [ 1023792.6913, 146574.5593 ], [ 1023770.4836, 146563.2292 ], [ 1023762.7109, 146559.209 ], [ 1023724.4106, 146534.737 ], [ 1023626.1627, 146471.1853 ], [ 1023555.0966, 146435.3666 ], [ 1023397.9689, 146358.9694 ], [ 1023360.7686, 146341.0577 ], [ 1023307.181, 146320.2051 ], [ 1023283.8545, 146313.2455 ], [ 1023263.3057, 146306.6547 ], [ 1023232.4866, 146294.2182 ], [ 1023209.4443, 146283.2516 ], [ 1023185.5696, 146271.555 ], [ 1023134.4921, 146244.5133 ], [ 1023084.2497, 146216.38 ], [ 1022823.6083, 146064.042 ], [ 1022582.6778, 145919.3886 ], [ 1022550.4847, 145896.7498 ], [ 1022517.7416, 145870.4669 ], [ 1022482.7826, 145839.8087 ], [ 1022437.5414, 145810.5916 ], [ 1022408.0967, 145806.9022 ], [ 1022359.7426, 145813.7486 ], [ 1022349.7337, 145818.1049 ], [ 1022403.5374, 145702.3338 ], [ 1022398.5426, 145698.3184 ], [ 1022392.9842, 145699.4027 ], [ 1022376.2758, 145723.7863 ], [ 1022324.7372, 145812.6009 ], [ 1022311.9226, 145834.4403 ], [ 1022257.9682, 145869.3312 ], [ 1022214.5988, 145886.7511 ], [ 1022195.4215, 145891.0931 ], [ 1022176.2498, 145891.7919 ], [ 1022157.9168, 145889.213 ], [ 1022117.3763, 145874.2126 ], [ 1022069.8962, 145855.1939 ], [ 1022032.413, 145839.4697 ], [ 1021896.6462, 145778.417 ], [ 1021869.158, 145767.0804 ], [ 1021826.3939, 145752.4414 ], [ 1021806.1187, 145748.0382 ], [ 1021800.5637, 145746.9366 ], [ 1021770.2836, 145744.3397 ], [ 1021733.0531, 145744.6466 ], [ 1021686.9364, 145742.0254 ], [ 1021652.7722, 145735.7793 ], [ 1021608.3387, 145722.5954 ], [ 1021576.6867, 145708.7024 ], [ 1021556.4214, 145697.7416 ], [ 1021536.7141, 145685.3244 ], [ 1021517.8419, 145671.8155 ], [ 1021378.7861, 145579.793 ], [ 1021355.7489, 145564.4563 ], [ 1021330.2051, 145553.1233 ], [ 1021308.8205, 145547.2615 ], [ 1021330.8446, 145498.1112 ], [ 1021397.1947, 145351.0251 ], [ 1021394.698, 145348.471 ], [ 1021327.5122, 145497.0131 ], [ 1021305.2097, 145546.5273 ], [ 1021274.0958, 145543.9297 ], [ 1021234.6423, 145544.2341 ], [ 1021194.0935, 145533.9714 ], [ 1021166.0491, 145522.6347 ], [ 1021111.9088, 145497.4143 ], [ 1021096.6393, 145489.7403 ], [ 1021074.1531, 145477.3192 ], [ 1021021.4118, 145445.5432 ], [ 1021005.5898, 145435.6826 ], [ 1020965.6069, 145418.4989 ], [ 1020934.7942, 145400.2362 ], [ 1020874.8336, 145365.1707 ], [ 1020834.0257, 145342.1569 ], [ 1020820.1419, 145336.6712 ], [ 1020789.5735, 145340.6328 ], [ 1020817.7366, 145273.275 ], [ 1020860.6693, 145176.7935 ], [ 1020855.3947, 145173.8709 ], [ 1020812.1836, 145270.7164 ], [ 1020778.1722, 145347.1736 ], [ 1020733.1715, 145340.9125 ], [ 1020664.8523, 145321.1367 ], [ 1020577.659, 145288.5815 ], [ 1020514.9267, 145248.4122 ], [ 1020458.0165, 145216.6312 ], [ 1020401.0997, 145189.2222 ], [ 1020364.7284, 145171.6806 ], [ 1020280.613, 145123.8294 ], [ 1020259.7953, 145109.9542 ], [ 1020234.2559, 145094.9791 ], [ 1020196.7697, 145079.6221 ], [ 1020226.3185, 145013.723 ], [ 1020299.6337, 144850.2496 ], [ 1020293.2475, 144847.3256 ], [ 1020221.0427, 145011.5292 ], [ 1020186.489, 145079.9712 ], [ 1020149.8261, 145071.5377 ], [ 1020115.9432, 145062.0153 ], [ 1020060.6922, 145034.9739 ], [ 1020024.5966, 145018.5262 ], [ 1019993.7801, 145002.0863 ], [ 1019974.6254, 144990.7641 ], [ 1019924.6493, 144966.281 ], [ 1019896.6106, 144950.2096 ], [ 1019849.4213, 144919.9016 ], [ 1019723.6564, 144851.9536 ], [ 1019673.1252, 144826.7416 ], [ 1019653.6882, 144818.3338 ], [ 1019640.6352, 144814.3073 ], [ 1019634.5465, 144797.9038 ], [ 1019651.2718, 144760.4027 ], [ 1019710.3663, 144629.3318 ], [ 1019703.7022, 144626.4075 ], [ 1019645.1634, 144757.4792 ], [ 1019628.7159, 144794.9807 ], [ 1019617.5894, 144803.7083 ], [ 1019602.8339, 144824.0891 ], [ 1019565.0495, 144822.2126 ], [ 1019515.0505, 144813.032 ], [ 1019453.3914, 144797.2768 ], [ 1019367.0386, 144757.4406 ], [ 1019330.3823, 144743.9077 ], [ 1019280.9597, 144720.1554 ], [ 1019251.5236, 144709.1834 ], [ 1019175.99, 144680.6575 ], [ 1019094.0725, 144647.3865 ], [ 1019072.7158, 144621.1246 ], [ 1019079.6922, 144600.0037 ], [ 1019074.1368, 144598.9028 ], [ 1019054.1109, 144613.4472 ], [ 1019029.3918, 144606.854 ], [ 1018993.2803, 144600.6089 ], [ 1018962.447, 144595.1 ], [ 1018918.0156, 144577.9134 ], [ 1018864.7014, 144554.8851 ], [ 1018815.8284, 144534.7778 ], [ 1018751.965, 144505.1768 ], [ 1018687.8251, 144474.4827 ], [ 1018650.054, 144462.7709 ], [ 1018611.7308, 144448.5081 ], [ 1018587.299, 144434.9936 ], [ 1018547.3271, 144407.6129 ], [ 1018502.36, 144375.8533 ], [ 1018473.2035, 144363.061 ], [ 1018448.7706, 144350.2752 ], [ 1018423.5025, 144338.5814 ], [ 1018398.5122, 144326.8879 ], [ 1018373.2472, 144313.0081 ], [ 1018346.8732, 144297.3052 ], [ 1018319.1013, 144287.7939 ], [ 1018280.7802, 144271.71 ], [ 1018231.3566, 144247.2312 ], [ 1018176.6578, 144219.8305 ], [ 1018132.2343, 144196.0875 ], [ 1018095.035, 144172.3547 ], [ 1018071.4332, 144161.0278 ], [ 1018045.0558, 144147.5111 ], [ 1018012.015, 144130.342 ], [ 1017940.3767, 144095.6319 ], [ 1017888.4573, 144067.1428 ], [ 1017859.8604, 144051.073 ], [ 1017813.7777, 144021.1347 ], [ 1017765.1933, 143991.9218 ], [ 1017690.23, 144152.1216 ], [ 1017373.1126, 144827.8746 ], [ 1017077.9743, 145494.5534 ], [ 1017021.6788, 145622.3555 ], [ 1017009.4157, 145650.7564 ], [ 1016918.2801, 145861.5779 ], [ 1016826.8663, 146073.8568 ], [ 1016820.1779, 146089.1495 ], [ 1016803.7239, 146135.3967 ], [ 1016719.4997, 146374.6456 ], [ 1016741.4467, 146375.7679 ] ] ] ] } },
{ "type": "Feature", "properties": { "ZCTA5CE20": "10303", "GEOID20": "10303", "CLASSFP20": "B5", "MTFCC20": "G6350", "FUNCSTAT20": "S", "ALAND20": 8208234, "AWATER20": 38279, "INTPTLAT20": "+40.6298846", "INTPTLON20": "-074.1741296" }, "geometry": { "type": "MultiPolygon", "coordinates": [ [ [ [ 929871.5697, 170766.4212 ], [ 929880.1941, 170775.5101 ], [ 930052.7404, 171108.4848 ], [ 930097.0925, 171208.2118 ], [ 930140.6043, 171304.6619 ], [ 930196.6683, 171429.5016 ], [ 930237.624, 171500.0902 ], [ 930649.3979, 172210.347 ], [ 931418.101, 172690.306 ], [ 931457.6462, 172880.7636 ], [ 931770.2109, 173298.6998 ], [ 932313.7028, 172697.8487 ], [ 932394.806, 172858.3442 ], [ 932155.4834, 173461.8188 ], [ 932557.3233, 173718.5409 ], [ 932888.9473, 174108.3977 ], [ 933233.2028, 173778.3202 ], [ 933261.5755, 174206.7105 ], [ 934099.1278, 174217.7197 ], [ 934127.856, 174422.4128 ], [ 934356.6556, 174486.7925 ], [ 934653.7968, 174316.4076 ], [ 934609.3671, 173623.182 ], [ 934845.044, 173518.1397 ], [ 935206.5284, 173869.713 ], [ 935473.0513, 173785.3813 ], [ 935560.5063, 174358.294 ], [ 936016.3893, 174325.3243 ], [ 936398.9951, 174002.5021 ], [ 936491.5766, 173664.9524 ], [ 936773.9866, 173612.3003 ], [ 936742.3043, 173163.1458 ], [ 936942.9028, 172994.4352 ], [ 937129.4577, 173310.6738 ], [ 937331.1117, 173256.7276 ], [ 937372.9963, 173245.7169 ], [ 937674.3824, 172954.404 ], [ 937786.4494, 173216.8699 ], [ 938278.3682, 173002.0743 ], [ 938300.1666, 173375.8334 ], [ 938538.4471, 173317.4561 ], [ 938592.2965, 173027.3499 ], [ 938824.9428, 172921.9877 ], [ 939087.3643, 173007.8444 ], [ 939590.6384, 172620.7272 ], [ 939475.5906, 172086.8344 ], [ 939713.6531, 172052.5146 ], [ 939792.0194, 172563.1587 ], [ 940230.0306, 172447.9627 ], [ 940436.1818, 172417.7154 ], [ 940759.4966, 172412.3986 ], [ 940928.1025, 172181.8425 ], [ 941176.7983, 172195.9737 ], [ 941370.785, 172190.5302 ], [ 941417.1206, 171553.2395 ], [ 941971.2588, 171648.452 ], [ 941861.514, 172059.2403 ], [ 942322.0158, 172099.9751 ], [ 942627.553, 171596.678 ], [ 942782.1341, 171591.3133 ], [ 942747.5552, 171820.5343 ], [ 942855.0129, 172013.0804 ], [ 942946.9934, 172081.4176 ], [ 943578.4686, 172130.6301 ], [ 943696.4807, 172166.5014 ], [ 943691.0054, 172211.6872 ], [ 944046.6054, 172259.5521 ], [ 944078.1935, 172228.8964 ], [ 944346.7886, 172024.7949 ], [ 944492.5597, 172403.8211 ], [ 944539.1778, 172399.373 ], [ 944395.7684, 171936.9116 ], [ 944481.0578, 171989.2351 ], [ 944405.7046, 171733.9649 ], [ 944182.4742, 171006.4054 ], [ 944086.068, 170947.5434 ], [ 943848.5602, 170824.7943 ], [ 943830.113, 170747.2232 ], [ 944060.681, 170868.8906 ], [ 943954.2594, 170461.3844 ], [ 943896.044, 170002.4284 ], [ 943870.8248, 169858.561 ], [ 943833.8593, 169661.5213 ], [ 943817.556, 169371.5439 ], [ 943811.2908, 169276.1006 ], [ 943808.3448, 169173.7295 ], [ 943798.1256, 168870.6262 ], [ 943833.8831, 168506.9682 ], [ 943853.2284, 168288.704 ], [ 943872.2892, 168066.0685 ], [ 943868.9448, 167890.8327 ], [ 943859.0321, 167772.0785 ], [ 943836.262, 167600.1539 ], [ 943784.2455, 167368.5284 ], [ 943681.182, 166989.0713 ], [ 943630.1007, 166986.6063 ], [ 943527.1083, 166983.4996 ], [ 942953.1641, 167053.6897 ], [ 942891.5275, 166720.7996 ], [ 942862.9238, 166551.0718 ], [ 942845.9122, 166505.1956 ], [ 942820.7614, 166407.2345 ], [ 942778.9811, 166324.9678 ], [ 942747.7779, 166259.4422 ], [ 942716.8833, 166212.1324 ], [ 942607.8401, 166081.8898 ], [ 942520.217, 165978.2068 ], [ 942423.1364, 165863.975 ], [ 942345.8063, 165773.755 ], [ 942246.2753, 165688.3099 ], [ 942180.9424, 165633.4095 ], [ 940667.1197, 165776.7057 ], [ 939165.5273, 165918.9805 ], [ 939183.2642, 166052.6557 ], [ 939186.9021, 166068.315 ], [ 939171.361, 166070.8941 ], [ 939150.1219, 165994.7891 ], [ 939118.9658, 165810.4974 ], [ 938703.8362, 165901.6245 ], [ 938544.1524, 165869.499 ], [ 938517.4139, 165822.5511 ], [ 938503.4499, 165778.1294 ], [ 938449.0652, 165792.0762 ], [ 938416.5621, 165632.5622 ], [ 938397.7775, 165534.5937 ], [ 938348.1731, 165286.9449 ], [ 937936.3562, 165517.2517 ], [ 937478.2359, 165773.1575 ], [ 937410.5298, 165644.6804 ], [ 937387.4048, 165601.37 ], [ 937372.09, 165577.3539 ], [ 937359.2729, 165552.9687 ], [ 937281.8091, 165403.7441 ], [ 937176.3424, 165417.0638 ], [ 937081.4108, 165423.077 ], [ 936982.8619, 165424.7257 ], [ 936889.577, 165420.8996 ], [ 936805.4468, 165413.777 ], [ 936718.8088, 165401.9234 ], [ 936632.718, 165386.0614 ], [ 936547.4521, 165366.1906 ], [ 936469.3997, 165344.1198 ], [ 936383.8388, 165315.5063 ], [ 936306.0478, 165285.4204 ], [ 936208.2413, 165241.5298 ], [ 936124.3158, 165197.9765 ], [ 936033.7106, 165146.0572 ], [ 935955.8782, 165095.5702 ], [ 935880.5375, 165041.7995 ], [ 935801.0126, 164978.2006 ], [ 935727.0352, 164912.4049 ], [ 935671.6812, 164858.2307 ], [ 935612.1458, 164795.6854 ], [ 935553.4328, 164728.0381 ], [ 935494.9809, 164652.3752 ], [ 935435.9516, 164565.7838 ], [ 935389.4353, 164489.3685 ], [ 935344.8466, 164405.2986 ], [ 934995.8293, 163697.7513 ], [ 934987.465, 163680.2806 ], [ 934863.9709, 163432.4244 ], [ 934705.0697, 163113.5972 ], [ 934581.849, 162866.4706 ], [ 934543.6471, 162785.6681 ], [ 934505.9718, 162691.0201 ], [ 934473.8432, 162593.4463 ], [ 934452.8551, 162512.973 ], [ 934436.5958, 162436.862 ], [ 934422.8158, 162351.2734 ], [ 934417.7339, 162310.1149 ], [ 934417.3883, 162276.9619 ], [ 934416.0888, 162184.7898 ], [ 934410.3283, 162083.5188 ], [ 934397.8542, 161957.8516 ], [ 934380.1194, 161839.4818 ], [ 934357.3942, 161724.7654 ], [ 934329.1113, 161607.8746 ], [ 934296.1176, 161495.7297 ], [ 934258.408, 161385.7805 ], [ 934228.2607, 161307.8766 ], [ 933932.4791, 161405.7619 ], [ 933775.4223, 161452.7212 ], [ 933729.6469, 161471.0325 ], [ 933283.2746, 161651.2126 ], [ 933312.8135, 161702.5208 ], [ 933357.6627, 161772.742 ], [ 933406.3951, 161841.1335 ], [ 933462.0714, 161910.9679 ], [ 933523.5758, 161979.6973 ], [ 933588.9601, 162045.1399 ], [ 933651.2687, 162100.3878 ], [ 933698.544, 162136.3579 ], [ 933766.6872, 162193.78 ], [ 933834.8498, 162260.6747 ], [ 933898.0249, 162332.6806 ], [ 933950.3647, 162401.4301 ], [ 933992.9769, 162465.4635 ], [ 934100.5473, 162659.0633 ], [ 934175.2577, 162805.7331 ], [ 934241.9037, 162946.5905 ], [ 934319.7307, 163124.5864 ], [ 934379.4535, 163274.9309 ], [ 934433.6206, 163424.1939 ], [ 934487.2572, 163585.8453 ], [ 934537.2981, 163754.4263 ], [ 935004.8648, 165554.708 ], [ 935016.7154, 165649.0447 ], [ 935023.2936, 165744.4851 ], [ 935024.8756, 165840.2999 ], [ 935024.894, 165849.4081 ], [ 935023.8271, 165870.9055 ], [ 935023.0349, 165890.9451 ], [ 935020.6411, 165942.6844 ], [ 935012.4886, 166029.4108 ], [ 934997.6965, 166127.4448 ], [ 934980.3803, 166212.7324 ], [ 934956.4158, 166304.9558 ], [ 934929.3831, 166389.8988 ], [ 934685.0397, 166907.7404 ], [ 934859.5816, 167012.3115 ], [ 934887.9307, 167029.3773 ], [ 934930.1765, 167054.7945 ], [ 934604.7796, 167434.3571 ], [ 934197.3655, 167745.9635 ], [ 933819.3689, 168049.5006 ], [ 933310.1976, 168405.7813 ], [ 933043.2466, 168575.0257 ], [ 932505.3009, 168964.5377 ], [ 932493.6089, 168948.5322 ], [ 932474.4255, 168933.9999 ], [ 932426.3266, 168896.941 ], [ 932082.8528, 168583.6251 ], [ 932034.5204, 168567.6984 ], [ 931998.7219, 168571.7829 ], [ 931940.5041, 168605.7906 ], [ 931902.8748, 168661.978 ], [ 931867.2703, 168756.0512 ], [ 931843.6217, 168988.1788 ], [ 931807.7537, 169088.4463 ], [ 931763.9883, 169130.4384 ], [ 931697.9964, 169162.6417 ], [ 931661.9078, 169160.5338 ], [ 931607.9989, 169132.5972 ], [ 931567.9344, 169088.9647 ], [ 931451.103, 168845.1186 ], [ 931404.882, 168778.9114 ], [ 931282.1407, 168499.3749 ], [ 931268.2223, 168481.1889 ], [ 931197.8255, 168403.3763 ], [ 931133.9002, 168365.6257 ], [ 931075.8555, 168351.5438 ], [ 931027.8697, 168367.6792 ], [ 930975.7859, 168413.6986 ], [ 930943.9876, 168469.8747 ], [ 930944.1282, 168533.9961 ], [ 930960.6004, 168704.1009 ], [ 930950.8577, 168818.1568 ], [ 930935.0965, 168972.302 ], [ 930927.2659, 169072.1449 ], [ 930899.4465, 169170.2101 ], [ 930845.488, 169246.473 ], [ 930790.0491, 169280.4773 ], [ 930723.7372, 169292.646 ], [ 930603.5292, 169283.0741 ], [ 930375.5673, 169247.5097 ], [ 930195.4304, 169249.7311 ], [ 930121.3736, 169273.9415 ], [ 930049.5918, 169322.557 ], [ 930011.6766, 169372.5545 ], [ 930003.7126, 169410.8266 ], [ 930017.7111, 169464.7159 ], [ 930092.0521, 169568.3836 ], [ 930172.124, 169628.3195 ], [ 930540.3, 169811.1245 ], [ 930762.6433, 169944.707 ], [ 930843.0251, 170020.6748 ], [ 930871.6664, 170044.6575 ], [ 930840.9039, 170065.8561 ], [ 930815.1367, 170086.6794 ], [ 929853.4866, 170747.5166 ], [ 929871.5697, 170766.4212 ] ] ] ] } },
{ "type": "Feature", "properties": { "ZCTA5CE20": "10466", "GEOID20": "10466", "CLASSFP20": "B5", "MTFCC20": "G6350", "FUNCSTAT20": "S", "ALAND20": 5218976, "AWATER20": 5140, "INTPTLAT20": "+40.8909641", "INTPTLON20": "-073.8462394" }, "geometry": { "type": "MultiPolygon", "coordinates": [ [ [ [ 1021687.7669, 262938.5147 ], [ 1021890.7243, 263467.1237 ], [ 1022116.3926, 263965.1654 ], [ 1022224.3716, 264222.5593 ], [ 1022323.7282, 264511.2735 ], [ 1022349.874, 264587.462 ], [ 1022360.8827, 264619.5413 ], [ 1022389.7798, 264704.114 ], [ 1022579.949, 265258.2131 ], [ 1022459.3272, 265309.0303 ], [ 1022432.2153, 265320.2821 ], [ 1022364.4343, 265349.3226 ], [ 1022160.8156, 265436.445 ], [ 1022045.1743, 265485.8146 ], [ 1021971.5844, 265517.3976 ], [ 1022136.3701, 265864.1436 ], [ 1022231.963, 266257.4178 ], [ 1022282.7166, 266506.7071 ], [ 1022339.8041, 266770.9445 ], [ 1022423.838, 266776.1777 ], [ 1022583.6731, 267271.9349 ], [ 1022550.3285, 267030.3235 ], [ 1022546.6765, 266892.2323 ], [ 1022560.2973, 266670.3697 ], [ 1022595.9373, 266510.1158 ], [ 1022646.547, 266324.3818 ], [ 1022679.6232, 266386.7367 ], [ 1022887.7211, 266780.5568 ], [ 1023157.7686, 267326.7731 ], [ 1023261.5044, 267284.6763 ], [ 1023332.602, 267253.4576 ], [ 1023560.308, 267137.2367 ], [ 1023783.3118, 267023.9251 ], [ 1024005.4907, 266909.1569 ], [ 1023968.0134, 266835.8627 ], [ 1023771.2504, 266452.982 ], [ 1023993.7079, 266340.0358 ], [ 1024181.1025, 266702.4997 ], [ 1024295.6528, 266643.3012 ], [ 1024373.4194, 266593.5151 ], [ 1024421.9045, 266696.7042 ], [ 1024529.8145, 266641.1391 ], [ 1024568.4181, 266701.3198 ], [ 1024702.3243, 266640.3337 ], [ 1024823.0978, 266827.8074 ], [ 1024811.4746, 266835.0747 ], [ 1024928.0855, 267030.9218 ], [ 1024949.1178, 267017.8409 ], [ 1025013.0697, 267127.6153 ], [ 1025100.2392, 267075.6613 ], [ 1025533.0261, 267803.6217 ], [ 1025839.8241, 268317.5045 ], [ 1026241.6311, 268074.8175 ], [ 1026374.1814, 267996.7142 ], [ 1026414.5835, 267972.7379 ], [ 1026449.739, 267945.4735 ], [ 1026481.8613, 267913.8317 ], [ 1026509.8441, 267878.175 ], [ 1026533.1326, 267839.5954 ], [ 1026550.614, 267802.0988 ], [ 1026563.3984, 267763.1365 ], [ 1026600.4213, 267774.8602 ], [ 1026609.668, 267861.9541 ], [ 1026634.5483, 267861.6333 ], [ 1026685.4224, 267856.6216 ], [ 1026680.85, 267941.8696 ], [ 1026762.9099, 267966.4244 ], [ 1026791.033, 268323.1647 ], [ 1026793.7301, 268361.4253 ], [ 1026825.2425, 268362.2094 ], [ 1026801.0682, 268590.2451 ], [ 1026806.9455, 268706.4805 ], [ 1026977.1174, 268769.0827 ], [ 1026896.3443, 268957.3052 ], [ 1027045.1176, 268926.5986 ], [ 1027104.555, 268923.789 ], [ 1027171.7085, 268934.4739 ], [ 1027175.924, 268895.4967 ], [ 1027179.2502, 268734.4634 ], [ 1027257.211, 268730.594 ], [ 1027539.4479, 268730.7325 ], [ 1027822.7931, 268729.419 ], [ 1028095.9019, 268732.8268 ], [ 1028114.8226, 268664.729 ], [ 1028122.3351, 268637.7813 ], [ 1028125.1173, 268627.9491 ], [ 1028165.4636, 268482.6497 ], [ 1028186.1002, 268383.2218 ], [ 1028190.0047, 268364.2831 ], [ 1028198.6952, 268297.6242 ], [ 1028203.7815, 268236.7883 ], [ 1028215.3112, 268128.964 ], [ 1028239.1638, 267933.3556 ], [ 1028250.6038, 267875.0817 ], [ 1028263.1271, 267829.1974 ], [ 1028279.2442, 267783.3196 ], [ 1028301.1845, 267727.6151 ], [ 1028325.5976, 267680.2951 ], [ 1028358.0477, 267622.0595 ], [ 1028423.2247, 267505.5888 ], [ 1028428.7715, 267495.7617 ], [ 1028431.8224, 267490.3022 ], [ 1028433.7635, 267487.0266 ], [ 1028437.3692, 267480.4751 ], [ 1028457.8934, 267443.714 ], [ 1028467.878, 267425.8795 ], [ 1028471.4838, 267419.3279 ], [ 1028658.1027, 267108.5214 ], [ 1028679.1924, 267065.2034 ], [ 1028697.5177, 267021.8803 ], [ 1028707.5468, 266979.9994 ], [ 1028715.93, 266931.193 ], [ 1028716.2245, 266921.3563 ], [ 1028717.6991, 266871.0798 ], [ 1028701.5502, 266782.8795 ], [ 1028692.4774, 266755.5372 ], [ 1028688.0789, 266742.0485 ], [ 1028651.2325, 266633.7714 ], [ 1028618.4852, 266551.3701 ], [ 1028580.2532, 266444.5479 ], [ 1028560.7561, 266372.7369 ], [ 1028559.6909, 266350.5101 ], [ 1028561.431, 266306.0636 ], [ 1028567.5971, 266260.1678 ], [ 1028572.8912, 266237.5883 ], [ 1028579.0226, 266210.6383 ], [ 1028590.1537, 266170.9454 ], [ 1028646.8502, 266008.1885 ], [ 1028765.3538, 265610.9093 ], [ 1028926.1873, 265049.7552 ], [ 1029213.6054, 264962.8451 ], [ 1029222.1808, 264960.3106 ], [ 1029514.0538, 264857.7457 ], [ 1029701.3754, 264779.3988 ], [ 1029820.6361, 264726.7934 ], [ 1030257.5142, 264558.5649 ], [ 1030500.7221, 264463.2064 ], [ 1030505.1493, 264461.3931 ], [ 1030559.6583, 264439.2725 ], [ 1030738.6529, 264381.3208 ], [ 1030780.9817, 264367.1927 ], [ 1030983.2602, 264279.0472 ], [ 1031025.8778, 264258.7264 ], [ 1031228.1129, 264193.9007 ], [ 1031246.0942, 264188.8348 ], [ 1031607.4745, 264039.4301 ], [ 1031771.0364, 263958.5023 ], [ 1031821.4448, 263913.7873 ], [ 1032007.8906, 263866.4255 ], [ 1032020.3412, 263862.078 ], [ 1032564.8574, 263667.5068 ], [ 1032569.0077, 263666.0577 ], [ 1032635.1366, 263642.1432 ], [ 1032800.8997, 263569.6066 ], [ 1032905.413, 263569.8163 ], [ 1032909.8368, 263569.8252 ], [ 1032899.4122, 263528.9981 ], [ 1032902.485, 263513.3376 ], [ 1032907.7918, 263486.7513 ], [ 1032922.7128, 263491.5177 ], [ 1032973.0005, 263508.3785 ], [ 1033012.2321, 263523.3955 ], [ 1033032.1577, 263514.3271 ], [ 1033361.9918, 263388.2029 ], [ 1033365.1893, 263447.597 ], [ 1033324.9194, 263535.686 ], [ 1033280.9013, 263563.2868 ], [ 1033216.7792, 263551.4981 ], [ 1033160.9531, 263538.9977 ], [ 1033104.7043, 263599.0005 ], [ 1033112.6012, 263659.1327 ], [ 1033128.5325, 263711.2657 ], [ 1033120.7106, 263750.9631 ], [ 1033140.842, 263776.872 ], [ 1033155.1436, 263814.428 ], [ 1033156.9841, 263861.4318 ], [ 1033151.6617, 263895.6692 ], [ 1033131.4437, 263912.7524 ], [ 1033117.3113, 263928.3905 ], [ 1033104.5723, 263938.5664 ], [ 1033110.0337, 263972.4612 ], [ 1033120.4541, 264015.1101 ], [ 1033187.1761, 263971.1596 ], [ 1033199.3577, 263963.1687 ], [ 1033546.8654, 263845.0982 ], [ 1033743.0338, 263777.3664 ], [ 1034095.8084, 263655.3068 ], [ 1034140.3554, 263639.7319 ], [ 1034078.5358, 263584.2247 ], [ 1033864.5576, 263436.5915 ], [ 1033658.3112, 263292.6194 ], [ 1032982.468, 262788.0949 ], [ 1032778.1901, 262622.2738 ], [ 1032585.4803, 262477.6094 ], [ 1032440.7459, 262400.445 ], [ 1032095.7335, 262227.4277 ], [ 1031838.0016, 262100.8579 ], [ 1031633.8719, 261993.7058 ], [ 1031385.82, 261863.5164 ], [ 1031163.742, 261741.3954 ], [ 1031076.1697, 261698.9624 ], [ 1030897.0899, 261646.8804 ], [ 1030611.0122, 261587.6723 ], [ 1030552.411, 261577.3586 ], [ 1030480.2759, 261559.0038 ], [ 1030423.9041, 261539.5862 ], [ 1030360.3573, 261512.5039 ], [ 1030307.5952, 261485.078 ], [ 1030257.0513, 261454.3773 ], [ 1030138.562, 261382.7417 ], [ 1030055.9804, 261331.5777 ], [ 1030001.328, 261279.738 ], [ 1029707.3599, 261001.1925 ], [ 1029539.3356, 260799.7616 ], [ 1029422.5524, 260700.0785 ], [ 1029326.9982, 260633.9549 ], [ 1029094.9416, 260512.9274 ], [ 1028841.8741, 260387.8557 ], [ 1028590.7383, 260263.5188 ], [ 1028366.9518, 260152.715 ], [ 1028141.7826, 260040.8178 ], [ 1027937.9956, 259878.3178 ], [ 1027738.3551, 259715.0984 ], [ 1027666.8392, 259655.5826 ], [ 1027650.2719, 259641.708 ], [ 1027566.2909, 259748.3094 ], [ 1027580.6251, 259773.8389 ], [ 1027552.9307, 259796.7428 ], [ 1027251.7618, 259965.6246 ], [ 1026484.1993, 260389.4596 ], [ 1026004.7971, 260654.5971 ], [ 1025988.6614, 260711.0421 ], [ 1025881.9812, 260677.3392 ], [ 1025800.2357, 260777.0282 ], [ 1025618.9725, 260859.4232 ], [ 1025591.1384, 260803.9959 ], [ 1025548.4217, 260719.396 ], [ 1025416.1491, 260774.915 ], [ 1025469.8402, 260910.541 ], [ 1025024.5962, 261101.4306 ], [ 1025012.7482, 261076.2712 ], [ 1024881.3206, 261124.5077 ], [ 1024898.9566, 261160.9713 ], [ 1024858.5722, 261168.5547 ], [ 1024202.7719, 261442.5414 ], [ 1024153.535, 261453.0261 ], [ 1023556.6668, 261715.1042 ], [ 1023398.77, 261720.3136 ], [ 1023330.1976, 261718.7455 ], [ 1023348.102, 261761.4022 ], [ 1023185.1253, 261830.7288 ], [ 1023190.8916, 261855.8776 ], [ 1022937.1506, 261969.1453 ], [ 1022837.5368, 262013.436 ], [ 1022687.5632, 262080.2362 ], [ 1022557.561, 262107.7202 ], [ 1022507.6992, 261989.9593 ], [ 1022402.5566, 262033.8787 ], [ 1022206.9373, 262115.548 ], [ 1022261.4666, 262255.1761 ], [ 1021892.9172, 262411.9957 ], [ 1021887.4075, 262398.8709 ], [ 1021767.6064, 262447.1423 ], [ 1021730.6909, 262359.279 ], [ 1021714.9876, 262322.092 ], [ 1021472.8918, 262422.2768 ], [ 1021687.7669, 262938.5147 ] ] ] ] } },
{ "type": "Feature", "properties": { "ZCTA5CE20": "10308", "GEOID20": "10308", "CLASSFP20": "B5", "MTFCC20": "G6350", "FUNCSTAT20": "S", "ALAND20": 5660015, "AWATER20": 64656, "INTPTLAT20": "+40.5528280", "INTPTLON20": "-074.1515250" }, "geometry": { "type": "MultiPolygon", "coordinates": [ [ [ [ 938250.2326, 143576.9466 ], [ 938405.553, 143869.9352 ], [ 938434.0403, 144095.0344 ], [ 938445.0652, 144195.203 ], [ 938469.6571, 144417.7593 ], [ 938536.0892, 145023.1426 ], [ 938562.0885, 145256.2619 ], [ 938572.5478, 145351.6954 ], [ 938576.7906, 145391.7632 ], [ 938607.955, 145416.4789 ], [ 939084.5956, 145794.1234 ], [ 940447.4468, 146449.2393 ], [ 940585.9243, 146515.6619 ], [ 940665.4512, 146553.7735 ], [ 941115.3578, 146769.7454 ], [ 941846.0918, 147120.7636 ], [ 942085.8697, 146971.338 ], [ 942072.4875, 146944.4011 ], [ 941995.078, 146683.6786 ], [ 942018.1223, 146674.8948 ], [ 942069.2679, 146689.7434 ], [ 942325.8432, 146449.9385 ], [ 942336.3887, 146442.9982 ], [ 942103.1455, 146198.5745 ], [ 942358.7121, 145853.8461 ], [ 942912.7959, 145247.3905 ], [ 943094.449, 145050.3472 ], [ 944480.8855, 143517.1493 ], [ 944630.0104, 143293.2106 ], [ 945441.4813, 142838.319 ], [ 944861.9589, 142220.9909 ], [ 943805.2686, 141094.046 ], [ 943936.7568, 141122.2452 ], [ 944133.5987, 141180.9406 ], [ 944149.3897, 141151.4043 ], [ 944164.0577, 141114.9477 ], [ 944196.5077, 141076.6402 ], [ 944243.6853, 141037.9442 ], [ 944261.6924, 141004.0324 ], [ 944274.6826, 140961.0208 ], [ 944285.9678, 140895.0595 ], [ 944297.326, 140873.5457 ], [ 944315.665, 140872.4226 ], [ 944444.397, 140914.1091 ], [ 944613.7645, 140995.0771 ], [ 944801.5087, 141098.969 ], [ 945018.7725, 141243.2547 ], [ 945122.9053, 141369.5077 ], [ 945194.7335, 141452.8227 ], [ 945275.5681, 141434.1126 ], [ 945226.9627, 141276.0736 ], [ 945212.9609, 141209.0603 ], [ 945408.4992, 141323.8741 ], [ 945429.6359, 141334.7701 ], [ 945493.3326, 141372.9227 ], [ 945521.9855, 141392.1863 ], [ 945768.0506, 141126.9321 ], [ 945737.9949, 141099.291 ], [ 945749.3694, 141087.2503 ], [ 945685.9092, 141023.2296 ], [ 945761.9212, 140941.1363 ], [ 945834.3281, 140863.4208 ], [ 945845.9799, 140851.0154 ], [ 945947.8193, 140934.2852 ], [ 946112.8866, 140756.9643 ], [ 946209.7268, 140842.4291 ], [ 946256.8898, 140792.0786 ], [ 946301.556, 140744.2825 ], [ 946481.3329, 140552.3682 ], [ 946657.2237, 140361.5542 ], [ 946979.438, 140628.8372 ], [ 947060.4494, 140541.2755 ], [ 946753.2132, 140255.7521 ], [ 946856.4172, 140142.2884 ], [ 946430.4832, 139840.1928 ], [ 946073.7287, 139532.5312 ], [ 945720.152, 139131.2385 ], [ 945842.1798, 138970.7429 ], [ 946051.0312, 138704.8218 ], [ 946173.6772, 138581.4881 ], [ 946541.0256, 138364.1433 ], [ 946332.405, 138248.2479 ], [ 946117.663, 138129.085 ], [ 945786.8332, 137888.787 ], [ 945640.7094, 137754.5827 ], [ 945423.6101, 137556.3712 ], [ 945175.5253, 137449.2925 ], [ 945347.849, 137279.6057 ], [ 944929.1706, 136866.0417 ], [ 944791.4912, 136975.5617 ], [ 944856.5791, 135804.5184 ], [ 944746.9987, 135762.4343 ], [ 944813.6121, 135532.4378 ], [ 944746.8489, 135327.4316 ], [ 944738.8078, 135168.235 ], [ 944733.0713, 135058.9471 ], [ 944411.1172, 134840.8773 ], [ 944348.2696, 134823.4926 ], [ 943897.9938, 134500.3506 ], [ 943640.7335, 134414.4335 ], [ 943403.3305, 134567.8467 ], [ 943324.296, 134512.6022 ], [ 943308.1552, 134501.3353 ], [ 942592.4708, 135031.9121 ], [ 942537.862, 134956.5905 ], [ 942414.6119, 135051.8906 ], [ 942360.8677, 134994.7841 ], [ 942248.9902, 135075.8568 ], [ 942332.583, 135195.211 ], [ 942103.29, 135367.9322 ], [ 942038.9506, 135452.2025 ], [ 941941.5279, 135372.2203 ], [ 941916.8483, 135405.781 ], [ 941864.1602, 135476.5516 ], [ 941823.9505, 135530.1773 ], [ 941795.1108, 135568.8459 ], [ 941889.7588, 135651.747 ], [ 941514.5673, 136151.1625 ], [ 941412.7075, 136076.2907 ], [ 941378.5998, 136121.5269 ], [ 941338.1142, 136175.1539 ], [ 941440.2588, 136254.0325 ], [ 941200.6747, 136570.6884 ], [ 940905.9322, 136968.6891 ], [ 940801.8446, 136890.5449 ], [ 940768.295, 136935.781 ], [ 940750.2728, 136960.223 ], [ 940729.1999, 136988.3136 ], [ 940702.8592, 137023.7002 ], [ 940800.5483, 137098.5764 ], [ 940490.8387, 137512.275 ], [ 940392.3146, 137436.3085 ], [ 940365.4204, 137472.425 ], [ 940315.79, 137538.4573 ], [ 940278.6383, 137588.8011 ], [ 940246.2011, 137633.3073 ], [ 940335.0092, 137715.8486 ], [ 940109.0431, 138016.4605 ], [ 940074.3067, 138018.7095 ], [ 939985.2022, 138231.6368 ], [ 939978.5606, 138247.3148 ], [ 940097.9432, 138332.35 ], [ 940061.069, 138534.6169 ], [ 939958.8594, 138722.7941 ], [ 939468.0056, 138391.4282 ], [ 939387.6648, 138530.3837 ], [ 939338.6989, 138502.0567 ], [ 939299.1376, 138600.133 ], [ 939371.737, 138634.2455 ], [ 939399.8341, 138649.1311 ], [ 939361.9584, 138757.0409 ], [ 939433.9592, 138768.2023 ], [ 939333.0998, 139383.7324 ], [ 939220.5161, 139367.1814 ], [ 939202.1695, 139364.6651 ], [ 939190.6309, 139436.8227 ], [ 939181.0161, 139497.3184 ], [ 939310.0071, 139520.0324 ], [ 939211.993, 140167.9827 ], [ 939076.6136, 140145.2811 ], [ 939042.2599, 140351.9169 ], [ 938844.3208, 140907.1518 ], [ 938707.1095, 141685.6058 ], [ 938686.7883, 141814.9791 ], [ 938680.7466, 141853.2445 ], [ 938792.1845, 141857.408 ], [ 938941.6939, 141862.5942 ], [ 938945.141, 141923.0657 ], [ 938948.0059, 141969.3296 ], [ 938916.3613, 142136.6136 ], [ 939008.0917, 142153.2019 ], [ 938991.5715, 142235.2056 ], [ 938895.9621, 142224.4539 ], [ 938745.6492, 142234.2068 ], [ 938726.687, 142347.183 ], [ 938606.0597, 142331.3786 ], [ 938598.9196, 142376.5683 ], [ 938584.9135, 142464.7612 ], [ 938532.0512, 142725.3527 ], [ 938489.7415, 142981.9169 ], [ 938419.0857, 143383.5359 ], [ 938154.4011, 143446.3353 ], [ 938250.2326, 143576.9466 ] ] ] ] } },
{ "type": "Feature", "properties": { "ZCTA5CE20": "10309", "GEOID20": "10309", "CLASSFP20": "B5", "MTFCC20": "G6350", "FUNCSTAT20": "S", "ALAND20": 18787995, "AWATER20": 199296, "INTPTLAT20": "+40.5298420", "INTPTLON20": "-074.2197775" }, "geometry": { "type": "MultiPolygon", "coordinates": [ [ [ [ 915320.6591, 137237.8982 ], [ 915404.4828, 137394.6852 ], [ 915425.308, 137387.7041 ], [ 915686.0055, 137879.9006 ], [ 915831.32, 138161.8438 ], [ 916552.624, 138894.3072 ], [ 916737.1839, 138702.5239 ], [ 916793.8342, 138686.3365 ], [ 916837.0872, 138649.4198 ], [ 916933.4687, 138629.1153 ], [ 917012.984, 138640.1896 ], [ 917075.5725, 138660.7834 ], [ 917208.623, 138735.4676 ], [ 917399.3231, 138854.4419 ], [ 917550.9105, 139000.8492 ], [ 917741.516, 139188.3195 ], [ 917934.8967, 139375.4195 ], [ 918044.486, 139511.7432 ], [ 918115.3989, 139631.0492 ], [ 918162.2818, 139702.6939 ], [ 918204.1809, 139781.2745 ], [ 918279.8723, 139818.5947 ], [ 918339.9368, 139832.2764 ], [ 918436.4705, 139869.5407 ], [ 918499.1362, 139920.3769 ], [ 918543.4799, 139978.5493 ], [ 918572.2876, 140046.6004 ], [ 918603.8927, 140121.5661 ], [ 918619.676, 140203.4968 ], [ 918617.3871, 140282.1972 ], [ 918596.7109, 140343.824 ], [ 918513.692, 140473.7478 ], [ 918508.4858, 140501.0863 ], [ 918516.3594, 140535.3116 ], [ 918563.4897, 140596.7554 ], [ 918926.1995, 140824.5757 ], [ 918980.9441, 140824.4288 ], [ 919035.6614, 140814.0811 ], [ 919045.9434, 140814.0535 ], [ 919103.0974, 140779.6539 ], [ 919126.608, 140738.4222 ], [ 919155.1949, 140724.8657 ], [ 919189.052, 140707.6519 ], [ 919238.4352, 140676.9167 ], [ 919298.0811, 140638.8676 ], [ 919356.6826, 140625.9599 ], [ 919418.1408, 140642.1908 ], [ 919454.6079, 140665.7749 ], [ 919517.2704, 140716.978 ], [ 919574.6886, 140781.6753 ], [ 919661.1164, 140887.4645 ], [ 919721.0888, 140972.5576 ], [ 919747.3553, 141027.1368 ], [ 919765.8861, 141098.8598 ], [ 919812.8876, 141218.234 ], [ 919854.8058, 141307.0185 ], [ 919928.1517, 141405.9211 ], [ 919993.4017, 141491.0009 ], [ 920058.9119, 141569.5223 ], [ 920090.1789, 141624.0887 ], [ 920108.6449, 141671.7667 ], [ 920166.0688, 141740.1086 ], [ 920207.8497, 141777.5241 ], [ 920259.8669, 141797.7896 ], [ 920280.6993, 141794.4559 ], [ 920322.39, 141797.6253 ], [ 920359.1419, 141824.8532 ], [ 920418.9492, 141848.7418 ], [ 920481.4444, 141838.0125 ], [ 920576.3101, 141879.2973 ], [ 920656.2118, 141936.6518 ], [ 920737.0745, 141936.4407 ], [ 920810.13, 141926.0491 ], [ 920888.1523, 141902.1647 ], [ 920898.4158, 141895.2158 ], [ 920973.9544, 141877.896 ], [ 921099.0351, 141891.0512 ], [ 921203.3379, 141928.6707 ], [ 921247.8419, 141945.3144 ], [ 921268.7271, 141962.3837 ], [ 921397.2142, 142003.5847 ], [ 921458.92, 142009.9833 ], [ 921531.7061, 142002.8734 ], [ 921604.9984, 141976.4533 ], [ 921646.3376, 141951.2085 ], [ 921763.5677, 141937.4272 ], [ 921870.2115, 141913.1082 ], [ 921911.8588, 141899.5215 ], [ 922000.4323, 141871.9704 ], [ 922167.107, 141850.7782 ], [ 922229.552, 141820.0157 ], [ 922239.8075, 141809.7884 ], [ 922258.0864, 141785.6964 ], [ 922297.172, 141748.0714 ], [ 922346.5394, 141710.4203 ], [ 922375.1352, 141700.1465 ], [ 922456.0329, 141713.421 ], [ 922481.8592, 141706.7976 ], [ 922567.9498, 141685.8127 ], [ 922612.1164, 141679.143 ], [ 922627.7036, 141689.3046 ], [ 922640.8673, 141730.0758 ], [ 922648.7171, 141757.3803 ], [ 922659.3282, 141777.7557 ], [ 922672.3978, 141781.3658 ], [ 922695.6614, 141750.3393 ], [ 922695.5499, 141706.2563 ], [ 922695.4375, 141661.8089 ], [ 922710.9298, 141634.4453 ], [ 922734.5323, 141627.4635 ], [ 922744.8655, 141647.8396 ], [ 922768.606, 141695.5062 ], [ 922786.7806, 141739.908 ], [ 922789.6118, 141760.6674 ], [ 922807.2332, 141806.1636 ], [ 922826.1686, 141821.7818 ], [ 922841.808, 141852.7099 ], [ 922865.2271, 141883.2542 ], [ 922901.9329, 141893.3628 ], [ 922938.335, 141893.2711 ], [ 922985.237, 141869.4718 ], [ 922995.4919, 141858.8806 ], [ 923014.0411, 141831.5095 ], [ 923023.9678, 141800.8812 ], [ 923026.6953, 141780.4721 ], [ 923031.5597, 141725.8111 ], [ 923044.4479, 141657.2855 ], [ 923070.2776, 141541.3652 ], [ 923132.5608, 141445.3912 ], [ 923163.8931, 141417.9881 ], [ 923200.2786, 141410.9747 ], [ 923283.7554, 141455.2131 ], [ 923317.6828, 141465.3293 ], [ 923341.0341, 141468.9141 ], [ 923406.0071, 141447.9851 ], [ 923432.171, 141465.043 ], [ 923426.9686, 141496.0236 ], [ 923411.4836, 141526.6656 ], [ 923403.8476, 141584.6124 ], [ 923424.7234, 141598.4046 ], [ 923435.283, 141598.3782 ], [ 923456.0304, 141560.8009 ], [ 923471.4382, 141499.1915 ], [ 923499.9583, 141458.3158 ], [ 923523.3424, 141475.0165 ], [ 923523.4878, 141533.3081 ], [ 923505.6382, 141618.6048 ], [ 923479.7219, 141700.6427 ], [ 923459.1455, 141806.7127 ], [ 923461.7829, 141861.3549 ], [ 923510.541, 141912.9674 ], [ 923566.1667, 141932.8665 ], [ 923623.5678, 141884.6325 ], [ 923686.0145, 141853.8738 ], [ 923711.7132, 141795.8821 ], [ 923688.2099, 141731.0907 ], [ 923701.0492, 141642.1634 ], [ 923731.9256, 141542.9901 ], [ 923818.769, 141600.7021 ], [ 924042.4569, 141709.4454 ], [ 924102.5305, 141730.0634 ], [ 924149.2397, 141740.1491 ], [ 924209.2872, 141750.202 ], [ 924266.6231, 141787.5862 ], [ 924308.3976, 141825.0088 ], [ 924376.3517, 141886.4125 ], [ 924475.3769, 141926.9736 ], [ 924506.8532, 141957.8639 ], [ 924532.8354, 142014.6349 ], [ 924535.6588, 142032.8443 ], [ 924532.9801, 142073.6553 ], [ 924520.2738, 142104.6541 ], [ 924517.5621, 142131.9851 ], [ 924533.2653, 142189.8743 ], [ 924562.2814, 142237.5298 ], [ 924583.139, 142244.4008 ], [ 924624.8872, 142271.6229 ], [ 924616.9547, 142323.0122 ], [ 924656.1849, 142343.3183 ], [ 924692.4108, 142271.4576 ], [ 924705.4878, 142278.3478 ], [ 924718.6228, 142308.919 ], [ 924734.2176, 142322.7252 ], [ 924812.636, 142346.2147 ], [ 924867.4136, 142361.0184 ], [ 924869.9953, 142394.1657 ], [ 924828.4059, 142431.7927 ], [ 924799.8348, 142452.2646 ], [ 924763.2224, 142479.6785 ], [ 924737.4551, 142510.3448 ], [ 924734.7352, 142534.3969 ], [ 924784.2302, 142548.1203 ], [ 924818.0549, 142517.07 ], [ 924864.8988, 142469.2291 ], [ 924921.9905, 142407.5189 ], [ 924945.5103, 142366.6572 ], [ 924953.2402, 142345.8718 ], [ 924932.2754, 142294.9173 ], [ 924919.0066, 142209.3332 ], [ 924921.4497, 142185.6461 ], [ 924903.2714, 142137.9638 ], [ 924897.9163, 142107.0093 ], [ 924913.4774, 142106.9713 ], [ 924955.2752, 142154.5961 ], [ 924981.5454, 142216.1031 ], [ 925004.9952, 142260.4937 ], [ 925023.4094, 142291.0522 ], [ 925044.3421, 142328.8911 ], [ 925117.2523, 142372.7972 ], [ 925146.2759, 142424.0966 ], [ 925143.5714, 142454.7065 ], [ 925164.5613, 142516.2265 ], [ 925227.0273, 142607.8849 ], [ 925294.9495, 142543.2347 ], [ 925346.6391, 142430.5331 ], [ 925398.7304, 142368.8361 ], [ 925468.9911, 142351.543 ], [ 925549.9429, 142388.8732 ], [ 925628.1324, 142433.1324 ], [ 925776.6723, 142497.625 ], [ 925925.3995, 142524.5926 ], [ 926055.5254, 142558.5277 ], [ 926253.7781, 142612.7033 ], [ 926418.1296, 142666.9611 ], [ 926477.9202, 142687.2213 ], [ 926569.0857, 142697.2062 ], [ 926655.2341, 142700.6454 ], [ 926899.7021, 142675.6584 ], [ 926721.4467, 142499.017 ], [ 926880.0894, 142489.1701 ], [ 927090.3635, 142456.6148 ], [ 927245.5621, 142399.7804 ], [ 926365.6612, 142103.4747 ], [ 926002.1633, 141973.549 ], [ 925505.9661, 141783.1064 ], [ 925045.9625, 141509.884 ], [ 925015.0722, 141491.3786 ], [ 925037.6903, 141422.1018 ], [ 925083.7535, 141280.6316 ], [ 925631.8858, 141568.5796 ], [ 925675.2443, 141456.6274 ], [ 925780.271, 141103.7082 ], [ 925856.9969, 140883.836 ], [ 925939.1512, 140609.3022 ], [ 926025.6945, 140309.9842 ], [ 926110.0924, 140042.3679 ], [ 926201.0228, 139716.4443 ], [ 926286.8316, 139456.1118 ], [ 926369.2899, 139188.5011 ], [ 926541.3257, 138605.9014 ], [ 926696.3746, 138123.1682 ], [ 926774.9666, 137862.126 ], [ 926867.4017, 137577.7346 ], [ 926960.2996, 137370.9436 ], [ 927247.0586, 137460.9874 ], [ 927486.2498, 137534.0221 ], [ 927658.9741, 137589.726 ], [ 927803.3397, 137641.4893 ], [ 927906.6236, 137355.6195 ], [ 928056.317, 136945.7725 ], [ 928086.3736, 136962.8264 ], [ 928120.0323, 136975.1358 ], [ 928149.5061, 136980.5328 ], [ 928154.7893, 136981.6136 ], [ 928187.5882, 136982.631 ], [ 928359.2981, 136474.3676 ], [ 928234.9537, 136429.1128 ], [ 928262.2847, 136348.5342 ], [ 928286.5778, 136276.342 ], [ 928369.4181, 136039.7051 ], [ 928451.1199, 135790.684 ], [ 928529.2091, 135541.3071 ], [ 928612.8632, 135293.7394 ], [ 928700.1391, 135049.0784 ], [ 928784.3376, 134794.9522 ], [ 928873.5818, 134558.6668 ], [ 928970.3056, 134310.342 ], [ 929050.6378, 134064.9694 ], [ 928958.4366, 133979.9267 ], [ 928847.5876, 133884.7257 ], [ 928749.5634, 133806.6191 ], [ 928668.2552, 133745.2338 ], [ 928556.3287, 133666.0668 ], [ 928459.1692, 133602.1681 ], [ 927794.7562, 133339.9286 ], [ 927814.8146, 133238.9642 ], [ 927821.1346, 133207.2533 ], [ 927830.7525, 133159.1402 ], [ 927850.5349, 133058.9052 ], [ 928057.7477, 133109.4316 ], [ 928588.6893, 133108.5764 ], [ 928758.3132, 133132.9633 ], [ 929010.5924, 133199.4254 ], [ 929353.8773, 133313.7756 ], [ 929455.6391, 133076.3712 ], [ 929554.3345, 132834.238 ], [ 929673.8204, 132565.0985 ], [ 929740.999, 132398.8161 ], [ 930048.601, 132589.3998 ], [ 930170.7847, 132655.7995 ], [ 930162.8514, 132588.4171 ], [ 929862.4863, 132152.6256 ], [ 929933.9275, 132026.7743 ], [ 930531.7908, 130973.2798 ], [ 930787.2999, 131110.0677 ], [ 931112.6653, 131283.8668 ], [ 931545.7389, 130488.6991 ], [ 931852.8348, 129922.6055 ], [ 931642.1604, 129822.8705 ], [ 931425.3631, 129720.9648 ], [ 931773.5099, 129106.6905 ], [ 931917.5452, 128856.09 ], [ 932070.9919, 128584.7037 ], [ 932831.3059, 128930.2874 ], [ 933142.2025, 129091.7571 ], [ 933197.5868, 128986.3513 ], [ 933323.8626, 128744.9045 ], [ 933247.8858, 128709.3598 ], [ 933130.5145, 128689.2037 ], [ 933039.2418, 128651.8701 ], [ 932953.1862, 128583.5583 ], [ 932882.7221, 128525.7793 ], [ 932681.5998, 128345.1353 ], [ 932545.6509, 128219.0032 ], [ 932318.5496, 127983.7688 ], [ 931942.2086, 127523.7044 ], [ 931767.1115, 127298.5647 ], [ 931704.2934, 127179.2019 ], [ 931672.69, 127094.0183 ], [ 931657.0525, 127063.0845 ], [ 931615.3531, 127066.8178 ], [ 931563.0871, 127070.2098 ], [ 931516.345, 127056.4666 ], [ 931487.6468, 127029.2045 ], [ 931403.9879, 126916.8098 ], [ 931153.0502, 126599.6651 ], [ 931095.2919, 126507.6172 ], [ 931043.1317, 126432.6804 ], [ 930988.1604, 126343.9055 ], [ 930964.7064, 126299.5093 ], [ 930886.1226, 126221.3517 ], [ 930818.457, 126177.0526 ], [ 930786.9612, 126142.8752 ], [ 930724.3307, 126112.4096 ], [ 930693.1729, 126105.5559 ], [ 930677.2706, 126081.5455 ], [ 930656.2734, 126016.7421 ], [ 930638.1169, 125979.2567 ], [ 930619.6895, 125945.0508 ], [ 930598.7522, 125907.5716 ], [ 930531.3263, 125846.5138 ], [ 930460.2386, 125764.3335 ], [ 930376.4949, 125617.6961 ], [ 930347.7333, 125563.1112 ], [ 930303.324, 125474.3145 ], [ 930243.0653, 125385.9173 ], [ 930214.3556, 125355.0135 ], [ 930125.4399, 125259.7581 ], [ 930081.0827, 125195.007 ], [ 930016.7285, 125141.2303 ], [ 929971.3251, 125106.3564 ], [ 929783.7913, 125055.7697 ], [ 929614.1825, 125062.7073 ], [ 929520.3098, 125114.2877 ], [ 929416.2022, 125189.5726 ], [ 929330.4405, 125261.5376 ], [ 929252.4725, 125336.7642 ], [ 929080.6578, 125473.7742 ], [ 928997.3618, 125528.6115 ], [ 928914.0504, 125576.5271 ], [ 928830.7319, 125621.164 ], [ 928790.4133, 125621.6201 ], [ 928742.0682, 125638.4891 ], [ 928706.5549, 125673.1808 ], [ 928654.1065, 125963.3023 ], [ 928560.4541, 125987.1973 ], [ 928305.4418, 126216.5771 ], [ 928104.6208, 126189.7148 ], [ 927585.7003, 126044.094 ], [ 927353.3848, 125986.7081 ], [ 927232.112, 125970.5971 ], [ 927160.3782, 125973.3154 ], [ 927027.4257, 125956.8684 ], [ 926602.2811, 125844.9305 ], [ 926383.195, 125739.7961 ], [ 926223.9309, 125651.2799 ], [ 926038.4047, 125511.4579 ], [ 925944.4845, 125423.1518 ], [ 925863.8908, 125326.4347 ], [ 925737.7392, 125133.2814 ], [ 925695.7904, 125034.2861 ], [ 925690.4659, 125017.1757 ], [ 925672.2186, 124945.4478 ], [ 925640.6158, 124870.4731 ], [ 925596.1802, 124778.4061 ], [ 925546.5179, 124710.0328 ], [ 925449.7953, 124614.8133 ], [ 925373.9023, 124508.9783 ], [ 925342.4055, 124478.4513 ], [ 925300.8564, 124430.8254 ], [ 925266.7729, 124365.6939 ], [ 925229.9429, 124314.7778 ], [ 925195.8926, 124263.4906 ], [ 925109.7172, 124161.3247 ], [ 924971.1533, 124014.839 ], [ 924916.1464, 123922.799 ], [ 924890.2011, 123888.6157 ], [ 924874.2917, 123864.6091 ], [ 924822.2569, 123851.256 ], [ 924746.6009, 123844.5186 ], [ 924647.5437, 123820.7154 ], [ 924574.3242, 123787.0125 ], [ 924438.6611, 123691.5281 ], [ 924305.3743, 123545.0332 ], [ 924221.6451, 123422.4622 ], [ 924142.8777, 123282.3918 ], [ 924056.6269, 123152.9055 ], [ 923954.4561, 122996.1346 ], [ 923831.5857, 122791.3247 ], [ 923800.0504, 122746.9554 ], [ 923794.6987, 122719.6444 ], [ 923792.1199, 122689.0476 ], [ 923763.4676, 122685.8398 ], [ 923693.1422, 122699.4945 ], [ 923640.8425, 122692.7025 ], [ 923546.6755, 122624.8084 ], [ 923494.6456, 122614.737 ], [ 923418.9507, 122594.1595 ], [ 923337.939, 122560.4798 ], [ 923264.9911, 122526.4158 ], [ 923186.7336, 122482.1644 ], [ 923064.0737, 122475.55 ], [ 922998.9982, 122475.7135 ], [ 922871.0461, 122465.8345 ], [ 922803.4418, 122455.8039 ], [ 922753.6102, 122435.5275 ], [ 922696.2431, 122404.7048 ], [ 922636.3656, 122370.9741 ], [ 922607.4688, 122381.2483 ], [ 922589.418, 122391.495 ], [ 922573.8618, 122398.4565 ], [ 922535.2103, 122400.376 ], [ 922469.6078, 122412.2007 ], [ 922357.203, 122392.0839 ], [ 922284.3051, 122378.4249 ], [ 922193.0013, 122344.7752 ], [ 922111.9509, 122296.891 ], [ 922085.7572, 122276.5557 ], [ 922038.8963, 122222.0268 ], [ 921978.73, 122184.6551 ], [ 921910.7588, 122140.3815 ], [ 921814.1603, 122103.1035 ], [ 921767.3948, 122086.1002 ], [ 921694.297, 122103.411 ], [ 921608.4244, 122127.677 ], [ 921522.2466, 122141.3788 ], [ 921446.9601, 122172.5403 ], [ 921400.0131, 122193.0635 ], [ 921308.9268, 122244.304 ], [ 921212.5399, 122289.0007 ], [ 921186.434, 122302.9126 ], [ 921121.4024, 122320.2042 ], [ 921103.092, 122337.3749 ], [ 920993.5546, 122351.1391 ], [ 920790.2268, 122338.1879 ], [ 920750.18, 122338.2923 ], [ 920758.2498, 122446.8398 ], [ 920732.3686, 122546.732 ], [ 920683.6421, 122737.4005 ], [ 920501.6853, 123450.8579 ], [ 920427.9132, 123739.5957 ], [ 920308.4621, 124211.7086 ], [ 920275.9863, 124340.4002 ], [ 920203.846, 124613.1042 ], [ 920139.6947, 124856.6415 ], [ 920118.2247, 124940.1282 ], [ 920036.7392, 125252.933 ], [ 919973.3486, 125467.3227 ], [ 919962.3471, 125513.2566 ], [ 919907.6413, 125751.6691 ], [ 919887.5545, 125831.8735 ], [ 919848.6225, 126041.0984 ], [ 919843.1085, 126058.9649 ], [ 919834.0115, 126088.8635 ], [ 919687.5112, 126732.648 ], [ 919681.1894, 126760.3534 ], [ 919658.9638, 126872.2599 ], [ 919596.1278, 127187.9314 ], [ 919575.8406, 127296.5539 ], [ 919515.1527, 127478.1486 ], [ 919142.9734, 127836.5429 ], [ 919112.5343, 127890.9086 ], [ 919016.2901, 128290.4657 ], [ 918962.4481, 128637.8111 ], [ 918510.6633, 128644.4913 ], [ 918364.7506, 128664.5591 ], [ 918289.1717, 128681.5226 ], [ 918066.6034, 128731.3102 ], [ 917958.8261, 128767.6714 ], [ 917950.4545, 128756.4002 ], [ 917855.1382, 128774.1474 ], [ 917724.299, 128815.6731 ], [ 917702.6098, 128814.6394 ], [ 917671.7248, 128805.98 ], [ 917602.5654, 128831.6719 ], [ 917568.375, 128834.3157 ], [ 917453.9452, 128877.6196 ], [ 917364.2023, 128899.7254 ], [ 917331.3951, 128899.8155 ], [ 917274.1124, 128896.694 ], [ 917222.0932, 128886.6361 ], [ 917184.2292, 128867.7954 ], [ 917182.7638, 128840.4751 ], [ 917191.8776, 128818.2262 ], [ 917199.6303, 128806.5465 ], [ 917203.4796, 128790.8699 ], [ 917200.9592, 128784.319 ], [ 917184.5094, 128767.6054 ], [ 917172.242, 128755.2522 ], [ 917155.2632, 128748.3768 ], [ 917113.7667, 128823.9063 ], [ 917061.4591, 128810.2062 ], [ 917035.3154, 128806.9994 ], [ 917017.2808, 128820.5292 ], [ 917001.7866, 128847.8963 ], [ 916988.8229, 128885.4576 ], [ 916978.3615, 128923.0119 ], [ 916851.6225, 128938.2996 ], [ 916749.1271, 129073.7478 ], [ 916728.7479, 129244.3082 ], [ 916705.7588, 129275.7039 ], [ 916695.016, 129311.8018 ], [ 916695.4304, 129360.9845 ], [ 916695.4597, 129371.5498 ], [ 916711.4868, 129436.3551 ], [ 916729.7188, 129494.2322 ], [ 916756.0607, 129569.21 ], [ 916774.6372, 129651.1316 ], [ 916772.0468, 129719.6318 ], [ 916754.1745, 129791.4532 ], [ 916738.1677, 129834.1236 ], [ 916730.8834, 129914.2952 ], [ 916736.4313, 130010.0972 ], [ 916734.1938, 130105.5564 ], [ 916739.5485, 130231.9622 ], [ 916713.9965, 130341.3305 ], [ 916680.2783, 130413.196 ], [ 916643.7701, 130481.426 ], [ 916573.6433, 130557.036 ], [ 916520.8814, 130578.6778 ], [ 916474.7959, 130601.7585 ], [ 916449.5702, 130628.0601 ], [ 916433.2753, 130666.7239 ], [ 916417.7637, 130687.1692 ], [ 916402.2714, 130714.5367 ], [ 916404.8303, 130734.9318 ], [ 916425.6808, 130734.8737 ], [ 916456.7983, 130727.8649 ], [ 916480.5627, 130775.8896 ], [ 916519.901, 130925.8819 ], [ 916536.0137, 131021.6545 ], [ 916567.387, 131106.8193 ], [ 916614.0835, 131203.9642 ], [ 916666.9149, 131308.0144 ], [ 916698.5472, 131386.6208 ], [ 916711.8021, 131454.7128 ], [ 916715.4271, 131558.8996 ], [ 916709.5718, 131652.9116 ], [ 916712.5418, 131721.3964 ], [ 916717.8702, 131738.1406 ], [ 916736.0348, 131772.3367 ], [ 916808.6262, 131885.0762 ], [ 916859.6609, 132144.3342 ], [ 916913.5428, 132327.8048 ], [ 916967.2306, 132441.3257 ], [ 917022.3139, 132557.0289 ], [ 917053.9063, 132622.1558 ], [ 917100.8901, 132724.4015 ], [ 917127.369, 132850.7492 ], [ 917122.4168, 132970.2614 ], [ 917099.4622, 133113.8686 ], [ 917066.0011, 133277.9071 ], [ 917022.0943, 133383.6825 ], [ 916967.4649, 133431.5599 ], [ 916905.1763, 133524.2706 ], [ 916900.064, 133585.4914 ], [ 916902.6908, 133630.6604 ], [ 916913.4411, 133698.3951 ], [ 916921.2808, 133718.7756 ], [ 916944.7151, 133749.3141 ], [ 916965.6294, 133773.3017 ], [ 916976.3715, 133838.1219 ], [ 916979.1189, 133927.0096 ], [ 916963.8072, 134019.2261 ], [ 916937.8484, 134080.8687 ], [ 916888.5685, 134152.777 ], [ 916836.749, 134210.8481 ], [ 916792.5206, 134299.8659 ], [ 916777.1241, 134361.1151 ], [ 916740.9288, 134439.9096 ], [ 916675.7589, 134494.7392 ], [ 916626.4423, 134552.8037 ], [ 916543.2813, 134635.008 ], [ 916444.4983, 134696.8538 ], [ 916335.0771, 134731.4053 ], [ 916233.7262, 134769.2137 ], [ 916147.6257, 134793.4998 ], [ 916093.1153, 134882.1833 ], [ 916049.0443, 134926.7543 ], [ 915991.9002, 134968.0832 ], [ 915955.7749, 135070.5598 ], [ 915945.3086, 135104.8357 ], [ 915940.2574, 135186.823 ], [ 915943.1902, 135241.4636 ], [ 915966.7581, 135319.7273 ], [ 916006.2376, 135422.3563 ], [ 916032.1638, 135449.608 ], [ 916084.1991, 135470.2288 ], [ 916123.648, 135462.8319 ], [ 916157.2609, 135455.8157 ], [ 916191.1711, 135455.7209 ], [ 916180.9256, 135469.5939 ], [ 916154.9122, 135510.471 ], [ 916144.7044, 135537.824 ], [ 916108.2921, 135637.0223 ], [ 916077.3911, 135719.0819 ], [ 916064.5193, 135787.6111 ], [ 916044.0079, 135907.1671 ], [ 916031.1649, 135985.8974 ], [ 916023.6692, 136088.2937 ], [ 916031.7477, 136193.9254 ], [ 916021.7701, 136303.2508 ], [ 916006.1193, 136371.7878 ], [ 915943.8603, 136471.0589 ], [ 915894.6067, 136549.527 ], [ 915845.4886, 136676.0858 ], [ 915809.3859, 136785.4848 ], [ 915754.9499, 136898.5787 ], [ 915697.5525, 136946.8312 ], [ 915570.4025, 137096.9272 ], [ 915409.3288, 137240.9262 ], [ 915344.2442, 137223.987 ], [ 915320.6591, 137237.8982 ] ] ] ] } },
{ "type": "Feature", "properties": { "ZCTA5CE20": "10469", "GEOID20": "10469", "CLASSFP20": "B5", "MTFCC20": "G6350", "FUNCSTAT20": "S", "ALAND20": 6282642, "AWATER20": 0, "INTPTLAT20": "+40.8685089", "INTPTLON20": "-073.8466905" }, "geometry": { "type": "MultiPolygon", "coordinates": [ [ [ [ 1022186.9127, 252299.4709 ], [ 1022487.3828, 252260.5946 ], [ 1022490.6016, 252499.6061 ], [ 1022410.384, 252498.751 ], [ 1022341.231, 252497.9135 ], [ 1022356.3528, 253084.1589 ], [ 1022404.2075, 253083.5055 ], [ 1022503.2372, 253081.4756 ], [ 1022519.3144, 253760.6293 ], [ 1022387.8867, 253962.6304 ], [ 1022392.0661, 254646.1377 ], [ 1022540.8651, 254651.1088 ], [ 1022546.0491, 254871.178 ], [ 1022547.3468, 254925.1023 ], [ 1022397.4283, 254929.6022 ], [ 1022409.5769, 255469.9369 ], [ 1022441.9377, 255469.6236 ], [ 1022503.0641, 255468.627 ], [ 1022458.1492, 255537.4163 ], [ 1022463.6396, 255738.9048 ], [ 1022419.9389, 255739.5645 ], [ 1022423.4143, 255991.3287 ], [ 1022469.6038, 255990.6729 ], [ 1022474.086, 256129.8577 ], [ 1022451.6828, 256130.1867 ], [ 1022455.0577, 256270.0985 ], [ 1022434.0375, 256270.4297 ], [ 1022433.1364, 256491.2182 ], [ 1022475.1769, 256490.1914 ], [ 1022477.7489, 256612.978 ], [ 1022585.0648, 256608.7755 ], [ 1022588.1455, 256759.2527 ], [ 1022591.7389, 256935.2346 ], [ 1022596.8631, 257192.4666 ], [ 1022600.5348, 257318.8984 ], [ 1022422.0781, 257365.9807 ], [ 1022422.5181, 257437.7564 ], [ 1022285.6157, 257440.8201 ], [ 1022307.9386, 257490.7698 ], [ 1022454.7969, 257487.7219 ], [ 1022457.6121, 257631.6406 ], [ 1022529.5332, 257621.5526 ], [ 1022606.9868, 257610.7449 ], [ 1022653.8139, 257903.7485 ], [ 1022825.5175, 258274.5551 ], [ 1022945.3607, 258560.3889 ], [ 1022977.8704, 258637.3167 ], [ 1023034.8985, 258772.9424 ], [ 1023165.4733, 259089.0348 ], [ 1023262.9946, 259321.6408 ], [ 1023352.2473, 259536.0168 ], [ 1023456.3752, 259785.0296 ], [ 1023562.9808, 260039.512 ], [ 1023670.4091, 260296.911 ], [ 1023777.5597, 260553.5813 ], [ 1023884.7087, 260809.8878 ], [ 1023992.406, 261067.6531 ], [ 1024100.3781, 261325.055 ], [ 1024153.535, 261453.0261 ], [ 1024202.7719, 261442.5414 ], [ 1024858.5722, 261168.5547 ], [ 1024898.9566, 261160.9713 ], [ 1024881.3206, 261124.5077 ], [ 1025012.7482, 261076.2712 ], [ 1025024.5962, 261101.4306 ], [ 1025469.8402, 260910.541 ], [ 1025416.1491, 260774.915 ], [ 1025548.4217, 260719.396 ], [ 1025591.1384, 260803.9959 ], [ 1025618.9725, 260859.4232 ], [ 1025800.2357, 260777.0282 ], [ 1025881.9812, 260677.3392 ], [ 1025988.6614, 260711.0421 ], [ 1026004.7971, 260654.5971 ], [ 1026484.1993, 260389.4596 ], [ 1027251.7618, 259965.6246 ], [ 1027552.9307, 259796.7428 ], [ 1027580.6251, 259773.8389 ], [ 1027566.2909, 259748.3094 ], [ 1027650.2719, 259641.708 ], [ 1027666.8392, 259655.5826 ], [ 1027738.3551, 259715.0984 ], [ 1027937.9956, 259878.3178 ], [ 1028141.7826, 260040.8178 ], [ 1028366.9518, 260152.715 ], [ 1028590.7383, 260263.5188 ], [ 1028841.8741, 260387.8557 ], [ 1029115.7148, 259748.2149 ], [ 1029176.8151, 259606.5997 ], [ 1029435.9188, 259019.4004 ], [ 1029497.3006, 258877.0579 ], [ 1029558.6485, 258753.2968 ], [ 1029652.9347, 258466.7375 ], [ 1029681.8542, 258382.2648 ], [ 1029718.2354, 258300.7208 ], [ 1029745.4735, 258228.2682 ], [ 1029769.1248, 258151.4369 ], [ 1029787.519, 258076.053 ], [ 1029811.5923, 257921.9823 ], [ 1029812.7726, 257882.6358 ], [ 1029807.8665, 257844.3709 ], [ 1029796.5983, 257806.8226 ], [ 1029783.3757, 257779.1079 ], [ 1029765.4529, 257750.6557 ], [ 1029743.3763, 257725.1104 ], [ 1029716.3182, 257701.3775 ], [ 1029686.7621, 257682.3764 ], [ 1029655.8136, 257668.4734 ], [ 1029909.8822, 256981.8055 ], [ 1030394.7047, 255674.015 ], [ 1030513.5389, 255724.1562 ], [ 1030708.6766, 255214.0895 ], [ 1031112.7219, 254237.7086 ], [ 1031325.5861, 253585.5891 ], [ 1031385.3466, 253436.3261 ], [ 1031724.2341, 252990.3076 ], [ 1031755.005, 252956.12 ], [ 1031806.0424, 252884.4453 ], [ 1031943.1068, 252672.3048 ], [ 1032001.6058, 252464.3823 ], [ 1032009.405, 252437.0722 ], [ 1032012.1891, 252427.9692 ], [ 1032014.4157, 252421.0511 ], [ 1032038.8938, 252352.2393 ], [ 1032058.6688, 252283.7825 ], [ 1032080.9458, 252209.1369 ], [ 1032223.1186, 251515.7161 ], [ 1032231.5841, 251431.5705 ], [ 1032238.6153, 251373.2902 ], [ 1032114.7184, 251356.2855 ], [ 1031741.0912, 251304.9073 ], [ 1031520.6752, 251274.6005 ], [ 1031162.5693, 251206.5018 ], [ 1030891.8195, 251168.4523 ], [ 1030707.3145, 251163.7258 ], [ 1030509.7633, 251182.2935 ], [ 1030496.9458, 251230.7261 ], [ 1030423.0707, 251238.2363 ], [ 1030057.1691, 251341.0142 ], [ 1029825.8621, 251364.2601 ], [ 1029507.9019, 251424.1444 ], [ 1029392.1537, 251486.9592 ], [ 1029356.4103, 251518.2258 ], [ 1029340.2683, 251570.6605 ], [ 1029360.0973, 251618.0615 ], [ 1029390.1925, 251648.7221 ], [ 1029273.4014, 251678.0162 ], [ 1029014.6553, 251732.1877 ], [ 1028755.911, 251785.9976 ], [ 1028497.1672, 251840.1746 ], [ 1028240.9194, 251891.4442 ], [ 1027981.076, 251943.0744 ], [ 1027598.1009, 252014.5254 ], [ 1027240.3278, 252070.7249 ], [ 1026981.0744, 252103.7855 ], [ 1026722.9244, 252139.0369 ], [ 1026463.1478, 252155.7069 ], [ 1026203.1127, 252162.1777 ], [ 1025934.2277, 252167.5431 ], [ 1025665.1141, 252144.857 ], [ 1025402.1, 252113.8044 ], [ 1025142.1218, 252086.4031 ], [ 1024883.2587, 252053.5415 ], [ 1024621.6269, 252021.771 ], [ 1024109.4166, 251964.0862 ], [ 1024086.7365, 251962.2272 ], [ 1024038.0581, 251957.7751 ], [ 1023907.2347, 251945.9018 ], [ 1022481.8754, 251894.0609 ], [ 1022180.6497, 251882.6573 ], [ 1022186.9127, 252299.4709 ] ] ] ] } },
{ "type": "Feature", "properties": { "ZCTA5CE20": "10310", "GEOID20": "10310", "CLASSFP20": "B5", "MTFCC20": "G6350", "FUNCSTAT20": "S", "ALAND20": 4668227, "AWATER20": 0, "INTPTLAT20": "+40.6326122", "INTPTLON20": "-074.1161485" }, "geometry": { "type": "MultiPolygon", "coordinates": [ [ [ [ 947592.0444, 166520.8945 ], [ 947596.2589, 166554.4062 ], [ 947733.4112, 166566.9513 ], [ 947707.1572, 166645.321 ], [ 947747.4319, 166845.6403 ], [ 947776.7208, 166939.9571 ], [ 947834.7253, 166931.4906 ], [ 947875.2799, 167134.36 ], [ 947805.0357, 167125.357 ], [ 947747.8689, 167136.7369 ], [ 947771.8641, 167218.3102 ], [ 947777.4449, 167237.6111 ], [ 947853.2258, 167236.7689 ], [ 947882.2592, 167346.3879 ], [ 947771.2735, 167379.7079 ], [ 947800.0333, 167491.8775 ], [ 947848.6448, 167699.8354 ], [ 947959.916, 167672.7089 ], [ 948041.7737, 167652.5489 ], [ 948062.7439, 167940.7003 ], [ 948114.7764, 168211.3179 ], [ 948150.2122, 168334.7722 ], [ 948162.2113, 168377.3806 ], [ 948175.8829, 168424.7229 ], [ 948303.215, 168373.5285 ], [ 948390.3231, 168338.7888 ], [ 948393.967, 168362.829 ], [ 948406.305, 168447.3347 ], [ 948359.9228, 168617.1796 ], [ 948346.1178, 168667.1128 ], [ 948319.1595, 168832.1928 ], [ 948261.151, 169022.4573 ], [ 948204.793, 169014.8899 ], [ 948186.3029, 169087.0541 ], [ 948121.4687, 169165.8451 ], [ 948113.3155, 169282.8062 ], [ 948164.0775, 169447.771 ], [ 948247.6685, 169664.7861 ], [ 948120.8643, 169693.0274 ], [ 948321.4027, 170162.3481 ], [ 948599.7988, 170166.6745 ], [ 948752.5357, 171172.3588 ], [ 948767.1387, 171479.4655 ], [ 949033.2656, 171454.6686 ], [ 949025.8876, 171534.467 ], [ 949013.8859, 171679.4867 ], [ 948993.9162, 171879.8957 ], [ 948999.1319, 172223.0847 ], [ 949014.2963, 172537.113 ], [ 949907.3966, 172543.4858 ], [ 950764.0732, 172904.4323 ], [ 950689.7292, 173129.3249 ], [ 950843.7461, 173325.121 ], [ 951383.733, 173479.5885 ], [ 951971.0476, 173752.0472 ], [ 952586.4134, 174051.8082 ], [ 952879.6273, 174176.3924 ], [ 952990.8398, 174122.3287 ], [ 953102.7888, 174209.6236 ], [ 953467.7893, 174487.1406 ], [ 953747.5658, 174526.1354 ], [ 954610.9978, 174614.3275 ], [ 954770.2957, 174622.149 ], [ 955172.1486, 174642.4317 ], [ 955180.3548, 174542.9604 ], [ 955208.2049, 174393.9172 ], [ 955117.7288, 174155.3908 ], [ 955109.9292, 174130.9902 ], [ 955098.5268, 174110.6016 ], [ 955083.5189, 174092.0389 ], [ 955062.6854, 174075.3048 ], [ 955044.6353, 174065.4896 ], [ 955017.4291, 174057.1428 ], [ 954844.5087, 174032.2128 ], [ 954681.8582, 174009.0931 ], [ 954736.1225, 173674.9388 ], [ 954812.9818, 173205.9561 ], [ 954849.8692, 172957.4401 ], [ 954943.7905, 172364.566 ], [ 954991.717, 172062.1166 ], [ 955161.6023, 172090.3302 ], [ 955198.7517, 171824.3268 ], [ 955227.6561, 171625.7339 ], [ 955243.3515, 171521.5176 ], [ 955256.2943, 171436.2496 ], [ 955294.8813, 171443.4901 ], [ 955508.082, 171484.4061 ], [ 955626.331, 171498.1111 ], [ 955659.7421, 171352.3408 ], [ 955666.9064, 171308.2488 ], [ 955703.548, 171076.858 ], [ 955748.4625, 170799.1879 ], [ 955793.6514, 170517.8744 ], [ 955512.7839, 170531.3205 ], [ 955387.6078, 170531.4688 ], [ 955232.4561, 170531.6535 ], [ 954961.8436, 170532.7066 ], [ 954966.2511, 170505.0125 ], [ 954973.4131, 170459.8273 ], [ 954904.5654, 170447.8875 ], [ 954854.0401, 170439.2047 ], [ 954854.2719, 170401.3144 ], [ 954854.4649, 170331.3633 ], [ 954974.0181, 169579.2479 ], [ 954919.05, 169570.5703 ], [ 954832.7111, 169556.8301 ], [ 954892.0256, 169027.3912 ], [ 955004.8965, 168944.1887 ], [ 955045.663, 168913.9005 ], [ 955151.6121, 168148.6869 ], [ 955282.3768, 168169.2974 ], [ 955333.5997, 167827.1334 ], [ 955367.4481, 167579.3509 ], [ 955402.677, 167324.6446 ], [ 955441.7856, 167063.7403 ], [ 955478.4173, 166820.3266 ], [ 955513.9015, 166544.8536 ], [ 955308.7243, 166517.7724 ], [ 955253.7034, 166237.6707 ], [ 954922.8202, 166022.3861 ], [ 954819.4709, 165955.8392 ], [ 954595.5689, 165830.7828 ], [ 954383.6379, 165735.2242 ], [ 954147.5498, 165636.7828 ], [ 953708.6672, 165428.9352 ], [ 953451.0011, 165613.9738 ], [ 953287.4014, 165762.8268 ], [ 952795.3277, 166287.7245 ], [ 952218.0463, 166596.3343 ], [ 951736.1747, 166832.3289 ], [ 951380.7512, 166551.5465 ], [ 951345.3184, 166214.9564 ], [ 951334.0698, 166108.2239 ], [ 951029.142, 165817.5415 ], [ 950915.5621, 165789.2794 ], [ 950722.9397, 166017.2484 ], [ 950529.4658, 166229.1898 ], [ 950437.906, 166463.9434 ], [ 950371.0657, 166707.0425 ], [ 950274.9839, 166683.131 ], [ 950256.6559, 166678.4203 ], [ 950285.3585, 166558.5167 ], [ 949660.2614, 166401.28 ], [ 949684.2505, 166287.2116 ], [ 949585.9648, 166276.786 ], [ 949228.9156, 166239.4076 ], [ 949192.2113, 166582.2921 ], [ 949146.4009, 166577.6219 ], [ 949120.8577, 166574.7442 ], [ 949134.2748, 166446.4817 ], [ 948678.1127, 166401.2396 ], [ 948686.8675, 166313.424 ], [ 948561.3697, 166298.3061 ], [ 948566.2943, 166249.1148 ], [ 948451.353, 166239.4469 ], [ 948430.1757, 166373.9147 ], [ 948008.4117, 166314.0613 ], [ 948005.3993, 166341.7547 ], [ 947992.8052, 166459.451 ], [ 947895.0806, 166453.0391 ], [ 947590.7829, 166420.7065 ], [ 947592.0444, 166520.8945 ] ] ] ] } },
{ "type": "Feature", "properties": { "ZCTA5CE20": "10470", "GEOID20": "10470", "CLASSFP20": "B5", "MTFCC20": "G6350", "FUNCSTAT20": "S", "ALAND20": 3718691, "AWATER20": 3169, "INTPTLAT20": "+40.8895274", "INTPTLON20": "-073.8725845" }, "geometry": { "type": "MultiPolygon", "coordinates": [ [ [ [ 1017313.856, 265969.2964 ], [ 1017358.5394, 266045.1405 ], [ 1017448.9657, 266229.9854 ], [ 1017551.1895, 266479.3353 ], [ 1017559.7311, 266500.1145 ], [ 1017578.4675, 266545.683 ], [ 1017641.9506, 266820.1197 ], [ 1017691.0759, 267080.6917 ], [ 1017717.5497, 267328.1162 ], [ 1017805.9727, 267955.6351 ], [ 1017833.8209, 268207.0695 ], [ 1017872.6253, 268531.0233 ], [ 1017933.0227, 269030.2557 ], [ 1017943.1436, 269107.146 ], [ 1017970.4215, 269369.1459 ], [ 1018013.8419, 269353.5397 ], [ 1018045.3715, 269341.196 ], [ 1018076.6248, 269328.852 ], [ 1018364.2678, 269214.4878 ], [ 1018401.054, 269199.2373 ], [ 1018463.5607, 269174.9147 ], [ 1018637.8054, 269107.3939 ], [ 1018648.8687, 269103.0375 ], [ 1018859.6216, 269022.4539 ], [ 1018907.7462, 269004.3056 ], [ 1019055.9917, 268948.7739 ], [ 1019094.1599, 268934.2551 ], [ 1019380.6988, 268825.3665 ], [ 1019429.9309, 268806.4922 ], [ 1019926.4067, 268614.846 ], [ 1019984.2139, 268592.7064 ], [ 1020450.2716, 268413.7781 ], [ 1020773.8927, 268286.7444 ], [ 1021029.6009, 268102.0457 ], [ 1021152.037, 268119.3561 ], [ 1021365.6757, 268151.016 ], [ 1021387.7468, 267999.4836 ], [ 1021393.8877, 267960.8728 ], [ 1021495.4106, 267915.8503 ], [ 1021558.1508, 267923.5981 ], [ 1021717.068, 267947.1613 ], [ 1021955.5763, 267985.7874 ], [ 1021985.4931, 267946.4851 ], [ 1022009.3067, 267921.0183 ], [ 1022098.46, 267831.8937 ], [ 1022185.9263, 267761.3483 ], [ 1022221.3457, 267739.1789 ], [ 1022245.1466, 267722.0922 ], [ 1022288.3209, 267690.8266 ], [ 1022387.9196, 267640.704 ], [ 1022512.6832, 267585.5209 ], [ 1022688.0674, 267511.1086 ], [ 1022738.1382, 267489.6919 ], [ 1022741.7192, 267497.7132 ], [ 1022748.6072, 267512.2978 ], [ 1022764.0406, 267542.1983 ], [ 1022877.0511, 267750.4175 ], [ 1022894.9722, 267780.3222 ], [ 1023009.1148, 267970.6911 ], [ 1023034.2083, 268009.7158 ], [ 1023084.1194, 268087.4007 ], [ 1023194.4247, 268255.5394 ], [ 1023252.6237, 268335.7884 ], [ 1023527.9327, 268690.0095 ], [ 1023630.2442, 268840.6489 ], [ 1023655.3341, 268880.7674 ], [ 1023617.1465, 268905.4805 ], [ 1023655.1941, 268966.7519 ], [ 1023690.4702, 269032.3909 ], [ 1023741.6283, 269020.8153 ], [ 1023881.3491, 269282.6413 ], [ 1023922.1233, 269366.1424 ], [ 1023942.4992, 269414.6333 ], [ 1023959.5711, 269455.1033 ], [ 1023965.382, 269451.4694 ], [ 1023992.2231, 269434.3893 ], [ 1024012.7006, 269420.9423 ], [ 1024025.1528, 269412.9472 ], [ 1024034.5512, 269412.9627 ], [ 1024055.8358, 269412.9976 ], [ 1024126.8766, 269413.1145 ], [ 1024141.527, 269413.1387 ], [ 1024172.7257, 269435.7793 ], [ 1024183.7694, 269443.813 ], [ 1024187.6267, 269451.4706 ], [ 1024525.1836, 270089.9931 ], [ 1024550.2459, 270145.0505 ], [ 1024523.1427, 270153.7496 ], [ 1024472.6072, 270124.5182 ], [ 1024394.2922, 270178.3109 ], [ 1024386.5442, 270183.3988 ], [ 1024363.0224, 270199.3909 ], [ 1024511.5511, 270475.4446 ], [ 1024541.3817, 270488.6106 ], [ 1024595.7005, 270569.2207 ], [ 1024606.7296, 270585.6345 ], [ 1024685.126, 270648.0679 ], [ 1024899.8837, 270820.3971 ], [ 1024909.5598, 270819.3203 ], [ 1024970.9327, 270813.2297 ], [ 1025107.714, 270673.5526 ], [ 1025329.8963, 270866.6657 ], [ 1025400.6781, 270854.0339 ], [ 1025301.1528, 270701.9341 ], [ 1025259.7939, 270641.3832 ], [ 1025210.7145, 270569.5246 ], [ 1025194.173, 270543.9927 ], [ 1025146.2006, 270471.0431 ], [ 1025137.3998, 270444.7956 ], [ 1025056.9683, 270442.1095 ], [ 1024961.8721, 270283.8248 ], [ 1024864.0051, 270128.815 ], [ 1024737.4692, 269926.0287 ], [ 1024941.7054, 269783.5489 ], [ 1024994.0075, 269748.66 ], [ 1025004.2405, 269745.3981 ], [ 1025103.8069, 269712.7751 ], [ 1025296.892, 269628.2099 ], [ 1025352.7704, 269603.8937 ], [ 1025421.1208, 269560.2888 ], [ 1025431.5976, 269576.3377 ], [ 1025530.2937, 269730.6225 ], [ 1025569.698, 269803.1938 ], [ 1025587.905, 269824.7211 ], [ 1025595.9062, 269833.479 ], [ 1025621.29, 269860.848 ], [ 1025650.5368, 269892.2315 ], [ 1025954.5993, 269730.6209 ], [ 1026043.9653, 269683.0462 ], [ 1026063.6094, 269672.5141 ], [ 1026077.1666, 269665.2507 ], [ 1026523.119, 269458.3501 ], [ 1026598.3666, 269423.869 ], [ 1026748.6154, 269338.1475 ], [ 1026790.6735, 269314.5391 ], [ 1026984.5583, 269251.8493 ], [ 1027007.5157, 269243.8743 ], [ 1026996.235, 269213.9783 ], [ 1027038.5616, 269195.1073 ], [ 1027030.8648, 269170.6827 ], [ 1027062.121, 269159.4434 ], [ 1027042.3368, 269092.3694 ], [ 1027153.5366, 269049.5738 ], [ 1027171.7085, 268934.4739 ], [ 1027104.555, 268923.789 ], [ 1027045.1176, 268926.5986 ], [ 1026896.3443, 268957.3052 ], [ 1026977.1174, 268769.0827 ], [ 1026806.9455, 268706.4805 ], [ 1026801.0682, 268590.2451 ], [ 1026825.2425, 268362.2094 ], [ 1026793.7301, 268361.4253 ], [ 1026791.033, 268323.1647 ], [ 1026762.9099, 267966.4244 ], [ 1026680.85, 267941.8696 ], [ 1026685.4224, 267856.6216 ], [ 1026634.5483, 267861.6333 ], [ 1026609.668, 267861.9541 ], [ 1026600.4213, 267774.8602 ], [ 1026563.3984, 267763.1365 ], [ 1026550.614, 267802.0988 ], [ 1026533.1326, 267839.5954 ], [ 1026509.8441, 267878.175 ], [ 1026481.8613, 267913.8317 ], [ 1026449.739, 267945.4735 ], [ 1026414.5835, 267972.7379 ], [ 1026374.1814, 267996.7142 ], [ 1026241.6311, 268074.8175 ], [ 1025839.8241, 268317.5045 ], [ 1025533.0261, 267803.6217 ], [ 1025100.2392, 267075.6613 ], [ 1025013.0697, 267127.6153 ], [ 1024949.1178, 267017.8409 ], [ 1024928.0855, 267030.9218 ], [ 1024811.4746, 266835.0747 ], [ 1024823.0978, 266827.8074 ], [ 1024702.3243, 266640.3337 ], [ 1024568.4181, 266701.3198 ], [ 1024529.8145, 266641.1391 ], [ 1024421.9045, 266696.7042 ], [ 1024373.4194, 266593.5151 ], [ 1024295.6528, 266643.3012 ], [ 1024181.1025, 266702.4997 ], [ 1023993.7079, 266340.0358 ], [ 1023771.2504, 266452.982 ], [ 1023968.0134, 266835.8627 ], [ 1024005.4907, 266909.1569 ], [ 1023783.3118, 267023.9251 ], [ 1023560.308, 267137.2367 ], [ 1023332.602, 267253.4576 ], [ 1023261.5044, 267284.6763 ], [ 1023157.7686, 267326.7731 ], [ 1022887.7211, 266780.5568 ], [ 1022679.6232, 266386.7367 ], [ 1022646.547, 266324.3818 ], [ 1022595.9373, 266510.1158 ], [ 1022560.2973, 266670.3697 ], [ 1022546.6765, 266892.2323 ], [ 1022550.3285, 267030.3235 ], [ 1022583.6731, 267271.9349 ], [ 1022423.838, 266776.1777 ], [ 1022339.8041, 266770.9445 ], [ 1022282.7166, 266506.7071 ], [ 1022231.963, 266257.4178 ], [ 1022136.3701, 265864.1436 ], [ 1021971.5844, 265517.3976 ], [ 1021937.3459, 265134.0572 ], [ 1021144.7492, 263467.0688 ], [ 1021022.3626, 263219.4952 ], [ 1020889.5858, 262893.2088 ], [ 1020728.7147, 262124.9355 ], [ 1020415.544, 261123.9864 ], [ 1020193.2008, 260766.2374 ], [ 1019944.6213, 260005.8557 ], [ 1019668.6547, 259997.7994 ], [ 1019349.3159, 259959.8076 ], [ 1019074.4935, 259924.7986 ], [ 1018831.4695, 259891.2954 ], [ 1018873.9893, 259937.6274 ], [ 1018905.5679, 260479.811 ], [ 1018722.4515, 260519.2628 ], [ 1018467.6897, 260577.1961 ], [ 1018215.4168, 260635.8642 ], [ 1017950.9791, 260693.7893 ], [ 1018060.0976, 261167.584 ], [ 1018093.2886, 261557.1104 ], [ 1018029.3641, 262385.8962 ], [ 1018005.9276, 262536.7006 ], [ 1017967.7349, 262760.717 ], [ 1017841.1717, 263106.3006 ], [ 1017652.9385, 263663.8463 ], [ 1017450.4437, 264143.405 ], [ 1017376.0944, 264327.2954 ], [ 1017336.1009, 264459.1323 ], [ 1017324.9298, 264541.0937 ], [ 1017315.9427, 264643.4613 ], [ 1017324.5904, 264789.574 ], [ 1017356.3469, 265019.881 ], [ 1017393.1869, 265171.4973 ], [ 1017424.03, 265462.2839 ], [ 1017375.6615, 265452.3805 ], [ 1017357.6029, 265719.0537 ], [ 1017347.8494, 265775.5132 ], [ 1017340.3395, 265808.658 ], [ 1017289.5696, 265938.2943 ], [ 1017313.856, 265969.2964 ] ] ] ] } },
{ "type": "Feature", "properties": { "ZCTA5CE20": "10464", "GEOID20": "10464", "CLASSFP20": "B5", "MTFCC20": "G6350", "FUNCSTAT20": "S", "ALAND20": 7908514, "AWATER20": 402, "INTPTLAT20": "+40.8695935", "INTPTLON20": "-073.7958478" }, "geometry": { "type": "MultiPolygon", "coordinates": [ [ [ [ 1041634.5104, 251199.5264 ], [ 1041780.1507, 251260.7164 ], [ 1041662.9451, 251574.499 ], [ 1041866.2732, 251688.2912 ], [ 1041977.8645, 251990.2299 ], [ 1042198.3343, 251990.0275 ], [ 1042304.3964, 252288.3111 ], [ 1042523.3246, 252237.8291 ], [ 1042646.8812, 251932.0813 ], [ 1042660.5114, 251326.9462 ], [ 1042702.8322, 250869.8023 ], [ 1042754.9232, 250606.1463 ], [ 1042776.2063, 250499.082 ], [ 1042847.8304, 250509.8209 ], [ 1042956.1935, 250542.8737 ], [ 1043050.4805, 250562.4123 ], [ 1043096.9584, 250561.4321 ], [ 1043137.1056, 250547.3204 ], [ 1043154.8689, 250523.3172 ], [ 1043162.1111, 250502.9318 ], [ 1043162.1457, 250488.7226 ], [ 1043144.7528, 250474.1068 ], [ 1043097.2221, 250452.8596 ], [ 1043020.1209, 250419.1533 ], [ 1042972.0411, 250396.0834 ], [ 1042807.5756, 250339.5771 ], [ 1043141.3851, 249924.675 ], [ 1043370.0028, 249767.4727 ], [ 1043536.7797, 249558.7495 ], [ 1044098.9551, 249551.0229 ], [ 1043765.9541, 249402.6454 ], [ 1043907.0232, 249187.6678 ], [ 1044121.2272, 249046.4681 ], [ 1044186.8829, 248787.221 ], [ 1044366.7261, 248335.5217 ], [ 1044420.155, 248099.5626 ], [ 1044353.2684, 247960.9479 ], [ 1044450.7516, 247922.5699 ], [ 1044541.0335, 247887.4535 ], [ 1044501.7941, 247756.9225 ], [ 1044312.4635, 247456.966 ], [ 1044266.781, 247357.7527 ], [ 1044266.8496, 247330.0631 ], [ 1044267.2806, 247267.7623 ], [ 1044447.347, 247288.2475 ], [ 1044456.3684, 247109.3795 ], [ 1044205.0519, 247034.4314 ], [ 1044304.3607, 246372.3095 ], [ 1044505.2088, 246383.3738 ], [ 1044690.2215, 246087.2628 ], [ 1044759.0111, 245797.4209 ], [ 1044436.8684, 245602.7907 ], [ 1044686.6205, 245423.0646 ], [ 1044720.8507, 245122.5708 ], [ 1044651.5264, 244849.1441 ], [ 1044327.8215, 244497.8461 ], [ 1044012.1418, 244142.5645 ], [ 1043553.6802, 244686.4886 ], [ 1043671.4423, 244846.3572 ], [ 1043621.0778, 245073.9453 ], [ 1043470.6936, 245242.2661 ], [ 1043231.3292, 245363.3715 ], [ 1043211.0053, 245414.6938 ], [ 1043135.4954, 245630.5629 ], [ 1043070.4429, 245756.4661 ], [ 1043051.1672, 245832.2017 ], [ 1042921.1706, 246040.2883 ], [ 1042822.4058, 246263.389 ], [ 1042698.2081, 246478.0489 ], [ 1042668.8769, 246593.8379 ], [ 1042607.709, 246717.2013 ], [ 1042524.9649, 246953.8224 ], [ 1042417.3232, 247189.6553 ], [ 1042275.1917, 247386.7862 ], [ 1042112.0712, 247684.7896 ], [ 1042020.7714, 247915.927 ], [ 1042027.6187, 248177.1743 ], [ 1042325.8238, 248772.1239 ], [ 1042352.4839, 248960.9154 ], [ 1042381.5129, 249199.9914 ], [ 1042505.1131, 249457.1473 ], [ 1042431.7422, 249596.5129 ], [ 1042244.2695, 249902.8371 ], [ 1041694.0887, 251039.7226 ], [ 1041634.5104, 251199.5264 ] ] ], [ [ [ 1033906.2583, 256041.2899 ], [ 1034152.2332, 256396.6625 ], [ 1034306.4179, 256733.6309 ], [ 1034393.2622, 257000.1431 ], [ 1034403.522, 257120.761 ], [ 1034439.76, 257383.8897 ], [ 1034449.4726, 257634.9402 ], [ 1034465.7895, 258302.0813 ], [ 1034470.5016, 258563.6875 ], [ 1034470.1791, 258719.2602 ], [ 1034532.875, 259024.3433 ], [ 1035102.9628, 261200.6478 ], [ 1035188.2907, 261518.8968 ], [ 1035277.4839, 261970.1388 ], [ 1035320.5845, 262248.9506 ], [ 1035332.5041, 262365.9293 ], [ 1035289.0968, 262364.0161 ], [ 1035297.2891, 262412.8551 ], [ 1035339.0234, 262421.3229 ], [ 1035350.8513, 262581.658 ], [ 1035355.8678, 263218.1728 ], [ 1035388.2545, 263200.7528 ], [ 1035629.2016, 263144.4255 ], [ 1035770.5944, 263095.9041 ], [ 1036110.0947, 262984.4115 ], [ 1036141.9168, 262972.8208 ], [ 1036430.5127, 262876.1616 ], [ 1036508.2644, 262850.461 ], [ 1036672.0705, 262795.7995 ], [ 1036801.0313, 262744.3425 ], [ 1036806.2895, 262742.1678 ], [ 1036881.5346, 262725.2072 ], [ 1037128.9123, 262640.1258 ], [ 1037455.9795, 262530.0823 ], [ 1037781.6663, 262420.4045 ], [ 1038066.6808, 262323.757 ], [ 1038169.3409, 262289.3729 ], [ 1038333.9849, 262234.3601 ], [ 1038086.4653, 262130.7001 ], [ 1038613.1086, 261930.76 ], [ 1038944.0073, 261845.5204 ], [ 1039759.6424, 261636.058 ], [ 1041076.6225, 261070.011 ], [ 1041182.8765, 261275.3846 ], [ 1041410.6317, 261198.6807 ], [ 1041484.7883, 261177.724 ], [ 1041295.4954, 261008.2231 ], [ 1041306.8554, 260646.4592 ], [ 1041114.0384, 260444.5252 ], [ 1041024.7918, 260177.9825 ], [ 1040921.4254, 260154.0583 ], [ 1040872.3139, 260106.5791 ], [ 1040940.1476, 259834.5751 ], [ 1040878.1088, 259520.3681 ], [ 1040636.839, 258862.8989 ], [ 1040412.7525, 258660.8979 ], [ 1040431.0026, 258542.5295 ], [ 1040113.4093, 257872.8657 ], [ 1039938.1554, 257836.7568 ], [ 1039839.1935, 257937.4519 ], [ 1039641.9178, 257735.5197 ], [ 1039642.1344, 257640.7917 ], [ 1039467.701, 257243.6267 ], [ 1039298.0572, 256805.3035 ], [ 1039181.1229, 256781.356 ], [ 1038858.2327, 256472.7585 ], [ 1038742.7981, 255904.1279 ], [ 1038432.531, 255879.7499 ], [ 1038306.7148, 255867.4456 ], [ 1038212.1112, 255997.6685 ], [ 1038117.8383, 255979.606 ], [ 1038051.9492, 255883.6382 ], [ 1037956.2113, 255902.3714 ], [ 1037924.4982, 255985.0064 ], [ 1037978.299, 256044.5131 ], [ 1037969.2652, 256127.1982 ], [ 1037385.5914, 256676.0648 ], [ 1037125.4434, 256754.9218 ], [ 1037255.726, 256620.0362 ], [ 1037217.7729, 256522.31 ], [ 1037217.902, 256463.2872 ], [ 1037385.7232, 256489.8872 ], [ 1037496.5918, 256380.8286 ], [ 1037398.1408, 256250.5429 ], [ 1037470.1412, 256209.1662 ], [ 1037724.489, 256129.9358 ], [ 1037709.0819, 255842.4374 ], [ 1037943.0918, 255707.0561 ], [ 1038208.4244, 255666.1108 ], [ 1038258.4602, 255429.4012 ], [ 1038241.3007, 255062.1083 ], [ 1038487.869, 255252.1158 ], [ 1038717.2645, 255205.2662 ], [ 1038742.7394, 255069.4247 ], [ 1038699.9644, 254903.5538 ], [ 1038713.8899, 254737.8104 ], [ 1038785.897, 254696.4377 ], [ 1038925.2991, 254696.7518 ], [ 1039068.8719, 254809.6573 ], [ 1039166.8234, 255158.9168 ], [ 1040116.8876, 257084.0766 ], [ 1040231.9791, 257186.3576 ], [ 1040344.2367, 257198.2762 ], [ 1040694.9449, 257069.0212 ], [ 1040883.645, 257152.1669 ], [ 1040892.0103, 257359.4962 ], [ 1041035.6136, 257448.7314 ], [ 1041214.3479, 257887.0884 ], [ 1041227.2307, 258171.3043 ], [ 1041280.6145, 258402.4219 ], [ 1041320.516, 258603.9963 ], [ 1041302.1783, 258757.7049 ], [ 1041355.9509, 258823.0486 ], [ 1041373.8283, 258864.6256 ], [ 1041117.5263, 258958.7511 ], [ 1041072.5324, 259041.3509 ], [ 1041210.8807, 259361.5671 ], [ 1041309.575, 259491.869 ], [ 1041412.9301, 259521.6243 ], [ 1041466.365, 259729.0604 ], [ 1041609.9246, 259829.958 ], [ 1041722.1822, 259836.4179 ], [ 1041811.8302, 259931.3594 ], [ 1041892.4647, 259978.9155 ], [ 1042013.8767, 259973.0109 ], [ 1042121.568, 260038.485 ], [ 1042134.9056, 260127.4161 ], [ 1042062.8244, 260204.1199 ], [ 1042071.4899, 260281.0165 ], [ 1042300.575, 260346.7815 ], [ 1042430.8472, 260335.4351 ], [ 1042525.6473, 260240.9344 ], [ 1042575.2404, 260086.9375 ], [ 1042575.5685, 259950.6747 ], [ 1042467.92, 259867.7103 ], [ 1042333.3055, 259843.705 ], [ 1042319.9118, 259778.4559 ], [ 1042378.5156, 259672.2089 ], [ 1042531.6531, 259583.6777 ], [ 1042846.1032, 259572.413 ], [ 1043311.0551, 259647.8677 ], [ 1043490.7632, 259551.3918 ], [ 1043655.7623, 259138.6333 ], [ 1043624.4036, 258731.952 ], [ 1043488.4851, 258447.4335 ], [ 1043407.1882, 258217.3358 ], [ 1043182.3316, 257884.1447 ], [ 1043063.6638, 257552.6707 ], [ 1042963.0766, 257405.2331 ], [ 1042998.3394, 257347.7528 ], [ 1043002.4622, 257244.2901 ], [ 1043093.6113, 257178.5657 ], [ 1043336.5985, 257338.3739 ], [ 1043429.6775, 257501.8257 ], [ 1043484.1013, 257638.9508 ], [ 1043510.0389, 257663.0607 ], [ 1043533.606, 257638.7075 ], [ 1043516.8204, 257491.1085 ], [ 1043495.0601, 257342.04 ], [ 1043522.8256, 257184.3484 ], [ 1043556.4985, 257099.1752 ], [ 1043603.8846, 257061.0355 ], [ 1043799.5753, 257446.6237 ], [ 1043980.4705, 257661.3013 ], [ 1044040.4439, 257677.4802 ], [ 1044100.6938, 257693.66 ], [ 1044169.2449, 257596.1861 ], [ 1044144.1024, 257474.4342 ], [ 1044036.0273, 257337.9039 ], [ 1044078.4536, 257292.466 ], [ 1044249.0922, 257292.888 ], [ 1044339.7593, 257199.8416 ], [ 1044399.3601, 256920.9046 ], [ 1043967.3327, 256371.5034 ], [ 1043485.147, 255966.9949 ], [ 1042282.2679, 255636.9063 ], [ 1041811.7776, 252969.1797 ], [ 1041319.9984, 252365.763 ], [ 1041226.8139, 251409.1525 ], [ 1040552.1305, 251282.2428 ], [ 1040134.7298, 250786.5038 ], [ 1040015.1274, 250827.7629 ], [ 1039920.3674, 250411.4696 ], [ 1040027.3482, 250566.1955 ], [ 1040085.5804, 250386.346 ], [ 1040078.7828, 249734.5276 ], [ 1039997.7104, 249259.6072 ], [ 1039769.2639, 248987.2859 ], [ 1039526.0732, 248263.153 ], [ 1039074.6762, 249065.1305 ], [ 1038197.3717, 250194.7986 ], [ 1038365.5208, 250217.3982 ], [ 1038249.2822, 250735.5935 ], [ 1038019.9594, 250731.0759 ], [ 1038306.5432, 253092.9972 ], [ 1038007.7723, 253106.9061 ], [ 1037733.3033, 253013.7564 ], [ 1037476.2526, 252797.5014 ], [ 1037474.588, 252170.1051 ], [ 1036536.9797, 253644.0032 ], [ 1035740.1727, 254121.7678 ], [ 1035392.6841, 253766.5294 ], [ 1035373.6066, 254155.9682 ], [ 1035395.1511, 254563.3455 ], [ 1034935.7106, 254307.3422 ], [ 1034955.3409, 254575.5373 ], [ 1035048.2029, 254874.4905 ], [ 1035502.6478, 255655.8637 ], [ 1035269.5058, 255648.0848 ], [ 1035281.3442, 255936.667 ], [ 1035245.5141, 256271.4201 ], [ 1035159.8035, 256521.5415 ], [ 1034682.9172, 256026.8632 ], [ 1034426.1972, 256321.0813 ], [ 1034330.6293, 256125.9616 ], [ 1034430.3846, 255901.7346 ], [ 1034595.2247, 255769.0925 ], [ 1034789.9827, 255747.2732 ], [ 1034835.6235, 255479.9429 ], [ 1034733.9085, 255314.6848 ], [ 1034383.4562, 255724.5682 ], [ 1034235.2004, 255996.7882 ], [ 1033998.2282, 255970.0679 ], [ 1033906.2583, 256041.2899 ] ] ] ] } },
{ "type": "Feature", "properties": { "ZCTA5CE20": "10314", "GEOID20": "10314", "CLASSFP20": "B5", "MTFCC20": "G6350", "FUNCSTAT20": "S", "ALAND20": 33661749, "AWATER20": 1433218, "INTPTLAT20": "+40.6006986", "INTPTLON20": "-074.1643138" }, "geometry": { "type": "MultiPolygon", "coordinates": [ [ [ [ 927160.0606, 151199.5367 ], [ 927298.8603, 151280.8204 ], [ 927686.8954, 152588.9387 ], [ 927558.9905, 153126.6174 ], [ 927483.4314, 153717.3663 ], [ 927574.7337, 154161.6315 ], [ 928054.835, 154834.5214 ], [ 928968.6222, 156076.9665 ], [ 929263.3064, 156702.2114 ], [ 929432.0907, 156796.9197 ], [ 929420.8929, 157373.3094 ], [ 929536.3844, 157481.983 ], [ 929532.6665, 157927.927 ], [ 929160.5726, 158182.3381 ], [ 929047.1714, 158259.8324 ], [ 928864.3758, 158593.6068 ], [ 928672.3894, 159277.8858 ], [ 927985.2991, 160072.9692 ], [ 928075.8672, 161175.2129 ], [ 928035.7705, 161486.4407 ], [ 928066.9647, 162730.1811 ], [ 928508.2014, 163120.8174 ], [ 928600.5293, 163793.8824 ], [ 928618.0365, 163922.4499 ], [ 928367.8622, 164875.7392 ], [ 928424.6275, 165295.6782 ], [ 928292.3692, 166331.7649 ], [ 928266.1918, 166536.9415 ], [ 928302.6328, 167052.381 ], [ 928327.0074, 167391.1495 ], [ 928414.5171, 168630.0266 ], [ 928594.21, 169401.9894 ], [ 928922.0773, 169916.7649 ], [ 929080.7719, 170008.2149 ], [ 929158.4214, 169978.5283 ], [ 929328.0864, 169889.2484 ], [ 929438.5329, 169879.1623 ], [ 929469.3757, 169894.0303 ], [ 929534.5493, 169993.7093 ], [ 929575.962, 170018.7548 ], [ 929705.1777, 170085.8652 ], [ 929723.8443, 170117.1555 ], [ 929720.8476, 170142.3009 ], [ 929635.7899, 170210.2567 ], [ 929615.6601, 170268.9587 ], [ 929619.1275, 170329.7937 ], [ 929688.7933, 170453.1444 ], [ 929675.8235, 170486.6917 ], [ 929631.4789, 170515.2088 ], [ 929853.4866, 170747.5166 ], [ 930815.1367, 170086.6794 ], [ 930840.9039, 170065.8561 ], [ 930871.6664, 170044.6575 ], [ 930843.0251, 170020.6748 ], [ 930762.6433, 169944.707 ], [ 930540.3, 169811.1245 ], [ 930172.124, 169628.3195 ], [ 930092.0521, 169568.3836 ], [ 930017.7111, 169464.7159 ], [ 930003.7126, 169410.8266 ], [ 930011.6766, 169372.5545 ], [ 930049.5918, 169322.557 ], [ 930121.3736, 169273.9415 ], [ 930195.4304, 169249.7311 ], [ 930375.5673, 169247.5097 ], [ 930603.5292, 169283.0741 ], [ 930723.7372, 169292.646 ], [ 930790.0491, 169280.4773 ], [ 930845.488, 169246.473 ], [ 930899.4465, 169170.2101 ], [ 930927.2659, 169072.1449 ], [ 930935.0965, 168972.302 ], [ 930950.8577, 168818.1568 ], [ 930960.6004, 168704.1009 ], [ 930944.1282, 168533.9961 ], [ 930943.9876, 168469.8747 ], [ 930975.7859, 168413.6986 ], [ 931027.8697, 168367.6792 ], [ 931075.8555, 168351.5438 ], [ 931133.9002, 168365.6257 ], [ 931197.8255, 168403.3763 ], [ 931268.2223, 168481.1889 ], [ 931282.1407, 168499.3749 ], [ 931404.882, 168778.9114 ], [ 931451.103, 168845.1186 ], [ 931567.9344, 169088.9647 ], [ 931607.9989, 169132.5972 ], [ 931661.9078, 169160.5338 ], [ 931697.9964, 169162.6417 ], [ 931763.9883, 169130.4384 ], [ 931807.7537, 169088.4463 ], [ 931843.6217, 168988.1788 ], [ 931867.2703, 168756.0512 ], [ 931902.8748, 168661.978 ], [ 931940.5041, 168605.7906 ], [ 931998.7219, 168571.7829 ], [ 932034.5204, 168567.6984 ], [ 932082.8528, 168583.6251 ], [ 932426.3266, 168896.941 ], [ 932474.4255, 168933.9999 ], [ 932493.6089, 168948.5322 ], [ 932505.3009, 168964.5377 ], [ 933043.2466, 168575.0257 ], [ 933310.1976, 168405.7813 ], [ 933819.3689, 168049.5006 ], [ 934197.3655, 167745.9635 ], [ 934604.7796, 167434.3571 ], [ 934930.1765, 167054.7945 ], [ 934887.9307, 167029.3773 ], [ 934859.5816, 167012.3115 ], [ 934685.0397, 166907.7404 ], [ 934929.3831, 166389.8988 ], [ 934956.4158, 166304.9558 ], [ 934980.3803, 166212.7324 ], [ 934997.6965, 166127.4448 ], [ 935012.4886, 166029.4108 ], [ 935020.6411, 165942.6844 ], [ 935023.0349, 165890.9451 ], [ 935023.8271, 165870.9055 ], [ 935024.894, 165849.4081 ], [ 935024.8756, 165840.2999 ], [ 935023.2936, 165744.4851 ], [ 935016.7154, 165649.0447 ], [ 935004.8648, 165554.708 ], [ 934537.2981, 163754.4263 ], [ 934487.2572, 163585.8453 ], [ 934433.6206, 163424.1939 ], [ 934379.4535, 163274.9309 ], [ 934319.7307, 163124.5864 ], [ 934241.9037, 162946.5905 ], [ 934175.2577, 162805.7331 ], [ 934100.5473, 162659.0633 ], [ 933992.9769, 162465.4635 ], [ 933950.3647, 162401.4301 ], [ 933898.0249, 162332.6806 ], [ 933834.8498, 162260.6747 ], [ 933766.6872, 162193.78 ], [ 933698.544, 162136.3579 ], [ 933651.2687, 162100.3878 ], [ 933588.9601, 162045.1399 ], [ 933523.5758, 161979.6973 ], [ 933462.0714, 161910.9679 ], [ 933406.3951, 161841.1335 ], [ 933357.6627, 161772.742 ], [ 933312.8135, 161702.5208 ], [ 933283.2746, 161651.2126 ], [ 933729.6469, 161471.0325 ], [ 933775.4223, 161452.7212 ], [ 933932.4791, 161405.7619 ], [ 934228.2607, 161307.8766 ], [ 934258.408, 161385.7805 ], [ 934296.1176, 161495.7297 ], [ 934329.1113, 161607.8746 ], [ 934357.3942, 161724.7654 ], [ 934380.1194, 161839.4818 ], [ 934397.8542, 161957.8516 ], [ 934410.3283, 162083.5188 ], [ 934416.0888, 162184.7898 ], [ 934417.3883, 162276.9619 ], [ 934417.7339, 162310.1149 ], [ 934422.8158, 162351.2734 ], [ 934436.5958, 162436.862 ], [ 934452.8551, 162512.973 ], [ 934473.8432, 162593.4463 ], [ 934505.9718, 162691.0201 ], [ 934543.6471, 162785.6681 ], [ 934581.849, 162866.4706 ], [ 934705.0697, 163113.5972 ], [ 934863.9709, 163432.4244 ], [ 934987.465, 163680.2806 ], [ 934995.8293, 163697.7513 ], [ 935344.8466, 164405.2986 ], [ 935389.4353, 164489.3685 ], [ 935435.9516, 164565.7838 ], [ 935494.9809, 164652.3752 ], [ 935553.4328, 164728.0381 ], [ 935612.1458, 164795.6854 ], [ 935671.6812, 164858.2307 ], [ 935727.0352, 164912.4049 ], [ 935801.0126, 164978.2006 ], [ 935880.5375, 165041.7995 ], [ 935955.8782, 165095.5702 ], [ 936033.7106, 165146.0572 ], [ 936124.3158, 165197.9765 ], [ 936208.2413, 165241.5298 ], [ 936306.0478, 165285.4204 ], [ 936383.8388, 165315.5063 ], [ 936469.3997, 165344.1198 ], [ 936547.4521, 165366.1906 ], [ 936632.718, 165386.0614 ], [ 936718.8088, 165401.9234 ], [ 936805.4468, 165413.777 ], [ 936889.577, 165420.8996 ], [ 936982.8619, 165424.7257 ], [ 937081.4108, 165423.077 ], [ 937176.3424, 165417.0638 ], [ 937281.8091, 165403.7441 ], [ 937359.2729, 165552.9687 ], [ 937372.09, 165577.3539 ], [ 937387.4048, 165601.37 ], [ 937410.5298, 165644.6804 ], [ 937478.2359, 165773.1575 ], [ 937936.3562, 165517.2517 ], [ 938348.1731, 165286.9449 ], [ 938397.7775, 165534.5937 ], [ 938416.5621, 165632.5622 ], [ 938449.0652, 165792.0762 ], [ 938503.4499, 165778.1294 ], [ 938517.4139, 165822.5511 ], [ 938544.1524, 165869.499 ], [ 938703.8362, 165901.6245 ], [ 939118.9658, 165810.4974 ], [ 939150.1219, 165994.7891 ], [ 939171.361, 166070.8941 ], [ 939186.9021, 166068.315 ], [ 939183.2642, 166052.6557 ], [ 939165.5273, 165918.9805 ], [ 940667.1197, 165776.7057 ], [ 942180.9424, 165633.4095 ], [ 942246.2753, 165688.3099 ], [ 942345.8063, 165773.755 ], [ 942423.1364, 165863.975 ], [ 942520.217, 165978.2068 ], [ 942607.8401, 166081.8898 ], [ 942716.8833, 166212.1324 ], [ 942747.7779, 166259.4422 ], [ 942778.9811, 166324.9678 ], [ 942820.7614, 166407.2345 ], [ 942845.9122, 166505.1956 ], [ 942862.9238, 166551.0718 ], [ 942891.5275, 166720.7996 ], [ 942953.1641, 167053.6897 ], [ 943527.1083, 166983.4996 ], [ 943630.1007, 166986.6063 ], [ 943681.182, 166989.0713 ], [ 943627.849, 166801.8963 ], [ 943585.6732, 166647.1278 ], [ 943514.6145, 166485.1212 ], [ 943427.6521, 166275.779 ], [ 943334.3524, 166095.594 ], [ 943250.5458, 165948.547 ], [ 943101.1207, 165741.1331 ], [ 943182.9127, 165680.5165 ], [ 943380.8771, 165532.9949 ], [ 943319.9439, 165451.8525 ], [ 943301.8588, 165427.8374 ], [ 943467.6707, 165308.7882 ], [ 943525.7019, 165314.8845 ], [ 943556.2447, 165318.1123 ], [ 943971.7915, 165294.4679 ], [ 943970.0962, 165276.6187 ], [ 943957.9615, 165157.5039 ], [ 944009.8734, 165156.325 ], [ 944084.8267, 165154.7437 ], [ 944060.2703, 164910.321 ], [ 944052.9445, 164845.1186 ], [ 943959.3948, 164849.6453 ], [ 943921.9195, 164851.5291 ], [ 943913.1405, 164747.3462 ], [ 943846.1697, 164708.4744 ], [ 943554.9563, 164714.0605 ], [ 943538.4908, 164662.718 ], [ 943463.9742, 164428.9451 ], [ 943465.3717, 164269.0033 ], [ 943466.5081, 164118.8988 ], [ 943706.9086, 164104.6524 ], [ 943959.7972, 164087.1087 ], [ 944217.6545, 164052.0719 ], [ 944476.6023, 164004.2845 ], [ 944733.3283, 163955.4105 ], [ 944768.1549, 164373.2367 ], [ 944785.9011, 164530.9614 ], [ 944925.7784, 164503.7746 ], [ 944987.2974, 164777.649 ], [ 945008.3749, 165108.4237 ], [ 944950.9288, 165120.9036 ], [ 944854.3539, 165142.5551 ], [ 944862.5369, 165224.1511 ], [ 944889.6306, 165497.7167 ], [ 944918.9646, 165783.6658 ], [ 945303.8763, 165702.8944 ], [ 945545.3199, 165655.5107 ], [ 945557.6883, 165752.0377 ], [ 945572.3116, 165870.0563 ], [ 945770.1901, 165835.4957 ], [ 945838.461, 165822.6363 ], [ 946062.1513, 165784.0297 ], [ 946068.0663, 165838.3051 ], [ 946077.0824, 165922.8148 ], [ 946206.697, 165905.4883 ], [ 946248.4203, 166313.4692 ], [ 946374.1948, 166327.1173 ], [ 946385.1852, 166432.3907 ], [ 946387.1584, 166451.697 ], [ 946581.5283, 166304.9357 ], [ 946619.7926, 166276.0946 ], [ 946852.7185, 166107.4163 ], [ 947047.9384, 165968.3083 ], [ 947090.3657, 165938.0043 ], [ 947054.0548, 165611.2586 ], [ 947117.8903, 165601.6886 ], [ 947314.9652, 165583.5364 ], [ 947518.15, 165566.8339 ], [ 947659.9961, 165558.6049 ], [ 947631.7497, 165789.2663 ], [ 947740.0325, 165800.0333 ], [ 947734.9298, 165914.4396 ], [ 947811.5608, 165922.3398 ], [ 947773.2191, 166271.0581 ], [ 947880.1107, 166281.0992 ], [ 947876.2837, 166320.8165 ], [ 947975.9569, 166330.5045 ], [ 947978.1472, 166310.0989 ], [ 948008.4117, 166314.0613 ], [ 948430.1757, 166373.9147 ], [ 948451.353, 166239.4469 ], [ 948566.2943, 166249.1148 ], [ 948561.3697, 166298.3061 ], [ 948686.8675, 166313.424 ], [ 948678.1127, 166401.2396 ], [ 949134.2748, 166446.4817 ], [ 949120.8577, 166574.7442 ], [ 949146.4009, 166577.6219 ], [ 949192.2113, 166582.2921 ], [ 949228.9156, 166239.4076 ], [ 949585.9648, 166276.786 ], [ 949684.2505, 166287.2116 ], [ 949660.2614, 166401.28 ], [ 950285.3585, 166558.5167 ], [ 950256.6559, 166678.4203 ], [ 950274.9839, 166683.131 ], [ 950371.0657, 166707.0425 ], [ 950437.906, 166463.9434 ], [ 950529.4658, 166229.1898 ], [ 950722.9397, 166017.2484 ], [ 950915.5621, 165789.2794 ], [ 951029.142, 165817.5415 ], [ 951272.4813, 165113.6953 ], [ 951350.74, 164887.3425 ], [ 951440.3614, 164645.3085 ], [ 951508.5979, 164396.0171 ], [ 952405.7052, 164478.621 ], [ 952455.1065, 164254.4955 ], [ 952478.3175, 163958.2677 ], [ 952490.4254, 163663.1474 ], [ 952502.3187, 163416.1185 ], [ 952558.5608, 162899.7946 ], [ 952772.6505, 162922.4691 ], [ 952821.9929, 162647.7032 ], [ 952824.4658, 162627.662 ], [ 952831.9292, 162602.1495 ], [ 952843.5586, 162577.7246 ], [ 952859.3556, 162555.4803 ], [ 952877.9337, 162536.8757 ], [ 952901.5118, 162520.0863 ], [ 952842.0726, 162501.9467 ], [ 952853.3638, 162430.5241 ], [ 952879.8127, 162056.3268 ], [ 952886.3551, 161962.3222 ], [ 952942.1477, 161950.5919 ], [ 953107.8354, 161896.0945 ], [ 953295.9829, 161817.5242 ], [ 953334.2794, 161802.1738 ], [ 953442.7887, 161760.5029 ], [ 953595.9853, 161706.7534 ], [ 953678.1431, 161684.7904 ], [ 953718.6718, 161677.8173 ], [ 953943.2575, 161648.7546 ], [ 954246.4399, 161635.9916 ], [ 954285.5869, 161634.1217 ], [ 954423.8665, 161640.5096 ], [ 954637.9615, 161659.9216 ], [ 954789.2954, 161670.3033 ], [ 954877.319, 161676.3904 ], [ 954955.0686, 161681.7615 ], [ 954985.3354, 161683.911 ], [ 954999.409, 161611.7575 ], [ 954975.6382, 161470.4275 ], [ 954491.8872, 161409.8078 ], [ 954236.0623, 161326.3271 ], [ 954114.6646, 161276.9288 ], [ 954045.4504, 161214.7149 ], [ 953980.9285, 161130.2714 ], [ 953969.7509, 161073.0861 ], [ 953680.7034, 161070.8974 ], [ 953618.9963, 161018.1477 ], [ 953532.5191, 160919.5244 ], [ 953462.7254, 160840.1895 ], [ 953427.3399, 160743.6879 ], [ 953372.8763, 160492.3719 ], [ 953392.0939, 160319.6569 ], [ 953374.9591, 160164.4757 ], [ 953237.5236, 159955.8917 ], [ 953034.533, 159947.0432 ], [ 952920.2827, 159848.8221 ], [ 952772.3408, 159679.6014 ], [ 952688.0319, 159546.3673 ], [ 952610.0741, 159386.5295 ], [ 952540.9736, 159205.5494 ], [ 952499.6808, 159055.5009 ], [ 952521.6678, 158880.9601 ], [ 952539.3086, 158780.3831 ], [ 952351.7279, 158672.0592 ], [ 951803.7326, 158584.6171 ], [ 951820.5986, 158321.5512 ], [ 951836.08, 158061.0375 ], [ 951840.4566, 157802.7246 ], [ 951858.7291, 157552.4083 ], [ 951532.4135, 157539.7293 ], [ 951531.8222, 157306.5615 ], [ 951084.4294, 157297.6949 ], [ 951078.6259, 157522.1276 ], [ 951073.1545, 157786.2713 ], [ 951066.8501, 158050.4163 ], [ 951055.5374, 158307.2815 ], [ 951045.0486, 158557.2235 ], [ 950761.8024, 158555.0615 ], [ 950768.7344, 158345.9288 ], [ 950773.0707, 158268.3214 ], [ 950712.3575, 158140.5266 ], [ 950289.2067, 157782.2526 ], [ 950192.1535, 157684.7489 ], [ 949315.8174, 155808.9847 ], [ 949177.6417, 155513.351 ], [ 949148.4343, 154518.7839 ], [ 948748.9221, 154050.1122 ], [ 948754.1604, 153642.7885 ], [ 948758.6974, 153325.8186 ], [ 948391.4474, 152904.4681 ], [ 948424.5572, 152565.9609 ], [ 948436.5919, 152439.1579 ], [ 948379.4731, 152129.9298 ], [ 948369.1288, 152084.4043 ], [ 948351.8376, 152037.0675 ], [ 948328.9954, 151992.6535 ], [ 948300.6032, 151951.891 ], [ 948029.0079, 151618.2074 ], [ 947988.8075, 151669.2728 ], [ 947939.7209, 151721.8089 ], [ 947888.4027, 151767.7905 ], [ 947835.1309, 151807.5817 ], [ 947792.1192, 151835.6991 ], [ 947733.8355, 151867.1185 ], [ 947681.9279, 151890.149 ], [ 947620.2975, 151912.4655 ], [ 947592.2553, 151920.5229 ], [ 947540.3254, 151928.6164 ], [ 947497.009, 151938.5186 ], [ 947451.4771, 151952.7961 ], [ 947401.2321, 151972.91 ], [ 947355.4358, 151995.9319 ], [ 947309.3702, 152024.4192 ], [ 947261.3719, 152060.5603 ], [ 947225.8665, 152092.3107 ], [ 947187.0419, 152133.1742 ], [ 947163.1987, 152162.3566 ], [ 947141.04, 152203.1948 ], [ 947123.8872, 152248.033 ], [ 947112.8479, 152294.6836 ], [ 947108.1861, 152334.0378 ], [ 947107.6956, 152376.6647 ], [ 947113.3236, 152424.3827 ], [ 947123.9441, 152467.3569 ], [ 947133.7073, 152494.6664 ], [ 947150.4361, 152536.174 ], [ 947161.3331, 152578.4192 ], [ 947167.2343, 152623.2222 ], [ 947167.031, 152672.0422 ], [ 947159.6071, 152721.6017 ], [ 947146.3431, 152766.434 ], [ 947127.5208, 152809.0888 ], [ 947101.4753, 152850.6617 ], [ 947072.9195, 152885.3162 ], [ 947047.6807, 152909.4003 ], [ 947007.7311, 152940.0648 ], [ 945736.3097, 153902.7708 ], [ 945617.1486, 153896.7662 ], [ 945509.9256, 153887.8286 ], [ 945376.0276, 153871.6475 ], [ 945252.1218, 153851.4436 ], [ 945132.0978, 153827.2264 ], [ 945085.4194, 153816.3718 ], [ 944987.9168, 153807.4208 ], [ 944872.6428, 153801.0492 ], [ 944824.5915, 153800.034 ], [ 944789.0392, 153799.363 ], [ 944605.1553, 153788.7322 ], [ 944593.2112, 153788.023 ], [ 944199.611, 153765.7152 ], [ 943745.4559, 153739.8713 ], [ 943608.3992, 152831.4716 ], [ 943247.2288, 152449.1714 ], [ 942918.045, 152099.2471 ], [ 942687.3522, 151849.3484 ], [ 941881.1969, 150847.7506 ], [ 941722.631, 150714.6841 ], [ 941552.3883, 150576.9028 ], [ 941423.6004, 150477.304 ], [ 941258.0979, 150351.5392 ], [ 941088.4308, 150227.9689 ], [ 940874.8251, 150078.2467 ], [ 940800.0038, 150024.0957 ], [ 940541.8831, 149838.0233 ], [ 940037.5589, 149457.1213 ], [ 939706.0017, 149223.8291 ], [ 939304.6186, 148940.7577 ], [ 938708.4806, 148506.1328 ], [ 938535.6996, 148365.4629 ], [ 938500.6482, 148340.026 ], [ 938071.9546, 148027.1516 ], [ 937945.3754, 147934.8535 ], [ 937637.9737, 147715.3878 ], [ 937451.5841, 147583.1311 ], [ 937066.8338, 147308.8084 ], [ 937127.7479, 145767.5946 ], [ 937125.9356, 145692.5471 ], [ 937124.1233, 145617.4997 ], [ 937111.5201, 145278.7017 ], [ 937099.1937, 144939.5389 ], [ 937092.7535, 144770.5045 ], [ 937086.5905, 144601.1053 ], [ 937079.382, 144322.4106 ], [ 937062.1337, 143738.0667 ], [ 936656.9275, 143835.4018 ], [ 936585.5867, 143870.5166 ], [ 936492.5956, 143916.9682 ], [ 936387.9427, 143967.4506 ], [ 936046.5867, 144173.2392 ], [ 935843.1384, 144283.3049 ], [ 935657.1653, 144377.6713 ], [ 935515.285, 144428.5962 ], [ 935183.4567, 144529.8166 ], [ 934899.3552, 144735.5061 ], [ 934831.3295, 145169.191 ], [ 934498.4985, 146948.1408 ], [ 934361.8522, 147375.4099 ], [ 934241.0161, 147517.7448 ], [ 933460.3016, 147759.4521 ], [ 933216.5804, 147854.3223 ], [ 933146.1365, 147911.6692 ], [ 933051.663, 148035.3742 ], [ 931635.7174, 147931.6469 ], [ 931658.2687, 148596.8567 ], [ 931591.694, 149284.1188 ], [ 931543.6481, 149290.052 ], [ 931480.3038, 149286.9103 ], [ 931416.1158, 149279.0345 ], [ 931369.1558, 149273.3072 ], [ 931321.0751, 149263.2107 ], [ 931316.6866, 149289.0873 ], [ 931290.8935, 149435.9667 ], [ 931277.7077, 149504.1243 ], [ 931244.7861, 149694.0097 ], [ 930891.8075, 149737.0429 ], [ 930077.8135, 150455.8346 ], [ 928822.2086, 150566.1384 ], [ 928561.2245, 150623.2048 ], [ 927704.7041, 150809.8934 ], [ 927037.9847, 150670.4578 ], [ 927160.0606, 151199.5367 ] ], [ [ 933583.5736, 159459.1603 ], [ 934152.1297, 158990.5517 ], [ 934789.1973, 159565.2481 ], [ 934890.4523, 159653.9381 ], [ 934996.1847, 159760.1072 ], [ 935058.0475, 159868.1869 ], [ 935097.2067, 160009.1022 ], [ 935112.6708, 160104.1602 ], [ 935092.1474, 160116.2244 ], [ 934984.9625, 160251.6064 ], [ 934499.5838, 160789.6118 ], [ 934429.6045, 160650.218 ], [ 934344.8766, 160495.5528 ], [ 934278.5576, 160381.6548 ], [ 934201.3857, 160256.4851 ], [ 934108.9095, 160116.0455 ], [ 934020.9059, 159990.5344 ], [ 933925.9557, 159863.2163 ], [ 933831.2973, 159743.1846 ], [ 933748.8997, 159644.2587 ], [ 933636.1738, 159516.25 ], [ 933583.5736, 159459.1603 ] ] ] ] } },
{ "type": "Feature", "properties": { "ZCTA5CE20": "10471", "GEOID20": "10471", "CLASSFP20": "B5", "MTFCC20": "G6350", "FUNCSTAT20": "S", "ALAND20": 4436899, "AWATER20": 0, "INTPTLAT20": "+40.8999779", "INTPTLON20": "-073.9067485" }, "geometry": { "type": "MultiPolygon", "coordinates": [ [ [ [ 1006105.81, 262550.729 ], [ 1006262.2302, 263247.1256 ], [ 1006434.9473, 263950.8253 ], [ 1006515.8136, 264107.5661 ], [ 1006879.3507, 265037.7012 ], [ 1006821.6833, 265210.345 ], [ 1006924.7027, 265321.9296 ], [ 1007088.5709, 265991.7427 ], [ 1007117.7683, 266105.8091 ], [ 1007712.7773, 268322.3031 ], [ 1007941.8219, 268728.4028 ], [ 1008239.3193, 270065.8305 ], [ 1008623.0736, 271899.9481 ], [ 1008686.2447, 272296.052 ], [ 1008898.4696, 272609.966 ], [ 1008982.069, 272752.8735 ], [ 1009047.6077, 272718.328 ], [ 1009123.1026, 272677.9634 ], [ 1009264.1141, 272625.279 ], [ 1009271.0264, 272622.7358 ], [ 1009445.4909, 272560.9785 ], [ 1009452.6796, 272558.4356 ], [ 1009587.0539, 272510.847 ], [ 1009594.2427, 272508.3041 ], [ 1010245.3951, 272268.1641 ], [ 1010255.3491, 272264.5313 ], [ 1010730.1027, 272090.8902 ], [ 1010837.3859, 272052.0232 ], [ 1011211.2214, 271916.1725 ], [ 1011307.4475, 271879.8456 ], [ 1011697.0941, 271698.8417 ], [ 1011898.1385, 271608.3492 ], [ 1011948.1916, 271586.5458 ], [ 1012026.7281, 271552.3876 ], [ 1012254.2496, 271513.6651 ], [ 1012409.617, 271487.2483 ], [ 1012602.036, 271449.2169 ], [ 1012619.7346, 271441.5864 ], [ 1012649.3167, 271435.4273 ], [ 1012820.5508, 271315.0314 ], [ 1012821.4303, 271272.4044 ], [ 1012828.7725, 270906.2491 ], [ 1012831.7835, 270697.1202 ], [ 1012836.7917, 270435.164 ], [ 1012841.205, 270208.9128 ], [ 1012846.5165, 269924.3679 ], [ 1012861.6695, 269498.8343 ], [ 1012878.2387, 269044.8838 ], [ 1012885.1263, 268830.6589 ], [ 1012886.3445, 268268.1166 ], [ 1012815.4339, 267920.4508 ], [ 1012763.0108, 267600.1327 ], [ 1012757.5193, 267568.4285 ], [ 1012738.3096, 267448.1732 ], [ 1012726.2364, 267371.2829 ], [ 1012714.44, 267294.0286 ], [ 1012710.5971, 267270.7062 ], [ 1012683.6926, 267111.093 ], [ 1012676.8271, 267072.1004 ], [ 1012673.9281, 266951.1356 ], [ 1012699.6844, 266676.4524 ], [ 1012726.8064, 266416.3445 ], [ 1012807.0408, 265660.795 ], [ 1012841.048, 265425.1064 ], [ 1012876.7848, 264896.1252 ], [ 1012812.1144, 264640.6457 ], [ 1012695.834, 264305.6795 ], [ 1012505.1076, 263792.0998 ], [ 1012468.4141, 263723.9253 ], [ 1012345.2883, 263323.3715 ], [ 1011944.733, 262283.0818 ], [ 1011820.8066, 262328.8473 ], [ 1011760.503, 262351.3679 ], [ 1011500.4798, 262448.3529 ], [ 1011245.7142, 262543.5248 ], [ 1011196.876, 262699.7726 ], [ 1011067.0141, 263114.9769 ], [ 1011108.9032, 263239.6278 ], [ 1010809.8403, 263397.0576 ], [ 1010693.9221, 263459.233 ], [ 1010673.3075, 263600.5748 ], [ 1010666.4, 263596.1952 ], [ 1010627.1579, 263578.2997 ], [ 1010592.8839, 263568.4252 ], [ 1010556.9461, 263562.921 ], [ 1010520.7263, 263562.5174 ], [ 1010481.4595, 263567.2112 ], [ 1010446.6115, 263576.6464 ], [ 1010411.2047, 263591.5461 ], [ 1010374.6836, 263614.0958 ], [ 1010357.0774, 263531.3714 ], [ 1010168.3395, 262657.844 ], [ 1009857.1805, 262748.2338 ], [ 1009799.2456, 262886.9864 ], [ 1009687.8233, 263144.0937 ], [ 1009571.89, 263222.3055 ], [ 1009494.9483, 263295.4577 ], [ 1009466.4551, 263309.2729 ], [ 1009440.4515, 263321.9978 ], [ 1009393.1289, 263362.7548 ], [ 1009200.1364, 263363.2839 ], [ 1008727.8434, 263406.1585 ], [ 1008592.3473, 263420.9599 ], [ 1008595.4956, 263589.6529 ], [ 1008353.5909, 263565.3644 ], [ 1008388.2464, 263748.298 ], [ 1008298.0968, 263762.782 ], [ 1008148.5068, 263772.8355 ], [ 1007977.6538, 263755.9078 ], [ 1007379.6445, 264008.9106 ], [ 1007273.8333, 263340.2444 ], [ 1007232.0502, 263083.3445 ], [ 1007242.1225, 262667.277 ], [ 1007249.1613, 262534.2994 ], [ 1007256.132, 262473.0968 ], [ 1007286.33, 262410.8232 ], [ 1008035.5661, 262219.5399 ], [ 1007466.7675, 261669.9269 ], [ 1006713.3118, 261925.3478 ], [ 1006730.8402, 262404.4718 ], [ 1006208.1493, 262513.6588 ], [ 1006105.81, 262550.729 ] ] ] ] } },
{ "type": "Feature", "properties": { "ZCTA5CE20": "10472", "GEOID20": "10472", "CLASSFP20": "B5", "MTFCC20": "G6350", "FUNCSTAT20": "S", "ALAND20": 2790929, "AWATER20": 0, "INTPTLAT20": "+40.8296845", "INTPTLON20": "-073.8693733" }, "geometry": { "type": "MultiPolygon", "coordinates": [ [ [ [ 1016206.9878, 240103.7458 ], [ 1016399.1738, 241060.0199 ], [ 1016474.9563, 241303.1333 ], [ 1016468.8672, 241511.8903 ], [ 1016383.21, 241620.349 ], [ 1016806.6236, 242238.8297 ], [ 1017461.1741, 243396.4885 ], [ 1017600.6537, 243588.6858 ], [ 1017875.019, 243888.9146 ], [ 1018115.4865, 244085.6273 ], [ 1018301.7468, 244062.5706 ], [ 1018452.0275, 244044.5653 ], [ 1018817.6002, 244020.6733 ], [ 1019045.9127, 244004.2404 ], [ 1019159.3731, 243998.9385 ], [ 1019164.5929, 244025.1783 ], [ 1019201.9539, 244021.9531 ], [ 1019194.5205, 243995.7101 ], [ 1019291.6611, 243986.0133 ], [ 1019644.792, 243956.2863 ], [ 1019796.1876, 243933.9189 ], [ 1019883.3719, 243920.9308 ], [ 1020012.3595, 243894.8885 ], [ 1020095.9543, 243876.7951 ], [ 1020174.0085, 243863.0658 ], [ 1020224.9435, 243850.0252 ], [ 1020286.9553, 243831.5361 ], [ 1020486.2792, 243772.4462 ], [ 1020737.3935, 243684.6532 ], [ 1020818.2443, 243651.9847 ], [ 1021020.0935, 243571.7715 ], [ 1021186.7768, 243507.1728 ], [ 1021227.1423, 243530.552 ], [ 1021349.5858, 243443.2981 ], [ 1021907.2381, 243226.2842 ], [ 1022194.3737, 243115.2447 ], [ 1022528.8572, 242988.2525 ], [ 1022556.8283, 242974.4518 ], [ 1022592.5547, 242956.2914 ], [ 1022632.3512, 242989.1448 ], [ 1022688.1971, 243022.388 ], [ 1022756.0051, 243015.9375 ], [ 1022830.1975, 242997.1099 ], [ 1022871.2114, 242960.3772 ], [ 1022896.4904, 242899.5731 ], [ 1022900.9627, 242871.5263 ], [ 1022899.0768, 242839.4616 ], [ 1023309.4535, 242673.9815 ], [ 1023657.5141, 242543.7477 ], [ 1023703.4798, 242526.3343 ], [ 1024105.8295, 242368.5057 ], [ 1024248.1576, 242315.5469 ], [ 1024447.2541, 242240.0941 ], [ 1024948.4753, 242042.3665 ], [ 1025422.0142, 241854.4394 ], [ 1025585.9555, 241788.7734 ], [ 1025901.6405, 241671.2684 ], [ 1026107.4207, 241577.6239 ], [ 1026519.4263, 241455.1928 ], [ 1026600.5654, 241424.7301 ], [ 1026910.1653, 241310.871 ], [ 1027133.0185, 241269.3654 ], [ 1027075.119, 241146.4814 ], [ 1026927.1599, 241089.3839 ], [ 1026820.1248, 241051.669 ], [ 1026592.7684, 240976.946 ], [ 1025754.1971, 240828.3036 ], [ 1024907.3167, 240677.4903 ], [ 1024060.7061, 240524.521 ], [ 1024019.4777, 240519.717 ], [ 1023977.9724, 240514.9125 ], [ 1023895.7999, 240500.5689 ], [ 1023819.9986, 240482.5925 ], [ 1023748.9068, 240461.7093 ], [ 1023363.2147, 240397.325 ], [ 1023077.9664, 240343.309 ], [ 1022661.8362, 240273.422 ], [ 1022396.4965, 240228.9183 ], [ 1021682.1073, 240100.6511 ], [ 1021637.2843, 240092.9309 ], [ 1020864.5162, 239947.8384 ], [ 1020816.0959, 239939.3856 ], [ 1020272.6775, 239845.6661 ], [ 1020085.3545, 239815.5129 ], [ 1019809.7676, 239769.2007 ], [ 1019640.9881, 239737.9851 ], [ 1019535.5624, 239723.6222 ], [ 1019503.4686, 239716.2888 ], [ 1019447.8584, 239703.0919 ], [ 1019245.6107, 239657.257 ], [ 1019062.981, 239633.3122 ], [ 1019019.8138, 239627.7852 ], [ 1018930.4416, 239611.9907 ], [ 1018766.6385, 239582.9743 ], [ 1018509.8654, 239537.4323 ], [ 1018254.4762, 239491.1664 ], [ 1017997.7012, 239445.6298 ], [ 1017741.755, 239400.4615 ], [ 1017481.3531, 239374.5996 ], [ 1016967.5156, 239286.8242 ], [ 1016748.9304, 239240.9881 ], [ 1016698.0193, 239230.3542 ], [ 1016241.4858, 239128.4619 ], [ 1016197.093, 239841.7746 ], [ 1016206.9878, 240103.7458 ] ] ] ] } },
{ "type": "Feature", "properties": { "ZCTA5CE20": "10473", "GEOID20": "10473", "CLASSFP20": "B5", "MTFCC20": "G6350", "FUNCSTAT20": "S", "ALAND20": 5537168, "AWATER20": 30220, "INTPTLAT20": "+40.8186904", "INTPTLON20": "-073.8584741" }, "geometry": { "type": "MultiPolygon", "coordinates": [ [ [ [ 1016241.4858, 239128.4619 ], [ 1016698.0193, 239230.3542 ], [ 1016748.9304, 239240.9881 ], [ 1016967.5156, 239286.8242 ], [ 1017481.3531, 239374.5996 ], [ 1017741.755, 239400.4615 ], [ 1017997.7012, 239445.6298 ], [ 1018254.4762, 239491.1664 ], [ 1018509.8654, 239537.4323 ], [ 1018766.6385, 239582.9743 ], [ 1018930.4416, 239611.9907 ], [ 1019019.8138, 239627.7852 ], [ 1019062.981, 239633.3122 ], [ 1019245.6107, 239657.257 ], [ 1019447.8584, 239703.0919 ], [ 1019503.4686, 239716.2888 ], [ 1019535.5624, 239723.6222 ], [ 1019640.9881, 239737.9851 ], [ 1019809.7676, 239769.2007 ], [ 1020085.3545, 239815.5129 ], [ 1020272.6775, 239845.6661 ], [ 1020816.0959, 239939.3856 ], [ 1020864.5162, 239947.8384 ], [ 1021637.2843, 240092.9309 ], [ 1021682.1073, 240100.6511 ], [ 1022396.4965, 240228.9183 ], [ 1022661.8362, 240273.422 ], [ 1023077.9664, 240343.309 ], [ 1023363.2147, 240397.325 ], [ 1023748.9068, 240461.7093 ], [ 1023819.9986, 240482.5925 ], [ 1023895.7999, 240500.5689 ], [ 1023977.9724, 240514.9125 ], [ 1024019.4777, 240519.717 ], [ 1024060.7061, 240524.521 ], [ 1024907.3167, 240677.4903 ], [ 1025754.1971, 240828.3036 ], [ 1026592.7684, 240976.946 ], [ 1026820.1248, 241051.669 ], [ 1026927.1599, 241089.3839 ], [ 1027075.119, 241146.4814 ], [ 1027269.9004, 241173.7872 ], [ 1027300.6295, 241168.0124 ], [ 1027393.924, 241150.6901 ], [ 1027445.4156, 241141.309 ], [ 1027659.8078, 241189.7845 ], [ 1027722.6009, 241205.5635 ], [ 1027751.0959, 241211.0797 ], [ 1027768.8684, 241177.2282 ], [ 1027772.1999, 241171.4048 ], [ 1027791.417, 241103.6726 ], [ 1027795.3432, 241074.897 ], [ 1027790.7844, 240993.6416 ], [ 1027791.6428, 240977.9766 ], [ 1027796.4051, 240945.9235 ], [ 1027803.0759, 240929.9047 ], [ 1027813.9044, 240910.2499 ], [ 1027825.297, 240884.7668 ], [ 1027889.0371, 240682.31 ], [ 1028177.8109, 239851.7785 ], [ 1028460.3406, 238813.5674 ], [ 1028514.0284, 238513.8162 ], [ 1028506.6065, 238334.1846 ], [ 1028476.966, 238044.4828 ], [ 1028358.8078, 237877.037 ], [ 1028135.9419, 237754.2154 ], [ 1027969.3829, 237564.0951 ], [ 1027909.9861, 237194.1864 ], [ 1027796.0475, 236984.4879 ], [ 1027664.7948, 236704.4421 ], [ 1027339.0927, 236187.232 ], [ 1027326.4985, 235953.3057 ], [ 1027257.6273, 235767.0076 ], [ 1027267.4649, 235682.8633 ], [ 1027024.553, 235140.3012 ], [ 1026772.6004, 235011.2474 ], [ 1026816.4691, 234936.2711 ], [ 1026809.0647, 234896.5454 ], [ 1026779.5123, 234858.2383 ], [ 1026732.2563, 234812.6134 ], [ 1026724.8517, 234772.8878 ], [ 1026692.2636, 234729.1104 ], [ 1026645.2916, 234679.1142 ], [ 1026593.5148, 234685.5818 ], [ 1026541.5303, 234811.187 ], [ 1026481.389, 234852.2522 ], [ 1026412.8236, 234962.1624 ], [ 1026332.8406, 235111.7656 ], [ 1026317.4166, 235226.5048 ], [ 1026279.3024, 235336.4682 ], [ 1026204.6886, 235423.7797 ], [ 1026078.0004, 235531.0401 ], [ 1025926.1888, 235600.3669 ], [ 1025755.2433, 235690.0647 ], [ 1025645.0307, 235715.0155 ], [ 1025604.1112, 235849.0215 ], [ 1025383.1083, 235914.2261 ], [ 1025352.5708, 235966.6387 ], [ 1025299.3865, 235988.7732 ], [ 1025229.0651, 235996.3053 ], [ 1025162.8879, 236008.581 ], [ 1025092.6506, 235966.1995 ], [ 1025083.2055, 235986.2221 ], [ 1025117.1813, 236028.5424 ], [ 1025062.0549, 236053.5887 ], [ 1025035.5068, 236038.6063 ], [ 1024980.6995, 236038.5141 ], [ 1024976.85, 236023.2056 ], [ 1024996.0119, 235986.0754 ], [ 1025030.0467, 235993.4194 ], [ 1025024.2969, 235955.8831 ], [ 1025024.3741, 235909.9768 ], [ 1025037.7178, 235876.116 ], [ 1024956.412, 235831.166 ], [ 1024940.1965, 235761.9149 ], [ 1025170.7151, 235799.1008 ], [ 1025388.1008, 235745.1825 ], [ 1025512.465, 235699.8518 ], [ 1025561.8306, 235644.9211 ], [ 1025661.6554, 235543.4415 ], [ 1025826.2893, 235422.035 ], [ 1025949.4711, 235260.8455 ], [ 1025976.1737, 235186.2025 ], [ 1025983.8452, 235071.4498 ], [ 1025938.6535, 234951.5055 ], [ 1025904.414, 234901.5326 ], [ 1025927.5019, 234836.3561 ], [ 1025992.121, 234766.5147 ], [ 1025976.9561, 234731.5123 ], [ 1025916.2099, 234641.7812 ], [ 1025901.4074, 234556.8654 ], [ 1025855.835, 234496.6717 ], [ 1025768.4903, 234420.0115 ], [ 1025702.3006, 234274.8925 ], [ 1025694.9789, 233861.7229 ], [ 1025964.8788, 233706.2499 ], [ 1025986.9046, 233615.5681 ], [ 1026131.5972, 233507.9741 ], [ 1026194.674, 233371.8215 ], [ 1026204.2724, 233264.359 ], [ 1026179.2592, 233160.8444 ], [ 1026169.9613, 233094.5192 ], [ 1026207.7613, 233007.8726 ], [ 1026324.1197, 232958.5245 ], [ 1026415.708, 232984.9158 ], [ 1026428.919, 232870.173 ], [ 1026429.3119, 232644.2854 ], [ 1026210.6941, 232592.8992 ], [ 1025963.3611, 232657.3242 ], [ 1025840.9115, 232706.6636 ], [ 1025789.1525, 232700.3812 ], [ 1025770.3909, 232663.1868 ], [ 1025770.5075, 232595.0562 ], [ 1025728.4676, 232409.5373 ], [ 1025615.5568, 232384.5697 ], [ 1025408.6371, 232452.3484 ], [ 1025305.0242, 232495.1644 ], [ 1024985.0533, 232457.8269 ], [ 1024583.4665, 232387.5675 ], [ 1024557.0711, 232444.7243 ], [ 1024321.7422, 232450.5281 ], [ 1024274.7399, 232413.2882 ], [ 1023968.9302, 232517.7141 ], [ 1023912.3932, 232554.7838 ], [ 1023648.6161, 232690.6154 ], [ 1023554.6862, 232740.0126 ], [ 1023554.2652, 232828.9099 ], [ 1023528.4559, 232867.852 ], [ 1023482.8972, 232964.6916 ], [ 1023451.7758, 233036.051 ], [ 1023427.288, 233113.9793 ], [ 1023406.9535, 233191.55 ], [ 1023376.6684, 233259.6319 ], [ 1023253.4731, 233089.2887 ], [ 1023192.3927, 233198.8556 ], [ 1023161.8807, 233408.664 ], [ 1023191.8632, 233528.5787 ], [ 1023229.9017, 233458.6873 ], [ 1023253.152, 233288.9442 ], [ 1023313.6987, 233338.9556 ], [ 1023375.5163, 233458.9218 ], [ 1023426.8811, 233708.5748 ], [ 1023359.8669, 233893.185 ], [ 1023305.0822, 234047.9394 ], [ 1023272.9669, 234394.0069 ], [ 1023031.5182, 234257.3579 ], [ 1023145.6456, 234037.8461 ], [ 1023168.6179, 233868.1024 ], [ 1023161.4159, 233698.3103 ], [ 1023138.5557, 233798.1017 ], [ 1023123.09, 233947.819 ], [ 1023031.7897, 234087.5778 ], [ 1022907.5977, 234196.3159 ], [ 1022872.1147, 234227.2279 ], [ 1022697.5567, 234326.7786 ], [ 1022553.2525, 234376.4643 ], [ 1022389.576, 234423.2056 ], [ 1022302.6245, 234441.6502 ], [ 1022162.2355, 234466.9338 ], [ 1021993.0409, 234502.7391 ], [ 1021802.2672, 234530.4968 ], [ 1021416.865, 234573.259 ], [ 1021146.0791, 234608.9147 ], [ 1020961.1396, 234623.9362 ], [ 1020904.6567, 234631.5018 ], [ 1020883.3184, 234646.7716 ], [ 1020844.2246, 234687.8826 ], [ 1020775.965, 234795.2588 ], [ 1020746.8333, 234838.9352 ], [ 1020694.0648, 234953.9861 ], [ 1020654.0549, 235052.661 ], [ 1020543.8352, 235268.9114 ], [ 1020446.1446, 235437.8174 ], [ 1020221.9379, 235803.6416 ], [ 1020128.176, 235939.4 ], [ 1020073.5431, 236008.5431 ], [ 1020028.9173, 236049.2829 ], [ 1019931.3765, 236120.9134 ], [ 1019872.918, 236156.8967 ], [ 1019791.205, 236195.0321 ], [ 1019744.3955, 236215.3664 ], [ 1019372.4715, 236337.9704 ], [ 1018433.0587, 236694.0417 ], [ 1018302.6147, 236745.5939 ], [ 1018153.8915, 236805.1367 ], [ 1017930.2638, 236987.3575 ], [ 1017313.4352, 237489.657 ], [ 1017193.1464, 237405.6959 ], [ 1016786.5931, 237780.7778 ], [ 1016733.5423, 237918.7901 ], [ 1016414.4142, 238750.8736 ], [ 1016264.6289, 238998.7886 ], [ 1016256.2657, 239044.3196 ], [ 1016245.67, 239103.6925 ], [ 1016241.4858, 239128.4619 ] ] ] ] } },
{ "type": "Feature", "properties": { "ZCTA5CE20": "10474", "GEOID20": "10474", "CLASSFP20": "B5", "MTFCC20": "G6350", "FUNCSTAT20": "S", "ALAND20": 3973116, "AWATER20": 10032, "INTPTLAT20": "+40.8113399", "INTPTLON20": "-073.8851728" }, "geometry": { "type": "MultiPolygon", "coordinates": [ [ [ [ 1011105.4349, 234165.0711 ], [ 1012496.339, 235479.7178 ], [ 1012476.6718, 235491.3537 ], [ 1012455.343, 235503.7163 ], [ 1012425.1512, 235520.4407 ], [ 1012387.2041, 235541.1637 ], [ 1012360.6134, 235555.7063 ], [ 1012802.4052, 236023.6657 ], [ 1013195.4189, 236528.7372 ], [ 1013217.861, 236510.9115 ], [ 1013247.2291, 236487.9934 ], [ 1013270.2253, 236469.8041 ], [ 1013390.1544, 236637.9069 ], [ 1013696.6583, 237020.8302 ], [ 1013859.7416, 237205.0187 ], [ 1013963.1029, 237334.4845 ], [ 1014152.6881, 237571.9005 ], [ 1014542.0531, 238074.8037 ], [ 1014574.6595, 238117.8362 ], [ 1014596.216, 238143.7311 ], [ 1014644.8636, 238196.2565 ], [ 1014681.9018, 238236.3799 ], [ 1014713.6916, 238268.1171 ], [ 1014733.5963, 238286.7233 ], [ 1014750.7373, 238302.047 ], [ 1014886.2152, 238415.8908 ], [ 1015016.7117, 238528.2717 ], [ 1015198.0781, 238684.0742 ], [ 1015391.0096, 238884.342 ], [ 1015446.8256, 238955.8238 ], [ 1015469.4735, 238992.6509 ], [ 1015528.6798, 239010.2154 ], [ 1015658.9972, 239042.4455 ], [ 1015917.7173, 239088.6885 ], [ 1016062.442, 239108.5521 ], [ 1016241.4858, 239128.4619 ], [ 1016245.67, 239103.6925 ], [ 1016256.2657, 239044.3196 ], [ 1016264.6289, 238998.7886 ], [ 1016414.4142, 238750.8736 ], [ 1016733.5423, 237918.7901 ], [ 1016786.5931, 237780.7778 ], [ 1017193.1464, 237405.6959 ], [ 1017075.0784, 237316.2734 ], [ 1017404.594, 237015.0512 ], [ 1017501.9173, 236892.0388 ], [ 1017576.4807, 236815.2662 ], [ 1017644.4186, 236726.0973 ], [ 1017809.5426, 236615.5671 ], [ 1018342.7877, 236325.2064 ], [ 1019681.933, 235771.5135 ], [ 1020022.8631, 235087.0622 ], [ 1020755.8391, 233269.754 ], [ 1020706.0374, 233066.3798 ], [ 1020148.3281, 232049.4156 ], [ 1020048.6752, 231852.8915 ], [ 1019969.4392, 231703.0327 ], [ 1019935.9238, 231713.9135 ], [ 1019790.1075, 231466.3155 ], [ 1019770.5008, 231432.0393 ], [ 1019765.2544, 231422.5589 ], [ 1019806.8076, 231405.8603 ], [ 1019773.7053, 231323.472 ], [ 1019294.0137, 231059.3596 ], [ 1018939.0151, 231102.5695 ], [ 1018930.5837, 231190.3622 ], [ 1018680.1752, 231279.632 ], [ 1018672.6549, 231116.399 ], [ 1017927.455, 231236.3121 ], [ 1018052.3797, 231589.8913 ], [ 1017995.059, 231598.1912 ], [ 1017927.7276, 231837.466 ], [ 1017326.0434, 231695.2757 ], [ 1016492.3699, 231535.6671 ], [ 1016395.3784, 231395.9979 ], [ 1016138.9337, 231452.4957 ], [ 1016015.5254, 231610.4553 ], [ 1015947.1288, 231620.5672 ], [ 1015840.6215, 231770.1701 ], [ 1015734.3016, 231989.7261 ], [ 1015551.9791, 232109.3564 ], [ 1015375.9563, 232283.2823 ], [ 1015392.1163, 232418.8358 ], [ 1015338.8339, 232518.5954 ], [ 1015240.2265, 232558.1818 ], [ 1015207.3002, 232543.9306 ], [ 1015156.6957, 232498.3241 ], [ 1015050.6771, 232487.9878 ], [ 1014951.742, 232568.0162 ], [ 1014868.2606, 232687.7771 ], [ 1014912.2606, 232921.0074 ], [ 1014770.232, 232928.4793 ], [ 1014701.3986, 232848.9676 ], [ 1014594.2002, 232897.6542 ], [ 1014464.3185, 232932.4683 ], [ 1014374.6115, 232941.1007 ], [ 1014278.2767, 232936.6092 ], [ 1014214.9465, 233107.0399 ], [ 1013363.7698, 233022.9346 ], [ 1013313.9021, 233053.479 ], [ 1013287.0844, 233254.9244 ], [ 1012948.0226, 233201.6921 ], [ 1012971.4788, 233031.2109 ], [ 1012688.8726, 232991.5295 ], [ 1012668.766, 233140.1549 ], [ 1012426.3122, 233091.7797 ], [ 1012449.892, 232811.9974 ], [ 1012353.3457, 232750.3126 ], [ 1011742.0034, 232571.8161 ], [ 1011329.8283, 232530.5468 ], [ 1011298.9455, 232915.9793 ], [ 1011260.2013, 233152.3899 ], [ 1011115.4886, 234085.657 ], [ 1011105.4349, 234165.0711 ] ] ] ] } },
{ "type": "Feature", "properties": { "ZCTA5CE20": "10475", "GEOID20": "10475", "CLASSFP20": "B5", "MTFCC20": "G6350", "FUNCSTAT20": "S", "ALAND20": 3218509, "AWATER20": 160996, "INTPTLAT20": "+40.8756347", "INTPTLON20": "-073.8269340" }, "geometry": { "type": "MultiPolygon", "coordinates": [ [ [ [ 1029094.9416, 260512.9274 ], [ 1029326.9982, 260633.9549 ], [ 1029422.5524, 260700.0785 ], [ 1029539.3356, 260799.7616 ], [ 1029707.3599, 261001.1925 ], [ 1030001.328, 261279.738 ], [ 1030055.9804, 261331.5777 ], [ 1030138.562, 261382.7417 ], [ 1030257.0513, 261454.3773 ], [ 1030307.5952, 261485.078 ], [ 1030360.3573, 261512.5039 ], [ 1030423.9041, 261539.5862 ], [ 1030480.2759, 261559.0038 ], [ 1030552.411, 261577.3586 ], [ 1030611.0122, 261587.6723 ], [ 1030897.0899, 261646.8804 ], [ 1031076.1697, 261698.9624 ], [ 1031163.742, 261741.3954 ], [ 1031385.82, 261863.5164 ], [ 1031633.8719, 261993.7058 ], [ 1031838.0016, 262100.8579 ], [ 1032095.7335, 262227.4277 ], [ 1032440.7459, 262400.445 ], [ 1032585.4803, 262477.6094 ], [ 1032778.1901, 262622.2738 ], [ 1032982.468, 262788.0949 ], [ 1033658.3112, 263292.6194 ], [ 1033864.5576, 263436.5915 ], [ 1034078.5358, 263584.2247 ], [ 1034140.3554, 263639.7319 ], [ 1034156.4038, 263633.9355 ], [ 1034178.816, 263625.9662 ], [ 1034314.3952, 263578.153 ], [ 1034368.9037, 263558.9556 ], [ 1034432.2668, 263536.4977 ], [ 1034678.2178, 263464.5046 ], [ 1034683.1977, 263463.0576 ], [ 1034917.5543, 263383.0273 ], [ 1034953.525, 263370.3506 ], [ 1034990.8766, 263358.4055 ], [ 1035067.7951, 263333.0629 ], [ 1035096.0279, 263318.5485 ], [ 1035234.6261, 263283.1344 ], [ 1035310.4713, 263242.488 ], [ 1035355.8678, 263218.1728 ], [ 1035350.8513, 262581.658 ], [ 1035339.0234, 262421.3229 ], [ 1035297.2891, 262412.8551 ], [ 1035289.0968, 262364.0161 ], [ 1035240.4521, 262354.4407 ], [ 1034956.6678, 262265.3101 ], [ 1034198.434, 262023.2694 ], [ 1034073.0133, 261967.6313 ], [ 1034044.6314, 260709.1392 ], [ 1033721.2358, 259558.6172 ], [ 1033119.3804, 257420.1746 ], [ 1033683.5149, 255954.1215 ], [ 1033755.7827, 255914.556 ], [ 1033792.6084, 255894.5926 ], [ 1033712.3653, 255776.3825 ], [ 1033923.9265, 255652.5754 ], [ 1033964.0367, 255380.1314 ], [ 1034055.0806, 254011.4939 ], [ 1034188.2677, 253674.0252 ], [ 1034368.8601, 253554.8947 ], [ 1034071.5025, 253289.0422 ], [ 1033910.2579, 253145.1615 ], [ 1032732.042, 252658.5683 ], [ 1032504.6014, 252550.9985 ], [ 1032106.3318, 252381.1552 ], [ 1032097.7638, 252377.4949 ], [ 1032046.6319, 252355.8979 ], [ 1032038.8938, 252352.2393 ], [ 1032014.4157, 252421.0511 ], [ 1032012.1891, 252427.9692 ], [ 1032009.405, 252437.0722 ], [ 1032001.6058, 252464.3823 ], [ 1031943.1068, 252672.3048 ], [ 1031806.0424, 252884.4453 ], [ 1031755.005, 252956.12 ], [ 1031724.2341, 252990.3076 ], [ 1031385.3466, 253436.3261 ], [ 1031325.5861, 253585.5891 ], [ 1031112.7219, 254237.7086 ], [ 1030708.6766, 255214.0895 ], [ 1030513.5389, 255724.1562 ], [ 1030394.7047, 255674.015 ], [ 1029909.8822, 256981.8055 ], [ 1029655.8136, 257668.4734 ], [ 1029686.7621, 257682.3764 ], [ 1029716.3182, 257701.3775 ], [ 1029743.3763, 257725.1104 ], [ 1029765.4529, 257750.6557 ], [ 1029783.3757, 257779.1079 ], [ 1029796.5983, 257806.8226 ], [ 1029807.8665, 257844.3709 ], [ 1029812.7726, 257882.6358 ], [ 1029811.5923, 257921.9823 ], [ 1029787.519, 258076.053 ], [ 1029769.1248, 258151.4369 ], [ 1029745.4735, 258228.2682 ], [ 1029718.2354, 258300.7208 ], [ 1029681.8542, 258382.2648 ], [ 1029652.9347, 258466.7375 ], [ 1029558.6485, 258753.2968 ], [ 1029497.3006, 258877.0579 ], [ 1029435.9188, 259019.4004 ], [ 1029176.8151, 259606.5997 ], [ 1029115.7148, 259748.2149 ], [ 1028841.8741, 260387.8557 ], [ 1029094.9416, 260512.9274 ] ] ] ] } },
{ "type": "Feature", "properties": { "ZCTA5CE20": "10461", "GEOID20": "10461", "CLASSFP20": "B5", "MTFCC20": "G6350", "FUNCSTAT20": "S", "ALAND20": 6185365, "AWATER20": 0, "INTPTLAT20": "+40.8467414", "INTPTLON20": "-073.8407884" }, "geometry": { "type": "MultiPolygon", "coordinates": [ [ [ [ 1022455.3758, 251507.4555 ], [ 1022484.155, 251676.5541 ], [ 1022481.8754, 251894.0609 ], [ 1023907.2347, 251945.9018 ], [ 1024038.0581, 251957.7751 ], [ 1024086.7365, 251962.2272 ], [ 1024109.4166, 251964.0862 ], [ 1024621.6269, 252021.771 ], [ 1024883.2587, 252053.5415 ], [ 1025142.1218, 252086.4031 ], [ 1025402.1, 252113.8044 ], [ 1025665.1141, 252144.857 ], [ 1025934.2277, 252167.5431 ], [ 1026203.1127, 252162.1777 ], [ 1026463.1478, 252155.7069 ], [ 1026722.9244, 252139.0369 ], [ 1026981.0744, 252103.7855 ], [ 1027240.3278, 252070.7249 ], [ 1027598.1009, 252014.5254 ], [ 1027981.076, 251943.0744 ], [ 1028240.9194, 251891.4442 ], [ 1028497.1672, 251840.1746 ], [ 1028755.911, 251785.9976 ], [ 1029014.6553, 251732.1877 ], [ 1029273.4014, 251678.0162 ], [ 1029390.1925, 251648.7221 ], [ 1029360.0973, 251618.0615 ], [ 1029340.2683, 251570.6605 ], [ 1029356.4103, 251518.2258 ], [ 1029392.1537, 251486.9592 ], [ 1029507.9019, 251424.1444 ], [ 1029825.8621, 251364.2601 ], [ 1030057.1691, 251341.0142 ], [ 1030423.0707, 251238.2363 ], [ 1030496.9458, 251230.7261 ], [ 1030509.7633, 251182.2935 ], [ 1030707.3145, 251163.7258 ], [ 1030891.8195, 251168.4523 ], [ 1031162.5693, 251206.5018 ], [ 1031520.6752, 251274.6005 ], [ 1031741.0912, 251304.9073 ], [ 1032114.7184, 251356.2855 ], [ 1032238.6153, 251373.2902 ], [ 1032251.2671, 251270.5716 ], [ 1032256.9058, 251217.0249 ], [ 1032340.8063, 251036.8435 ], [ 1032379.0163, 250880.2535 ], [ 1032413.7419, 250806.726 ], [ 1032467.613, 250704.4539 ], [ 1032479.3463, 250646.9117 ], [ 1032492.245, 250559.8603 ], [ 1032488.6157, 250437.4352 ], [ 1032456.7864, 250306.2099 ], [ 1032406.3956, 250188.0639 ], [ 1032381.2869, 250154.8591 ], [ 1032345.5193, 250056.0523 ], [ 1032242.6925, 249593.8667 ], [ 1032177.2174, 249407.9244 ], [ 1032135.8188, 249217.6577 ], [ 1032116.8797, 249001.5674 ], [ 1032117.2841, 248796.8099 ], [ 1032142.3287, 248583.3569 ], [ 1032155.4773, 248509.7865 ], [ 1032175.0165, 248422.3839 ], [ 1032198.9796, 248336.4473 ], [ 1032230.4288, 248242.5102 ], [ 1032270.1904, 248142.3959 ], [ 1032315.7566, 248045.2078 ], [ 1032355.2227, 247954.9302 ], [ 1032422.7819, 247789.6547 ], [ 1032479.2461, 247638.9308 ], [ 1032531.5639, 247486.7415 ], [ 1032506.7046, 247465.9247 ], [ 1032472.7737, 247415.5785 ], [ 1032489.6933, 247255.3032 ], [ 1032507.0091, 246896.1001 ], [ 1032509.6856, 246385.6674 ], [ 1032446.8307, 246409.2243 ], [ 1032326.6666, 246450.5202 ], [ 1032371.2795, 245859.6522 ], [ 1032406.0457, 245351.4695 ], [ 1032421.8795, 244902.6365 ], [ 1032428.9498, 244686.5982 ], [ 1032436.0159, 244472.7458 ], [ 1032441.9166, 244288.4026 ], [ 1032484.3296, 244111.0544 ], [ 1032523.2856, 244002.5592 ], [ 1032562.3058, 243862.0026 ], [ 1032567.5546, 243727.5724 ], [ 1032538.7179, 243617.8492 ], [ 1032507.3229, 243542.0044 ], [ 1032422.9235, 243402.6595 ], [ 1032338.7212, 243303.0281 ], [ 1032100.784, 243140.427 ], [ 1031748.4087, 242911.6586 ], [ 1031697.009, 243016.4872 ], [ 1031670.6139, 243070.7218 ], [ 1031549.8614, 243263.9492 ], [ 1031504.8926, 243335.636 ], [ 1031412.3437, 243399.2149 ], [ 1031314.2906, 243447.4812 ], [ 1031086.684, 243521.0009 ], [ 1030672.2193, 243633.1483 ], [ 1030639.3729, 243589.7293 ], [ 1030537.0818, 243539.9838 ], [ 1030377.5703, 243458.0681 ], [ 1030217.5161, 243369.9586 ], [ 1030134.3149, 243321.3441 ], [ 1030078.2025, 243288.4476 ], [ 1029961.2846, 243216.4523 ], [ 1029823.3672, 243127.2942 ], [ 1029523.4549, 243837.555 ], [ 1029290.0845, 243741.6638 ], [ 1029159.0674, 243662.3594 ], [ 1028956.3841, 243580.3731 ], [ 1029015.4275, 243075.5101 ], [ 1029051.197, 242737.1066 ], [ 1029123.2605, 242376.5457 ], [ 1029219.9033, 241895.0707 ], [ 1029245.8597, 241776.7092 ], [ 1029251.1576, 241755.2231 ], [ 1029209.3862, 241746.4015 ], [ 1029204.6431, 241767.16 ], [ 1029099.5342, 241738.9113 ], [ 1029025.1357, 241714.7275 ], [ 1028946.0493, 241681.4269 ], [ 1028850.109, 241633.1576 ], [ 1028795.1267, 241584.5997 ], [ 1028749.4812, 241575.4074 ], [ 1028171.8891, 241439.9135 ], [ 1027889.4554, 241372.3654 ], [ 1027873.4503, 241500.5833 ], [ 1027883.3553, 241686.4132 ], [ 1027922.4102, 241820.924 ], [ 1027966.8349, 241893.1429 ], [ 1027997.9077, 242003.2288 ], [ 1027896.8759, 242169.5489 ], [ 1027859.0026, 242147.6205 ], [ 1027822.5725, 242092.54 ], [ 1027788.6643, 242019.976 ], [ 1027671.1004, 241992.4398 ], [ 1027306.2035, 241925.1152 ], [ 1027260.9176, 242181.164 ], [ 1027363.562, 242194.8268 ], [ 1027961.7961, 242845.8762 ], [ 1028050.9958, 242947.3231 ], [ 1028254.5404, 243169.209 ], [ 1028537.5877, 243494.7136 ], [ 1028550.4456, 243575.6201 ], [ 1028535.5333, 243710.3978 ], [ 1028516.8801, 243772.3011 ], [ 1027921.0233, 243665.9267 ], [ 1027630.5634, 243613.3048 ], [ 1027227.2824, 243982.7535 ], [ 1027215.9598, 243969.9817 ], [ 1027054.9547, 243788.9853 ], [ 1027015.9583, 243777.2577 ], [ 1026977.2393, 243765.1662 ], [ 1026936.5461, 243931.2325 ], [ 1026890.2285, 243991.6311 ], [ 1026675.9966, 244181.0751 ], [ 1026725.4347, 244234.355 ], [ 1026619.8213, 244340.9211 ], [ 1026652.1332, 244377.047 ], [ 1026512.7242, 244505.4148 ], [ 1026423.522, 244405.0665 ], [ 1026265.8308, 244545.4271 ], [ 1026173.5424, 244629.065 ], [ 1025987.0292, 244797.0671 ], [ 1025929.1071, 244849.7965 ], [ 1025799.6834, 244967.9841 ], [ 1025743.9814, 245017.4386 ], [ 1025622.595, 245129.0828 ], [ 1025682.5164, 245200.9597 ], [ 1025713.1677, 245237.4459 ], [ 1025579.3418, 245342.8753 ], [ 1025495.3935, 245243.9968 ], [ 1025470.7295, 245266.1794 ], [ 1025457.7042, 245278.1804 ], [ 1025530.3271, 245365.7451 ], [ 1025430.8496, 245449.7379 ], [ 1025361.8156, 245366.916 ], [ 1025278.1221, 245444.0139 ], [ 1025135.9614, 245571.2919 ], [ 1024951.6805, 245736.7555 ], [ 1025053.8339, 245869.5463 ], [ 1025126.9975, 245964.3974 ], [ 1025025.2003, 245949.2881 ], [ 1025017.9218, 245999.5545 ], [ 1025027.8802, 246001.0286 ], [ 1025008.5778, 246126.3284 ], [ 1024849.245, 246102.0147 ], [ 1024830.4659, 246245.8968 ], [ 1024563.617, 246318.6834 ], [ 1024311.372, 246429.0239 ], [ 1024376.0809, 246450.6269 ], [ 1025187.0845, 246756.9341 ], [ 1025314.0142, 246796.8617 ], [ 1025439.273, 246842.9809 ], [ 1025639.7243, 246926.7558 ], [ 1025680.6549, 246937.3916 ], [ 1025676.9129, 247022.276 ], [ 1025433.329, 246921.6678 ], [ 1025257.7314, 246865.6263 ], [ 1025196.6874, 246968.6308 ], [ 1025239.2542, 246993.4778 ], [ 1025099.9632, 247229.3338 ], [ 1024987.7458, 247161.7423 ], [ 1024957.2231, 247214.1557 ], [ 1024921.9837, 247274.5767 ], [ 1024970.6303, 247303.4411 ], [ 1024902.3817, 247414.4497 ], [ 1024967.0586, 247453.1781 ], [ 1024697.6559, 247903.4135 ], [ 1024587.3772, 247835.8271 ], [ 1024566.2909, 247871.4971 ], [ 1024519.9582, 247949.0242 ], [ 1024564.7348, 247975.331 ], [ 1024499.2524, 248088.8957 ], [ 1024565.3115, 248127.6254 ], [ 1024423.5418, 248364.5742 ], [ 1024380.9772, 248339.3643 ], [ 1024308.0008, 248468.5837 ], [ 1024254.1039, 248436.7973 ], [ 1024236.691, 248426.5671 ], [ 1024194.7984, 248497.1796 ], [ 1024303.6859, 248568.4053 ], [ 1024245.9822, 248664.131 ], [ 1023989.6431, 249093.6287 ], [ 1023925.7977, 249055.6329 ], [ 1023857.2827, 249166.2797 ], [ 1023921.6812, 249204.2763 ], [ 1023860.1002, 249304.3687 ], [ 1023882.4746, 249325.5369 ], [ 1023802.0211, 249462.7611 ], [ 1023777.9715, 249451.063 ], [ 1023576.2961, 249789.5698 ], [ 1023465.4719, 249720.5302 ], [ 1023437.7311, 249767.485 ], [ 1023392.2373, 249843.9226 ], [ 1023358.6719, 249900.3409 ], [ 1023320.9464, 249963.3106 ], [ 1023432.3267, 250030.1644 ], [ 1023278.0956, 250288.596 ], [ 1023166.9939, 250221.0146 ], [ 1023122.0568, 250296.3606 ], [ 1023197.5127, 250338.3807 ], [ 1023236.4845, 250359.9394 ], [ 1023177.3996, 250459.6732 ], [ 1023117.1082, 250622.0715 ], [ 1022997.1155, 250579.2517 ], [ 1022984.8985, 250607.2863 ], [ 1022951.5815, 250682.6511 ], [ 1022942.6884, 250708.1407 ], [ 1022931.8513, 250738.3635 ], [ 1022915.4559, 250784.6083 ], [ 1022705.4286, 251345.3559 ], [ 1022709.3866, 251465.9583 ], [ 1022446.8802, 251456.799 ], [ 1022455.3758, 251507.4555 ] ] ] ] } },
{ "type": "Feature", "properties": { "ZCTA5CE20": "10462", "GEOID20": "10462", "CLASSFP20": "B5", "MTFCC20": "G6350", "FUNCSTAT20": "S", "ALAND20": 3878508, "AWATER20": 15746, "INTPTLAT20": "+40.8432666", "INTPTLON20": "-073.8604170" }, "geometry": { "type": "MultiPolygon", "coordinates": [ [ [ [ 1019563.8636, 251259.3264 ], [ 1019680.5442, 251298.8453 ], [ 1019747.1576, 251336.1054 ], [ 1020459.3443, 251612.5993 ], [ 1020527.1146, 251614.8867 ], [ 1020658.4675, 251828.9506 ], [ 1020878.3738, 251835.8401 ], [ 1021156.3665, 251845.7347 ], [ 1021416.6551, 251855.6054 ], [ 1021685.2434, 251864.763 ], [ 1022180.6497, 251882.6573 ], [ 1022481.8754, 251894.0609 ], [ 1022484.155, 251676.5541 ], [ 1022455.3758, 251507.4555 ], [ 1022446.8802, 251456.799 ], [ 1022709.3866, 251465.9583 ], [ 1022705.4286, 251345.3559 ], [ 1022915.4559, 250784.6083 ], [ 1022931.8513, 250738.3635 ], [ 1022942.6884, 250708.1407 ], [ 1022951.5815, 250682.6511 ], [ 1022984.8985, 250607.2863 ], [ 1022997.1155, 250579.2517 ], [ 1023117.1082, 250622.0715 ], [ 1023177.3996, 250459.6732 ], [ 1023236.4845, 250359.9394 ], [ 1023197.5127, 250338.3807 ], [ 1023122.0568, 250296.3606 ], [ 1023166.9939, 250221.0146 ], [ 1023278.0956, 250288.596 ], [ 1023432.3267, 250030.1644 ], [ 1023320.9464, 249963.3106 ], [ 1023358.6719, 249900.3409 ], [ 1023392.2373, 249843.9226 ], [ 1023437.7311, 249767.485 ], [ 1023465.4719, 249720.5302 ], [ 1023576.2961, 249789.5698 ], [ 1023777.9715, 249451.063 ], [ 1023802.0211, 249462.7611 ], [ 1023882.4746, 249325.5369 ], [ 1023860.1002, 249304.3687 ], [ 1023921.6812, 249204.2763 ], [ 1023857.2827, 249166.2797 ], [ 1023925.7977, 249055.6329 ], [ 1023989.6431, 249093.6287 ], [ 1024245.9822, 248664.131 ], [ 1024303.6859, 248568.4053 ], [ 1024194.7984, 248497.1796 ], [ 1024236.691, 248426.5671 ], [ 1024254.1039, 248436.7973 ], [ 1024308.0008, 248468.5837 ], [ 1024380.9772, 248339.3643 ], [ 1024423.5418, 248364.5742 ], [ 1024565.3115, 248127.6254 ], [ 1024499.2524, 248088.8957 ], [ 1024564.7348, 247975.331 ], [ 1024519.9582, 247949.0242 ], [ 1024566.2909, 247871.4971 ], [ 1024587.3772, 247835.8271 ], [ 1024697.6559, 247903.4135 ], [ 1024967.0586, 247453.1781 ], [ 1024902.3817, 247414.4497 ], [ 1024970.6303, 247303.4411 ], [ 1024921.9837, 247274.5767 ], [ 1024957.2231, 247214.1557 ], [ 1024987.7458, 247161.7423 ], [ 1025099.9632, 247229.3338 ], [ 1025239.2542, 246993.4778 ], [ 1025196.6874, 246968.6308 ], [ 1025257.7314, 246865.6263 ], [ 1025433.329, 246921.6678 ], [ 1025676.9129, 247022.276 ], [ 1025680.6549, 246937.3916 ], [ 1025639.7243, 246926.7558 ], [ 1025439.273, 246842.9809 ], [ 1025314.0142, 246796.8617 ], [ 1025187.0845, 246756.9341 ], [ 1024376.0809, 246450.6269 ], [ 1024311.372, 246429.0239 ], [ 1024563.617, 246318.6834 ], [ 1024830.4659, 246245.8968 ], [ 1024849.245, 246102.0147 ], [ 1025008.5778, 246126.3284 ], [ 1025027.8802, 246001.0286 ], [ 1025017.9218, 245999.5545 ], [ 1025025.2003, 245949.2881 ], [ 1025126.9975, 245964.3974 ], [ 1025053.8339, 245869.5463 ], [ 1024951.6805, 245736.7555 ], [ 1025135.9614, 245571.2919 ], [ 1025278.1221, 245444.0139 ], [ 1025361.8156, 245366.916 ], [ 1025430.8496, 245449.7379 ], [ 1025530.3271, 245365.7451 ], [ 1025457.7042, 245278.1804 ], [ 1025470.7295, 245266.1794 ], [ 1025495.3935, 245243.9968 ], [ 1025579.3418, 245342.8753 ], [ 1025713.1677, 245237.4459 ], [ 1025682.5164, 245200.9597 ], [ 1025622.595, 245129.0828 ], [ 1025743.9814, 245017.4386 ], [ 1025799.6834, 244967.9841 ], [ 1025929.1071, 244849.7965 ], [ 1025987.0292, 244797.0671 ], [ 1026173.5424, 244629.065 ], [ 1026265.8308, 244545.4271 ], [ 1026423.522, 244405.0665 ], [ 1026512.7242, 244505.4148 ], [ 1026652.1332, 244377.047 ], [ 1026619.8213, 244340.9211 ], [ 1026725.4347, 244234.355 ], [ 1026675.9966, 244181.0751 ], [ 1026890.2285, 243991.6311 ], [ 1026936.5461, 243931.2325 ], [ 1026977.2393, 243765.1662 ], [ 1027015.9583, 243777.2577 ], [ 1027054.9547, 243788.9853 ], [ 1027215.9598, 243969.9817 ], [ 1027227.2824, 243982.7535 ], [ 1027630.5634, 243613.3048 ], [ 1027921.0233, 243665.9267 ], [ 1028516.8801, 243772.3011 ], [ 1028535.5333, 243710.3978 ], [ 1028550.4456, 243575.6201 ], [ 1028537.5877, 243494.7136 ], [ 1028254.5404, 243169.209 ], [ 1028050.9958, 242947.3231 ], [ 1027961.7961, 242845.8762 ], [ 1027363.562, 242194.8268 ], [ 1027260.9176, 242181.164 ], [ 1027306.2035, 241925.1152 ], [ 1027671.1004, 241992.4398 ], [ 1027788.6643, 242019.976 ], [ 1027822.5725, 242092.54 ], [ 1027859.0026, 242147.6205 ], [ 1027896.8759, 242169.5489 ], [ 1027997.9077, 242003.2288 ], [ 1027966.8349, 241893.1429 ], [ 1027922.4102, 241820.924 ], [ 1027883.3553, 241686.4132 ], [ 1027873.4503, 241500.5833 ], [ 1027889.4554, 241372.3654 ], [ 1027888.7275, 241315.5275 ], [ 1027890.4693, 241270.3528 ], [ 1027879.9556, 241268.8765 ], [ 1027868.6124, 241267.0344 ], [ 1027869.2327, 241229.8731 ], [ 1027751.0959, 241211.0797 ], [ 1027722.6009, 241205.5635 ], [ 1027659.8078, 241189.7845 ], [ 1027445.4156, 241141.309 ], [ 1027393.924, 241150.6901 ], [ 1027300.6295, 241168.0124 ], [ 1027269.9004, 241173.7872 ], [ 1027075.119, 241146.4814 ], [ 1027133.0185, 241269.3654 ], [ 1026910.1653, 241310.871 ], [ 1026600.5654, 241424.7301 ], [ 1026519.4263, 241455.1928 ], [ 1026107.4207, 241577.6239 ], [ 1025901.6405, 241671.2684 ], [ 1025585.9555, 241788.7734 ], [ 1025422.0142, 241854.4394 ], [ 1024948.4753, 242042.3665 ], [ 1024447.2541, 242240.0941 ], [ 1024248.1576, 242315.5469 ], [ 1024105.8295, 242368.5057 ], [ 1023703.4798, 242526.3343 ], [ 1023657.5141, 242543.7477 ], [ 1023309.4535, 242673.9815 ], [ 1022899.0768, 242839.4616 ], [ 1022900.9627, 242871.5263 ], [ 1022896.4904, 242899.5731 ], [ 1022871.2114, 242960.3772 ], [ 1022830.1975, 242997.1099 ], [ 1022756.0051, 243015.9375 ], [ 1022688.1971, 243022.388 ], [ 1022632.3512, 242989.1448 ], [ 1022592.5547, 242956.2914 ], [ 1022556.8283, 242974.4518 ], [ 1022528.8572, 242988.2525 ], [ 1022194.3737, 243115.2447 ], [ 1021907.2381, 243226.2842 ], [ 1021349.5858, 243443.2981 ], [ 1021227.1423, 243530.552 ], [ 1021336.0736, 243593.3844 ], [ 1021586.4267, 243643.683 ], [ 1021608.5294, 243486.6876 ], [ 1021892.3393, 243376.0037 ], [ 1022118.2822, 243287.4573 ], [ 1022176.7064, 243264.5954 ], [ 1022171.9332, 243308.6727 ], [ 1022117.0634, 243713.3659 ], [ 1022107.2611, 243788.4041 ], [ 1021962.2858, 243772.876 ], [ 1021861.1939, 244544.386 ], [ 1021981.5372, 244560.2395 ], [ 1022005.3289, 244563.5556 ], [ 1021999.73, 244605.0814 ], [ 1021994.1295, 244647.7002 ], [ 1021861.061, 244630.0051 ], [ 1021852.9546, 244682.8215 ], [ 1021779.2067, 245311.9185 ], [ 1021898.1164, 245357.6451 ], [ 1021863.6667, 245447.2187 ], [ 1021853.3865, 245474.5281 ], [ 1021714.8431, 245421.4846 ], [ 1021667.0684, 245539.8206 ], [ 1021808.1032, 245591.7747 ], [ 1021751.7085, 245737.4225 ], [ 1021685.5943, 245906.3731 ], [ 1021556.6968, 246239.1792 ], [ 1021480.7027, 246177.1249 ], [ 1021458.0428, 246158.5089 ], [ 1021364.069, 246273.4956 ], [ 1021465.7641, 246355.6276 ], [ 1021401.4472, 246437.5049 ], [ 1021350.4333, 246505.1937 ], [ 1021208.0694, 246601.8901 ], [ 1021154.894, 246636.0568 ], [ 1021040.1848, 246560.4644 ], [ 1021001.4032, 246590.6457 ], [ 1020983.9887, 246579.6891 ], [ 1020737.284, 246882.0814 ], [ 1020835.938, 246962.3844 ], [ 1020736.4274, 247083.559 ], [ 1020766.279, 247103.2782 ], [ 1020693.1669, 247149.0748 ], [ 1020670.7883, 247127.5452 ], [ 1020104.4376, 247307.7768 ], [ 1020062.0067, 247187.8468 ], [ 1020019.8348, 247079.5761 ], [ 1019953.088, 246937.3859 ], [ 1019881.6282, 246801.0183 ], [ 1019818.162, 246684.7012 ], [ 1019767.9173, 246608.4809 ], [ 1019703.8364, 246533.3335 ], [ 1019715.6358, 246600.3889 ], [ 1019761.9816, 246882.8187 ], [ 1019785.5871, 247011.829 ], [ 1019854.2045, 247387.9266 ], [ 1019879.1361, 247931.5558 ], [ 1019879.675, 247941.3937 ], [ 1019881.7228, 248053.9772 ], [ 1019887.8838, 248379.7047 ], [ 1019887.0105, 248973.5749 ], [ 1019865.31, 249432.6094 ], [ 1019859.8898, 249544.089 ], [ 1019850.8635, 249662.1214 ], [ 1019838.2308, 249787.071 ], [ 1019753.6732, 250287.5481 ], [ 1019725.4508, 250479.8776 ], [ 1019670.6157, 250710.4238 ], [ 1019579.4654, 251183.5667 ], [ 1019572.513, 251208.6959 ], [ 1019563.8636, 251259.3264 ] ] ] ] } },
{ "type": "Feature", "properties": { "ZCTA5CE20": "10302", "GEOID20": "10302", "CLASSFP20": "B5", "MTFCC20": "G6350", "FUNCSTAT20": "S", "ALAND20": 3090433, "AWATER20": 0, "INTPTLAT20": "+40.6308062", "INTPTLON20": "-074.1376638" }, "geometry": { "type": "MultiPolygon", "coordinates": [ [ [ [ 943101.1207, 165741.1331 ], [ 943250.5458, 165948.547 ], [ 943334.3524, 166095.594 ], [ 943427.6521, 166275.779 ], [ 943514.6145, 166485.1212 ], [ 943585.6732, 166647.1278 ], [ 943627.849, 166801.8963 ], [ 943681.182, 166989.0713 ], [ 943784.2455, 167368.5284 ], [ 943836.262, 167600.1539 ], [ 943859.0321, 167772.0785 ], [ 943868.9448, 167890.8327 ], [ 943872.2892, 168066.0685 ], [ 943853.2284, 168288.704 ], [ 943833.8831, 168506.9682 ], [ 943798.1256, 168870.6262 ], [ 943808.3448, 169173.7295 ], [ 943811.2908, 169276.1006 ], [ 943817.556, 169371.5439 ], [ 943833.8593, 169661.5213 ], [ 943870.8248, 169858.561 ], [ 943896.044, 170002.4284 ], [ 943954.2594, 170461.3844 ], [ 944060.681, 170868.8906 ], [ 943830.113, 170747.2232 ], [ 943848.5602, 170824.7943 ], [ 944086.068, 170947.5434 ], [ 944182.4742, 171006.4054 ], [ 944405.7046, 171733.9649 ], [ 944481.0578, 171989.2351 ], [ 944395.7684, 171936.9116 ], [ 944539.1778, 172399.373 ], [ 944584.5805, 172330.4409 ], [ 944681.3981, 172305.1446 ], [ 944753.9115, 172352.7536 ], [ 944749.8564, 172589.9374 ], [ 944975.8201, 172623.8181 ], [ 944982.5618, 172502.1218 ], [ 945065.2903, 172517.2901 ], [ 945055.7765, 172641.1768 ], [ 945145.7313, 172663.2559 ], [ 945239.2869, 172680.9577 ], [ 945477.1955, 172722.8391 ], [ 945708.6913, 172746.5166 ], [ 946051.2872, 172827.2209 ], [ 946040.8073, 173045.834 ], [ 946362.5627, 173113.0953 ], [ 946947.2157, 173236.0626 ], [ 947047.6143, 173194.0111 ], [ 947418.705, 173039.3354 ], [ 947494.3462, 173141.597 ], [ 947816.1887, 173085.3704 ], [ 947944.4202, 172909.937 ], [ 948214.6082, 173014.8257 ], [ 948379.8957, 172935.5221 ], [ 948566.3993, 172939.9839 ], [ 948765.36, 172732.7546 ], [ 948777.4198, 172438.7247 ], [ 948874.2609, 172426.9251 ], [ 948873.5773, 172529.3021 ], [ 949014.2963, 172537.113 ], [ 948999.1319, 172223.0847 ], [ 948993.9162, 171879.8957 ], [ 949013.8859, 171679.4867 ], [ 949025.8876, 171534.467 ], [ 949033.2656, 171454.6686 ], [ 948767.1387, 171479.4655 ], [ 948752.5357, 171172.3588 ], [ 948599.7988, 170166.6745 ], [ 948321.4027, 170162.3481 ], [ 948120.8643, 169693.0274 ], [ 948247.6685, 169664.7861 ], [ 948164.0775, 169447.771 ], [ 948113.3155, 169282.8062 ], [ 948121.4687, 169165.8451 ], [ 948186.3029, 169087.0541 ], [ 948204.793, 169014.8899 ], [ 948261.151, 169022.4573 ], [ 948319.1595, 168832.1928 ], [ 948346.1178, 168667.1128 ], [ 948359.9228, 168617.1796 ], [ 948406.305, 168447.3347 ], [ 948393.967, 168362.829 ], [ 948390.3231, 168338.7888 ], [ 948303.215, 168373.5285 ], [ 948175.8829, 168424.7229 ], [ 948162.2113, 168377.3806 ], [ 948150.2122, 168334.7722 ], [ 948114.7764, 168211.3179 ], [ 948062.7439, 167940.7003 ], [ 948041.7737, 167652.5489 ], [ 947959.916, 167672.7089 ], [ 947848.6448, 167699.8354 ], [ 947800.0333, 167491.8775 ], [ 947771.2735, 167379.7079 ], [ 947882.2592, 167346.3879 ], [ 947853.2258, 167236.7689 ], [ 947777.4449, 167237.6111 ], [ 947771.8641, 167218.3102 ], [ 947747.8689, 167136.7369 ], [ 947805.0357, 167125.357 ], [ 947875.2799, 167134.36 ], [ 947834.7253, 166931.4906 ], [ 947776.7208, 166939.9571 ], [ 947747.4319, 166845.6403 ], [ 947707.1572, 166645.321 ], [ 947733.4112, 166566.9513 ], [ 947596.2589, 166554.4062 ], [ 947592.0444, 166520.8945 ], [ 947590.7829, 166420.7065 ], [ 947895.0806, 166453.0391 ], [ 947992.8052, 166459.451 ], [ 948005.3993, 166341.7547 ], [ 948008.4117, 166314.0613 ], [ 947978.1472, 166310.0989 ], [ 947975.9569, 166330.5045 ], [ 947876.2837, 166320.8165 ], [ 947880.1107, 166281.0992 ], [ 947773.2191, 166271.0581 ], [ 947811.5608, 165922.3398 ], [ 947734.9298, 165914.4396 ], [ 947740.0325, 165800.0333 ], [ 947631.7497, 165789.2663 ], [ 947659.9961, 165558.6049 ], [ 947518.15, 165566.8339 ], [ 947314.9652, 165583.5364 ], [ 947117.8903, 165601.6886 ], [ 947054.0548, 165611.2586 ], [ 947090.3657, 165938.0043 ], [ 947047.9384, 165968.3083 ], [ 946852.7185, 166107.4163 ], [ 946619.7926, 166276.0946 ], [ 946581.5283, 166304.9357 ], [ 946387.1584, 166451.697 ], [ 946385.1852, 166432.3907 ], [ 946374.1948, 166327.1173 ], [ 946248.4203, 166313.4692 ], [ 946206.697, 165905.4883 ], [ 946077.0824, 165922.8148 ], [ 946068.0663, 165838.3051 ], [ 946062.1513, 165784.0297 ], [ 945838.461, 165822.6363 ], [ 945770.1901, 165835.4957 ], [ 945572.3116, 165870.0563 ], [ 945557.6883, 165752.0377 ], [ 945545.3199, 165655.5107 ], [ 945303.8763, 165702.8944 ], [ 944918.9646, 165783.6658 ], [ 944889.6306, 165497.7167 ], [ 944862.5369, 165224.1511 ], [ 944854.3539, 165142.5551 ], [ 944950.9288, 165120.9036 ], [ 945008.3749, 165108.4237 ], [ 944987.2974, 164777.649 ], [ 944925.7784, 164503.7746 ], [ 944785.9011, 164530.9614 ], [ 944768.1549, 164373.2367 ], [ 944733.3283, 163955.4105 ], [ 944476.6023, 164004.2845 ], [ 944217.6545, 164052.0719 ], [ 943959.7972, 164087.1087 ], [ 943706.9086, 164104.6524 ], [ 943466.5081, 164118.8988 ], [ 943465.3717, 164269.0033 ], [ 943463.9742, 164428.9451 ], [ 943538.4908, 164662.718 ], [ 943554.9563, 164714.0605 ], [ 943846.1697, 164708.4744 ], [ 943913.1405, 164747.3462 ], [ 943921.9195, 164851.5291 ], [ 943959.3948, 164849.6453 ], [ 944052.9445, 164845.1186 ], [ 944060.2703, 164910.321 ], [ 944084.8267, 165154.7437 ], [ 944009.8734, 165156.325 ], [ 943957.9615, 165157.5039 ], [ 943970.0962, 165276.6187 ], [ 943971.7915, 165294.4679 ], [ 943556.2447, 165318.1123 ], [ 943525.7019, 165314.8845 ], [ 943467.6707, 165308.7882 ], [ 943301.8588, 165427.8374 ], [ 943319.9439, 165451.8525 ], [ 943380.8771, 165532.9949 ], [ 943182.9127, 165680.5165 ], [ 943101.1207, 165741.1331 ] ] ] ] } },
{ "type": "Feature", "properties": { "ZCTA5CE20": "11375", "GEOID20": "11375", "CLASSFP20": "B5", "MTFCC20": "G6350", "FUNCSTAT20": "S", "ALAND20": 6269573, "AWATER20": 556542, "INTPTLAT20": "+40.7229750", "INTPTLON20": "-073.8431785" }, "geometry": { "type": "MultiPolygon", "coordinates": [ [ [ [ 1023466.4516, 202180.6741 ], [ 1023673.434, 202229.8297 ], [ 1023788.7007, 202257.3419 ], [ 1023858.2641, 202264.3776 ], [ 1023970.6978, 202498.462 ], [ 1024083.4065, 202732.5473 ], [ 1024156.6065, 202887.144 ], [ 1024208.0666, 202945.5216 ], [ 1024248.6773, 203027.5631 ], [ 1024278.7327, 203123.0674 ], [ 1024329.5462, 203236.8226 ], [ 1024473.5004, 203177.6747 ], [ 1024686.1551, 203642.5505 ], [ 1024544.1499, 203697.6928 ], [ 1024630.3276, 203878.5444 ], [ 1024743.861, 204108.991 ], [ 1024746.3495, 204112.6385 ], [ 1024814.9206, 204212.5798 ], [ 1024830.6978, 204225.3577 ], [ 1025332.0247, 204430.9552 ], [ 1025346.9145, 204476.5219 ], [ 1025356.8122, 204523.9017 ], [ 1025361.7198, 204572.0018 ], [ 1025361.0828, 204620.8212 ], [ 1025355.4581, 204668.9034 ], [ 1025344.847, 204715.5199 ], [ 1025232.4756, 204951.0525 ], [ 1025126.7564, 205187.6899 ], [ 1025023.8095, 205425.0611 ], [ 1025507.6716, 205617.517 ], [ 1025412.475, 205859.6361 ], [ 1024919.474, 205665.345 ], [ 1024827.8851, 205908.201 ], [ 1025317.2808, 206101.3912 ], [ 1025221.8108, 206343.5105 ], [ 1024740.7287, 206153.2508 ], [ 1024617.6242, 206350.878 ], [ 1024519.0464, 206299.3435 ], [ 1024401.5952, 206599.3584 ], [ 1024305.8585, 206841.8453 ], [ 1024210.6792, 207083.6048 ], [ 1024114.9469, 207325.7282 ], [ 1024735.5942, 207570.1291 ], [ 1024697.4691, 207665.1562 ], [ 1024674.3327, 207745.9994 ], [ 1024660.3824, 207802.4476 ], [ 1024870.3664, 207849.4326 ], [ 1025047.9265, 207896.0005 ], [ 1025288.338, 207975.4658 ], [ 1025445.6447, 208034.754 ], [ 1025934.1175, 208253.4585 ], [ 1026196.0409, 208389.0769 ], [ 1026354.3899, 208483.7131 ], [ 1026494.4549, 208574.3108 ], [ 1026677.9816, 208690.4885 ], [ 1026745.5323, 208728.1329 ], [ 1026981.085, 208883.752 ], [ 1027029.2522, 208912.6191 ], [ 1027081.8466, 208945.1374 ], [ 1027133.3338, 208976.9252 ], [ 1027255.6804, 209054.7444 ], [ 1027619.1046, 209292.9357 ], [ 1027686.9209, 209335.3195 ], [ 1027915.2889, 209473.0825 ], [ 1028053.685, 209560.7716 ], [ 1028285.6552, 209696.3586 ], [ 1028688.4082, 209934.6374 ], [ 1028830.4547, 209993.191 ], [ 1029141.4034, 210121.6448 ], [ 1029182.6671, 210134.8371 ], [ 1029178.8679, 210091.4745 ], [ 1029204.6343, 210093.7082 ], [ 1029225.1302, 210098.8469 ], [ 1029225.1613, 209782.9707 ], [ 1029233.1849, 209640.1672 ], [ 1029268.701, 209465.7178 ], [ 1029240.5704, 209393.1635 ], [ 1029269.2991, 209292.6611 ], [ 1029288.5447, 209225.2953 ], [ 1029335.2018, 209020.9914 ], [ 1029351.6834, 208949.9773 ], [ 1029367.0465, 208884.426 ], [ 1029416.4917, 208671.7479 ], [ 1029449.7318, 208530.4488 ], [ 1029455.6429, 208481.275 ], [ 1029464.914, 208413.5264 ], [ 1029471.6559, 208364.7185 ], [ 1029496.9953, 208150.9027 ], [ 1029503.4703, 208096.6292 ], [ 1029528.9163, 207825.9779 ], [ 1029536.1347, 207670.4215 ], [ 1029538.9903, 207625.2496 ], [ 1029564.9768, 207213.9672 ], [ 1029573.704, 207141.117 ], [ 1029587.1704, 207053.3381 ], [ 1029607.0151, 206963.3852 ], [ 1029626.8416, 206883.2692 ], [ 1029648.3175, 206810.4429 ], [ 1029702.3694, 206657.1603 ], [ 1029803.7358, 206397.5816 ], [ 1029922.351, 206104.1529 ], [ 1029966.6245, 205994.2079 ], [ 1030024.8285, 205845.6702 ], [ 1030053.2359, 205772.4931 ], [ 1030115.3411, 205613.3973 ], [ 1030210.0314, 205371.2956 ], [ 1030227.8562, 205325.4236 ], [ 1030266.8423, 205228.2208 ], [ 1030555.3546, 204505.9351 ], [ 1030563.4313, 204485.5479 ], [ 1030672.8774, 204213.6012 ], [ 1030708.4922, 204141.8959 ], [ 1030746.5961, 204073.1102 ], [ 1030788.0222, 204006.5169 ], [ 1030834.7154, 203939.5694 ], [ 1030885.5643, 203873.723 ], [ 1030938.6211, 203812.9815 ], [ 1031024.1551, 203727.5282 ], [ 1031103.0101, 203656.2713 ], [ 1031178.8018, 203592.6596 ], [ 1031254.3168, 203529.0476 ], [ 1031424.5107, 203382.5521 ], [ 1031449.7763, 203360.7413 ], [ 1031535.3038, 203280.3904 ], [ 1031600.5714, 203213.4806 ], [ 1031648.0672, 203163.2955 ], [ 1031702.2418, 203099.6433 ], [ 1031740.3039, 203054.5406 ], [ 1031786.9773, 202999.9822 ], [ 1031889.5282, 202862.1015 ], [ 1031961.0063, 202739.0978 ], [ 1031972.4088, 202719.8106 ], [ 1031994.9346, 202682.3288 ], [ 1032084.56, 202493.7814 ], [ 1032203.1196, 202252.0992 ], [ 1032268.8189, 202109.4111 ], [ 1032321.7291, 201986.3717 ], [ 1032369.1703, 201825.7955 ], [ 1032389.039, 201731.1087 ], [ 1032400.6135, 201625.4756 ], [ 1032405.0142, 201503.069 ], [ 1032402.4872, 201379.5556 ], [ 1032367.4453, 201017.7051 ], [ 1032344.2978, 200808.1688 ], [ 1032338.1609, 200687.5629 ], [ 1032335.7634, 200638.3735 ], [ 1032333.1147, 200576.0676 ], [ 1032326.7913, 200409.5557 ], [ 1032345.3109, 200296.6497 ], [ 1032352.6022, 200254.4017 ], [ 1032468.2159, 200246.6157 ], [ 1032493.168, 200245.2079 ], [ 1032555.8268, 200240.9605 ], [ 1032558.3493, 200227.1209 ], [ 1032566.9856, 200205.6426 ], [ 1032526.3033, 200171.3145 ], [ 1032507.2053, 200156.339 ], [ 1032500.2865, 200150.496 ], [ 1032429.4317, 200093.8839 ], [ 1032415.3133, 200084.019 ], [ 1032410.0534, 200080.3652 ], [ 1032375.7257, 200056.6157 ], [ 1032215.1309, 199960.1145 ], [ 1032169.9799, 199942.1731 ], [ 1031794.0311, 199821.9335 ], [ 1031583.528, 199727.8892 ], [ 1031406.2395, 199659.7787 ], [ 1031392.6642, 199655.3803 ], [ 1031118.6605, 199568.5035 ], [ 1031105.3624, 199564.1058 ], [ 1031073.7796, 199553.4793 ], [ 1031040.273, 199534.1052 ], [ 1031017.2868, 199522.038 ], [ 1030714.1227, 199315.9733 ], [ 1030505.9274, 199170.2078 ], [ 1030469.9332, 199146.4577 ], [ 1030371.0869, 199081.4189 ], [ 1030204.9793, 198960.5104 ], [ 1029989.0416, 198800.8901 ], [ 1029722.4209, 198612.7589 ], [ 1029708.53, 198628.3992 ], [ 1029684.0818, 198656.0426 ], [ 1029602.7003, 198589.2179 ], [ 1029517.7069, 198526.3944 ], [ 1029428.8224, 198468.6646 ], [ 1029337.1562, 198415.6662 ], [ 1029242.7079, 198367.7637 ], [ 1029146.0305, 198325.6867 ], [ 1028682.2865, 198135.0175 ], [ 1028416.3025, 198044.5426 ], [ 1027772.639, 197687.4293 ], [ 1027513.8499, 197599.8919 ], [ 1027034.5124, 197432.5436 ], [ 1026770.0742, 197401.4754 ], [ 1026495.0378, 197406.096 ], [ 1026231.5935, 197440.9793 ], [ 1025970.7779, 197398.6318 ], [ 1025689.2985, 197279.7424 ], [ 1025532.4796, 197218.9964 ], [ 1025070.5889, 197050.9879 ], [ 1024522.0427, 196804.149 ], [ 1024191.2264, 196668.0717 ], [ 1023986.1171, 197140.272 ], [ 1023854.9592, 198341.9846 ], [ 1023811.7065, 198514.6069 ], [ 1023768.2355, 199332.8231 ], [ 1023677.3458, 200332.7638 ], [ 1023547.1452, 201476.5524 ], [ 1023466.4516, 202180.6741 ] ] ] ] } },
{ "type": "Feature", "properties": { "ZCTA5CE20": "11210", "GEOID20": "11210", "CLASSFP20": "B5", "MTFCC20": "G6350", "FUNCSTAT20": "S", "ALAND20": 4270311, "AWATER20": 0, "INTPTLAT20": "+40.6280600", "INTPTLON20": "-073.9463086" }, "geometry": { "type": "MultiPolygon", "coordinates": [ [ [ [ 995836.4082, 171135.7252 ], [ 995820.5285, 171261.0461 ], [ 995915.1631, 171277.4861 ], [ 995910.4008, 171369.2942 ], [ 996048.8865, 171386.1201 ], [ 996043.5957, 171422.1859 ], [ 996186.1927, 171543.5764 ], [ 996286.3775, 171558.5632 ], [ 996304.7586, 171430.6935 ], [ 996546.1429, 171583.4674 ], [ 996597.7489, 171615.9187 ], [ 996599.6091, 171778.4095 ], [ 996870.6735, 171952.3328 ], [ 996901.23, 171899.5212 ], [ 997019.9808, 171965.8908 ], [ 997034.451, 171893.033 ], [ 997087.9979, 171926.5793 ], [ 997127.7134, 171874.1372 ], [ 997274.2521, 171875.6726 ], [ 997534.8598, 171874.7206 ], [ 997805.4572, 171876.6916 ], [ 998080.4832, 171899.7991 ], [ 998214.2498, 171910.4411 ], [ 998208.6468, 172001.5197 ], [ 998331.8651, 172014.3422 ], [ 998333.8205, 171992.4837 ], [ 998601.9033, 172020.6936 ], [ 998566.6839, 172445.114 ], [ 998836.1526, 172467.4982 ], [ 998892.211, 172471.9038 ], [ 999046.2329, 172484.0199 ], [ 999095.3533, 172488.0574 ], [ 999369.2615, 172510.4502 ], [ 999639.0062, 172532.8434 ], [ 999669.4226, 172271.64 ], [ 999913.0824, 172292.9268 ], [ 999897.9273, 172554.504 ], [ 1000166.0063, 172576.1733 ], [ 1000187.2662, 172320.4295 ], [ 1000207.4104, 172073.7932 ], [ 1000476.6044, 172095.831 ], [ 1000736.3622, 172117.1368 ], [ 1000995.2867, 172138.8091 ], [ 1001254.2111, 172160.1198 ], [ 1001523.1259, 172181.8046 ], [ 1001593.1169, 171330.0576 ], [ 1001862.3181, 171351.7464 ], [ 1002121.8052, 171373.0668 ], [ 1002190.9687, 170545.7309 ], [ 1002458.7901, 170567.7896 ], [ 1002476.7288, 170333.9051 ], [ 1002484.0269, 170224.9768 ], [ 1002494.353, 170149.5689 ], [ 1002528.54, 169717.1385 ], [ 1002397.2619, 169705.746 ], [ 1002443.3166, 168991.3354 ], [ 1002587.9249, 168998.7305 ], [ 1002592.4084, 168942.6276 ], [ 1002598.8516, 168864.3022 ], [ 1002604.1733, 168800.9133 ], [ 1002608.6546, 168747.725 ], [ 1002468.2092, 168739.2398 ], [ 1002518.9212, 168111.9071 ], [ 1002659.9251, 168120.7573 ], [ 1002668.6126, 168011.8302 ], [ 1002675.0564, 167933.5048 ], [ 1002678.1376, 167896.7102 ], [ 1002536.8559, 167886.4024 ], [ 1002567.4308, 167463.8064 ], [ 1002593.2472, 167462.7329 ], [ 1002600.8479, 167322.4728 ], [ 1002455.6763, 167312.5269 ], [ 1002405.7133, 167308.4819 ], [ 1002358.213, 166979.4595 ], [ 1002282.1393, 166997.255 ], [ 1002164.7005, 167020.4851 ], [ 1002046.4318, 167040.0719 ], [ 1001904.2908, 167058.9133 ], [ 1001764.6527, 167071.928 ], [ 1001924.4115, 166874.5786 ], [ 1002084.7285, 166676.502 ], [ 1002165.0271, 166577.0998 ], [ 1002124.3015, 166466.6789 ], [ 1001688.8744, 166291.8503 ], [ 1001676.1397, 166243.0214 ], [ 1001555.9508, 166225.4479 ], [ 1001572.7081, 166083.3725 ], [ 1001375.6713, 165996.1589 ], [ 1001367.0236, 166055.9024 ], [ 1001239.0619, 166036.5033 ], [ 1001273.3811, 165788.0566 ], [ 1001150.9934, 165735.1439 ], [ 1001031.3948, 165662.5601 ], [ 1001009.0684, 165833.4138 ], [ 1000876.6639, 165813.6493 ], [ 1000898.4199, 165663.5617 ], [ 1000909.0202, 165588.882 ], [ 1000870.4493, 165564.4457 ], [ 1000842.9821, 165540.7458 ], [ 1000751.9953, 165439.0368 ], [ 1000670.4504, 165331.5053 ], [ 1000656.2241, 165432.4141 ], [ 1000395.2986, 165389.6133 ], [ 1000403.3857, 165334.9697 ], [ 1000427.3681, 165172.8603 ], [ 1000167.2694, 165134.4344 ], [ 1000236.4349, 164651.7473 ], [ 1000020.6633, 164318.2478 ], [ 999944.1082, 164211.4507 ], [ 999808.7601, 164004.062 ], [ 999780.1873, 163968.3398 ], [ 999609.5739, 163766.759 ], [ 999567.6791, 163723.3777 ], [ 999315.19, 163474.3852 ], [ 999293.4421, 163624.1098 ], [ 999164.9109, 163604.357 ], [ 999177.7354, 163517.2909 ], [ 999050.0381, 163494.989 ], [ 999071.2279, 163347.8141 ], [ 998801.9362, 163325.0632 ], [ 998817.8342, 163203.3878 ], [ 998837.6384, 163050.0183 ], [ 998616.4823, 162844.771 ], [ 998594.2832, 162824.3557 ], [ 998376.7248, 162632.2284 ], [ 998367.5256, 162695.9802 ], [ 998351.6364, 162805.6331 ], [ 998185.6237, 162777.12 ], [ 998146.502, 162732.2855 ], [ 998091.5361, 162719.8671 ], [ 998125.2635, 162487.0819 ], [ 997996.7242, 162469.5212 ], [ 998002.5856, 162414.8756 ], [ 997875.7129, 162395.1306 ], [ 997906.3721, 162184.5673 ], [ 997916.4063, 162115.351 ], [ 997936.4759, 161975.0967 ], [ 997679.12, 161928.6838 ], [ 997417.035, 161897.2085 ], [ 997404.2124, 161990.8334 ], [ 997396.4075, 162047.664 ], [ 997272.0275, 162034.8457 ], [ 997155.5539, 162819.1777 ], [ 997014.0038, 163788.5751 ], [ 997145.0348, 163807.5892 ], [ 997019.6443, 164678.6272 ], [ 996893.1525, 165549.3012 ], [ 996654.4262, 165514.9316 ], [ 996732.3729, 165634.8349 ], [ 996642.0774, 166322.6371 ], [ 996485.2202, 166348.4249 ], [ 996480.7632, 166379.026 ], [ 996767.5022, 166420.7052 ], [ 996640.4733, 167291.3806 ], [ 996515.6741, 168162.0581 ], [ 996451.0516, 168608.6902 ], [ 996435.7476, 168683.3695 ], [ 996293.3595, 168669.0898 ], [ 996151.249, 168654.4468 ], [ 996102.5092, 168991.7896 ], [ 996292.0751, 169020.6645 ], [ 996290.3909, 169058.5537 ], [ 996293.7042, 169093.895 ], [ 996303.3989, 169134.7044 ], [ 996318.9232, 169174.0594 ], [ 996343.3288, 169214.8761 ], [ 996361.637, 169237.4735 ], [ 996262.4938, 169904.1425 ], [ 996137.9991, 170774.4584 ], [ 995852.1434, 170732.0584 ], [ 995795.8987, 171110.203 ], [ 995836.4082, 171135.7252 ] ] ] ] } },
{ "type": "Feature", "properties": { "ZCTA5CE20": "11096", "GEOID20": "11096", "CLASSFP20": "B5", "MTFCC20": "G6350", "FUNCSTAT20": "S", "ALAND20": 3197286, "AWATER20": 1661779, "INTPTLAT20": "+40.6213463", "INTPTLON20": "-073.7569899" }, "geometry": { "type": "MultiPolygon", "coordinates": [ [ [ [ 1048428.9198, 166710.9361 ], [ 1048421.9097, 166737.5135 ], [ 1048436.5309, 166772.1633 ], [ 1048434.4974, 166806.4047 ], [ 1048440.8215, 166829.374 ], [ 1048455.2237, 166841.7992 ], [ 1048471.8024, 166870.9892 ], [ 1048478.6277, 166914.3622 ], [ 1048484.0371, 166968.2971 ], [ 1048495.353, 166993.1012 ], [ 1048512.7489, 167028.1227 ], [ 1048535.4228, 167061.7008 ], [ 1048560.8572, 167101.1154 ], [ 1048569.8838, 167151.7809 ], [ 1048576.4891, 167173.2937 ], [ 1048581.664, 167210.8331 ], [ 1048608.2635, 167229.4842 ], [ 1048611.5811, 167234.5936 ], [ 1048669.3155, 167341.1302 ], [ 1048711.0798, 167398.4404 ], [ 1048713.7745, 167429.0511 ], [ 1048717.5477, 167471.6874 ], [ 1048731.3353, 167506.3351 ], [ 1048786.8779, 167601.5721 ], [ 1048809.5074, 167651.5451 ], [ 1054192.9079, 170590.1686 ], [ 1054741.5687, 170803.428 ], [ 1055251.3656, 171586.0318 ], [ 1055316.6681, 171653.6234 ], [ 1055359.5583, 171602.7428 ], [ 1055314.8109, 171529.382 ], [ 1055291.8751, 171495.068 ], [ 1055255.8993, 171269.0792 ], [ 1055281.5699, 171127.4304 ], [ 1055265.3311, 170985.6592 ], [ 1055075.0002, 170676.5177 ], [ 1055067.4372, 170509.6333 ], [ 1054926.4436, 170317.2219 ], [ 1054910.359, 170216.9849 ], [ 1055069.2796, 170067.7083 ], [ 1055136.7296, 169876.2681 ], [ 1055338.0278, 169568.9983 ], [ 1055630.4158, 169436.5108 ], [ 1055772.2996, 169420.533 ], [ 1055783.1032, 169427.8513 ], [ 1055932.9422, 169255.601 ], [ 1055948.8172, 169237.4313 ], [ 1055918.2902, 169235.5197 ], [ 1055506.4491, 169210.9922 ], [ 1055105.8583, 169326.0423 ], [ 1054905.4675, 169416.9055 ], [ 1054788.5651, 169432.9609 ], [ 1054701.6104, 169363.4864 ], [ 1054589.177, 169273.9004 ], [ 1054581.4648, 169157.293 ], [ 1054856.9879, 168619.6144 ], [ 1054867.0377, 168599.9699 ], [ 1054851.0967, 168449.8203 ], [ 1054876.1516, 168424.7545 ], [ 1054884.6238, 168374.8661 ], [ 1054960.0167, 168316.7927 ], [ 1054996.3127, 168244.397 ], [ 1055230.6239, 168042.8777 ], [ 1055114.9779, 168006.4719 ], [ 1055236.7159, 167762.7271 ], [ 1055300.6573, 167634.6703 ], [ 1055321.5976, 167593.1981 ], [ 1055448.115, 167235.4337 ], [ 1055511.8688, 167172.2274 ], [ 1055523.2842, 167160.6023 ], [ 1055673.4597, 167161.4073 ], [ 1055756.5162, 167236.703 ], [ 1055873.0052, 167270.564 ], [ 1055965.3547, 167112.3535 ], [ 1055987.0638, 167093.1081 ], [ 1056057.4827, 167029.5585 ], [ 1056076.072, 166562.9091 ], [ 1056130.4437, 166481.8246 ], [ 1056143.2692, 166462.9175 ], [ 1056156.7448, 166411.9514 ], [ 1056151.8869, 166364.9387 ], [ 1056168.2567, 166367.9018 ], [ 1056207.6748, 166368.3827 ], [ 1056336.9488, 166398.2762 ], [ 1056488.9921, 166426.052 ], [ 1056550.5866, 166437.1649 ], [ 1056762.8455, 166472.7724 ], [ 1056973.9782, 166513.479 ], [ 1057035.5737, 166245.8821 ], [ 1057043.9824, 166218.947 ], [ 1057058.3321, 166154.8682 ], [ 1057076.8928, 166075.136 ], [ 1057087.9113, 166011.0472 ], [ 1057116.3573, 165782.3344 ], [ 1057122.0273, 165743.004 ], [ 1057131.5124, 165542.2877 ], [ 1057139.9573, 165410.7906 ], [ 1057146.106, 165304.4252 ], [ 1057163.3634, 165011.5573 ], [ 1057175.8733, 164820.6869 ], [ 1057185.7636, 164670.2492 ], [ 1057164.659, 164672.0075 ], [ 1057139.0496, 164416.9012 ], [ 1057106.3367, 164030.6156 ], [ 1057090.5034, 163848.0399 ], [ 1057078.9461, 163720.8549 ], [ 1057081.9014, 163661.114 ], [ 1057097.9048, 163508.8729 ], [ 1057117.7532, 163463.3914 ], [ 1057165.9268, 163415.8088 ], [ 1056831.1022, 163228.2715 ], [ 1056615.1266, 163125.9804 ], [ 1056564.9469, 163101.4212 ], [ 1056423.8513, 163026.3149 ], [ 1056251.4355, 162932.9003 ], [ 1056236.3007, 162980.9467 ], [ 1056208.5547, 163068.6676 ], [ 1056186.6964, 163137.0965 ], [ 1056179.9706, 163158.2076 ], [ 1056050.3305, 163152.3596 ], [ 1056053.9742, 163140.7119 ], [ 1056057.0637, 163128.6982 ], [ 1056064.3684, 163099.5736 ], [ 1056079.2617, 163039.1392 ], [ 1056045.4147, 163030.6597 ], [ 1056081.3515, 162895.6002 ], [ 1056093.7086, 162847.9098 ], [ 1056050.188, 162824.4643 ], [ 1055851.416, 162723.3238 ], [ 1055744.6644, 162675.2829 ], [ 1055540.6307, 162568.6646 ], [ 1055398.1161, 162501.9396 ], [ 1055327.967, 162469.3094 ], [ 1055031.2884, 162330.7283 ], [ 1054913.4466, 162276.1008 ], [ 1054902.8262, 162300.1156 ], [ 1054829.9131, 162262.7424 ], [ 1054751.7308, 162223.1683 ], [ 1054665.2326, 162178.8341 ], [ 1054565.4237, 162128.6325 ], [ 1054535.2577, 162190.8453 ], [ 1054510.8908, 162264.0047 ], [ 1054461.4728, 162358.9515 ], [ 1054440.6894, 162345.047 ], [ 1054357.2336, 162304.7303 ], [ 1054324.0782, 162344.7108 ], [ 1054218.5235, 162458.0771 ], [ 1054156.9219, 162348.966 ], [ 1053906.1566, 162269.1874 ], [ 1053637.5538, 162212.6775 ], [ 1053481.1558, 162143.7383 ], [ 1052703.0322, 161801.6182 ], [ 1052349.421, 161758.7279 ], [ 1052289.632, 161792.0787 ], [ 1052220.1202, 161827.2241 ], [ 1051653.8634, 161971.0148 ], [ 1051567.4699, 161986.806 ], [ 1051188.5861, 162047.3316 ], [ 1051070.8108, 162065.9527 ], [ 1050988.3101, 162079.935 ], [ 1050879.9752, 162098.5829 ], [ 1050305.8179, 162600.8816 ], [ 1049924.5048, 162948.8746 ], [ 1049918.381, 162954.6873 ], [ 1049675.4045, 163176.2722 ], [ 1049426.3089, 163403.6723 ], [ 1049016.7392, 163425.1664 ], [ 1049005.9175, 163527.1493 ], [ 1048805.9644, 165430.9579 ], [ 1048773.9382, 165782.8134 ], [ 1048499.7134, 166393.4292 ], [ 1048490.9557, 166450.9699 ], [ 1048483.6804, 166472.8103 ], [ 1048474.4638, 166493.917 ], [ 1048474.4051, 166516.1408 ], [ 1048467.3719, 166551.462 ], [ 1048441.1123, 166614.0571 ], [ 1048442.4435, 166635.5559 ], [ 1048419.8313, 166683.5875 ], [ 1048428.9198, 166710.9361 ] ] ] ] } },
{ "type": "Feature", "properties": { "ZCTA5CE20": "11212", "GEOID20": "11212", "CLASSFP20": "B5", "MTFCC20": "G6350", "FUNCSTAT20": "S", "ALAND20": 4002499, "AWATER20": 0, "INTPTLAT20": "+40.6629047", "INTPTLON20": "-073.9130712" }, "geometry": { "type": "MultiPolygon", "coordinates": [ [ [ [ 1003224.4322, 181035.5077 ], [ 1003480.2066, 181058.6614 ], [ 1003705.0961, 181193.6419 ], [ 1003835.7045, 181269.8914 ], [ 1003900.871, 181306.3768 ], [ 1003933.0374, 181325.3479 ], [ 1004073.9051, 181406.7076 ], [ 1004161.5318, 181456.3279 ], [ 1004304.6167, 181538.4194 ], [ 1004392.7961, 181589.4983 ], [ 1004673.9713, 181750.0375 ], [ 1004800.9699, 181823.0102 ], [ 1004928.2449, 181896.3482 ], [ 1005209.4115, 182058.7151 ], [ 1005226.0492, 182067.4734 ], [ 1005177.9139, 182231.744 ], [ 1005119.4523, 182468.8715 ], [ 1005278.4227, 182456.257 ], [ 1005296.8486, 182321.8358 ], [ 1005436.9178, 182352.5611 ], [ 1005509.1547, 182228.7525 ], [ 1005575.4242, 182267.0651 ], [ 1005679.6801, 182327.6353 ], [ 1005828.8544, 182413.7488 ], [ 1005923.9605, 182467.3897 ], [ 1006160.1971, 182602.7674 ], [ 1006407.5215, 182744.7155 ], [ 1006432.1976, 182759.6754 ], [ 1006553.0867, 182828.2798 ], [ 1006500.8322, 182938.6235 ], [ 1006577.359, 182980.5914 ], [ 1006584.2259, 183054.9208 ], [ 1006621.9573, 183050.9479 ], [ 1006630.4939, 183119.4495 ], [ 1006733.0824, 183176.3794 ], [ 1006744.7474, 183161.4527 ], [ 1006791.6135, 183178.6196 ], [ 1006941.1268, 183188.96 ], [ 1007002.6925, 183209.0556 ], [ 1007123.373, 183200.425 ], [ 1007141.1604, 183165.1019 ], [ 1007196.335, 183196.4862 ], [ 1007237.3693, 183219.842 ], [ 1007390.1361, 183308.8832 ], [ 1007627.1885, 183444.2759 ], [ 1007864.5143, 183581.1286 ], [ 1008095.7384, 183713.97 ], [ 1008079.8994, 183741.6435 ], [ 1008067.1093, 183771.8702 ], [ 1008058.2017, 183803.1937 ], [ 1008052.8962, 183838.8928 ], [ 1008053.13, 183883.3411 ], [ 1008058.9219, 183917.5936 ], [ 1008328.5743, 183897.4569 ], [ 1008359.953, 183864.6985 ], [ 1008600.5986, 184002.2903 ], [ 1008845.1202, 184144.6248 ], [ 1008910.824, 184183.3102 ], [ 1008947.1433, 184202.6565 ], [ 1008966.6936, 184345.1289 ], [ 1009098.966, 184388.9833 ], [ 1009104.1337, 184489.5433 ], [ 1009242.0099, 184478.0262 ], [ 1009422.0542, 184462.5459 ], [ 1009653.5385, 184595.7668 ], [ 1009804.0649, 184688.4641 ], [ 1009917.1652, 184759.6274 ], [ 1010059.1025, 184841.0231 ], [ 1010242.07, 184943.2302 ], [ 1010298.0679, 184975.3511 ], [ 1010332.7202, 184995.062 ], [ 1010335.4663, 185020.9323 ], [ 1010349.7402, 185160.8499 ], [ 1010567.4319, 185212.455 ], [ 1010653.103, 185250.0738 ], [ 1010653.8956, 185286.5076 ], [ 1010703.8231, 185288.0192 ], [ 1010752.0791, 185296.087 ], [ 1010928.7137, 185349.8367 ], [ 1011024.3595, 185396.576 ], [ 1011032.1712, 185355.7797 ], [ 1011165.827, 184643.3003 ], [ 1011251.7663, 184190.8994 ], [ 1011355.1928, 183731.596 ], [ 1011440.8712, 183270.4517 ], [ 1011528.491, 182812.5889 ], [ 1011640.6401, 182254.1994 ], [ 1011756.4014, 181695.4503 ], [ 1011877.4415, 181134.5219 ], [ 1011795.0726, 181109.6541 ], [ 1011590.6379, 181080.6413 ], [ 1011701.6871, 180521.8869 ], [ 1011811.0783, 179961.6738 ], [ 1011922.5977, 179973.4591 ], [ 1012025.2434, 179981.227 ], [ 1012090.9581, 180015.9134 ], [ 1012212.3265, 179424.7481 ], [ 1012316.7477, 178857.9739 ], [ 1012326.7989, 178803.7006 ], [ 1012310.1552, 178800.4024 ], [ 1012261.8885, 178790.8742 ], [ 1012004.9986, 178758.883 ], [ 1011911.7818, 178750.7615 ], [ 1011837.2153, 178689.1053 ], [ 1011646.3097, 178454.9907 ], [ 1011355.243, 178214.2079 ], [ 1011116.2663, 178035.0575 ], [ 1010847.4626, 177978.6554 ], [ 1010593.633, 177929.559 ], [ 1010077.9292, 177826.6293 ], [ 1009817.1632, 177774.2547 ], [ 1009828.321, 177718.16 ], [ 1009575.3225, 177665.7962 ], [ 1009310.6713, 177611.237 ], [ 1009298.3987, 177673.1601 ], [ 1009054.8263, 177627.005 ], [ 1009034.0186, 177624.4334 ], [ 1008576.2074, 177607.5762 ], [ 1008244.6197, 177616.7191 ], [ 1008183.5731, 177619.5735 ], [ 1007749.8668, 177638.4597 ], [ 1007393.5765, 177656.3342 ], [ 1007120.2533, 177671.3773 ], [ 1007071.4523, 177635.263 ], [ 1007048.4407, 177615.5677 ], [ 1006728.7772, 177633.122 ], [ 1006633.3268, 177633.3982 ], [ 1006373.5988, 177649.5552 ], [ 1006328.6005, 177702.3418 ], [ 1005977.055, 177691.4595 ], [ 1005954.8405, 177710.3847 ], [ 1005895.9551, 177779.5545 ], [ 1005645.6963, 178073.3455 ], [ 1005530.1489, 178212.053 ], [ 1005333.4417, 178194.3938 ], [ 1005315.7309, 178460.3379 ], [ 1005300.1772, 178478.5408 ], [ 1005264.1369, 178444.2628 ], [ 1005189.5583, 178376.0691 ], [ 1005127.553, 178528.6692 ], [ 1005160.2608, 178566.5874 ], [ 1005194.078, 178604.8709 ], [ 1005176.5801, 178625.6226 ], [ 1005155.4716, 178650.743 ], [ 1005005.7712, 178825.8565 ], [ 1004946.3358, 178895.7568 ], [ 1004714.9876, 179164.7993 ], [ 1004667.2141, 179225.9662 ], [ 1004448.3189, 179207.5669 ], [ 1004435.3487, 179457.1208 ], [ 1004262.5014, 179451.8773 ], [ 1004240.6355, 179725.1053 ], [ 1004172.5955, 179804.8373 ], [ 1003997.6362, 180011.6329 ], [ 1003841.1666, 180000.5764 ], [ 1003582.3283, 179978.8738 ], [ 1003542.4797, 180547.5583 ], [ 1003371.6914, 180755.8191 ], [ 1003238.8092, 180743.692 ], [ 1003232.2933, 180916.3785 ], [ 1003224.4322, 181035.5077 ] ] ] ] } },
{ "type": "Feature", "properties": { "ZCTA5CE20": "11234", "GEOID20": "11234", "CLASSFP20": "B5", "MTFCC20": "G6350", "FUNCSTAT20": "S", "ALAND20": 19124670, "AWATER20": 1485166, "INTPTLAT20": "+40.6077225", "INTPTLON20": "-073.9106494" }, "geometry": { "type": "MultiPolygon", "coordinates": [ [ [ [ 999609.5739, 163766.759 ], [ 999780.1873, 163968.3398 ], [ 999808.7601, 164004.062 ], [ 999944.1082, 164211.4507 ], [ 1000020.6633, 164318.2478 ], [ 1000236.4349, 164651.7473 ], [ 1000167.2694, 165134.4344 ], [ 1000427.3681, 165172.8603 ], [ 1000403.3857, 165334.9697 ], [ 1000395.2986, 165389.6133 ], [ 1000656.2241, 165432.4141 ], [ 1000670.4504, 165331.5053 ], [ 1000751.9953, 165439.0368 ], [ 1000842.9821, 165540.7458 ], [ 1000870.4493, 165564.4457 ], [ 1000909.0202, 165588.882 ], [ 1000898.4199, 165663.5617 ], [ 1000876.6639, 165813.6493 ], [ 1001009.0684, 165833.4138 ], [ 1001031.3948, 165662.5601 ], [ 1001150.9934, 165735.1439 ], [ 1001273.3811, 165788.0566 ], [ 1001239.0619, 166036.5033 ], [ 1001367.0236, 166055.9024 ], [ 1001375.6713, 165996.1589 ], [ 1001572.7081, 166083.3725 ], [ 1001555.9508, 166225.4479 ], [ 1001676.1397, 166243.0214 ], [ 1001688.8744, 166291.8503 ], [ 1002124.3015, 166466.6789 ], [ 1002165.0271, 166577.0998 ], [ 1002084.7285, 166676.502 ], [ 1001924.4115, 166874.5786 ], [ 1001764.6527, 167071.928 ], [ 1001904.2908, 167058.9133 ], [ 1002046.4318, 167040.0719 ], [ 1002164.7005, 167020.4851 ], [ 1002282.1393, 166997.255 ], [ 1002358.213, 166979.4595 ], [ 1002405.7133, 167308.4819 ], [ 1002455.6763, 167312.5269 ], [ 1002600.8479, 167322.4728 ], [ 1002593.2472, 167462.7329 ], [ 1002567.4308, 167463.8064 ], [ 1002536.8559, 167886.4024 ], [ 1002678.1376, 167896.7102 ], [ 1002675.0564, 167933.5048 ], [ 1002668.6126, 168011.8302 ], [ 1002659.9251, 168120.7573 ], [ 1002518.9212, 168111.9071 ], [ 1002468.2092, 168739.2398 ], [ 1002608.6546, 168747.725 ], [ 1002604.1733, 168800.9133 ], [ 1002598.8516, 168864.3022 ], [ 1002592.4084, 168942.6276 ], [ 1002587.9249, 168998.7305 ], [ 1002443.3166, 168991.3354 ], [ 1002397.2619, 169705.746 ], [ 1002528.54, 169717.1385 ], [ 1002494.353, 170149.5689 ], [ 1002484.0269, 170224.9768 ], [ 1002476.7288, 170333.9051 ], [ 1002458.7901, 170567.7896 ], [ 1002727.4445, 170588.759 ], [ 1002984.7171, 170611.9085 ], [ 1003058.2637, 170617.7945 ], [ 1003239.9379, 170773.8677 ], [ 1004016.394, 171272.5217 ], [ 1004765.0526, 171785.0216 ], [ 1005529.1157, 172418.5147 ], [ 1005839.5731, 172843.2298 ], [ 1006005.3308, 173069.9891 ], [ 1006526.7279, 173448.6331 ], [ 1006545.5292, 173222.4031 ], [ 1006558.1664, 173060.289 ], [ 1006567.6895, 172965.2083 ], [ 1006575.2539, 172887.6135 ], [ 1006601.6582, 172542.9841 ], [ 1006614.8576, 172373.9484 ], [ 1006649.9448, 171944.4389 ], [ 1006683.0725, 171534.237 ], [ 1006685.3151, 171510.1935 ], [ 1006696.8261, 171367.3878 ], [ 1006729.6755, 170959.7361 ], [ 1006752.4044, 170692.341 ], [ 1006772.8937, 170446.0749 ], [ 1006609.8201, 170307.1158 ], [ 1006507.4814, 170220.6763 ], [ 1006536.9287, 169889.1657 ], [ 1006842.535, 169576.4909 ], [ 1007309.5437, 169421.3617 ], [ 1009654.1511, 168079.332 ], [ 1010200.2035, 167770.9595 ], [ 1010828.5356, 167371.243 ], [ 1011515.2306, 166928.9819 ], [ 1012492.8547, 166264.4728 ], [ 1011965.4024, 165785.8693 ], [ 1012761.6199, 165750.7215 ], [ 1012838.7989, 165747.1688 ], [ 1012867.4468, 165700.933 ], [ 1012942.2659, 165580.0647 ], [ 1012952.2787, 165564.0462 ], [ 1013087.734, 165345.2461 ], [ 1013155.3234, 165236.0284 ], [ 1013620.9566, 164483.5232 ], [ 1015532.2121, 161377.8379 ], [ 1015139.3533, 161138.7021 ], [ 1014367.5675, 161275.0852 ], [ 1012687.281, 160000.8357 ], [ 1012419.8035, 159828.9269 ], [ 1012400.9458, 159568.0476 ], [ 1012367.6488, 159306.7873 ], [ 1012692.2278, 159332.3032 ], [ 1015718.6397, 159568.4703 ], [ 1016201.749, 159606.6257 ], [ 1016415.3076, 158958.0424 ], [ 1016998.8861, 157187.104 ], [ 1017979.9794, 154210.4458 ], [ 1017840.4257, 153901.3046 ], [ 1017891.6743, 153797.1783 ], [ 1017887.3916, 153680.5882 ], [ 1017918.6916, 153541.4591 ], [ 1017914.8536, 153505.0213 ], [ 1017954.0026, 153314.1689 ], [ 1017986.3407, 153228.2329 ], [ 1018085.996, 153069.5254 ], [ 1018155.8284, 152985.8277 ], [ 1018180.9354, 152907.5327 ], [ 1018223.2561, 152834.3624 ], [ 1018423.6455, 152545.3686 ], [ 1018463.1265, 152517.371 ], [ 1018485.7146, 152453.6458 ], [ 1018499.1193, 152402.2948 ], [ 1018412.1608, 152218.5525 ], [ 1018213.3079, 151802.9432 ], [ 1018054.8884, 151469.7291 ], [ 1017663.793, 150656.7435 ], [ 1017099.0559, 150459.2389 ], [ 1017069.4222, 150393.256 ], [ 1017101.7708, 150300.0324 ], [ 1017004.318, 150263.4685 ], [ 1016971.4886, 150301.3142 ], [ 1016907.8748, 150302.3217 ], [ 1016860.9646, 150276.0274 ], [ 1016730.1383, 150268.5659 ], [ 1016678.4933, 150251.3737 ], [ 1016617.4231, 150219.5961 ], [ 1016503.9016, 150149.8593 ], [ 1016338.4259, 150085.8836 ], [ 1016241.7752, 150071.5476 ], [ 1016195.9453, 150067.8442 ], [ 1016088.2001, 150040.3786 ], [ 1016052.391, 150021.0225 ], [ 1016029.0731, 150008.605 ], [ 1015909.6742, 149970.5595 ], [ 1015794.703, 149945.2718 ], [ 1015688.0308, 149946.591 ], [ 1015627.249, 149904.9795 ], [ 1015435.884, 149880.688 ], [ 1015363.6606, 149879.5026 ], [ 1015191.9575, 149902.9648 ], [ 1015097.7976, 149894.8301 ], [ 1015009.5269, 149842.6199 ], [ 1014901.7996, 149799.1292 ], [ 1014822.6339, 149795.7507 ], [ 1014634.8213, 149817.375 ], [ 1014487.8684, 149819.3779 ], [ 1014401.5275, 149777.7377 ], [ 1014371.281, 149751.4688 ], [ 1014284.3738, 149718.2078 ], [ 1014256.0707, 149692.6701 ], [ 1014200.8057, 149680.215 ], [ 1014180.5571, 149655.7803 ], [ 1014077.2194, 149655.2891 ], [ 1014050.0504, 149610.8081 ], [ 1013952.2568, 149619.7967 ], [ 1013925.6253, 149589.8895 ], [ 1013827.8742, 149563.9034 ], [ 1013742.9128, 149528.4608 ], [ 1013667.6669, 149498.8594 ], [ 1013563.8349, 149446.9999 ], [ 1013431.3582, 149421.3379 ], [ 1013348.5885, 149410.6734 ], [ 1013296.0947, 149402.9598 ], [ 1013223.8953, 149380.2856 ], [ 1013057.958, 149459.8758 ], [ 1013069.608, 149474.4626 ], [ 1013218.3125, 149402.8671 ], [ 1013271.8558, 149462.3159 ], [ 1013277.2417, 149604.7734 ], [ 1013230.687, 149742.0685 ], [ 1013166.9113, 149878.2502 ], [ 1013047.4742, 150102.8972 ], [ 1012954.1862, 150297.7009 ], [ 1012893.4261, 150470.3194 ], [ 1012912.9838, 150610.2433 ], [ 1012915.8334, 150785.1228 ], [ 1012915.2929, 151008.0892 ], [ 1012957.5823, 151186.2941 ], [ 1012995.5262, 151280.3348 ], [ 1013035.3603, 151419.9184 ], [ 1013015.1058, 151635.575 ], [ 1012930.7334, 151812.5375 ], [ 1012873.677, 151909.7452 ], [ 1012861.587, 152033.9659 ], [ 1012771.7007, 152177.7689 ], [ 1012673.504, 152303.3462 ], [ 1012593.668, 152405.2642 ], [ 1012513.2487, 152531.5915 ], [ 1012592.0165, 152630.7796 ], [ 1012609.685, 152723.3389 ], [ 1012572.8822, 152842.7947 ], [ 1012489.082, 153011.7443 ], [ 1012495.9294, 153094.8184 ], [ 1012428.8677, 153201.488 ], [ 1012339.5538, 153336.5495 ], [ 1012275.5697, 153425.0067 ], [ 1012184.6492, 153509.4257 ], [ 1012090.1896, 153531.9056 ], [ 1012039.9433, 153509.26 ], [ 1011948.2388, 153551.4171 ], [ 1011799.1003, 153541.411 ], [ 1011703.6477, 153459.6942 ], [ 1011577.3509, 153389.9659 ], [ 1011513.5424, 153324.3157 ], [ 1011445.8157, 153284.8928 ], [ 1011341.3796, 153286.9622 ], [ 1011220.8446, 153279.5418 ], [ 1011146.9939, 153251.7713 ], [ 1011051.7655, 153215.598 ], [ 1011028.7576, 153174.4039 ], [ 1010877.6821, 153155.2932 ], [ 1010853.8422, 153112.641 ], [ 1010781.3214, 153138.0646 ], [ 1010698.2885, 153124.4942 ], [ 1010623.8067, 153165.5821 ], [ 1010557.6658, 153199.0284 ], [ 1010422.9445, 153210.5415 ], [ 1010336.7834, 153265.0978 ], [ 1010322.7099, 153179.4663 ], [ 1010243.2729, 153179.7456 ], [ 1010108.8793, 153144.2628 ], [ 1009872.5603, 153099.5651 ], [ 1009673.7532, 153039.2429 ], [ 1009496.3586, 152953.4417 ], [ 1009124.3131, 152812.7932 ], [ 1008927.7039, 152772.1529 ], [ 1008836.6765, 152696.6454 ], [ 1008732.3579, 152855.7504 ], [ 1008497.2621, 152693.0259 ], [ 1008473.6119, 152734.1711 ], [ 1008433.3088, 152762.9127 ], [ 1008419.4116, 152772.3713 ], [ 1008391.064, 152789.1022 ], [ 1008350.7913, 152787.2406 ], [ 1008329.9323, 152814.9087 ], [ 1008308.2635, 152818.8948 ], [ 1008248.8144, 152828.6729 ], [ 1008216.3494, 152795.8516 ], [ 1008183.8521, 152795.8196 ], [ 1008143.5541, 152819.8255 ], [ 1008121.3351, 152818.3464 ], [ 1008062.4405, 152829.2184 ], [ 1008022.685, 152866.7051 ], [ 1007992.695, 152859.0249 ], [ 1007934.9059, 152875.7276 ], [ 1007915.4564, 152882.6308 ], [ 1007874.9065, 152880.4055 ], [ 1007800.4632, 152885.7982 ], [ 1007760.7553, 152874.4657 ], [ 1007751.5884, 152875.5498 ], [ 1007720.4887, 152866.4117 ], [ 1007666.3316, 152861.2589 ], [ 1007650.2433, 152839.0196 ], [ 1007641.3671, 152826.624 ], [ 1007604.4173, 152835.3323 ], [ 1007572.7645, 152823.6435 ], [ 1007543.6136, 152809.7713 ], [ 1007502.2372, 152800.2592 ], [ 1007432.2687, 152773.2324 ], [ 1007389.7878, 152756.7973 ], [ 1007352.0148, 152754.9398 ], [ 1007299.8162, 152734.4881 ], [ 1007283.4417, 152720.6282 ], [ 1007276.8197, 152673.9883 ], [ 1007249.0503, 152667.4042 ], [ 1007224.0499, 152669.9308 ], [ 1007211.8516, 152645.5095 ], [ 1007203.5351, 152628.3784 ], [ 1007156.5819, 152641.4498 ], [ 1007119.6427, 152638.8648 ], [ 1007061.4652, 152773.6106 ], [ 1007121.4041, 152833.4162 ], [ 1007106.6386, 152880.7646 ], [ 1007054.6396, 152943.7441 ], [ 1007028.2217, 152977.2373 ], [ 1006546.1135, 153506.1554 ], [ 1006202.7322, 153909.5156 ], [ 1005827.9441, 154351.107 ], [ 1005546.3082, 154680.2091 ], [ 1005458.1763, 154783.9648 ], [ 1005342.2436, 154920.4861 ], [ 1005245.2173, 155034.4361 ], [ 1004948.3037, 155385.3914 ], [ 1004653.3456, 155733.0731 ], [ 1004356.7289, 156081.4857 ], [ 1004059.5644, 156430.9945 ], [ 1003809.3885, 156721.8882 ], [ 1004025.2978, 156905.3185 ], [ 1004208.449, 157071.2363 ], [ 1003710.5942, 157675.2492 ], [ 1003206.9422, 158266.8808 ], [ 1002701.9263, 158858.5219 ], [ 1002504.3392, 158691.876 ], [ 1001995.4569, 159290.0867 ], [ 1001489.1033, 159881.7521 ], [ 1001362.0987, 160034.6793 ], [ 1000986.1039, 160477.0737 ], [ 1001184.2396, 160647.3511 ], [ 1001382.6516, 160815.8087 ], [ 1001593.547, 160996.2995 ], [ 1001527.4083, 161074.2182 ], [ 1001504.8992, 161100.4337 ], [ 1001386.9628, 161002.3466 ], [ 1001062.6634, 161391.2205 ], [ 1001178.9361, 161485.2973 ], [ 1001131.9736, 161541.0065 ], [ 1001090.5692, 161589.7975 ], [ 1001020.919, 161530.3642 ], [ 1000951.1698, 161614.4756 ], [ 1000907.3306, 161570.362 ], [ 1000544.9835, 161996.3781 ], [ 1000655.9721, 162102.1073 ], [ 1000625.4063, 162138.5193 ], [ 1000586.5047, 162184.3982 ], [ 1000501.7557, 162283.8025 ], [ 1000376.0426, 162192.2729 ], [ 1000054.2787, 162573.8755 ], [ 1000166.9343, 162677.0533 ], [ 1000146.651, 162700.7212 ], [ 1000081.3552, 162777.5515 ], [ 1000012.5385, 162718.4859 ], [ 999816.6612, 162937.3198 ], [ 999802.4438, 163027.6636 ], [ 999676.9647, 163006.8171 ], [ 999638.2058, 163270.9291 ], [ 999567.6791, 163723.3777 ], [ 999609.5739, 163766.759 ] ] ] ] } },
{ "type": "Feature", "properties": { "ZCTA5CE20": "11236", "GEOID20": "11236", "CLASSFP20": "B5", "MTFCC20": "G6350", "FUNCSTAT20": "S", "ALAND20": 9231367, "AWATER20": 89767, "INTPTLAT20": "+40.6394133", "INTPTLON20": "-073.9006642" }, "geometry": { "type": "MultiPolygon", "coordinates": [ [ [ [ 1005977.055, 177691.4595 ], [ 1006328.6005, 177702.3418 ], [ 1006373.5988, 177649.5552 ], [ 1006633.3268, 177633.3982 ], [ 1006728.7772, 177633.122 ], [ 1007048.4407, 177615.5677 ], [ 1007071.4523, 177635.263 ], [ 1007120.2533, 177671.3773 ], [ 1007393.5765, 177656.3342 ], [ 1007749.8668, 177638.4597 ], [ 1008183.5731, 177619.5735 ], [ 1008244.6197, 177616.7191 ], [ 1008576.2074, 177607.5762 ], [ 1009034.0186, 177624.4334 ], [ 1009054.8263, 177627.005 ], [ 1009298.3987, 177673.1601 ], [ 1009310.6713, 177611.237 ], [ 1009575.3225, 177665.7962 ], [ 1009828.321, 177718.16 ], [ 1009817.1632, 177774.2547 ], [ 1010077.9292, 177826.6293 ], [ 1010593.633, 177929.559 ], [ 1010847.4626, 177978.6554 ], [ 1011116.2663, 178035.0575 ], [ 1011355.243, 178214.2079 ], [ 1011646.3097, 178454.9907 ], [ 1011837.2153, 178689.1053 ], [ 1011911.7818, 178750.7615 ], [ 1012004.9986, 178758.883 ], [ 1012261.8885, 178790.8742 ], [ 1012271.6491, 178747.8948 ], [ 1012331.3342, 178480.5468 ], [ 1012385.731, 178228.4947 ], [ 1012551.4047, 177490.1943 ], [ 1012660.5993, 177363.8999 ], [ 1012757.9286, 177418.663 ], [ 1012831.9648, 177460.6477 ], [ 1012912.0008, 177355.8155 ], [ 1012985.3673, 177260.0839 ], [ 1013109.1032, 177275.5322 ], [ 1013243.9362, 177292.4518 ], [ 1013407.4472, 176996.0844 ], [ 1013749.2212, 176376.0465 ], [ 1013794.6819, 176414.7204 ], [ 1013933.0768, 176245.1123 ], [ 1014140.6205, 176258.8467 ], [ 1014247.3706, 176325.6502 ], [ 1014426.3308, 176117.1119 ], [ 1014889.2285, 175420.0032 ], [ 1015731.4695, 174319.3525 ], [ 1015834.5749, 174204.3587 ], [ 1016352.1814, 173536.8599 ], [ 1016515.8745, 173360.0134 ], [ 1016688.7724, 173150.0265 ], [ 1016854.7088, 172959.7052 ], [ 1017025.6398, 172771.942 ], [ 1017348.7319, 172327.1716 ], [ 1017681.5911, 172054.0172 ], [ 1017849.3359, 171771.166 ], [ 1017883.8227, 171719.1149 ], [ 1018582.9697, 170718.1919 ], [ 1018569.9757, 170092.2593 ], [ 1018309.7439, 170008.4624 ], [ 1018370.8469, 170375.4256 ], [ 1018340.8032, 170423.839 ], [ 1018287.1512, 170483.8779 ], [ 1018215.2396, 170501.9937 ], [ 1018149.2065, 170484.4138 ], [ 1018100.9458, 170460.3009 ], [ 1018070.7421, 170424.5548 ], [ 1018046.9389, 170376.7949 ], [ 1017992.3255, 170330.0851 ], [ 1016820.3263, 168793.2122 ], [ 1017026.8188, 168603.311 ], [ 1016885.4574, 168453.0181 ], [ 1016623.2321, 168598.0341 ], [ 1016512.4016, 168447.784 ], [ 1016461.9609, 168388.6962 ], [ 1016447.8238, 168374.1044 ], [ 1016435.9044, 168361.7015 ], [ 1015542.7586, 167422.3937 ], [ 1015216.3307, 167409.953 ], [ 1015101.785, 167332.5701 ], [ 1015005.3352, 167212.9487 ], [ 1014963.0531, 167063.157 ], [ 1014938.0042, 166895.1707 ], [ 1014943.9546, 166799.3602 ], [ 1015005.6007, 166564.083 ], [ 1014981.0842, 166413.9494 ], [ 1014932.6478, 166300.2183 ], [ 1014872.2437, 166210.5177 ], [ 1014805.9945, 166132.8328 ], [ 1014667.3801, 165983.2851 ], [ 1014601.3621, 165941.6693 ], [ 1014439.3148, 165882.0824 ], [ 1014373.0041, 165852.1253 ], [ 1014319.1333, 165864.4458 ], [ 1014223.328, 165889.8304 ], [ 1013147.5892, 166137.7277 ], [ 1013137.8705, 166139.9021 ], [ 1013035.6848, 166163.4622 ], [ 1012997.0878, 166172.1603 ], [ 1012921.2861, 166185.9153 ], [ 1012492.8547, 166264.4728 ], [ 1011515.2306, 166928.9819 ], [ 1010828.5356, 167371.243 ], [ 1010200.2035, 167770.9595 ], [ 1009654.1511, 168079.332 ], [ 1007309.5437, 169421.3617 ], [ 1006842.535, 169576.4909 ], [ 1006536.9287, 169889.1657 ], [ 1006507.4814, 170220.6763 ], [ 1006609.8201, 170307.1158 ], [ 1006772.8937, 170446.0749 ], [ 1006752.4044, 170692.341 ], [ 1006729.6755, 170959.7361 ], [ 1006696.8261, 171367.3878 ], [ 1006685.3151, 171510.1935 ], [ 1006683.0725, 171534.237 ], [ 1006649.9448, 171944.4389 ], [ 1006614.8576, 172373.9484 ], [ 1006601.6582, 172542.9841 ], [ 1006575.2539, 172887.6135 ], [ 1006567.6895, 172965.2083 ], [ 1006558.1664, 173060.289 ], [ 1006545.5292, 173222.4031 ], [ 1006526.7279, 173448.6331 ], [ 1006476.7949, 174033.3329 ], [ 1006464.4588, 174170.6731 ], [ 1006457.4136, 174288.3445 ], [ 1006303.1286, 174276.9099 ], [ 1006266.8524, 174804.0589 ], [ 1006303.9348, 174917.7627 ], [ 1006404.0961, 174936.4345 ], [ 1006400.4494, 174979.4218 ], [ 1006398.7502, 175016.946 ], [ 1006349.946, 175587.8029 ], [ 1006345.4458, 175654.1065 ], [ 1006240.0061, 175645.267 ], [ 1006192.8357, 175641.2168 ], [ 1006145.3843, 176257.2521 ], [ 1006295.2193, 176266.1314 ], [ 1006287.6452, 176356.4778 ], [ 1006175.5495, 176346.9039 ], [ 1006073.1117, 177015.7174 ], [ 1006233.7594, 177029.3423 ], [ 1006204.8323, 177413.3177 ], [ 1006009.2772, 177651.7766 ], [ 1005977.055, 177691.4595 ] ] ] ] } },
{ "type": "Feature", "properties": { "ZCTA5CE20": "11219", "GEOID20": "11219", "CLASSFP20": "B5", "MTFCC20": "G6350", "FUNCSTAT20": "S", "ALAND20": 3865336, "AWATER20": 0, "INTPTLAT20": "+40.6326198", "INTPTLON20": "-073.9967697" }, "geometry": { "type": "MultiPolygon", "coordinates": [ [ [ [ 980724.2293, 168447.0381 ], [ 980885.2516, 168650.674 ], [ 981051.8233, 168859.4107 ], [ 981205.0666, 169051.0269 ], [ 981382.7375, 169276.5236 ], [ 981556.5185, 169496.1928 ], [ 981718.6371, 169700.1984 ], [ 981880.4756, 169905.6624 ], [ 982300.6737, 169571.173 ], [ 982390.3326, 169649.132 ], [ 982413.3718, 169669.1682 ], [ 982499.4214, 169743.8488 ], [ 982040.6458, 170108.2131 ], [ 982208.308, 170319.508 ], [ 982376.2449, 170531.1684 ], [ 982537.7946, 170734.4509 ], [ 982699.6193, 170939.5561 ], [ 982861.4411, 171143.2051 ], [ 983023.2603, 171347.2196 ], [ 983184.7992, 171551.5994 ], [ 983328.8385, 171437.5592 ], [ 983482.8809, 171647.4062 ], [ 983347.168, 171754.8873 ], [ 983508.424, 171959.998 ], [ 983669.6772, 172163.2881 ], [ 983831.4828, 172367.308 ], [ 983993.2857, 172571.6933 ], [ 984155.3634, 172775.351 ], [ 984317.4384, 172980.1028 ], [ 984478.6781, 173183.7627 ], [ 984640.1926, 173387.4236 ], [ 984801.9819, 173592.1787 ], [ 984878.8517, 173687.9986 ], [ 984964.3235, 173795.8419 ], [ 985125.8299, 173999.8704 ], [ 985286.2235, 174204.2644 ], [ 985448.0019, 174407.5665 ], [ 985610.8877, 174611.9627 ], [ 985724.3787, 174756.2429 ], [ 985794.5816, 174845.1432 ], [ 985919.1676, 175032.78 ], [ 986523.3318, 174553.0099 ], [ 987286.2724, 173946.4882 ], [ 987086.483, 173773.7729 ], [ 987008.7718, 173835.3353 ], [ 986970.4713, 173865.9344 ], [ 986899.4381, 173770.8372 ], [ 986807.592, 173661.5291 ], [ 986842.007, 173634.2082 ], [ 986887.2461, 173598.509 ], [ 986688.5612, 173424.3399 ], [ 986489.8736, 173249.0794 ], [ 986543.9943, 173206.0938 ], [ 986500.7038, 173174.7576 ], [ 986567.5916, 173122.6651 ], [ 986527.9106, 173072.3842 ], [ 986966.7144, 172718.3032 ], [ 987030.8115, 172820.6864 ], [ 987099.0893, 172766.4096 ], [ 987119.0731, 172750.3815 ], [ 987133.5059, 172738.7248 ], [ 987222.8782, 172667.6917 ], [ 987144.3498, 172567.8566 ], [ 987571.7906, 172229.8157 ], [ 987648.3754, 172331.4735 ], [ 987731.6444, 172265.5421 ], [ 987806.3092, 172206.5319 ], [ 987723.0634, 172108.1516 ], [ 988185.4949, 171740.616 ], [ 988260.9679, 171846.2832 ], [ 988343.1299, 171781.0823 ], [ 988263.2156, 171680.1504 ], [ 988781.1801, 171269.6449 ], [ 988859.1505, 171372.0354 ], [ 988889.4073, 171347.9956 ], [ 988953.8071, 171297.0022 ], [ 988999.0537, 171260.9426 ], [ 988964.1097, 171124.3132 ], [ 989473.2201, 170695.9687 ], [ 989403.5736, 170608.1511 ], [ 989241.803, 170404.0942 ], [ 989080.0296, 170200.7671 ], [ 988918.8086, 169997.4412 ], [ 988756.7525, 169792.659 ], [ 988595.5262, 169588.6066 ], [ 988433.4646, 169384.5551 ], [ 988272.2328, 169180.8693 ], [ 988110.1657, 168976.82 ], [ 987948.6511, 168772.0433 ], [ 987786.5786, 168567.6318 ], [ 987624.7808, 168364.3145 ], [ 987487.1258, 168190.1477 ], [ 987462.1479, 168158.0836 ], [ 987300.8997, 167955.8616 ], [ 987139.3714, 167752.1832 ], [ 986977.2853, 167548.1416 ], [ 986816.0291, 167344.4655 ], [ 986653.9375, 167140.426 ], [ 986636.1739, 167117.836 ], [ 986486.2921, 166928.0077 ], [ 986318.0886, 166716.3191 ], [ 986157.099, 166512.6474 ], [ 985995.8291, 166308.9768 ], [ 985931.9866, 166228.4561 ], [ 985834.2789, 166105.3072 ], [ 985660.2347, 165885.6077 ], [ 985486.465, 165666.638 ], [ 985405.6781, 165729.6625 ], [ 985163.0606, 165437.0981 ], [ 985191.3776, 165415.9682 ], [ 985251.3434, 165371.1585 ], [ 985163.6225, 165258.9425 ], [ 985003.7241, 165054.1856 ], [ 984936.5398, 165107.3753 ], [ 984890.1773, 165144.171 ], [ 984810.7821, 165041.429 ], [ 984724.1648, 165113.9281 ], [ 984746.9285, 165146.7179 ], [ 984729.9938, 165159.8333 ], [ 984750.5366, 165191.1658 ], [ 984628.9405, 165288.0744 ], [ 984640.0441, 165341.9949 ], [ 984552.318, 165411.58 ], [ 984495.4087, 165327.0556 ], [ 984426.5606, 165378.425 ], [ 984456.5423, 165421.4158 ], [ 984363.2647, 165503.0243 ], [ 984391.3031, 165539.0928 ], [ 984187.8155, 165536.1778 ], [ 983793.8939, 165848.7741 ], [ 983793.3411, 165977.017 ], [ 983779.7393, 166023.2867 ], [ 983727.2731, 166064.821 ], [ 983666.4792, 166113.2778 ], [ 983584.5836, 166011.9971 ], [ 983195.1188, 166319.8668 ], [ 983277.2926, 166422.2391 ], [ 983222.885, 166465.2318 ], [ 983169.5879, 166507.496 ], [ 983136.5519, 166465.9643 ], [ 983025.7943, 166550.8577 ], [ 982978.3221, 166493.2965 ], [ 982573.3288, 166822.3079 ], [ 982598.5918, 166849.995 ], [ 982550.0154, 166887.8883 ], [ 982603.3181, 166957.1067 ], [ 982578.8913, 166976.4177 ], [ 982558.073, 166992.8138 ], [ 982473.4121, 167059.4916 ], [ 982443.989, 167082.4464 ], [ 982370.4193, 166978.9832 ], [ 981961.5555, 167302.1759 ], [ 982039.8448, 167402.7228 ], [ 981991.8256, 167440.6172 ], [ 981946.3046, 167476.6898 ], [ 981916.8768, 167439.1669 ], [ 981806.1278, 167523.3373 ], [ 981759.487, 167462.1351 ], [ 981365.9053, 167774.4065 ], [ 981378.6761, 167790.7997 ], [ 981268.2084, 167876.7941 ], [ 981307.6312, 167926.702 ], [ 981335.3936, 167962.0384 ], [ 981285.4337, 168001.3917 ], [ 981248.7966, 168030.5423 ], [ 981174.1143, 167927.4472 ], [ 980901.5585, 168142.436 ], [ 980979.5719, 168243.7082 ], [ 980898.5279, 168308.205 ], [ 980879.6547, 168323.145 ], [ 980780.2933, 168402.2179 ], [ 980724.2293, 168447.0381 ] ] ] ] } },
{ "type": "Feature", "properties": { "ZCTA5CE20": "11239", "GEOID20": "11239", "CLASSFP20": "B5", "MTFCC20": "G6350", "FUNCSTAT20": "S", "ALAND20": 4448124, "AWATER20": 562057, "INTPTLAT20": "+40.6468898", "INTPTLON20": "-073.8640140" }, "geometry": { "type": "MultiPolygon", "coordinates": [ [ [ [ 1014774.9025, 176522.6797 ], [ 1014886.6367, 176595.6859 ], [ 1015115.3969, 176724.583 ], [ 1015341.9361, 176852.3865 ], [ 1015568.7491, 176981.2855 ], [ 1015804.1572, 177113.4766 ], [ 1016019.5984, 177235.0785 ], [ 1016153.5216, 177309.5768 ], [ 1016184.8533, 177327.1057 ], [ 1016255.834, 177367.2751 ], [ 1016391.6952, 177443.9633 ], [ 1016423.3035, 177461.8572 ], [ 1016932.3581, 177749.6269 ], [ 1017068.9618, 177478.7509 ], [ 1017549.816, 176673.8757 ], [ 1017569.0117, 176637.8335 ], [ 1017982.976, 175867.1223 ], [ 1018215.5259, 175461.5849 ], [ 1018373.2533, 175186.0097 ], [ 1018427.2202, 175092.0889 ], [ 1018631.6894, 174734.2431 ], [ 1018932.474, 174366.6994 ], [ 1018968.6073, 174326.6749 ], [ 1019009.8582, 174395.2275 ], [ 1019074.3647, 174502.0678 ], [ 1019134.7169, 174602.7088 ], [ 1019219.7408, 174721.2375 ], [ 1019269.8657, 174793.0822 ], [ 1019386.1818, 174956.1046 ], [ 1019361.7064, 174994.3236 ], [ 1019345.0185, 175020.5311 ], [ 1018603.5737, 176367.1207 ], [ 1017733.4244, 177944.1754 ], [ 1017619.9505, 178138.5706 ], [ 1017835.3725, 178260.9172 ], [ 1018067.9813, 178393.1265 ], [ 1018625.2351, 178709.0522 ], [ 1018960.6893, 178899.3439 ], [ 1019190.2349, 179030.831 ], [ 1019417.0082, 179159.0373 ], [ 1019645.4433, 179287.6125 ], [ 1019869.4373, 179415.8189 ], [ 1020098.9758, 179545.493 ], [ 1020323.521, 179672.9758 ], [ 1020552.2223, 179802.6529 ], [ 1020807.6364, 179878.8161 ], [ 1021099.995, 179924.7987 ], [ 1021298.6205, 179577.5314 ], [ 1021431.0407, 179346.0208 ], [ 1022213.7871, 179134.0988 ], [ 1022344.8414, 178896.0331 ], [ 1022417.7439, 178763.1677 ], [ 1022485.9671, 178606.978 ], [ 1022634.8219, 178345.2607 ], [ 1022821.2413, 178018.389 ], [ 1022827.919, 178006.7411 ], [ 1022908.0103, 177893.198 ], [ 1022919.412, 177877.1857 ], [ 1022930.8137, 177861.1734 ], [ 1022938.3222, 177850.6198 ], [ 1022961.6829, 177817.1388 ], [ 1022978.6358, 177800.0424 ], [ 1023121.7556, 177660.7332 ], [ 1023164.0041, 177615.2598 ], [ 1023379.8826, 177094.9814 ], [ 1023941.0757, 176334.0813 ], [ 1024027.3676, 176168.4531 ], [ 1024059.4058, 176090.9037 ], [ 1024167.7785, 175829.4939 ], [ 1024484.1899, 173607.6155 ], [ 1019234.0134, 170202.1396 ], [ 1018582.9697, 170718.1919 ], [ 1017883.8227, 171719.1149 ], [ 1017849.3359, 171771.166 ], [ 1017681.5911, 172054.0172 ], [ 1017348.7319, 172327.1716 ], [ 1017025.6398, 172771.942 ], [ 1016854.7088, 172959.7052 ], [ 1016688.7724, 173150.0265 ], [ 1016515.8745, 173360.0134 ], [ 1016352.1814, 173536.8599 ], [ 1015834.5749, 174204.3587 ], [ 1015731.4695, 174319.3525 ], [ 1014889.2285, 175420.0032 ], [ 1014426.3308, 176117.1119 ], [ 1014774.9025, 176522.6797 ] ] ] ] } },
{ "type": "Feature", "properties": { "ZCTA5CE20": "11355", "GEOID20": "11355", "CLASSFP20": "B5", "MTFCC20": "G6350", "FUNCSTAT20": "S", "ALAND20": 4446032, "AWATER20": 0, "INTPTLAT20": "+40.7514355", "INTPTLON20": "-073.8212271" }, "geometry": { "type": "MultiPolygon", "coordinates": [ [ [ [ 1029155.7151, 214217.8648 ], [ 1029592.619, 214520.3449 ], [ 1029632.4617, 214548.4731 ], [ 1029745.9025, 214628.4744 ], [ 1030294.2826, 215014.6088 ], [ 1030328.9135, 214868.5769 ], [ 1030458.4268, 214944.6045 ], [ 1030391.9913, 215061.0647 ], [ 1031316.2813, 215597.3167 ], [ 1031364.9963, 215477.1812 ], [ 1031493.672, 215553.2127 ], [ 1031450.7806, 215670.0802 ], [ 1031418.2016, 215755.2709 ], [ 1032395.0815, 216150.305 ], [ 1032977.0644, 216319.4244 ], [ 1033625.3552, 216572.4893 ], [ 1034587.0232, 216922.7679 ], [ 1035196.0232, 217138.267 ], [ 1035255.3792, 216971.5269 ], [ 1035556.829, 217079.6408 ], [ 1035797.9331, 217165.4059 ], [ 1035776.7426, 217229.848 ], [ 1036163.1644, 217369.4827 ], [ 1036188.7925, 217173.526 ], [ 1037572.8552, 217017.6784 ], [ 1037569.0674, 216976.5003 ], [ 1037480.9512, 216986.8726 ], [ 1037445.2058, 216991.1662 ], [ 1037416.3843, 216743.3561 ], [ 1037542.2223, 216712.2994 ], [ 1037534.0827, 216634.3142 ], [ 1037527.8447, 216573.4567 ], [ 1037520.798, 216502.3962 ], [ 1037513.7528, 216430.607 ], [ 1037386.7981, 216464.9404 ], [ 1037337.447, 215976.6253 ], [ 1037466.5765, 215962.3348 ], [ 1037460.0651, 215899.6552 ], [ 1037457.3491, 215874.8745 ], [ 1037330.9934, 215887.3495 ], [ 1037293.5734, 215516.3761 ], [ 1037311.3655, 215234.7852 ], [ 1037264.2573, 215239.7829 ], [ 1037255.036, 215149.0438 ], [ 1037333.1796, 215141.1992 ], [ 1037320.4167, 215023.1273 ], [ 1037371.404, 215018.1382 ], [ 1037362.9967, 214935.4161 ], [ 1037359.2049, 214895.6954 ], [ 1037229.8102, 214901.9706 ], [ 1037158.7485, 214202.6599 ], [ 1037286.7831, 214186.5443 ], [ 1037282.98, 214151.9243 ], [ 1037273.209, 214058.998 ], [ 1037200.8817, 214066.1268 ], [ 1037188.9885, 213929.8402 ], [ 1037130.516, 213935.9063 ], [ 1037072.7375, 213368.5137 ], [ 1037201.8816, 213353.8574 ], [ 1037199.1682, 213327.6195 ], [ 1037194.5535, 213283.8895 ], [ 1037187.5032, 213213.5578 ], [ 1037058.0837, 213227.1205 ], [ 1037018.2202, 212829.182 ], [ 1037147.3686, 212813.7968 ], [ 1037135.43, 212697.9129 ], [ 1037133.2579, 212677.5055 ], [ 1037219.169, 212668.9489 ], [ 1037391.5488, 212650.3804 ], [ 1037584.7124, 212630.4014 ], [ 1036961.2674, 212134.2751 ], [ 1036447.3306, 211727.2975 ], [ 1036243.7433, 211565.8254 ], [ 1035743.6137, 211169.8224 ], [ 1035837.5064, 211058.5359 ], [ 1035855.8617, 211026.8779 ], [ 1035870.0654, 210993.0252 ], [ 1035879.2845, 210957.7045 ], [ 1035876.7081, 210866.2515 ], [ 1035870.8066, 210774.7914 ], [ 1035861.5791, 210683.6886 ], [ 1035849.3027, 210592.9437 ], [ 1035705.3261, 210016.628 ], [ 1036080.4272, 209931.8079 ], [ 1036337.4145, 209879.5297 ], [ 1036597.1755, 209826.5316 ], [ 1036724.1465, 209800.2095 ], [ 1036693.1067, 209160.7387 ], [ 1036833.6163, 209154.4846 ], [ 1036830.1772, 209079.0603 ], [ 1036827.8016, 209024.4053 ], [ 1036688.1202, 209031.7542 ], [ 1036669.5468, 208649.8935 ], [ 1036540.1222, 208654.7151 ], [ 1036537.7301, 208607.3467 ], [ 1036534.2783, 208537.3874 ], [ 1036274.036, 208549.9443 ], [ 1036013.5123, 208564.6893 ], [ 1035755.7237, 208596.5665 ], [ 1035490.1234, 208653.569 ], [ 1035486.3002, 208758.1243 ], [ 1034852.5133, 209033.6875 ], [ 1034331.8909, 209266.145 ], [ 1033745.3025, 209510.5019 ], [ 1033529.8644, 209572.0001 ], [ 1033546.9688, 209609.5611 ], [ 1033365.0243, 209689.7098 ], [ 1033311.5162, 209565.7285 ], [ 1033193.6409, 209617.5901 ], [ 1033094.8914, 209666.9404 ], [ 1033067.9888, 209678.5449 ], [ 1033093.8966, 209748.1846 ], [ 1033128.8433, 209732.5886 ], [ 1033150.0747, 209785.0953 ], [ 1032867.1775, 209909.8574 ], [ 1032853.5893, 209914.9309 ], [ 1032806.7267, 209792.4213 ], [ 1032678.3156, 209848.272 ], [ 1032637.1971, 209762.9362 ], [ 1032642.8089, 209727.9715 ], [ 1032668.9038, 209565.5312 ], [ 1032308.0158, 209612.9059 ], [ 1031946.8599, 209656.2778 ], [ 1031961.2772, 209793.2951 ], [ 1031962.6384, 209805.6851 ], [ 1031411.0608, 209877.1094 ], [ 1031259.1752, 209893.9384 ], [ 1031053.5101, 209921.9589 ], [ 1030801.5624, 209953.5356 ], [ 1030549.6139, 209985.8437 ], [ 1030304.0333, 210021.4454 ], [ 1029984.7294, 210064.9259 ], [ 1029921.5394, 210070.6363 ], [ 1029858.3467, 210077.8041 ], [ 1029795.7048, 210086.7948 ], [ 1029733.0603, 210097.243 ], [ 1029723.2573, 210152.9675 ], [ 1029715.1396, 210196.6722 ], [ 1029707.778, 210280.4549 ], [ 1029735.4612, 210442.6347 ], [ 1029744.793, 210490.3798 ], [ 1029783.2147, 210688.6487 ], [ 1029818.2031, 210796.5568 ], [ 1029830.8255, 210862.5247 ], [ 1029859.5116, 210932.5305 ], [ 1029969.6063, 211179.3908 ], [ 1030071.9253, 211434.2523 ], [ 1030098.1582, 211482.0294 ], [ 1030119.7109, 211513.7671 ], [ 1030156.2013, 211558.649 ], [ 1030179.4316, 211582.3746 ], [ 1030214.2861, 211613.0445 ], [ 1030495.1036, 211835.0923 ], [ 1030519.3957, 211882.8661 ], [ 1030543.0509, 211973.9944 ], [ 1030597.5419, 212313.2923 ], [ 1030747.0123, 213115.1106 ], [ 1030746.3786, 213156.6433 ], [ 1030740.7585, 213197.8022 ], [ 1030730.1553, 213236.7655 ], [ 1030715.1227, 213273.8987 ], [ 1029799.2451, 213072.8724 ], [ 1029689.1099, 213295.2734 ], [ 1029406.2429, 214031.0624 ], [ 1029223.3274, 214062.4197 ], [ 1029155.7151, 214217.8648 ] ] ] ] } },
{ "type": "Feature", "properties": { "ZCTA5CE20": "11204", "GEOID20": "11204", "CLASSFP20": "B5", "MTFCC20": "G6350", "FUNCSTAT20": "S", "ALAND20": 4129771, "AWATER20": 0, "INTPTLAT20": "+40.6188150", "INTPTLON20": "-073.9849419" }, "geometry": { "type": "MultiPolygon", "coordinates": [ [ [ [ 984195.3076, 164035.5177 ], [ 984355.4971, 164237.7189 ], [ 984392.1437, 164213.6736 ], [ 984409.3558, 164294.9185 ], [ 984452.3858, 164495.2982 ], [ 984520.126, 164441.0143 ], [ 984678.6444, 164647.2252 ], [ 984841.0468, 164850.887 ], [ 984785.2448, 164894.9692 ], [ 984730.5534, 164937.9586 ], [ 984810.7821, 165041.429 ], [ 984890.1773, 165144.171 ], [ 984936.5398, 165107.3753 ], [ 985003.7241, 165054.1856 ], [ 985163.6225, 165258.9425 ], [ 985251.3434, 165371.1585 ], [ 985191.3776, 165415.9682 ], [ 985163.0606, 165437.0981 ], [ 985405.6781, 165729.6625 ], [ 985486.465, 165666.638 ], [ 985660.2347, 165885.6077 ], [ 985834.2789, 166105.3072 ], [ 985931.9866, 166228.4561 ], [ 985995.8291, 166308.9768 ], [ 986157.099, 166512.6474 ], [ 986318.0886, 166716.3191 ], [ 986486.2921, 166928.0077 ], [ 986636.1739, 167117.836 ], [ 986653.9375, 167140.426 ], [ 986816.0291, 167344.4655 ], [ 986977.2853, 167548.1416 ], [ 987139.3714, 167752.1832 ], [ 987300.8997, 167955.8616 ], [ 987462.1479, 168158.0836 ], [ 987487.1258, 168190.1477 ], [ 987624.7808, 168364.3145 ], [ 987786.5786, 168567.6318 ], [ 987948.6511, 168772.0433 ], [ 988110.1657, 168976.82 ], [ 988272.2328, 169180.8693 ], [ 988433.4646, 169384.5551 ], [ 988595.5262, 169588.6066 ], [ 988756.7525, 169792.659 ], [ 988918.8086, 169997.4412 ], [ 989080.0296, 170200.7671 ], [ 989241.803, 170404.0942 ], [ 989403.5736, 170608.1511 ], [ 989473.2201, 170695.9687 ], [ 989565.0638, 170812.5732 ], [ 989639.7374, 170754.2974 ], [ 989604.5018, 170694.1756 ], [ 989632.262, 170670.8648 ], [ 989600.0773, 170620.2163 ], [ 990036.1918, 170277.4845 ], [ 990019.8257, 170237.0404 ], [ 990142.5287, 170140.5232 ], [ 990086.2017, 170069.4658 ], [ 990160.8781, 170014.1062 ], [ 990175.3359, 169912.4625 ], [ 990213.1506, 169641.0482 ], [ 990120.4274, 169712.7981 ], [ 990038.8492, 169608.2167 ], [ 990185.9864, 169489.4816 ], [ 990119.3965, 169384.175 ], [ 990206.2909, 169316.7957 ], [ 990270.1433, 169267.6273 ], [ 990313.5339, 168905.8616 ], [ 990499.1995, 169019.9429 ], [ 990511.4412, 168908.462 ], [ 990518.3971, 168843.978 ], [ 990437.0819, 168791.8584 ], [ 989966.6653, 168502.4679 ], [ 990081.3257, 168411.7777 ], [ 990305.929, 168235.1342 ], [ 990345.9083, 168203.0834 ], [ 990418.3712, 168144.8094 ], [ 990488.8965, 168066.4972 ], [ 990751.5269, 167919.378 ], [ 990769.3195, 167817.3713 ], [ 990787.1128, 167713.1787 ], [ 990846.8955, 167337.2098 ], [ 990689.0122, 167092.7043 ], [ 990786.594, 166545.1476 ], [ 990667.7892, 166518.5201 ], [ 990680.8602, 166428.1706 ], [ 990691.9861, 166345.4714 ], [ 990844.9427, 166349.1557 ], [ 990909.7509, 165883.9284 ], [ 990867.0008, 165879.9092 ], [ 990741.5265, 165867.4882 ], [ 990649.6717, 165743.5929 ], [ 990625.8044, 165717.3551 ], [ 991085.3197, 165448.9714 ], [ 991108.0714, 165492.697 ], [ 991227.6808, 164666.0745 ], [ 991242.4237, 164565.1603 ], [ 991293.3295, 164215.4218 ], [ 991330.8843, 163956.0324 ], [ 991338.1175, 163905.0288 ], [ 991345.0724, 163856.2111 ], [ 991470.5414, 162985.1441 ], [ 991340.6533, 162825.1667 ], [ 991452.2132, 162061.572 ], [ 991315.8931, 162042.5871 ], [ 991325.9081, 161974.8254 ], [ 991335.6462, 161905.2419 ], [ 991345.3843, 161835.2942 ], [ 991475.0417, 161855.0059 ], [ 991530.7069, 161404.3513 ], [ 991697.8476, 161432.0907 ], [ 991748.488, 161084.9036 ], [ 991758.2268, 161017.8706 ], [ 991647.7237, 160998.5275 ], [ 991650.7819, 160985.777 ], [ 991472.8082, 160961.678 ], [ 991465.2964, 161011.9527 ], [ 991460.5667, 161044.012 ], [ 991192.9129, 161005.3156 ], [ 990936.3643, 160968.4468 ], [ 990678.7043, 160931.2161 ], [ 990421.3214, 160893.2595 ], [ 990164.4928, 160856.3988 ], [ 989887.3948, 160815.8928 ], [ 989610.2957, 160776.4829 ], [ 989471.1906, 160756.0504 ], [ 989352.3541, 160738.9019 ], [ 989372.653, 160599.005 ], [ 989114.7075, 160569.806 ], [ 988858.4307, 160523.1224 ], [ 988855.6504, 160542.0668 ], [ 988837.8566, 160664.8412 ], [ 988580.7457, 160626.9042 ], [ 988601.0406, 160485.1851 ], [ 988341.4261, 160461.0945 ], [ 988086.813, 160411.869 ], [ 988065.9658, 160552.8598 ], [ 987788.8609, 160512.3778 ], [ 987802.2023, 160420.5696 ], [ 987824.7161, 160265.7344 ], [ 987678.6646, 160247.1328 ], [ 987671.9941, 160293.4012 ], [ 987570.6471, 160276.9925 ], [ 987543.1307, 160477.368 ], [ 987464.5524, 160466.4277 ], [ 987591.7015, 160629.2985 ], [ 987734.9511, 160808.9313 ], [ 987710.5097, 160858.4761 ], [ 987588.8994, 160814.74 ], [ 987056.0166, 161223.8107 ], [ 986577.2982, 161591.3651 ], [ 986598.1046, 161774.6231 ], [ 986535.9059, 161824.1655 ], [ 986475.3734, 161871.8866 ], [ 986440.387, 161899.2079 ], [ 986353.7706, 161776.058 ], [ 985833.1456, 162192.0789 ], [ 985274.7781, 162632.5192 ], [ 985350.8477, 162731.2549 ], [ 985365.2841, 162750.2005 ], [ 985255.3347, 162837.2696 ], [ 985177.6002, 162712.667 ], [ 984710.6004, 163073.7009 ], [ 984808.0484, 163191.7446 ], [ 984753.3532, 163235.0982 ], [ 984701.4346, 163276.266 ], [ 984265.5473, 163622.3717 ], [ 984021.2338, 163816.1943 ], [ 984195.3076, 164035.5177 ] ] ] ] } },
{ "type": "Feature", "properties": { "ZCTA5CE20": "11358", "GEOID20": "11358", "CLASSFP20": "B5", "MTFCC20": "G6350", "FUNCSTAT20": "S", "ALAND20": 5067751, "AWATER20": 0, "INTPTLAT20": "+40.7603631", "INTPTLON20": "-073.7965254" }, "geometry": { "type": "MultiPolygon", "coordinates": [ [ [ [ 1037058.0837, 213227.1205 ], [ 1037187.5032, 213213.5578 ], [ 1037194.5535, 213283.8895 ], [ 1037199.1682, 213327.6195 ], [ 1037201.8816, 213353.8574 ], [ 1037072.7375, 213368.5137 ], [ 1037130.516, 213935.9063 ], [ 1037188.9885, 213929.8402 ], [ 1037200.8817, 214066.1268 ], [ 1037273.209, 214058.998 ], [ 1037282.98, 214151.9243 ], [ 1037286.7831, 214186.5443 ], [ 1037158.7485, 214202.6599 ], [ 1037229.8102, 214901.9706 ], [ 1037359.2049, 214895.6954 ], [ 1037362.9967, 214935.4161 ], [ 1037371.404, 215018.1382 ], [ 1037320.4167, 215023.1273 ], [ 1037333.1796, 215141.1992 ], [ 1037255.036, 215149.0438 ], [ 1037264.2573, 215239.7829 ], [ 1037311.3655, 215234.7852 ], [ 1037293.5734, 215516.3761 ], [ 1037330.9934, 215887.3495 ], [ 1037457.3491, 215874.8745 ], [ 1037460.0651, 215899.6552 ], [ 1037466.5765, 215962.3348 ], [ 1037337.447, 215976.6253 ], [ 1037386.7981, 216464.9404 ], [ 1037513.7528, 216430.607 ], [ 1037520.798, 216502.3962 ], [ 1037527.8447, 216573.4567 ], [ 1037534.0827, 216634.3142 ], [ 1037542.2223, 216712.2994 ], [ 1037416.3843, 216743.3561 ], [ 1037445.2058, 216991.1662 ], [ 1037480.9512, 216986.8726 ], [ 1037569.0674, 216976.5003 ], [ 1037572.8552, 217017.6784 ], [ 1037578.5413, 217077.4416 ], [ 1037451.0806, 217091.3708 ], [ 1037482.5117, 217412.0535 ], [ 1037607.0141, 217356.9482 ], [ 1037621.3851, 217498.3413 ], [ 1037372.9394, 217607.0963 ], [ 1037446.9638, 218337.3835 ], [ 1037704.3622, 218310.9885 ], [ 1037712.7672, 218393.7108 ], [ 1037582.777, 218427.3078 ], [ 1037652.9966, 219246.1208 ], [ 1037797.3454, 219231.1369 ], [ 1037848.5854, 219734.7598 ], [ 1038106.8012, 219708.0065 ], [ 1038163.4496, 220267.3853 ], [ 1037904.3894, 220302.8801 ], [ 1037941.7949, 220672.7621 ], [ 1037976.9802, 220668.8323 ], [ 1037994.6966, 220798.5746 ], [ 1038331.0279, 220763.6172 ], [ 1038333.195, 220785.4821 ], [ 1038386.6641, 220780.1363 ], [ 1038398.6113, 220887.6416 ], [ 1038488.0953, 220878.7331 ], [ 1038514.6614, 221137.1056 ], [ 1038540.6721, 221395.8412 ], [ 1038559.6515, 221578.4152 ], [ 1038692.6263, 221565.5972 ], [ 1038686.9309, 221511.6629 ], [ 1039184.4874, 221460.6846 ], [ 1039197.4883, 221590.4171 ], [ 1039254.2802, 221584.7164 ], [ 1039342.9311, 221575.8092 ], [ 1039329.6573, 221444.6187 ], [ 1039370.9326, 221441.7977 ], [ 1039971.5489, 221380.8685 ], [ 1039973.4442, 221399.8183 ], [ 1040105.5949, 221384.8201 ], [ 1040115.0372, 221494.1422 ], [ 1040133.2602, 221639.1893 ], [ 1040238.5946, 221482.0396 ], [ 1040408.2638, 221292.2492 ], [ 1040440.1689, 221269.37 ], [ 1040464.1651, 221312.7813 ], [ 1040484.2819, 221356.9124 ], [ 1040715.4766, 221271.4665 ], [ 1040748.721, 221268.2648 ], [ 1040762.2591, 221401.6428 ], [ 1040767.4545, 221430.4373 ], [ 1040894.891, 221417.9828 ], [ 1040993.7936, 221408.0126 ], [ 1041024.2682, 221404.8048 ], [ 1041006.4312, 221215.3092 ], [ 1041373.1005, 221234.7507 ], [ 1041361.6726, 221265.3279 ], [ 1041423.441, 221264.0161 ], [ 1041477.7326, 221144.6424 ], [ 1041532.2192, 221177.5611 ], [ 1041663.0417, 221256.5665 ], [ 1041650.3753, 221342.1552 ], [ 1041630.9851, 221460.1537 ], [ 1041951.756, 221561.1065 ], [ 1042003.2937, 221435.898 ], [ 1041961.2279, 221421.5888 ], [ 1042085.2279, 221108.1921 ], [ 1041974.5411, 221064.5727 ], [ 1042095.2176, 220751.8968 ], [ 1042207.8427, 220796.25 ], [ 1042234.5954, 220728.1834 ], [ 1042257.7258, 220669.2165 ], [ 1042135.9651, 220622.6552 ], [ 1042302.0583, 220199.6955 ], [ 1042432.4876, 219866.2777 ], [ 1042554.8073, 219912.1131 ], [ 1042562.3307, 219893.5501 ], [ 1042572.9228, 219865.8861 ], [ 1042609.4336, 219772.34 ], [ 1042563.22, 219754.0122 ], [ 1042610.8772, 219632.8034 ], [ 1042535.8824, 219603.4764 ], [ 1042681.9238, 219231.1137 ], [ 1042802.5773, 219279.861 ], [ 1042850.2365, 219158.6528 ], [ 1042877.5495, 219089.4953 ], [ 1042897.8954, 219037.809 ], [ 1042776.9639, 218989.0605 ], [ 1042873.9564, 218742.2761 ], [ 1042995.4482, 218788.8404 ], [ 1043004.9245, 218764.8173 ], [ 1043040.3235, 218674.1838 ], [ 1043070.7014, 218598.1116 ], [ 1043087.9816, 218554.4334 ], [ 1042967.0463, 218506.4126 ], [ 1043142.0901, 218059.7989 ], [ 1043160.079, 218066.7649 ], [ 1043176.2455, 218025.6344 ], [ 1043282.2411, 218066.6975 ], [ 1043303.7038, 218012.0996 ], [ 1043311.5089, 217992.0802 ], [ 1043432.1652, 217700.9069 ], [ 1043572.6735, 217335.823 ], [ 1043613.1868, 217307.8683 ], [ 1043686.0689, 217184.1732 ], [ 1043712.4123, 217060.3642 ], [ 1043734.1136, 216909.2188 ], [ 1043763.8434, 216760.2791 ], [ 1043650.0149, 216748.3415 ], [ 1043621.7655, 216745.3577 ], [ 1043641.0285, 216571.6176 ], [ 1043667.0628, 216574.2317 ], [ 1043698.5179, 216286.4849 ], [ 1043916.7583, 216311.0666 ], [ 1043958.336, 216189.117 ], [ 1044012.1807, 216035.865 ], [ 1044062.1333, 215888.4329 ], [ 1044242.1495, 215463.3354 ], [ 1044259.1498, 215422.5721 ], [ 1044323.2585, 215265.3385 ], [ 1044419.7111, 215025.1172 ], [ 1044513.1262, 214781.6098 ], [ 1044612.3512, 214542.1248 ], [ 1044743.9688, 214312.558 ], [ 1044888.3225, 214087.3958 ], [ 1045055.5263, 213810.9206 ], [ 1045179.3038, 213507.0126 ], [ 1045072.3603, 213395.2583 ], [ 1044964.5847, 213283.5024 ], [ 1044868.7847, 213146.6379 ], [ 1044750.8591, 213104.4453 ], [ 1044506.1515, 213015.6678 ], [ 1044262.5494, 212927.2599 ], [ 1044017.8382, 212838.4874 ], [ 1043773.6802, 212749.3544 ], [ 1043528.1245, 212664.5924 ], [ 1043475.5325, 212643.3327 ], [ 1043280.3761, 212569.2619 ], [ 1043234.9096, 212694.1177 ], [ 1042986.8718, 212603.5258 ], [ 1043032.887, 212480.4926 ], [ 1042787.3382, 212390.6375 ], [ 1042543.4492, 212301.1532 ], [ 1042288.4823, 212208.7302 ], [ 1042035.1751, 212116.6781 ], [ 1041798.0073, 211994.7917 ], [ 1041716.2638, 211996.784 ], [ 1041642.5557, 211998.7956 ], [ 1041648.3697, 212117.9463 ], [ 1041105.2381, 212142.1713 ], [ 1041107.0078, 212214.6777 ], [ 1041108.5311, 212274.0676 ], [ 1041080.2319, 212290.032 ], [ 1040759.1954, 212605.8879 ], [ 1040649.3596, 212536.0448 ], [ 1040414.4823, 212381.0229 ], [ 1040416.2341, 212342.4076 ], [ 1040340.703, 212294.5053 ], [ 1040429.8474, 212206.9072 ], [ 1040370.1404, 212145.5611 ], [ 1040302.3796, 212212.0775 ], [ 1040241.2911, 212148.9068 ], [ 1040220.7421, 212168.5334 ], [ 1040179.9211, 212207.7873 ], [ 1040095.0309, 212253.1335 ], [ 1040081.7308, 212132.873 ], [ 1039952.5901, 212142.4132 ], [ 1039694.2934, 212168.4181 ], [ 1039436.2735, 212194.7907 ], [ 1039177.9763, 212221.5298 ], [ 1039033.5875, 212235.4124 ], [ 1039046.9231, 212464.9724 ], [ 1038868.1483, 212492.2588 ], [ 1038867.2901, 212504.2798 ], [ 1038686.327, 212519.1753 ], [ 1038426.0954, 212545.5536 ], [ 1038168.358, 212571.9404 ], [ 1037909.7891, 212598.6923 ], [ 1037649.8387, 212623.9866 ], [ 1037584.7124, 212630.4014 ], [ 1037391.5488, 212650.3804 ], [ 1037219.169, 212668.9489 ], [ 1037133.2579, 212677.5055 ], [ 1037135.43, 212697.9129 ], [ 1037147.3686, 212813.7968 ], [ 1037018.2202, 212829.182 ], [ 1037058.0837, 213227.1205 ] ] ] ] } },
{ "type": "Feature", "properties": { "ZCTA5CE20": "11359", "GEOID20": "11359", "CLASSFP20": "B5", "MTFCC20": "G6350", "FUNCSTAT20": "S", "ALAND20": 648383, "AWATER20": 0, "INTPTLAT20": "+40.7916054", "INTPTLON20": "-073.7767241" }, "geometry": { "type": "MultiPolygon", "coordinates": [ [ [ [ 1044245.7247, 228913.8545 ], [ 1044252.3402, 228925.894 ], [ 1044258.6978, 228930.2817 ], [ 1044260.8705, 228947.4109 ], [ 1044262.4922, 228963.4457 ], [ 1044268.0145, 228969.653 ], [ 1044273.8084, 228978.0471 ], [ 1044282.3792, 228983.169 ], [ 1044296.2144, 228986.8466 ], [ 1044319.1932, 228987.9965 ], [ 1044370.6974, 228986.6668 ], [ 1044509.4411, 228977.174 ], [ 1044610.2137, 228982.8897 ], [ 1044659.4067, 229020.1744 ], [ 1044686.4996, 229148.1238 ], [ 1044705.2086, 229195.8984 ], [ 1044737.2353, 229232.7761 ], [ 1045191.9003, 229444.5004 ], [ 1045230.701, 229429.6602 ], [ 1045315.6323, 229567.9572 ], [ 1045310.3423, 229579.6026 ], [ 1045320.2604, 229599.3017 ], [ 1045339.8976, 229607.7309 ], [ 1045361.5032, 229604.142 ], [ 1045364.5829, 229590.6693 ], [ 1045519.1185, 229576.1214 ], [ 1045550.0672, 229600.6101 ], [ 1045568.8866, 229603.9367 ], [ 1045597.3801, 229613.8459 ], [ 1045641.9344, 229623.067 ], [ 1045688.436, 229628.6498 ], [ 1045743.291, 229615.6727 ], [ 1045785.6644, 229611.4081 ], [ 1045815.0588, 229593.6303 ], [ 1045843.855, 229593.3391 ], [ 1045863.5217, 229590.11 ], [ 1045893.744, 229573.4273 ], [ 1045941.9597, 229558.2478 ], [ 1045983.2582, 229541.2291 ], [ 1046045.6366, 229509.6907 ], [ 1046090.0125, 229480.2926 ], [ 1046139.3834, 229446.5353 ], [ 1046202.3273, 229410.6268 ], [ 1046252.8414, 229363.0278 ], [ 1046293.6659, 229315.0399 ], [ 1046325.0402, 229281.2369 ], [ 1046376.7156, 229212.8741 ], [ 1046420.3337, 229155.4208 ], [ 1046457.8316, 229109.2463 ], [ 1046495.584, 229071.8165 ], [ 1046523.0797, 229039.0969 ], [ 1046535.851, 229025.6492 ], [ 1046560.5396, 229007.8602 ], [ 1046584.1244, 228988.611 ], [ 1046606.3286, 228967.9009 ], [ 1046627.4281, 228946.095 ], [ 1046705.7884, 228838.0889 ], [ 1046723.572, 228813.7242 ], [ 1046739.6981, 228787.8979 ], [ 1046753.612, 228760.9729 ], [ 1046765.5895, 228733.3143 ], [ 1046775.6316, 228704.5576 ], [ 1046785.1003, 228683.4505 ], [ 1046800.3743, 228666.0018 ], [ 1046814.5163, 228658.0229 ], [ 1046824.5341, 228638.7389 ], [ 1046822.6372, 228622.7033 ], [ 1046817.1239, 228613.2163 ], [ 1046819.1448, 228581.16 ], [ 1046822.2742, 228548.7422 ], [ 1046832.6367, 228503.2269 ], [ 1046845.2133, 228458.0817 ], [ 1046860.0033, 228413.6709 ], [ 1046876.7297, 228369.9938 ], [ 1046895.3925, 228327.0504 ], [ 1046897.957, 228299.0032 ], [ 1046916.4352, 228220.3544 ], [ 1046930.1122, 228178.1268 ], [ 1046948.1913, 228146.8406 ], [ 1046967.929, 228116.6518 ], [ 1046989.0494, 228087.1952 ], [ 1047001.5473, 228072.6541 ], [ 1047012.3868, 228057.0157 ], [ 1047021.8446, 228040.2807 ], [ 1047029.367, 228022.4478 ], [ 1047083.5288, 227958.1006 ], [ 1047139.8777, 227904.6893 ], [ 1047167.1081, 227868.3263 ], [ 1047183.4961, 227848.6947 ], [ 1047194.6297, 227826.4991 ], [ 1047242.0994, 227780.3517 ], [ 1047268.472, 227754.5524 ], [ 1047282.6384, 227737.4654 ], [ 1047292.9376, 227716.725 ], [ 1047313.2659, 227672.6933 ], [ 1047313.9466, 227623.874 ], [ 1047311.8451, 227580.1483 ], [ 1047306.4586, 227521.8406 ], [ 1047318.8317, 227449.0056 ], [ 1047318.0834, 227417.3065 ], [ 1047314.0957, 227353.5374 ], [ 1047319.7086, 227324.7694 ], [ 1047327.2579, 227296.7352 ], [ 1047336.4668, 227269.434 ], [ 1047347.6132, 227242.5021 ], [ 1047377.351, 227200.6809 ], [ 1047400.117, 227177.787 ], [ 1047425.9062, 227163.6451 ], [ 1047445.8995, 227142.2014 ], [ 1047458.4495, 227107.9865 ], [ 1047459.5827, 227098.1524 ], [ 1047458.7938, 227082.1196 ], [ 1047455.2348, 227066.4439 ], [ 1047462.7436, 227054.0761 ], [ 1047476.9314, 227028.9739 ], [ 1047539.4722, 226938.4174 ], [ 1047627.0124, 226818.4152 ], [ 1047696.4648, 226732.6136 ], [ 1047765.1612, 226618.392 ], [ 1047762.1953, 226587.7801 ], [ 1047757.0132, 226557.5266 ], [ 1047749.3378, 226527.631 ], [ 1047739.1683, 226498.4576 ], [ 1047726.7807, 226470.3713 ], [ 1047712.4517, 226443.373 ], [ 1047610.4874, 226360.0379 ], [ 1047596.1097, 226351.6207 ], [ 1047572.3378, 226335.1635 ], [ 1047553.2592, 226324.1837 ], [ 1047526.1852, 226299.7025 ], [ 1047493.293, 226276.2993 ], [ 1047459.5681, 226253.6226 ], [ 1047414.227, 226225.4506 ], [ 1047389.057, 226214.0907 ], [ 1047362.7726, 226205.2783 ], [ 1047335.9278, 226199.0147 ], [ 1047303.2668, 226193.1004 ], [ 1046891.6568, 226020.7963 ], [ 1046836.8739, 226002.4382 ], [ 1046786.4906, 225996.1145 ], [ 1046759.6341, 225994.2236 ], [ 1046738.0204, 225999.633 ], [ 1046725.2418, 226015.2665 ], [ 1046725.7562, 226030.5699 ], [ 1046760.5803, 226056.8918 ], [ 1046778.2721, 226068.9604 ], [ 1046778.212, 226092.2777 ], [ 1046769.8678, 226106.4653 ], [ 1046743.8216, 226112.5919 ], [ 1046709.9467, 226147.8452 ], [ 1046551.0718, 226225.7687 ], [ 1046198.3459, 226632.9211 ], [ 1046185.0792, 226623.0502 ], [ 1046314.2786, 226453.2357 ], [ 1046543.2293, 226152.5172 ], [ 1046594.8427, 226111.1155 ], [ 1046610.1743, 226071.8067 ], [ 1046625.7426, 226048.1649 ], [ 1046658.9607, 226052.9867 ], [ 1046671.4604, 226038.0811 ], [ 1046678.1599, 226017.3313 ], [ 1046692.0921, 225983.8483 ], [ 1046707.9225, 225966.0366 ], [ 1046735.0775, 225959.5485 ], [ 1046760.5644, 225955.6065 ], [ 1046807.6964, 225826.7532 ], [ 1046126.0627, 226310.664 ], [ 1045735.4879, 226577.0931 ], [ 1045674.7546, 226612.2798 ], [ 1045612.636, 226647.8274 ], [ 1045522.2459, 226693.8695 ], [ 1045265.7576, 226830.5775 ], [ 1044836.0701, 227020.7766 ], [ 1044693.9921, 227363.6262 ], [ 1044506.8704, 227671.3885 ], [ 1044538.7157, 227670.739 ], [ 1044684.5838, 227583.2971 ], [ 1044697.0062, 227598.6301 ], [ 1044723.8266, 227614.3634 ], [ 1044745.965, 227619.8837 ], [ 1044772.1451, 227670.2273 ], [ 1044826.3137, 227711.8968 ], [ 1044869.3352, 227781.9567 ], [ 1044918.7058, 227970.4417 ], [ 1044952.0374, 228260.9006 ], [ 1044950.7484, 228333.4002 ], [ 1044931.0325, 228355.9397 ], [ 1044934.8826, 228366.515 ], [ 1044726.2167, 228432.6673 ], [ 1044728.1731, 228425.3854 ], [ 1044712.512, 228376.5254 ], [ 1044700.0409, 228380.8664 ], [ 1044715.703, 228429.362 ], [ 1044718.7342, 228435.199 ], [ 1044706.541, 228439.1763 ], [ 1044711.486, 228454.855 ], [ 1044938.7244, 228380.3694 ], [ 1044942.0116, 228394.5867 ], [ 1044965.8461, 228385.9023 ], [ 1044972.2042, 228500.684 ], [ 1044946.3775, 228641.6173 ], [ 1044887.0823, 228768.6221 ], [ 1044800.2164, 228848.559 ], [ 1044741.6843, 228892.1332 ], [ 1044663.8095, 228919.993 ], [ 1044637.6924, 228955.9972 ], [ 1044449.9805, 228948.9725 ], [ 1044429.7516, 228955.4804 ], [ 1044377.4194, 228955.7149 ], [ 1044313.4453, 228961.0214 ], [ 1044303.7571, 228959.9045 ], [ 1044295.4658, 228953.6902 ], [ 1044287.1782, 228946.0186 ], [ 1044274.7644, 228927.4068 ], [ 1044263.7259, 228912.4417 ], [ 1044254.3334, 228903.6744 ], [ 1044246.3055, 228902.9259 ], [ 1044245.7247, 228913.8545 ] ] ] ] } },
{ "type": "Feature", "properties": { "ZCTA5CE20": "11360", "GEOID20": "11360", "CLASSFP20": "B5", "MTFCC20": "G6350", "FUNCSTAT20": "S", "ALAND20": 3563186, "AWATER20": 0, "INTPTLAT20": "+40.7804203", "INTPTLON20": "-073.7818181" }, "geometry": { "type": "MultiPolygon", "coordinates": [ [ [ [ 1041027.3391, 225772.8224 ], [ 1041035.5725, 225804.5389 ], [ 1041196.0269, 225873.0457 ], [ 1041267.6654, 225908.9188 ], [ 1041324.3688, 225936.7417 ], [ 1041488.6382, 226030.7629 ], [ 1041564.4132, 226073.569 ], [ 1041738.9094, 226174.9028 ], [ 1042011.5522, 226342.4161 ], [ 1042184.6469, 226449.2148 ], [ 1042200.1315, 226458.7245 ], [ 1042240.5034, 226482.8671 ], [ 1042206.6364, 226517.7623 ], [ 1042153.6095, 226574.8363 ], [ 1042120.0144, 226611.9184 ], [ 1042008.6543, 226745.364 ], [ 1041960.8896, 226802.451 ], [ 1041946.9982, 226821.7277 ], [ 1041889.1906, 226910.1238 ], [ 1041875.8479, 226931.5879 ], [ 1041831.3661, 227005.8067 ], [ 1041732.6297, 227188.8332 ], [ 1041664.122, 227352.9862 ], [ 1041685.2745, 227424.446 ], [ 1041770.5169, 227326.2775 ], [ 1041827.5806, 227200.7171 ], [ 1041890.9409, 227105.7761 ], [ 1041978.6783, 227007.2498 ], [ 1042003.5471, 227029.5335 ], [ 1042190.5999, 227203.0389 ], [ 1042321.9459, 227280.2278 ], [ 1042431.275, 227300.5282 ], [ 1042723.699, 227295.7664 ], [ 1042855.8078, 227285.5195 ], [ 1042955.474, 227293.7759 ], [ 1043091.7471, 227279.1683 ], [ 1043595.9615, 227292.0554 ], [ 1043856.9282, 227355.361 ], [ 1044106.0263, 227402.6094 ], [ 1044241.8415, 227461.2386 ], [ 1044288.3025, 227485.0354 ], [ 1044467.3633, 227635.2212 ], [ 1044463.1383, 227663.9932 ], [ 1043947.5404, 227779.3061 ], [ 1043948.8873, 227794.6115 ], [ 1043965.4734, 227805.9468 ], [ 1044506.8704, 227671.3885 ], [ 1044693.9921, 227363.6262 ], [ 1044836.0701, 227020.7766 ], [ 1045265.7576, 226830.5775 ], [ 1045522.2459, 226693.8695 ], [ 1045612.636, 226647.8274 ], [ 1045674.7546, 226612.2798 ], [ 1045735.4879, 226577.0931 ], [ 1046126.0627, 226310.664 ], [ 1046807.6964, 225826.7532 ], [ 1046813.5919, 225688.321 ], [ 1047219.2543, 225060.5278 ], [ 1047365.231, 224834.655 ], [ 1047500.0884, 224625.8778 ], [ 1047779.5539, 224294.6987 ], [ 1047704.6447, 224240.581 ], [ 1047774.0989, 224156.9657 ], [ 1047929.9691, 223964.2767 ], [ 1048009.161, 223864.2925 ], [ 1048016.1104, 223854.4738 ], [ 1048073.3812, 223770.8273 ], [ 1048102.0187, 223728.2754 ], [ 1048124.2635, 223694.4508 ], [ 1048144.8476, 223660.2575 ], [ 1048201.5933, 223566.0443 ], [ 1048254.1487, 223485.6648 ], [ 1048288.1527, 223403.7791 ], [ 1048359.4598, 223249.4894 ], [ 1048390.1218, 223174.8818 ], [ 1048430.0169, 223064.9581 ], [ 1048498.1114, 222869.4904 ], [ 1048539.9491, 222758.4791 ], [ 1048676.7276, 222355.8874 ], [ 1048701.7567, 222317.3344 ], [ 1048726.2871, 222258.013 ], [ 1048758.9028, 222178.6747 ], [ 1048810.1877, 222057.1233 ], [ 1048839.4387, 221993.4425 ], [ 1048882.6215, 221898.4661 ], [ 1048946.6627, 221771.4839 ], [ 1049033.5367, 221599.3854 ], [ 1049077.788, 221519.7142 ], [ 1049142.0731, 221405.8493 ], [ 1049202.448, 221304.3614 ], [ 1049252.8065, 221219.9706 ], [ 1049308.4035, 221144.7023 ], [ 1049498.8335, 220883.9857 ], [ 1049509.6709, 220870.8988 ], [ 1049611.6504, 220749.1212 ], [ 1049577.3972, 220714.7814 ], [ 1049472.6518, 220835.0944 ], [ 1049463.4832, 220845.6355 ], [ 1049213.8069, 221199.8278 ], [ 1047998.8204, 220843.2003 ], [ 1047954.9512, 220989.1833 ], [ 1047880.8961, 221239.2869 ], [ 1047802.6259, 221513.0615 ], [ 1047675.0369, 221476.6585 ], [ 1047662.7331, 221521.4395 ], [ 1047516.6021, 221479.1595 ], [ 1047515.5446, 221459.847 ], [ 1047175.9376, 221367.8801 ], [ 1046890.8541, 221290.6321 ], [ 1046893.945, 221273.5163 ], [ 1046772.1201, 221256.4427 ], [ 1046620.6907, 221226.9062 ], [ 1046367.9939, 221155.9413 ], [ 1046117.5115, 221084.9847 ], [ 1045866.4773, 221012.5719 ], [ 1045615.9938, 220940.8919 ], [ 1045501.4137, 220905.6262 ], [ 1045469.2653, 221022.8608 ], [ 1045345.8093, 220992.6742 ], [ 1044988.0394, 220847.8638 ], [ 1044848.5754, 220794.3222 ], [ 1044830.7333, 220840.5481 ], [ 1044679.5022, 220729.4133 ], [ 1044615.5826, 220704.1151 ], [ 1044660.214, 220577.8021 ], [ 1044545.9314, 220533.069 ], [ 1044293.8466, 220433.3449 ], [ 1044201.7014, 220396.6836 ], [ 1044154.1053, 220378.3493 ], [ 1044064.7251, 220343.517 ], [ 1043819.5502, 220248.1868 ], [ 1043579.6343, 220153.6007 ], [ 1043335.5662, 220057.1852 ], [ 1043093.4316, 219962.2342 ], [ 1042851.5711, 219867.6505 ], [ 1042804.4707, 219987.4028 ], [ 1042562.3307, 219893.5501 ], [ 1042554.8073, 219912.1131 ], [ 1042432.4876, 219866.2777 ], [ 1042302.0583, 220199.6955 ], [ 1042135.9651, 220622.6552 ], [ 1042257.7258, 220669.2165 ], [ 1042234.5954, 220728.1834 ], [ 1042207.8427, 220796.25 ], [ 1042095.2176, 220751.8968 ], [ 1041974.5411, 221064.5727 ], [ 1042085.2279, 221108.1921 ], [ 1041961.2279, 221421.5888 ], [ 1042003.2937, 221435.898 ], [ 1041951.756, 221561.1065 ], [ 1042107.2965, 221610.2977 ], [ 1042110.3666, 221600.468 ], [ 1042159.0767, 221615.8863 ], [ 1042148.1932, 221650.1077 ], [ 1042200.502, 221666.2633 ], [ 1042172.5894, 221756.5517 ], [ 1042212.7192, 221769.3992 ], [ 1042243.7178, 221778.5817 ], [ 1042165.8499, 222027.2362 ], [ 1042087.7049, 222276.619 ], [ 1042016.5063, 222517.2746 ], [ 1041866.4509, 222493.236 ], [ 1041978.7649, 222665.1047 ], [ 1041936.8122, 222953.558 ], [ 1042068.8835, 223085.033 ], [ 1042117.152, 223168.2164 ], [ 1042040.7891, 223252.56 ], [ 1041880.0012, 223318.1221 ], [ 1041797.7094, 223684.0833 ], [ 1041827.8152, 223718.4022 ], [ 1041857.0407, 223773.4862 ], [ 1041827.695, 223769.0445 ], [ 1041818.6901, 223829.1384 ], [ 1041748.3274, 223836.9869 ], [ 1041725.0105, 223976.4719 ], [ 1041607.8752, 223971.4583 ], [ 1041576.711, 224150.6374 ], [ 1041478.1444, 224140.2033 ], [ 1041445.7353, 224378.0376 ], [ 1041470.9272, 224382.1047 ], [ 1041459.9531, 224455.6745 ], [ 1041347.552, 224440.472 ], [ 1041277.4264, 224937.26 ], [ 1041384.5585, 224954.6358 ], [ 1041377.5271, 225000.5255 ], [ 1041372.4634, 225034.0324 ], [ 1041257.5768, 225017.0027 ], [ 1041237.9216, 225014.0418 ], [ 1041160.2136, 225557.4474 ], [ 1041290.0481, 225575.9691 ], [ 1041285.8343, 225601.4627 ], [ 1041263.908, 225740.2228 ], [ 1040995.5034, 225649.967 ], [ 1041027.3391, 225772.8224 ] ] ] ] } },
{ "type": "Feature", "properties": { "ZCTA5CE20": "11361", "GEOID20": "11361", "CLASSFP20": "B5", "MTFCC20": "G6350", "FUNCSTAT20": "S", "ALAND20": 4437987, "AWATER20": 49214, "INTPTLAT20": "+40.7641909", "INTPTLON20": "-073.7727748" }, "geometry": { "type": "MultiPolygon", "coordinates": [ [ [ [ 1042610.8772, 219632.8034 ], [ 1042563.22, 219754.0122 ], [ 1042609.4336, 219772.34 ], [ 1042572.9228, 219865.8861 ], [ 1042562.3307, 219893.5501 ], [ 1042804.4707, 219987.4028 ], [ 1042851.5711, 219867.6505 ], [ 1043093.4316, 219962.2342 ], [ 1043335.5662, 220057.1852 ], [ 1043579.6343, 220153.6007 ], [ 1043819.5502, 220248.1868 ], [ 1044064.7251, 220343.517 ], [ 1044154.1053, 220378.3493 ], [ 1044201.7014, 220396.6836 ], [ 1044293.8466, 220433.3449 ], [ 1044545.9314, 220533.069 ], [ 1044660.214, 220577.8021 ], [ 1044615.5826, 220704.1151 ], [ 1044679.5022, 220729.4133 ], [ 1044830.7333, 220840.5481 ], [ 1044848.5754, 220794.3222 ], [ 1044988.0394, 220847.8638 ], [ 1045345.8093, 220992.6742 ], [ 1045469.2653, 221022.8608 ], [ 1045501.4137, 220905.6262 ], [ 1045615.9938, 220940.8919 ], [ 1045866.4773, 221012.5719 ], [ 1046117.5115, 221084.9847 ], [ 1046367.9939, 221155.9413 ], [ 1046620.6907, 221226.9062 ], [ 1046772.1201, 221256.4427 ], [ 1046893.945, 221273.5163 ], [ 1046890.8541, 221290.6321 ], [ 1047175.9376, 221367.8801 ], [ 1047515.5446, 221459.847 ], [ 1047516.6021, 221479.1595 ], [ 1047662.7331, 221521.4395 ], [ 1047675.0369, 221476.6585 ], [ 1047802.6259, 221513.0615 ], [ 1047880.8961, 221239.2869 ], [ 1047954.9512, 220989.1833 ], [ 1047998.8204, 220843.2003 ], [ 1049213.8069, 221199.8278 ], [ 1049463.4832, 220845.6355 ], [ 1049472.6518, 220835.0944 ], [ 1049577.3972, 220714.7814 ], [ 1049611.6504, 220749.1212 ], [ 1049726.6648, 220621.5498 ], [ 1049773.0563, 220571.3968 ], [ 1049875.276, 220464.1944 ], [ 1050040.8306, 220290.1264 ], [ 1050251.3981, 220065.1751 ], [ 1050339.4917, 219959.3935 ], [ 1050378.965, 219907.7656 ], [ 1050456.541, 219799.4054 ], [ 1050497.9926, 219733.574 ], [ 1050525.817, 219687.7438 ], [ 1050546.9659, 219652.0968 ], [ 1050632.1569, 219494.5728 ], [ 1050673.3803, 219411.253 ], [ 1050757.0208, 219213.6485 ], [ 1050773.2084, 219169.244 ], [ 1050817.5898, 219045.8563 ], [ 1050836.5837, 218988.3436 ], [ 1050898.0618, 218792.5004 ], [ 1050933.6055, 218659.9803 ], [ 1050972.5096, 218514.3535 ], [ 1051036.0414, 218277.7109 ], [ 1051071.0345, 218144.4608 ], [ 1051146.8953, 217857.5743 ], [ 1051113.9399, 217854.2045 ], [ 1050953.0581, 217831.173 ], [ 1050983.2399, 217735.0717 ], [ 1051048.8453, 217450.3428 ], [ 1051187.4075, 217531.6068 ], [ 1051222.2939, 217437.7048 ], [ 1051261.0548, 217345.2709 ], [ 1051303.9672, 217254.3059 ], [ 1051319.8358, 217225.9317 ], [ 1051331.8635, 217184.0665 ], [ 1051335.2612, 217157.4795 ], [ 1051332.3157, 217120.6736 ], [ 1051323.2587, 217090.0445 ], [ 1051309.4841, 217062.317 ], [ 1051304.799, 217053.56 ], [ 1051282.7107, 217026.9026 ], [ 1051257.5591, 217006.0661 ], [ 1051156.2285, 216984.2908 ], [ 1051290.8245, 216396.2625 ], [ 1051618.3707, 216162.1741 ], [ 1051776.2163, 215687.1568 ], [ 1051358.5749, 215638.9992 ], [ 1051180.9232, 215463.2639 ], [ 1051174.8595, 215451.9528 ], [ 1051171.2952, 215438.4626 ], [ 1050999.168, 215368.4008 ], [ 1050232.8851, 215056.6214 ], [ 1050226.7053, 214985.9238 ], [ 1050102.9572, 214952.069 ], [ 1050069.3551, 215083.5024 ], [ 1049766.5025, 214996.3357 ], [ 1049793.7222, 214868.1637 ], [ 1049540.9781, 214793.5226 ], [ 1049520.2081, 214893.2942 ], [ 1049270.7353, 214838.3388 ], [ 1049258.9529, 214892.9573 ], [ 1049186.6947, 214873.8185 ], [ 1049193.4149, 214847.2401 ], [ 1049115.8965, 214826.6301 ], [ 1049139.1787, 214719.2139 ], [ 1049112.3168, 214714.7701 ], [ 1049037.825, 214701.8194 ], [ 1048761.424, 214666.1071 ], [ 1048484.5425, 214602.3429 ], [ 1048438.0088, 214598.2121 ], [ 1048322.0301, 214558.1932 ], [ 1048292.0858, 214671.7863 ], [ 1048245.2982, 214658.9112 ], [ 1048248.0966, 214648.3529 ], [ 1048127.6648, 214615.9743 ], [ 1047894.5874, 214539.9448 ], [ 1047915.243, 214481.3413 ], [ 1047935.0627, 214424.5572 ], [ 1047703.9307, 214345.2557 ], [ 1047614.8037, 214312.9615 ], [ 1047447.891, 214254.9615 ], [ 1047390.5874, 214236.96 ], [ 1047196.5743, 214158.8529 ], [ 1047140.6774, 214132.476 ], [ 1046964.4469, 214034.0142 ], [ 1046903.5803, 214000.7027 ], [ 1046886.2806, 214048.0214 ], [ 1046878.4685, 214069.1326 ], [ 1046805.9392, 214045.9925 ], [ 1046781.6598, 214114.0603 ], [ 1046621.9472, 214056.0846 ], [ 1046595.3817, 214043.629 ], [ 1046616.0233, 213989.3963 ], [ 1046549.8602, 213968.4594 ], [ 1046538.6947, 214000.8564 ], [ 1046352.6716, 213938.443 ], [ 1046384.0611, 213798.2549 ], [ 1046345.0182, 213789.4109 ], [ 1046239.7881, 213768.7393 ], [ 1045924.1156, 213808.376 ], [ 1046009.7992, 213562.3045 ], [ 1045765.3778, 213473.515 ], [ 1045520.9537, 213385.0923 ], [ 1045257.9838, 213288.9745 ], [ 1044868.7847, 213146.6379 ], [ 1044964.5847, 213283.5024 ], [ 1045072.3603, 213395.2583 ], [ 1045179.3038, 213507.0126 ], [ 1045055.5263, 213810.9206 ], [ 1044888.3225, 214087.3958 ], [ 1044743.9688, 214312.558 ], [ 1044612.3512, 214542.1248 ], [ 1044513.1262, 214781.6098 ], [ 1044419.7111, 215025.1172 ], [ 1044323.2585, 215265.3385 ], [ 1044259.1498, 215422.5721 ], [ 1044242.1495, 215463.3354 ], [ 1044062.1333, 215888.4329 ], [ 1044012.1807, 216035.865 ], [ 1043958.336, 216189.117 ], [ 1043916.7583, 216311.0666 ], [ 1043698.5179, 216286.4849 ], [ 1043667.0628, 216574.2317 ], [ 1043641.0285, 216571.6176 ], [ 1043621.7655, 216745.3577 ], [ 1043650.0149, 216748.3415 ], [ 1043763.8434, 216760.2791 ], [ 1043734.1136, 216909.2188 ], [ 1043712.4123, 217060.3642 ], [ 1043686.0689, 217184.1732 ], [ 1043613.1868, 217307.8683 ], [ 1043572.6735, 217335.823 ], [ 1043432.1652, 217700.9069 ], [ 1043311.5089, 217992.0802 ], [ 1043303.7038, 218012.0996 ], [ 1043282.2411, 218066.6975 ], [ 1043176.2455, 218025.6344 ], [ 1043160.079, 218066.7649 ], [ 1043142.0901, 218059.7989 ], [ 1042967.0463, 218506.4126 ], [ 1043087.9816, 218554.4334 ], [ 1043070.7014, 218598.1116 ], [ 1043040.3235, 218674.1838 ], [ 1043004.9245, 218764.8173 ], [ 1042995.4482, 218788.8404 ], [ 1042873.9564, 218742.2761 ], [ 1042776.9639, 218989.0605 ], [ 1042897.8954, 219037.809 ], [ 1042877.5495, 219089.4953 ], [ 1042850.2365, 219158.6528 ], [ 1042802.5773, 219279.861 ], [ 1042681.9238, 219231.1137 ], [ 1042535.8824, 219603.4764 ], [ 1042610.8772, 219632.8034 ] ] ] ] } },
{ "type": "Feature", "properties": { "ZCTA5CE20": "11207", "GEOID20": "11207", "CLASSFP20": "B5", "MTFCC20": "G6350", "FUNCSTAT20": "S", "ALAND20": 7044635, "AWATER20": 0, "INTPTLAT20": "+40.6701572", "INTPTLON20": "-073.8938353" }, "geometry": { "type": "MultiPolygon", "coordinates": [ [ [ [ 1007533.6944, 189242.1165 ], [ 1007614.8502, 189350.7645 ], [ 1007716.4268, 189277.2679 ], [ 1007951.0209, 189596.6481 ], [ 1007854.7114, 189673.0635 ], [ 1007882.9619, 189711.7099 ], [ 1007922.5684, 189765.3048 ], [ 1007956.0823, 189809.7857 ], [ 1007990.7039, 189855.725 ], [ 1008096.9967, 189779.6843 ], [ 1008427.6889, 190224.8573 ], [ 1008411.3147, 190236.8639 ], [ 1008727.0081, 190693.3204 ], [ 1008655.4045, 190747.5334 ], [ 1008700.2697, 190808.0572 ], [ 1008724.0866, 190840.5065 ], [ 1008757.8745, 190885.3531 ], [ 1008858.3389, 190811.8601 ], [ 1009151.3464, 191200.1696 ], [ 1009050.0482, 191276.2109 ], [ 1009103.4967, 191348.0384 ], [ 1009125.6513, 191377.9361 ], [ 1009525.8112, 191915.7354 ], [ 1009734.5108, 191759.656 ], [ 1009943.7671, 191604.3077 ], [ 1010151.3628, 191448.2308 ], [ 1010360.3475, 191292.5214 ], [ 1010568.7797, 191137.1776 ], [ 1010777.7701, 190981.1076 ], [ 1010984.5438, 190825.7656 ], [ 1010889.5631, 190697.7816 ], [ 1010981.4348, 190626.8382 ], [ 1011540.6256, 191271.959 ], [ 1011637.4883, 191201.388 ], [ 1011481.3564, 190956.3831 ], [ 1011865.126, 190016.1175 ], [ 1011660.8598, 189904.4014 ], [ 1012722.4674, 188262.4972 ], [ 1012951.1442, 187909.0026 ], [ 1012961.0717, 187957.4701 ], [ 1012982.0859, 188012.1443 ], [ 1013002.8227, 188066.8182 ], [ 1013030.4945, 188120.4074 ], [ 1013060.378, 188179.8285 ], [ 1013144.5297, 188316.9162 ], [ 1013290.131, 188554.9968 ], [ 1013387.314, 188693.194 ], [ 1013482.8516, 188814.9947 ], [ 1013535.7328, 188890.8389 ], [ 1013592.769, 188970.6958 ], [ 1013609.7159, 188946.6706 ], [ 1014058.7137, 188284.5024 ], [ 1014297.787, 188510.681 ], [ 1014514.4459, 188692.7503 ], [ 1014718.9153, 188861.326 ], [ 1014867.1023, 188573.3278 ], [ 1015057.0324, 188177.1776 ], [ 1015260.5956, 187969.7689 ], [ 1015492.5556, 188113.6118 ], [ 1015727.8387, 188259.2829 ], [ 1015784.2228, 187982.4658 ], [ 1015792.0397, 187943.1284 ], [ 1015806.5582, 187869.1884 ], [ 1015677.0681, 187842.4245 ], [ 1015768.0775, 187386.4023 ], [ 1015895.3496, 187414.2567 ], [ 1015920.4805, 187284.9526 ], [ 1015941.1426, 187179.6884 ], [ 1015816.3641, 187152.9299 ], [ 1015862.1682, 186909.6176 ], [ 1015932.5819, 186938.127 ], [ 1015940.4085, 186891.8674 ], [ 1015993.0784, 186914.5246 ], [ 1016019.3242, 186781.9431 ], [ 1015890.6578, 186757.3652 ], [ 1015967.4521, 186360.3466 ], [ 1016094.4339, 186402.0462 ], [ 1016124.3109, 186250.8888 ], [ 1016071.0811, 186231.1453 ], [ 1016189.201, 185629.4287 ], [ 1016277.7259, 185177.7774 ], [ 1016239.4569, 185170.0761 ], [ 1016164.3051, 185155.0398 ], [ 1016214.0085, 184905.1755 ], [ 1016226.2097, 184908.1061 ], [ 1016267.8204, 184695.7572 ], [ 1016332.4356, 184708.5939 ], [ 1016367.9319, 184715.9274 ], [ 1016391.6687, 184596.0946 ], [ 1016279.9105, 184572.63 ], [ 1016322.9261, 184347.5315 ], [ 1016436.6313, 184367.7199 ], [ 1016443.3341, 184333.4819 ], [ 1016458.6951, 184254.8072 ], [ 1016349.9845, 184233.168 ], [ 1016408.4048, 183897.3341 ], [ 1016464.9783, 183909.4319 ], [ 1016489.5534, 183785.957 ], [ 1016548.9017, 183797.6944 ], [ 1016562.0291, 183730.311 ], [ 1016572.0834, 183679.3183 ], [ 1016467.2568, 183655.4978 ], [ 1016516.4879, 183348.0696 ], [ 1016632.414, 183370.4479 ], [ 1016640.7935, 183327.4683 ], [ 1016658.1122, 183237.8665 ], [ 1016669.5632, 183179.9535 ], [ 1016676.5455, 183144.623 ], [ 1016562.5622, 183120.7898 ], [ 1016627.936, 182775.4932 ], [ 1016743.8613, 182800.4223 ], [ 1016753.9163, 182749.4297 ], [ 1016767.8825, 182678.04 ], [ 1016780.7313, 182612.4781 ], [ 1016791.903, 182556.3864 ], [ 1016683.462, 182535.1104 ], [ 1016751.0867, 182168.6862 ], [ 1016863.4102, 182192.1537 ], [ 1016871.2313, 182152.4524 ], [ 1016844.9321, 182110.8836 ], [ 1016889.9799, 182032.2491 ], [ 1016906.1085, 182003.8532 ], [ 1016801.6002, 181944.3274 ], [ 1017094.1675, 181412.4371 ], [ 1017200.5956, 181489.4545 ], [ 1017216.447, 181461.4227 ], [ 1017253.9892, 181395.5302 ], [ 1017505.1131, 180952.8491 ], [ 1017275.5766, 180821.3778 ], [ 1017294.7662, 180787.1571 ], [ 1017317.5714, 180746.3833 ], [ 1017333.7028, 180716.8947 ], [ 1017460.1131, 180790.6614 ], [ 1017679.0073, 180389.1073 ], [ 1017789.6217, 180450.1025 ], [ 1017866.3824, 180314.6784 ], [ 1017934.8004, 180193.8162 ], [ 1017819.4751, 180128.0775 ], [ 1018055.8811, 179711.6136 ], [ 1018172.5985, 179774.805 ], [ 1018457.6675, 179287.7333 ], [ 1018235.0506, 179160.6348 ], [ 1018625.2351, 178709.0522 ], [ 1018067.9813, 178393.1265 ], [ 1017835.3725, 178260.9172 ], [ 1017619.9505, 178138.5706 ], [ 1017733.4244, 177944.1754 ], [ 1018603.5737, 176367.1207 ], [ 1019345.0185, 175020.5311 ], [ 1019361.7064, 174994.3236 ], [ 1019386.1818, 174956.1046 ], [ 1019269.8657, 174793.0822 ], [ 1019219.7408, 174721.2375 ], [ 1019134.7169, 174602.7088 ], [ 1019074.3647, 174502.0678 ], [ 1019009.8582, 174395.2275 ], [ 1018968.6073, 174326.6749 ], [ 1018932.474, 174366.6994 ], [ 1018631.6894, 174734.2431 ], [ 1018427.2202, 175092.0889 ], [ 1018373.2533, 175186.0097 ], [ 1018215.5259, 175461.5849 ], [ 1017982.976, 175867.1223 ], [ 1017569.0117, 176637.8335 ], [ 1017549.816, 176673.8757 ], [ 1017068.9618, 177478.7509 ], [ 1016932.3581, 177749.6269 ], [ 1016423.3035, 177461.8572 ], [ 1016391.6952, 177443.9633 ], [ 1016255.834, 177367.2751 ], [ 1016184.8533, 177327.1057 ], [ 1016153.5216, 177309.5768 ], [ 1016019.5984, 177235.0785 ], [ 1015804.1572, 177113.4766 ], [ 1015568.7491, 176981.2855 ], [ 1015341.9361, 176852.3865 ], [ 1015115.3969, 176724.583 ], [ 1014886.6367, 176595.6859 ], [ 1014774.9025, 176522.6797 ], [ 1014426.3308, 176117.1119 ], [ 1014247.3706, 176325.6502 ], [ 1014140.6205, 176258.8467 ], [ 1013933.0768, 176245.1123 ], [ 1013794.6819, 176414.7204 ], [ 1013749.2212, 176376.0465 ], [ 1013407.4472, 176996.0844 ], [ 1013243.9362, 177292.4518 ], [ 1013109.1032, 177275.5322 ], [ 1012985.3673, 177260.0839 ], [ 1012912.0008, 177355.8155 ], [ 1012831.9648, 177460.6477 ], [ 1012757.9286, 177418.663 ], [ 1012660.5993, 177363.8999 ], [ 1012551.4047, 177490.1943 ], [ 1012385.731, 178228.4947 ], [ 1012331.3342, 178480.5468 ], [ 1012271.6491, 178747.8948 ], [ 1012261.8885, 178790.8742 ], [ 1012310.1552, 178800.4024 ], [ 1012326.7989, 178803.7006 ], [ 1012316.7477, 178857.9739 ], [ 1012212.3265, 179424.7481 ], [ 1012090.9581, 180015.9134 ], [ 1012025.2434, 179981.227 ], [ 1011922.5977, 179973.4591 ], [ 1011811.0783, 179961.6738 ], [ 1011701.6871, 180521.8869 ], [ 1011590.6379, 181080.6413 ], [ 1011795.0726, 181109.6541 ], [ 1011877.4415, 181134.5219 ], [ 1011756.4014, 181695.4503 ], [ 1011640.6401, 182254.1994 ], [ 1011528.491, 182812.5889 ], [ 1011440.8712, 183270.4517 ], [ 1011355.1928, 183731.596 ], [ 1011251.7663, 184190.8994 ], [ 1011165.827, 184643.3003 ], [ 1011032.1712, 185355.7797 ], [ 1011024.3595, 185396.576 ], [ 1011153.5504, 185459.3832 ], [ 1011166.0245, 185466.6836 ], [ 1011228.6731, 185502.4573 ], [ 1011284.9462, 185534.2165 ], [ 1011027.4837, 185582.0228 ], [ 1010856.5946, 185602.6018 ], [ 1010780.3071, 185609.805 ], [ 1010805.9564, 185998.2076 ], [ 1010686.9288, 186283.7117 ], [ 1011067.5135, 186257.1684 ], [ 1011025.4948, 186631.6523 ], [ 1010864.4922, 186749.1536 ], [ 1010719.5895, 186856.4724 ], [ 1010657.6871, 186902.3105 ], [ 1010462.8209, 187046.3738 ], [ 1010416.7377, 187084.2143 ], [ 1010243.7978, 187217.3731 ], [ 1010122.2121, 187312.3332 ], [ 1010039.489, 187377.8245 ], [ 1009830.4724, 187533.9007 ], [ 1009623.4008, 187689.2521 ], [ 1009528.1955, 187758.3754 ], [ 1009474.0692, 187798.7597 ], [ 1009413.002, 187846.0591 ], [ 1009193.1693, 188009.4162 ], [ 1008998.3162, 188157.8633 ], [ 1008792.0924, 188308.122 ], [ 1008580.8727, 188464.5711 ], [ 1008551.4991, 188439.403 ], [ 1008449.451, 188423.2706 ], [ 1008239.3587, 188564.7863 ], [ 1008313.035, 188663.5924 ], [ 1008293.6068, 188677.782 ], [ 1008128.891, 188649.9305 ], [ 1008124.1461, 188680.5295 ], [ 1008119.1249, 188710.0353 ], [ 1008019.5278, 188740.9056 ], [ 1008009.2778, 188728.8727 ], [ 1007896.6051, 188801.6286 ], [ 1007856.6449, 188824.9068 ], [ 1007847.7183, 188878.0902 ], [ 1007906.9827, 188967.4085 ], [ 1007743.5128, 189086.7499 ], [ 1007684.9529, 189129.3198 ], [ 1007594.4753, 189196.6336 ], [ 1007533.6944, 189242.1165 ] ] ] ] } },
{ "type": "Feature", "properties": { "ZCTA5CE20": "11208", "GEOID20": "11208", "CLASSFP20": "B5", "MTFCC20": "G6350", "FUNCSTAT20": "S", "ALAND20": 6931906, "AWATER20": 0, "INTPTLAT20": "+40.6748470", "INTPTLON20": "-073.8724799" }, "geometry": { "type": "MultiPolygon", "coordinates": [ [ [ [ 1015010.5707, 188729.0776 ], [ 1015230.8115, 188923.9094 ], [ 1015289.2753, 188967.3392 ], [ 1015510.7176, 189087.1231 ], [ 1016277.605, 189477.5902 ], [ 1016457.3759, 189853.0872 ], [ 1016482.2671, 189904.855 ], [ 1016487.806, 189910.6916 ], [ 1016516.3323, 189939.8759 ], [ 1016794.668, 190225.1528 ], [ 1016900.4611, 190333.865 ], [ 1017156.9088, 190597.257 ], [ 1017328.0554, 190773.0963 ], [ 1017634.6178, 191087.9322 ], [ 1017663.4183, 191117.4825 ], [ 1017678.926, 191133.5343 ], [ 1018147.6777, 191470.0959 ], [ 1019184.5931, 192214.0691 ], [ 1020599.4334, 192565.5374 ], [ 1020655.1818, 192373.2547 ], [ 1020664.3761, 192159.4069 ], [ 1020668.0794, 192093.833 ], [ 1020664.4771, 192092.006 ], [ 1020839.5338, 191120.9658 ], [ 1020864.4451, 190968.3492 ], [ 1020881.5203, 190863.0836 ], [ 1020920.9926, 190617.9493 ], [ 1020961.5667, 190378.2816 ], [ 1020994.8632, 190183.4156 ], [ 1021006.8958, 190112.3895 ], [ 1021058.2942, 189868.3665 ], [ 1021130.6291, 189535.1147 ], [ 1021171.6737, 189353.3766 ], [ 1021247.9755, 188966.939 ], [ 1021274.4875, 188676.9732 ], [ 1021333.1673, 188208.8994 ], [ 1021360.045, 188043.8992 ], [ 1021395.0438, 187828.2697 ], [ 1021408.2054, 187745.9514 ], [ 1021694.5954, 187823.2646 ], [ 1021845.6697, 187877.783 ], [ 1021942.1353, 187912.5437 ], [ 1022029.9377, 187453.9895 ], [ 1021984.7547, 187436.7958 ], [ 1022004.9029, 187322.0633 ], [ 1021924.487, 187309.9156 ], [ 1022009.2339, 186855.3643 ], [ 1022091.8657, 186870.4303 ], [ 1022100.5832, 186793.9348 ], [ 1022152.4223, 186812.232 ], [ 1022161.6539, 186761.969 ], [ 1022171.1645, 186710.6134 ], [ 1022430.7279, 186744.5382 ], [ 1022519.6646, 186278.7011 ], [ 1022393.1993, 186267.9367 ], [ 1022477.1425, 185803.1846 ], [ 1022608.0476, 185814.3208 ], [ 1022652.2406, 185581.9486 ], [ 1022696.1572, 185349.5761 ], [ 1022702.8714, 185313.5181 ], [ 1022718.2515, 185235.2117 ], [ 1022789.0989, 184988.3089 ], [ 1022785.679, 184870.9895 ], [ 1022870.1539, 184428.4639 ], [ 1022978.1203, 183868.6622 ], [ 1023231.8758, 183909.8728 ], [ 1023254.8923, 183914.646 ], [ 1023486.7165, 183965.6609 ], [ 1023742.4054, 184010.8876 ], [ 1023833.0166, 183560.3602 ], [ 1023840.57, 183521.3893 ], [ 1023848.9598, 183479.8695 ], [ 1023856.2341, 183441.9911 ], [ 1023962.2582, 182898.9498 ], [ 1024070.7558, 182373.0366 ], [ 1024080.2632, 182327.1468 ], [ 1024167.043, 181852.2045 ], [ 1024181.5995, 181772.8048 ], [ 1024287.4525, 181174.0226 ], [ 1024167.6378, 181152.3302 ], [ 1024036.1719, 181129.8905 ], [ 1023774.0876, 181075.1779 ], [ 1023526.1489, 181021.9483 ], [ 1023542.9545, 180923.2424 ], [ 1023639.5318, 180391.1148 ], [ 1023668.3456, 180244.7014 ], [ 1023754.2308, 179807.6467 ], [ 1023504.936, 179727.0905 ], [ 1023262.7982, 179680.7952 ], [ 1023054.4913, 179645.1219 ], [ 1022992.9153, 179634.0938 ], [ 1022754.0001, 179478.8746 ], [ 1022674.7479, 179416.449 ], [ 1022213.7871, 179134.0988 ], [ 1021431.0407, 179346.0208 ], [ 1021298.6205, 179577.5314 ], [ 1021099.995, 179924.7987 ], [ 1020807.6364, 179878.8161 ], [ 1020552.2223, 179802.6529 ], [ 1020323.521, 179672.9758 ], [ 1020098.9758, 179545.493 ], [ 1019869.4373, 179415.8189 ], [ 1019645.4433, 179287.6125 ], [ 1019417.0082, 179159.0373 ], [ 1019190.2349, 179030.831 ], [ 1018960.6893, 178899.3439 ], [ 1018625.2351, 178709.0522 ], [ 1018235.0506, 179160.6348 ], [ 1018457.6675, 179287.7333 ], [ 1018172.5985, 179774.805 ], [ 1018055.8811, 179711.6136 ], [ 1017819.4751, 180128.0775 ], [ 1017934.8004, 180193.8162 ], [ 1017866.3824, 180314.6784 ], [ 1017789.6217, 180450.1025 ], [ 1017679.0073, 180389.1073 ], [ 1017460.1131, 180790.6614 ], [ 1017333.7028, 180716.8947 ], [ 1017317.5714, 180746.3833 ], [ 1017294.7662, 180787.1571 ], [ 1017275.5766, 180821.3778 ], [ 1017505.1131, 180952.8491 ], [ 1017253.9892, 181395.5302 ], [ 1017216.447, 181461.4227 ], [ 1017200.5956, 181489.4545 ], [ 1017094.1675, 181412.4371 ], [ 1016801.6002, 181944.3274 ], [ 1016906.1085, 182003.8532 ], [ 1016889.9799, 182032.2491 ], [ 1016844.9321, 182110.8836 ], [ 1016871.2313, 182152.4524 ], [ 1016863.4102, 182192.1537 ], [ 1016751.0867, 182168.6862 ], [ 1016683.462, 182535.1104 ], [ 1016791.903, 182556.3864 ], [ 1016780.7313, 182612.4781 ], [ 1016767.8825, 182678.04 ], [ 1016753.9163, 182749.4297 ], [ 1016743.8613, 182800.4223 ], [ 1016627.936, 182775.4932 ], [ 1016562.5622, 183120.7898 ], [ 1016676.5455, 183144.623 ], [ 1016669.5632, 183179.9535 ], [ 1016658.1122, 183237.8665 ], [ 1016640.7935, 183327.4683 ], [ 1016632.414, 183370.4479 ], [ 1016516.4879, 183348.0696 ], [ 1016467.2568, 183655.4978 ], [ 1016572.0834, 183679.3183 ], [ 1016562.0291, 183730.311 ], [ 1016548.9017, 183797.6944 ], [ 1016489.5534, 183785.957 ], [ 1016464.9783, 183909.4319 ], [ 1016408.4048, 183897.3341 ], [ 1016349.9845, 184233.168 ], [ 1016458.6951, 184254.8072 ], [ 1016443.3341, 184333.4819 ], [ 1016436.6313, 184367.7199 ], [ 1016322.9261, 184347.5315 ], [ 1016279.9105, 184572.63 ], [ 1016391.6687, 184596.0946 ], [ 1016367.9319, 184715.9274 ], [ 1016332.4356, 184708.5939 ], [ 1016267.8204, 184695.7572 ], [ 1016226.2097, 184908.1061 ], [ 1016214.0085, 184905.1755 ], [ 1016164.3051, 185155.0398 ], [ 1016239.4569, 185170.0761 ], [ 1016277.7259, 185177.7774 ], [ 1016189.201, 185629.4287 ], [ 1016071.0811, 186231.1453 ], [ 1016124.3109, 186250.8888 ], [ 1016094.4339, 186402.0462 ], [ 1015967.4521, 186360.3466 ], [ 1015890.6578, 186757.3652 ], [ 1016019.3242, 186781.9431 ], [ 1015993.0784, 186914.5246 ], [ 1015940.4085, 186891.8674 ], [ 1015932.5819, 186938.127 ], [ 1015862.1682, 186909.6176 ], [ 1015816.3641, 187152.9299 ], [ 1015941.1426, 187179.6884 ], [ 1015920.4805, 187284.9526 ], [ 1015895.3496, 187414.2567 ], [ 1015768.0775, 187386.4023 ], [ 1015677.0681, 187842.4245 ], [ 1015806.5582, 187869.1884 ], [ 1015792.0397, 187943.1284 ], [ 1015784.2228, 187982.4658 ], [ 1015727.8387, 188259.2829 ], [ 1015492.5556, 188113.6118 ], [ 1015260.5956, 187969.7689 ], [ 1015057.0324, 188177.1776 ], [ 1014867.1023, 188573.3278 ], [ 1015010.5707, 188729.0776 ] ] ] ] } },
{ "type": "Feature", "properties": { "ZCTA5CE20": "11005", "GEOID20": "11005", "CLASSFP20": "B5", "MTFCC20": "G6350", "FUNCSTAT20": "S", "ALAND20": 475148, "AWATER20": 0, "INTPTLAT20": "+40.7566433", "INTPTLON20": "-073.7142398" }, "geometry": { "type": "MultiPolygon", "coordinates": [ [ [ [ 1061428.1557, 215023.6979 ], [ 1061450.4457, 215071.1323 ], [ 1061489.0242, 215136.4709 ], [ 1061495.9132, 215148.1515 ], [ 1061557.6574, 215246.7184 ], [ 1061584.4097, 215284.6944 ], [ 1061626.056, 215343.485 ], [ 1061677.3786, 215408.5002 ], [ 1061700.2811, 215437.3558 ], [ 1061746.1056, 215488.8732 ], [ 1061780.888, 215527.9681 ], [ 1061863.1798, 215611.2994 ], [ 1061882.2406, 215628.4841 ], [ 1061929.7371, 215676.7282 ], [ 1061958.1797, 215705.6017 ], [ 1062072.6053, 215789.401 ], [ 1062161.0485, 215854.5363 ], [ 1062434.5652, 216001.5142 ], [ 1062472.4741, 216015.4811 ], [ 1062654.267, 216083.4696 ], [ 1062893.4434, 216139.6224 ], [ 1063066.51, 216164.23 ], [ 1063276.7246, 216180.9444 ], [ 1063377.816, 216188.9248 ], [ 1063668.1218, 216196.7955 ], [ 1063786.7006, 216109.7435 ], [ 1063824.7436, 216082.5432 ], [ 1063868.0646, 216050.9881 ], [ 1063911.3845, 216019.7975 ], [ 1064006.1222, 215938.1334 ], [ 1064026.6814, 215920.3486 ], [ 1064161.7026, 215804.5701 ], [ 1064219.2122, 215755.21 ], [ 1064353.403, 215639.7942 ], [ 1064423.415, 215579.9101 ], [ 1064560.66, 215463.0482 ], [ 1064730.4119, 215318.6054 ], [ 1064765.6964, 215288.4827 ], [ 1065111.5997, 214993.4287 ], [ 1065196.0619, 214921.572 ], [ 1064302.934, 213890.4577 ], [ 1064090.4054, 213644.9249 ], [ 1064002.055, 213550.6362 ], [ 1063980.2414, 213527.9758 ], [ 1063831.4907, 213348.9637 ], [ 1063733.3007, 213466.6863 ], [ 1063720.7485, 213577.0385 ], [ 1063628.4849, 213916.2961 ], [ 1063613.0097, 213988.748 ], [ 1063477.7894, 214332.9666 ], [ 1063325.9534, 214421.0046 ], [ 1063095.0315, 214718.6432 ], [ 1062525.1371, 214718.9844 ], [ 1062446.5729, 214596.3147 ], [ 1061716.2673, 214855.5647 ], [ 1061520.1462, 214933.2713 ], [ 1061410.2672, 214986.1146 ], [ 1061428.1557, 215023.6979 ] ] ] ] } },
{ "type": "Feature", "properties": { "ZCTA5CE20": "11223", "GEOID20": "11223", "CLASSFP20": "B5", "MTFCC20": "G6350", "FUNCSTAT20": "S", "ALAND20": 5361174, "AWATER20": 0, "INTPTLAT20": "+40.5970910", "INTPTLON20": "-073.9734691" }, "geometry": { "type": "MultiPolygon", "coordinates": [ [ [ [ 987902.2664, 159729.8226 ], [ 987853.0674, 160070.0956 ], [ 987824.7161, 160265.7344 ], [ 987802.2023, 160420.5696 ], [ 987788.8609, 160512.3778 ], [ 988065.9658, 160552.8598 ], [ 988086.813, 160411.869 ], [ 988341.4261, 160461.0945 ], [ 988601.0406, 160485.1851 ], [ 988580.7457, 160626.9042 ], [ 988837.8566, 160664.8412 ], [ 988855.6504, 160542.0668 ], [ 988858.4307, 160523.1224 ], [ 989114.7075, 160569.806 ], [ 989372.653, 160599.005 ], [ 989352.3541, 160738.9019 ], [ 989471.1906, 160756.0504 ], [ 989610.2957, 160776.4829 ], [ 989887.3948, 160815.8928 ], [ 990164.4928, 160856.3988 ], [ 990421.3214, 160893.2595 ], [ 990678.7043, 160931.2161 ], [ 990936.3643, 160968.4468 ], [ 991192.9129, 161005.3156 ], [ 991460.5667, 161044.012 ], [ 991465.2964, 161011.9527 ], [ 991472.8082, 160961.678 ], [ 991650.7819, 160985.777 ], [ 991647.7237, 160998.5275 ], [ 991758.2268, 161017.8706 ], [ 991748.488, 161084.9036 ], [ 992048.6243, 161129.4457 ], [ 992330.9903, 161171.0711 ], [ 992588.0901, 161207.5904 ], [ 992846.0216, 161245.5701 ], [ 993151.4297, 161289.3991 ], [ 993227.2262, 161300.3567 ], [ 993301.9121, 161311.3142 ], [ 993607.596, 161355.5133 ], [ 993905.7824, 161398.9847 ], [ 994163.4323, 161436.6139 ], [ 994420.5262, 161473.8813 ], [ 994695.3886, 161512.9807 ], [ 994709.0333, 161420.8121 ], [ 994858.6781, 161448.2013 ], [ 994948.0768, 160831.8009 ], [ 994800.372, 160804.412 ], [ 994810.6768, 160732.2799 ], [ 994832.9703, 160547.5763 ], [ 994876.0457, 159826.9585 ], [ 995024.592, 159848.5191 ], [ 995081.6186, 158992.7431 ], [ 995204.6246, 159010.6502 ], [ 995211.8981, 158891.5189 ], [ 995213.0172, 158872.9388 ], [ 995085.0081, 158864.1376 ], [ 995122.4999, 158233.5065 ], [ 995250.2317, 158248.5013 ], [ 995253.3106, 158194.9468 ], [ 995256.9502, 158129.3699 ], [ 995261.705, 158054.3209 ], [ 995304.7877, 157355.1996 ], [ 995308.1456, 157299.0949 ], [ 995321.517, 157207.6553 ], [ 995324.8591, 157186.5259 ], [ 995176.296, 157166.7852 ], [ 995234.0229, 156630.8883 ], [ 995265.6814, 156631.9956 ], [ 995283.5118, 156506.6757 ], [ 995304.6166, 156509.5998 ], [ 995324.1199, 156370.072 ], [ 995274.6897, 156363.8561 ], [ 995309.7968, 156110.6658 ], [ 995335.0814, 156083.3529 ], [ 995478.3741, 156103.8208 ], [ 995491.7499, 156005.4591 ], [ 995506.5199, 155895.4396 ], [ 995511.5467, 155835.3283 ], [ 995526.0719, 155654.6296 ], [ 995454.9799, 155644.0313 ], [ 995423.5995, 155639.2806 ], [ 995444.4937, 155497.932 ], [ 995546.1333, 155513.6449 ], [ 995552.2631, 155471.0217 ], [ 995563.6874, 155390.1468 ], [ 995434.276, 155371.5063 ], [ 995453.7742, 155246.916 ], [ 995581.7975, 155265.5559 ], [ 995599.3509, 155144.2437 ], [ 995619.9688, 155002.8951 ], [ 995306.4255, 154973.6046 ], [ 995321.4857, 154835.5321 ], [ 995170.4095, 154813.9686 ], [ 995133.7513, 154808.4873 ], [ 995023.7767, 154792.4081 ], [ 995015.1049, 154932.6695 ], [ 994660.743, 154881.1454 ], [ 994681.3545, 154742.7106 ], [ 994637.1977, 154736.4982 ], [ 994571.1013, 154726.9976 ], [ 994467.7911, 154712.0166 ], [ 994441.9636, 154707.9982 ], [ 994418.8495, 154856.9976 ], [ 994210.5635, 154826.6724 ], [ 994231.4545, 154677.6719 ], [ 994132.5872, 154663.4229 ], [ 994019.0009, 154646.9824 ], [ 993934.8524, 154634.926 ], [ 993886.9127, 154361.663 ], [ 993839.2497, 154088.4001 ], [ 993792.97, 153826.0678 ], [ 993711.0403, 153814.3774 ], [ 993596.0609, 153798.3026 ], [ 993546.0699, 153790.9969 ], [ 993520.3004, 153631.777 ], [ 993580.2987, 153617.9556 ], [ 993594.2202, 153528.7012 ], [ 993546.4505, 153521.7607 ], [ 993520.6724, 153384.4003 ], [ 993492.3406, 153388.3971 ], [ 993478.4813, 153314.4338 ], [ 993469.0584, 153260.1458 ], [ 993220.764, 153223.2561 ], [ 993257.8011, 152962.7773 ], [ 993411.3906, 152983.6012 ], [ 993388.9477, 152837.134 ], [ 993277.8517, 152821.7909 ], [ 993295.3985, 152691.7333 ], [ 993267.6244, 152687.7154 ], [ 993303.8296, 152427.2364 ], [ 993364.6557, 152435.6386 ], [ 993474.6427, 152450.2531 ], [ 993441.8879, 152395.2276 ], [ 993361.6342, 152345.2848 ], [ 993189.739, 152241.3884 ], [ 992843.1626, 152044.8923 ], [ 992836.4961, 152045.2543 ], [ 992748.4447, 152046.6807 ], [ 992680.3938, 152043.3781 ], [ 992662.0617, 152042.6431 ], [ 992570.4034, 152032.0461 ], [ 992496.8006, 152018.9054 ], [ 992418.7552, 152000.2985 ], [ 992347.9325, 151979.144 ], [ 992098.2411, 151921.8631 ], [ 991726.0625, 151836.8582 ], [ 991294.7258, 151721.6027 ], [ 991140.3025, 151668.0027 ], [ 990994.206, 151634.8082 ], [ 990727.2758, 151616.5194 ], [ 990498.6766, 151601.158 ], [ 989729.2297, 151728.122 ], [ 989640.8966, 151742.6753 ], [ 989572.2769, 151794.03 ], [ 989318.1004, 151892.3435 ], [ 989304.767, 151895.6196 ], [ 989024.2102, 151968.0637 ], [ 988970.8076, 152338.5719 ], [ 988821.6546, 152316.6839 ], [ 988759.911, 152753.1338 ], [ 988907.1169, 152775.7497 ], [ 988897.3828, 152842.055 ], [ 988867.9007, 153053.358 ], [ 988841.4804, 153232.9653 ], [ 988770.8403, 153726.6127 ], [ 988748.5923, 153880.7182 ], [ 988721.338, 154074.1699 ], [ 988689.9148, 154285.4728 ], [ 988667.6684, 154436.2994 ], [ 988637.0781, 154654.5247 ], [ 988622.3319, 154800.9808 ], [ 988573.391, 155139.066 ], [ 988546.9753, 155317.5808 ], [ 988520.2823, 155495.7312 ], [ 988515.8338, 155523.7834 ], [ 988505.2735, 155562.7644 ], [ 988132.8011, 155849.4262 ], [ 988411.5715, 156201.775 ], [ 988398.7806, 156295.7688 ], [ 988359.8557, 156560.6268 ], [ 988341.7833, 156686.6804 ], [ 988282.0072, 157099.0869 ], [ 988279.2269, 157118.76 ], [ 988229.4593, 157475.4266 ], [ 988208.0523, 157622.6106 ], [ 988171.6358, 157857.5947 ], [ 988153.842, 157989.8421 ], [ 988121.3147, 158221.9123 ], [ 988053.4853, 158684.9595 ], [ 988030.6916, 158835.0582 ], [ 988010.6772, 158970.5842 ], [ 987958.693, 159346.1961 ], [ 987726.5268, 159526.5031 ], [ 987902.2664, 159729.8226 ] ] ] ] } },
{ "type": "Feature", "properties": { "ZCTA5CE20": "11362", "GEOID20": "11362", "CLASSFP20": "B5", "MTFCC20": "G6350", "FUNCSTAT20": "S", "ALAND20": 5379030, "AWATER20": 39269, "INTPTLAT20": "+40.7602038", "INTPTLON20": "-073.7324174" }, "geometry": { "type": "MultiPolygon", "coordinates": [ [ [ [ 1050953.0581, 217831.173 ], [ 1051113.9399, 217854.2045 ], [ 1051146.8953, 217857.5743 ], [ 1051501.0886, 217896.4442 ], [ 1051806.2346, 217940.6476 ], [ 1052088.8469, 218018.6749 ], [ 1052257.951, 218072.3411 ], [ 1052457.8888, 218193.8614 ], [ 1052541.1247, 218245.1023 ], [ 1052548.6337, 218234.5577 ], [ 1052560.3285, 218213.0949 ], [ 1053300.9581, 218635.9976 ], [ 1053844.2093, 217751.4881 ], [ 1054316.9481, 217891.2956 ], [ 1054368.6871, 217912.9408 ], [ 1054567.5932, 218004.9643 ], [ 1054681.2922, 218057.7583 ], [ 1055086.0851, 218220.7011 ], [ 1055431.6754, 218261.0606 ], [ 1055678.4193, 218285.4674 ], [ 1055923.1041, 218350.3118 ], [ 1056027.1087, 218401.2618 ], [ 1056145.9901, 218479.5813 ], [ 1056256.2707, 218562.248 ], [ 1056371.1524, 218680.9979 ], [ 1056470.2558, 218795.6938 ], [ 1056515.5386, 218844.6495 ], [ 1056617.1337, 218959.3534 ], [ 1056775.0405, 219139.4419 ], [ 1056950.6257, 219335.2508 ], [ 1057078.9986, 219478.8194 ], [ 1057113.2244, 219519.3633 ], [ 1057237.2893, 219713.198 ], [ 1057294.3511, 219804.8178 ], [ 1057386.1373, 219954.8359 ], [ 1057514.8581, 220164.7169 ], [ 1057358.336, 220172.6244 ], [ 1057560.9494, 220494.5793 ], [ 1057682.4748, 220426.4518 ], [ 1057704.8078, 220460.4025 ], [ 1057815.6443, 220629.0611 ], [ 1057922.0697, 220790.4202 ], [ 1057928.6873, 220800.2773 ], [ 1057936.959, 220812.6898 ], [ 1058179.0735, 220619.9644 ], [ 1058194.0693, 220607.2584 ], [ 1058448.9648, 220402.9159 ], [ 1058461.7327, 220394.2109 ], [ 1058501.9845, 220365.1873 ], [ 1058555.0199, 220322.3581 ], [ 1058683.0202, 220221.4653 ], [ 1058713.0162, 220194.9609 ], [ 1058807.7044, 220118.3769 ], [ 1058895.4539, 220046.5084 ], [ 1058906.2833, 220037.7977 ], [ 1058955.4334, 219997.8721 ], [ 1059110.0954, 219875.2036 ], [ 1059169.2426, 219827.2939 ], [ 1059254.5081, 219753.233 ], [ 1059281.1656, 219731.8197 ], [ 1059324.4866, 219696.2488 ], [ 1059365.8643, 219662.1294 ], [ 1059594.3927, 219481.0348 ], [ 1059658.5469, 219426.9482 ], [ 1059745.4773, 219352.8942 ], [ 1059856.567, 219259.606 ], [ 1059896.2762, 219228.0326 ], [ 1059937.1152, 219189.5405 ], [ 1060056.5334, 219090.8142 ], [ 1060134.8496, 219026.2073 ], [ 1060175.3723, 219000.4663 ], [ 1060211.454, 218977.6262 ], [ 1060398.6134, 218831.0215 ], [ 1060750.1821, 218551.2251 ], [ 1060753.2372, 218548.6844 ], [ 1060839.0545, 218478.2742 ], [ 1060999.2989, 218348.3486 ], [ 1061215.922, 218173.061 ], [ 1061365.3404, 218051.4832 ], [ 1061393.6718, 218027.5272 ], [ 1061472.2604, 217966.5689 ], [ 1061520.0316, 217927.3728 ], [ 1061536.7044, 217911.0308 ], [ 1061653.0732, 217817.039 ], [ 1061673.3463, 217801.073 ], [ 1061775.8235, 217720.1535 ], [ 1061945.2357, 217585.1628 ], [ 1062045.7744, 217504.6026 ], [ 1062758.7203, 216936.3505 ], [ 1062902.3153, 216821.3214 ], [ 1062906.1806, 216825.3416 ], [ 1063445.6077, 216383.7007 ], [ 1063576.1792, 216271.5477 ], [ 1063582.847, 216265.7402 ], [ 1063620.0739, 216233.8005 ], [ 1063668.1218, 216196.7955 ], [ 1063377.816, 216188.9248 ], [ 1063276.7246, 216180.9444 ], [ 1063066.51, 216164.23 ], [ 1062893.4434, 216139.6224 ], [ 1062654.267, 216083.4696 ], [ 1062472.4741, 216015.4811 ], [ 1062434.5652, 216001.5142 ], [ 1062161.0485, 215854.5363 ], [ 1062072.6053, 215789.401 ], [ 1061958.1797, 215705.6017 ], [ 1061929.7371, 215676.7282 ], [ 1061882.2406, 215628.4841 ], [ 1061863.1798, 215611.2994 ], [ 1061780.888, 215527.9681 ], [ 1061746.1056, 215488.8732 ], [ 1061700.2811, 215437.3558 ], [ 1061677.3786, 215408.5002 ], [ 1061626.056, 215343.485 ], [ 1061584.4097, 215284.6944 ], [ 1061557.6574, 215246.7184 ], [ 1061495.9132, 215148.1515 ], [ 1061489.0242, 215136.4709 ], [ 1061450.4457, 215071.1323 ], [ 1061428.1557, 215023.6979 ], [ 1061410.2672, 214986.1146 ], [ 1061388.0118, 214927.7503 ], [ 1061364.9264, 214869.0191 ], [ 1061300.385, 214691.0189 ], [ 1061288.8589, 214656.3706 ], [ 1061238.246, 214541.4447 ], [ 1061217.5967, 214500.5737 ], [ 1061178.5004, 214423.2109 ], [ 1061117.3666, 214305.7015 ], [ 1061069.6799, 214228.676 ], [ 1061012.5868, 214147.2488 ], [ 1060917.3875, 214025.2603 ], [ 1060913.25, 214019.4178 ], [ 1060893.3653, 213999.3167 ], [ 1060782.8956, 213887.1174 ], [ 1060499.3846, 213647.5862 ], [ 1060421.732, 213583.2195 ], [ 1060297.3377, 213492.4746 ], [ 1060230.7347, 213438.3445 ], [ 1060186.513, 213403.5944 ], [ 1060093.1128, 213324.2418 ], [ 1060064.4029, 213290.6334 ], [ 1060012.4843, 213236.1855 ], [ 1059961.4001, 213180.6473 ], [ 1059929.1016, 213142.6558 ], [ 1059885.5102, 213083.1335 ], [ 1059819.0367, 212986.7422 ], [ 1059789.7979, 212944.7528 ], [ 1059727.5023, 212841.0881 ], [ 1059663.0315, 212723.9365 ], [ 1059624.1988, 212648.3987 ], [ 1059580.279, 212515.6448 ], [ 1059553.1212, 212427.756 ], [ 1059525.7584, 212316.5493 ], [ 1059521.3794, 212299.0477 ], [ 1059492.4341, 212161.9684 ], [ 1059469.7461, 212062.0706 ], [ 1059436.0605, 211934.4494 ], [ 1059327.5562, 211629.5304 ], [ 1059279.3798, 211528.0966 ], [ 1059221.7798, 211427.3625 ], [ 1059122.51, 211271.1213 ], [ 1058799.8746, 210763.34 ], [ 1058458.88, 210364.8071 ], [ 1058422.4401, 210319.8827 ], [ 1058366.8981, 210359.7897 ], [ 1058317.4647, 210395.7078 ], [ 1058125.8274, 210539.7643 ], [ 1057990.2418, 210658.8534 ], [ 1057727.2703, 210935.6781 ], [ 1057668.6002, 211002.9023 ], [ 1057581.3308, 211089.7142 ], [ 1057514.0542, 211162.7422 ], [ 1057480.1296, 211202.3521 ], [ 1057449.8182, 211238.3297 ], [ 1057388.6241, 211316.1127 ], [ 1057335.7681, 211385.5412 ], [ 1057273.4564, 211466.6001 ], [ 1057156.9277, 211609.4329 ], [ 1057028.4739, 211756.2382 ], [ 1056987.3337, 211800.1993 ], [ 1056898.6613, 211894.6605 ], [ 1056764.4289, 212029.0626 ], [ 1056621.6542, 212148.1379 ], [ 1056593.0436, 212172.0986 ], [ 1056079.7677, 212588.8293 ], [ 1055951.9518, 212711.2319 ], [ 1055875.261, 212785.3295 ], [ 1055785.2208, 212876.5118 ], [ 1055713.1982, 212965.1971 ], [ 1055588.3568, 213113.8423 ], [ 1055519.0699, 213214.9236 ], [ 1055454.5181, 213213.2768 ], [ 1055348.6867, 213210.4162 ], [ 1054685.9926, 213192.8175 ], [ 1054566.4298, 213243.4776 ], [ 1054515.9491, 213262.2767 ], [ 1054478.4506, 213294.9582 ], [ 1054438.4596, 213327.2683 ], [ 1054400.4008, 213362.1343 ], [ 1054383.9856, 213385.7685 ], [ 1054319.4398, 213478.1229 ], [ 1054242.3266, 213701.2371 ], [ 1054177.7506, 213900.7059 ], [ 1054139.9891, 214025.1993 ], [ 1054314.1945, 214143.3815 ], [ 1054039.4865, 214771.7948 ], [ 1053496.0862, 215682.895 ], [ 1053350.2122, 215541.4819 ], [ 1053188.4412, 215924.3013 ], [ 1052870.2865, 216063.6683 ], [ 1052740.9567, 215851.2604 ], [ 1052618.5958, 215622.8422 ], [ 1052578.6244, 215650.4191 ], [ 1052533.9528, 215674.7037 ], [ 1052486.8002, 215694.6095 ], [ 1052437.9997, 215709.41 ], [ 1052391.432, 215718.3875 ], [ 1052337.9497, 215723.3381 ], [ 1052130.75, 215714.3779 ], [ 1052100.2923, 215708.4634 ], [ 1052047.7062, 215690.0998 ], [ 1052002.8965, 215664.8356 ], [ 1051971.6594, 215640.338 ], [ 1051889.3685, 215445.1898 ], [ 1051876.8266, 215472.1155 ], [ 1051776.2163, 215687.1568 ], [ 1051618.3707, 216162.1741 ], [ 1051290.8245, 216396.2625 ], [ 1051156.2285, 216984.2908 ], [ 1051257.5591, 217006.0661 ], [ 1051282.7107, 217026.9026 ], [ 1051304.799, 217053.56 ], [ 1051309.4841, 217062.317 ], [ 1051323.2587, 217090.0445 ], [ 1051332.3157, 217120.6736 ], [ 1051335.2612, 217157.4795 ], [ 1051331.8635, 217184.0665 ], [ 1051319.8358, 217225.9317 ], [ 1051303.9672, 217254.3059 ], [ 1051261.0548, 217345.2709 ], [ 1051222.2939, 217437.7048 ], [ 1051187.4075, 217531.6068 ], [ 1051048.8453, 217450.3428 ], [ 1050983.2399, 217735.0717 ], [ 1050953.0581, 217831.173 ] ] ] ] } },
{ "type": "Feature", "properties": { "ZCTA5CE20": "11001", "GEOID20": "11001", "CLASSFP20": "B5", "MTFCC20": "G6350", "FUNCSTAT20": "S", "ALAND20": 5711668, "AWATER20": 34951, "INTPTLAT20": "+40.7233167", "INTPTLON20": "-073.7049494" }, "geometry": { "type": "MultiPolygon", "coordinates": [ [ [ [ 1059122.4348, 202579.2252 ], [ 1059187.9874, 202624.969 ], [ 1059228.0927, 202653.1464 ], [ 1059302.5317, 202693.453 ], [ 1059427.3493, 202756.14 ], [ 1059571.8282, 202824.718 ], [ 1059595.6332, 202835.3575 ], [ 1059625.8043, 202848.9314 ], [ 1059648.2222, 202859.931 ], [ 1059783.2791, 202927.388 ], [ 1059829.2188, 202950.8482 ], [ 1059861.8741, 202967.7092 ], [ 1059939.6305, 203010.214 ], [ 1060068.8671, 203076.9258 ], [ 1060072.1876, 203078.7578 ], [ 1060188.7029, 203135.9578 ], [ 1060285.3098, 203177.4298 ], [ 1060328.7688, 203196.1469 ], [ 1060452.2536, 203240.254 ], [ 1060516.487, 203263.4087 ], [ 1060551.9212, 203277.729 ], [ 1060598.7047, 203296.8214 ], [ 1060639.3983, 203313.3443 ], [ 1060712.2113, 203340.5341 ], [ 1060744.05, 203352.2931 ], [ 1060821.8518, 203379.4989 ], [ 1060908.8004, 203406.7339 ], [ 1061047.7876, 203456.3581 ], [ 1061053.3242, 203458.5616 ], [ 1061145.5212, 203491.279 ], [ 1061166.5624, 203498.9966 ], [ 1061290.8687, 203545.2967 ], [ 1061487.4325, 203618.4234 ], [ 1061527.5765, 203633.1245 ], [ 1061604.2655, 203661.058 ], [ 1061751.5523, 203714.7202 ], [ 1061862.0164, 203755.1497 ], [ 1062332.6878, 203919.1513 ], [ 1062452.8463, 203961.072 ], [ 1062543.3812, 203992.332 ], [ 1062615.3761, 204014.0599 ], [ 1062717.2734, 204045.7217 ], [ 1062829.4481, 204070.4948 ], [ 1062980.9699, 204098.6749 ], [ 1063003.6848, 204102.7563 ], [ 1063251.071, 204142.1793 ], [ 1063276.8347, 204146.2708 ], [ 1063481.2744, 204180.82 ], [ 1063499.5568, 204184.1587 ], [ 1063673.7978, 204214.6034 ], [ 1063862.7198, 204247.6478 ], [ 1063962.721, 204265.0995 ], [ 1064135.2991, 204295.1777 ], [ 1064375.4656, 204337.5031 ], [ 1064490.1474, 204357.5558 ], [ 1064494.0241, 204358.6616 ], [ 1064490.6464, 204374.3168 ], [ 1064473.6462, 204654.0684 ], [ 1064320.5599, 204681.6167 ], [ 1064279.0373, 205002.0929 ], [ 1064456.0767, 205022.3511 ], [ 1064457.5342, 205168.4535 ], [ 1064340.1014, 205143.2912 ], [ 1064309.9129, 205136.6336 ], [ 1064292.2776, 205273.5647 ], [ 1064242.4111, 205266.8424 ], [ 1064207.4319, 205536.6981 ], [ 1064256.1903, 205543.0523 ], [ 1064235.1649, 205699.6463 ], [ 1064376.442, 205721.2435 ], [ 1064355.1394, 205793.6756 ], [ 1064212.473, 206278.1328 ], [ 1064105.2635, 206516.7826 ], [ 1064064.5121, 206604.4529 ], [ 1064043.0215, 206650.2882 ], [ 1063964.0382, 206818.3508 ], [ 1063925.5253, 206899.835 ], [ 1063816.1221, 207133.0139 ], [ 1063707.5751, 207359.2737 ], [ 1063589.5125, 207614.6497 ], [ 1063832.6059, 207684.3044 ], [ 1064082.0671, 207755.4399 ], [ 1064123.0072, 207609.8411 ], [ 1064345.3349, 207673.239 ], [ 1064373.5696, 207683.1692 ], [ 1064402.6391, 207692.0092 ], [ 1064593.679, 207746.562 ], [ 1064623.2979, 207756.8614 ], [ 1064582.3671, 207898.816 ], [ 1064832.654, 207970.3263 ], [ 1064861.815, 207868.0454 ], [ 1064873.8718, 207825.8227 ], [ 1065054.1077, 207878.5217 ], [ 1065012.3396, 208021.5658 ], [ 1065082.1081, 208041.8363 ], [ 1065096.4077, 207991.9703 ], [ 1065220.7163, 208028.4536 ], [ 1065248.1954, 207932.3612 ], [ 1065373.6151, 207968.1204 ], [ 1065352.0282, 208042.3723 ], [ 1065331.5608, 208113.349 ], [ 1065581.8434, 208184.867 ], [ 1065841.8151, 208258.9704 ], [ 1066100.9527, 208333.4382 ], [ 1066350.9537, 208404.9632 ], [ 1066600.3989, 208476.4889 ], [ 1066855.9343, 208549.4952 ], [ 1066898.8444, 208399.5357 ], [ 1067129.4263, 208557.3497 ], [ 1067113.147, 208617.7736 ], [ 1067245.1265, 208678.3395 ], [ 1067292.3772, 208637.3314 ], [ 1067313.2869, 208600.6052 ], [ 1067348.4045, 208542.0677 ], [ 1067457.9148, 208609.1159 ], [ 1067692.8837, 208214.6203 ], [ 1067658.5894, 208194.4641 ], [ 1067723.551, 208080.6509 ], [ 1067696.448, 208064.5271 ], [ 1067839.6446, 208006.7263 ], [ 1068204.9392, 207354.008 ], [ 1068129.6926, 207234.9751 ], [ 1068163.6993, 207178.2566 ], [ 1068320.3671, 206913.5637 ], [ 1068673.5672, 206320.1971 ], [ 1068930.33, 205887.1701 ], [ 1069061.9142, 205667.2077 ], [ 1069077.3153, 205622.0842 ], [ 1068964.6329, 205587.8077 ], [ 1068832.2925, 205547.6339 ], [ 1069004.016, 204944.8967 ], [ 1069018.1868, 204934.7448 ], [ 1069062.5112, 204782.244 ], [ 1069029.5901, 204764.641 ], [ 1069052.3062, 204688.5747 ], [ 1069077.814, 204686.1134 ], [ 1069139.5382, 204551.5259 ], [ 1069157.7399, 204498.3968 ], [ 1069161.522, 204367.9788 ], [ 1069134.4354, 204266.9637 ], [ 1069243.2478, 203666.5589 ], [ 1069391.122, 203706.0606 ], [ 1069414.9244, 203715.9811 ], [ 1069458.8838, 203747.8323 ], [ 1069490.9898, 203761.061 ], [ 1069507.0658, 203761.1175 ], [ 1069441.9475, 203518.9717 ], [ 1069393.1929, 203273.6044 ], [ 1069404.3567, 203251.7836 ], [ 1069482.539, 203246.9573 ], [ 1069465.2432, 203120.4729 ], [ 1069502.9525, 203116.962 ], [ 1069524.0771, 203100.2769 ], [ 1069628.8859, 203090.8082 ], [ 1069856.8285, 203063.1928 ], [ 1070042.8812, 203045.6328 ], [ 1070345.6921, 203010.2714 ], [ 1070424.7302, 202998.8931 ], [ 1070502.92, 202992.2484 ], [ 1070760.0036, 202954.908 ], [ 1070708.8145, 202696.0492 ], [ 1070709.1241, 202686.9419 ], [ 1070700.9902, 202635.9063 ], [ 1070666.7105, 202454.3464 ], [ 1070653.9186, 202387.9923 ], [ 1070619.9103, 202207.8907 ], [ 1070572.8267, 201962.8915 ], [ 1070564.9435, 201919.1435 ], [ 1070557.831, 201892.5219 ], [ 1070525.4701, 201716.4341 ], [ 1070502.8653, 201603.0462 ], [ 1070496.351, 201564.0395 ], [ 1070431.0118, 201228.9855 ], [ 1070428.1966, 201163.0312 ], [ 1070424.8801, 201082.1376 ], [ 1070435.938, 201012.5892 ], [ 1070733.1504, 200766.2639 ], [ 1070765.9543, 200740.1488 ], [ 1070835.4666, 200681.3746 ], [ 1070979.9115, 200676.4251 ], [ 1070974.483, 200566.3772 ], [ 1071112.12, 200449.9183 ], [ 1071185.8613, 200371.8506 ], [ 1071216.1935, 200339.5336 ], [ 1071383.9981, 200160.1548 ], [ 1071414.047, 200129.6586 ], [ 1071473.0324, 200069.7555 ], [ 1071545.943, 199992.0503 ], [ 1071627.6713, 199929.3147 ], [ 1071642.1219, 199919.5297 ], [ 1071640.0563, 199877.2596 ], [ 1071639.0209, 199856.8533 ], [ 1071635.2683, 199821.1352 ], [ 1071611.6975, 199591.885 ], [ 1071583.1238, 199289.0217 ], [ 1071334.2801, 199336.5843 ], [ 1071088.2866, 199362.6641 ], [ 1070835.4851, 199354.4747 ], [ 1070808.1978, 199076.7559 ], [ 1070786.2767, 198848.9699 ], [ 1070766.6802, 198668.9198 ], [ 1070512.054, 198704.0829 ], [ 1070248.013, 198736.3007 ], [ 1070272.2671, 198854.7947 ], [ 1070322.4107, 199099.4396 ], [ 1069982.5579, 199169.2822 ], [ 1069646.868, 199238.4156 ], [ 1069531.1797, 199262.4194 ], [ 1069483.8782, 199153.6822 ], [ 1069361.6256, 199152.1604 ], [ 1068733.2497, 199282.2189 ], [ 1068450.0208, 199334.0634 ], [ 1068321.3743, 199257.8366 ], [ 1068255.6155, 199113.6976 ], [ 1068163.2023, 199141.4317 ], [ 1068174.3956, 199031.0777 ], [ 1067855.1268, 198840.8878 ], [ 1067497.2903, 198658.5853 ], [ 1067304.2178, 198530.7722 ], [ 1067058.9401, 198427.1929 ], [ 1066918.9129, 198515.2486 ], [ 1066838.8927, 198567.0758 ], [ 1066743.057, 198622.8573 ], [ 1066571.6445, 198728.6607 ], [ 1066495.8014, 198775.4026 ], [ 1066393.0181, 198836.6269 ], [ 1066285.2243, 198904.0283 ], [ 1066220.4961, 198943.522 ], [ 1066074.095, 199032.654 ], [ 1066044.1312, 199039.4754 ], [ 1066119.247, 199125.711 ], [ 1065133.9529, 199382.1782 ], [ 1065153.5634, 199487.1713 ], [ 1065200.171, 199560.1931 ], [ 1065355.3362, 200248.2062 ], [ 1065331.2672, 200316.6204 ], [ 1065198.0219, 200371.19 ], [ 1065140.8139, 200318.5355 ], [ 1065018.091, 200376.7845 ], [ 1065006.2484, 200353.4279 ], [ 1064819.1321, 200435.8741 ], [ 1064780.2585, 200455.0548 ], [ 1064690.8664, 200494.1064 ], [ 1064613.1113, 200535.0186 ], [ 1064578.9313, 200560.0444 ], [ 1064569.9943, 200580.0531 ], [ 1064492.5675, 200941.2151 ], [ 1064321.1731, 200965.4239 ], [ 1064060.1976, 201002.8196 ], [ 1063797.1342, 201000.8634 ], [ 1063581.3979, 200937.1281 ], [ 1063580.8258, 200857.7018 ], [ 1063470.1239, 200377.1501 ], [ 1063237.2841, 200285.6729 ], [ 1062977.8911, 200260.7846 ], [ 1062711.951, 200288.7061 ], [ 1061933.2666, 200371.092 ], [ 1061931.4237, 200513.9044 ], [ 1061928.2963, 200538.3046 ], [ 1061910.4476, 200658.4773 ], [ 1061900.5251, 200727.3043 ], [ 1061897.1203, 201011.8371 ], [ 1061960.8266, 201201.1295 ], [ 1061803.3057, 201135.7747 ], [ 1061607.8868, 201219.3121 ], [ 1061382.2549, 201389.8306 ], [ 1061200.5961, 202030.8438 ], [ 1060234.926, 201739.98 ], [ 1060183.9698, 201724.5186 ], [ 1059791.0263, 201595.4123 ], [ 1059552.3418, 201510.8745 ], [ 1059322.5937, 201404.5067 ], [ 1059300.4539, 201482.4054 ], [ 1059250.5678, 201658.5881 ], [ 1059186.6721, 201883.5483 ], [ 1059177.1485, 201915.5802 ], [ 1059000.4603, 202492.8669 ], [ 1059122.4348, 202579.2252 ] ] ] ] } },
{ "type": "Feature", "properties": { "ZCTA5CE20": "11004", "GEOID20": "11004", "CLASSFP20": "B5", "MTFCC20": "G6350", "FUNCSTAT20": "S", "ALAND20": 2463268, "AWATER20": 0, "INTPTLAT20": "+40.7461911", "INTPTLON20": "-073.7115068" }, "geometry": { "type": "MultiPolygon", "coordinates": [ [ [ [ 1061069.6799, 214228.676 ], [ 1061117.3666, 214305.7015 ], [ 1061178.5004, 214423.2109 ], [ 1061217.5967, 214500.5737 ], [ 1061238.246, 214541.4447 ], [ 1061288.8589, 214656.3706 ], [ 1061300.385, 214691.0189 ], [ 1061364.9264, 214869.0191 ], [ 1061388.0118, 214927.7503 ], [ 1061410.2672, 214986.1146 ], [ 1061520.1462, 214933.2713 ], [ 1061716.2673, 214855.5647 ], [ 1062446.5729, 214596.3147 ], [ 1062525.1371, 214718.9844 ], [ 1063095.0315, 214718.6432 ], [ 1063325.9534, 214421.0046 ], [ 1063477.7894, 214332.9666 ], [ 1063613.0097, 213988.748 ], [ 1063628.4849, 213916.2961 ], [ 1063720.7485, 213577.0385 ], [ 1063733.3007, 213466.6863 ], [ 1063831.4907, 213348.9637 ], [ 1063980.2414, 213527.9758 ], [ 1064002.055, 213550.6362 ], [ 1064090.4054, 213644.9249 ], [ 1064302.934, 213890.4577 ], [ 1065196.0619, 214921.572 ], [ 1065422.9662, 214755.4647 ], [ 1065650.1494, 214589.7247 ], [ 1065905.4086, 214397.1206 ], [ 1065793.4202, 214249.5529 ], [ 1065620.1076, 214047.1299 ], [ 1065459.007, 213837.4624 ], [ 1065290.3889, 213637.9721 ], [ 1065119.5381, 213442.4834 ], [ 1064944.2467, 213248.4384 ], [ 1064764.2593, 213049.2784 ], [ 1064573.1199, 212870.1213 ], [ 1065090.7506, 212436.0962 ], [ 1065170.5101, 212364.5881 ], [ 1065194.6241, 212362.1182 ], [ 1065412.1714, 212515.5007 ], [ 1065626.673, 212667.4177 ], [ 1065851.6675, 212829.2089 ], [ 1065890.9232, 212855.573 ], [ 1066073.647, 212980.4263 ], [ 1066123.6721, 213017.3928 ], [ 1066207.79, 212722.2016 ], [ 1066390.8847, 212082.3209 ], [ 1066428.4547, 211952.0164 ], [ 1066303.3257, 211918.803 ], [ 1066413.8, 211533.7112 ], [ 1066537.2523, 211571.6558 ], [ 1066576.7894, 211433.7072 ], [ 1066453.0508, 211398.3118 ], [ 1066637.8712, 210744.5944 ], [ 1066643.8102, 210709.2742 ], [ 1066686.7188, 210721.4429 ], [ 1066707.7583, 210645.7329 ], [ 1066676.7571, 210635.7906 ], [ 1066814.2101, 210143.3138 ], [ 1066764.1082, 210127.4771 ], [ 1066784.6066, 210048.122 ], [ 1066820.4573, 209936.029 ], [ 1066903.5135, 209958.1718 ], [ 1067053.9157, 209408.9045 ], [ 1067087.7664, 209396.2683 ], [ 1067105.9936, 209333.3007 ], [ 1066921.8922, 209280.9376 ], [ 1067113.147, 208617.7736 ], [ 1067129.4263, 208557.3497 ], [ 1066898.8444, 208399.5357 ], [ 1066855.9343, 208549.4952 ], [ 1066600.3989, 208476.4889 ], [ 1066350.9537, 208404.9632 ], [ 1066100.9527, 208333.4382 ], [ 1065841.8151, 208258.9704 ], [ 1065581.8434, 208184.867 ], [ 1065331.5608, 208113.349 ], [ 1065352.0282, 208042.3723 ], [ 1065373.6151, 207968.1204 ], [ 1065248.1954, 207932.3612 ], [ 1065220.7163, 208028.4536 ], [ 1065096.4077, 207991.9703 ], [ 1065082.1081, 208041.8363 ], [ 1065012.3396, 208021.5658 ], [ 1065054.1077, 207878.5217 ], [ 1064873.8718, 207825.8227 ], [ 1064861.815, 207868.0454 ], [ 1064832.654, 207970.3263 ], [ 1064582.3671, 207898.816 ], [ 1064623.2979, 207756.8614 ], [ 1064593.679, 207746.562 ], [ 1064402.6391, 207692.0092 ], [ 1064373.5696, 207683.1692 ], [ 1064345.3349, 207673.239 ], [ 1064123.0072, 207609.8411 ], [ 1064082.0671, 207755.4399 ], [ 1063832.6059, 207684.3044 ], [ 1063589.5125, 207614.6497 ], [ 1063406.446, 208003.5245 ], [ 1063293.7095, 208242.16 ], [ 1063198.4194, 208485.2247 ], [ 1063104.8248, 208718.8226 ], [ 1063010.628, 208967.721 ], [ 1062980.1355, 209056.1551 ], [ 1062831.1847, 209013.7741 ], [ 1062818.8514, 209057.0899 ], [ 1062779.2608, 209045.6674 ], [ 1062679.4834, 209393.6478 ], [ 1062659.5492, 209388.1184 ], [ 1062648.8979, 209425.6104 ], [ 1062688.765, 209437.0335 ], [ 1062651.7678, 209566.6168 ], [ 1062615.7769, 209556.2992 ], [ 1062412.9648, 210234.7633 ], [ 1062556.6216, 210284.0471 ], [ 1062495.3299, 210472.21 ], [ 1062438.5407, 210639.2562 ], [ 1062296.0105, 210584.8761 ], [ 1062139.0976, 211040.1537 ], [ 1062281.0842, 211090.5235 ], [ 1062252.8546, 211166.2142 ], [ 1062237.7315, 211216.0793 ], [ 1062194.9393, 211339.8154 ], [ 1062126.4312, 211533.4211 ], [ 1061862.3145, 212416.4494 ], [ 1061712.3583, 212781.7617 ], [ 1061670.4851, 212879.634 ], [ 1061632.4948, 212976.4257 ], [ 1061595.8727, 213078.6869 ], [ 1061569.2264, 213180.6155 ], [ 1061545.0785, 213281.0948 ], [ 1061523.6411, 213400.5282 ], [ 1061477.4632, 213545.7505 ], [ 1061394.5817, 213645.3145 ], [ 1061237.6371, 213772.6974 ], [ 1061197.3746, 213800.6235 ], [ 1061168.1958, 213828.2204 ], [ 1061135.1093, 213864.9133 ], [ 1061108.3848, 213904.9054 ], [ 1061096.0744, 213942.7572 ], [ 1061088.8017, 213964.5942 ], [ 1061080.669, 213995.5369 ], [ 1061012.5868, 214147.2488 ], [ 1061069.6799, 214228.676 ] ] ] ] } },
{ "type": "Feature", "properties": { "ZCTA5CE20": "11235", "GEOID20": "11235", "CLASSFP20": "B5", "MTFCC20": "G6350", "FUNCSTAT20": "S", "ALAND20": 6363901, "AWATER20": 1149829, "INTPTLAT20": "+40.5842200", "INTPTLON20": "-073.9431668" }, "geometry": { "type": "MultiPolygon", "coordinates": [ [ [ [ 991294.7258, 151721.6027 ], [ 991726.0625, 151836.8582 ], [ 992098.2411, 151921.8631 ], [ 992347.9325, 151979.144 ], [ 992418.7552, 152000.2985 ], [ 992496.8006, 152018.9054 ], [ 992570.4034, 152032.0461 ], [ 992662.0617, 152042.6431 ], [ 992680.3938, 152043.3781 ], [ 992748.4447, 152046.6807 ], [ 992836.4961, 152045.2543 ], [ 992843.1626, 152044.8923 ], [ 993189.739, 152241.3884 ], [ 993361.6342, 152345.2848 ], [ 993441.8879, 152395.2276 ], [ 993474.6427, 152450.2531 ], [ 993364.6557, 152435.6386 ], [ 993303.8296, 152427.2364 ], [ 993267.6244, 152687.7154 ], [ 993295.3985, 152691.7333 ], [ 993277.8517, 152821.7909 ], [ 993388.9477, 152837.134 ], [ 993411.3906, 152983.6012 ], [ 993257.8011, 152962.7773 ], [ 993220.764, 153223.2561 ], [ 993469.0584, 153260.1458 ], [ 993478.4813, 153314.4338 ], [ 993492.3406, 153388.3971 ], [ 993520.6724, 153384.4003 ], [ 993546.4505, 153521.7607 ], [ 993594.2202, 153528.7012 ], [ 993580.2987, 153617.9556 ], [ 993520.3004, 153631.777 ], [ 993546.0699, 153790.9969 ], [ 993596.0609, 153798.3026 ], [ 993711.0403, 153814.3774 ], [ 993792.97, 153826.0678 ], [ 993839.2497, 154088.4001 ], [ 993886.9127, 154361.663 ], [ 993934.8524, 154634.926 ], [ 994019.0009, 154646.9824 ], [ 994132.5872, 154663.4229 ], [ 994231.4545, 154677.6719 ], [ 994210.5635, 154826.6724 ], [ 994418.8495, 154856.9976 ], [ 994441.9636, 154707.9982 ], [ 994467.7911, 154712.0166 ], [ 994571.1013, 154726.9976 ], [ 994637.1977, 154736.4982 ], [ 994681.3545, 154742.7106 ], [ 994660.743, 154881.1454 ], [ 995015.1049, 154932.6695 ], [ 995023.7767, 154792.4081 ], [ 995133.7513, 154808.4873 ], [ 995170.4095, 154813.9686 ], [ 995321.4857, 154835.5321 ], [ 995306.4255, 154973.6046 ], [ 995619.9688, 155002.8951 ], [ 995637.5224, 154881.9473 ], [ 996004.6571, 154934.9491 ], [ 995956.2761, 155051.1456 ], [ 995905.9489, 155172.8061 ], [ 996028.1414, 155188.5309 ], [ 996038.7251, 155126.6007 ], [ 996165.9178, 155140.5071 ], [ 996185.9828, 155000.616 ], [ 996191.5565, 154961.6359 ], [ 996448.7164, 154997.8317 ], [ 996706.7074, 155036.5809 ], [ 996848.6192, 155051.5913 ], [ 996963.5876, 155073.5106 ], [ 997231.0199, 155111.906 ], [ 997497.619, 155148.8466 ], [ 997761.7163, 155188.339 ], [ 998094.1286, 155236.6169 ], [ 998381.8295, 155278.3154 ], [ 998638.9828, 155314.5343 ], [ 998896.1339, 155352.9419 ], [ 999153.5627, 155390.2595 ], [ 999420.9879, 155429.0433 ], [ 999689.2456, 155467.4662 ], [ 999669.1626, 155604.4399 ], [ 999926.0319, 155642.1295 ], [ 999928.8213, 155623.1864 ], [ 999945.8388, 155504.7916 ], [ 1000202.9869, 155541.7557 ], [ 1000460.4114, 155579.4514 ], [ 1000743.6599, 155622.2679 ], [ 1000728.593, 155725.3618 ], [ 1000724.9656, 155750.4978 ], [ 1000994.0452, 155797.3152 ], [ 1000983.9806, 155894.2189 ], [ 1001233.3478, 155929.7312 ], [ 1001247.0174, 155841.9383 ], [ 1001509.1587, 155879.2841 ], [ 1001501.9038, 155927.3699 ], [ 1001687.3987, 155957.3769 ], [ 1001673.6984, 156085.974 ], [ 1001657.7788, 156211.2906 ], [ 1002048.1991, 156277.1517 ], [ 1002094.7721, 156011.9568 ], [ 1002285.8153, 156048.1659 ], [ 1002296.4204, 155978.2233 ], [ 1002315.9562, 155849.6308 ], [ 1002577.8191, 155885.5306 ], [ 1002854.1188, 155926.5448 ], [ 1002841.5524, 156016.8879 ], [ 1003015.0274, 156144.8994 ], [ 1003165.1317, 155968.3177 ], [ 1003239.0549, 155904.254 ], [ 1003257.643, 155928.6784 ], [ 1003287.6321, 155934.531 ], [ 1003319.0091, 155941.1135 ], [ 1003348.7345, 155929.114 ], [ 1003358.1595, 155951.3453 ], [ 1003429.5648, 155911.3257 ], [ 1003465.3905, 155911.3539 ], [ 1003580.4001, 155868.819 ], [ 1003598.1982, 155838.5941 ], [ 1003622.0871, 155832.4196 ], [ 1003640.1482, 155820.7756 ], [ 1003663.7884, 155778.1683 ], [ 1003681.8691, 155742.1145 ], [ 1003681.6391, 155682.365 ], [ 1003693.3226, 155658.3288 ], [ 1003687.5, 155646.3014 ], [ 1003687.5242, 155616.0624 ], [ 1003705.3078, 155604.4182 ], [ 1003729.2015, 155592.4146 ], [ 1003729.2115, 155580.0275 ], [ 1003720.616, 155562.533 ], [ 1003723.1298, 155544.6831 ], [ 1003723.1444, 155526.4668 ], [ 1003717.891, 155497.3166 ], [ 1003693.7622, 155455.7642 ], [ 1003686.5673, 155423.3335 ], [ 1003669.3751, 155389.8018 ], [ 1003752.2257, 155279.4774 ], [ 1003633.869, 155336.2176 ], [ 1003627.7637, 155330.3835 ], [ 1003615.8406, 155306.3286 ], [ 1003615.5724, 155294.3056 ], [ 1003597.5394, 155270.2458 ], [ 1003684.5641, 155149.7234 ], [ 1003562.2996, 155230.5063 ], [ 1003538.4197, 155224.6582 ], [ 1003538.429, 155212.9998 ], [ 1003556.5006, 155188.6043 ], [ 1003550.1412, 155152.8953 ], [ 1003567.9398, 155122.6704 ], [ 1003561.8679, 155074.5747 ], [ 1003573.834, 155044.7095 ], [ 1003573.58, 155014.8346 ], [ 1003595.2632, 154989.349 ], [ 1003584.2504, 154868.0199 ], [ 1003602.8778, 154843.6249 ], [ 1003446.5961, 154740.7613 ], [ 1003426.2429, 154488.2678 ], [ 1003487.9275, 154102.4959 ], [ 1003753.1074, 153833.1062 ], [ 1004256.6944, 153785.7885 ], [ 1004269.5697, 153327.8422 ], [ 1004576.2625, 152925.8814 ], [ 1004742.6452, 152586.1055 ], [ 1004938.524, 152515.5921 ], [ 1004818.6142, 152418.9443 ], [ 1004860.2997, 152393.4768 ], [ 1004882.2532, 152381.1083 ], [ 1004936.4404, 152352.737 ], [ 1004979.257, 152303.9538 ], [ 1005065.3512, 152317.5074 ], [ 1005159.8144, 152288.8067 ], [ 1005211.7565, 152287.7584 ], [ 1005270.9142, 152294.003 ], [ 1005338.4087, 152295.5187 ], [ 1005415.3242, 152323.2742 ], [ 1005470.0306, 152337.5305 ], [ 1005512.5164, 152350.6833 ], [ 1005592.8049, 152332.5373 ], [ 1005628.0804, 152332.5683 ], [ 1005733.9462, 152288.2139 ], [ 1005752.2691, 152298.7955 ], [ 1005900.0383, 152298.1979 ], [ 1006010.5931, 152291.3743 ], [ 1006093.9219, 152290.7204 ], [ 1006151.4193, 152289.6791 ], [ 1006200.8833, 152264.5852 ], [ 1006282.2266, 152309.4707 ], [ 1006401.6805, 152290.9986 ], [ 1006486.3994, 152288.8899 ], [ 1006549.9618, 152337.7677 ], [ 1006604.6417, 152380.0796 ], [ 1006691.2919, 152391.8178 ], [ 1006750.9717, 152433.406 ], [ 1006788.9919, 152468.7807 ], [ 1006815.6236, 152504.5093 ], [ 1006907.2512, 152539.5696 ], [ 1006939.7244, 152565.8313 ], [ 1006950.8598, 152538.8816 ], [ 1006981.9544, 152554.2123 ], [ 1007030.8124, 152583.404 ], [ 1007068.8474, 152602.3846 ], [ 1007119.6427, 152638.8648 ], [ 1007156.5819, 152641.4498 ], [ 1007203.5351, 152628.3784 ], [ 1007211.8516, 152645.5095 ], [ 1007224.0499, 152669.9308 ], [ 1007249.0503, 152667.4042 ], [ 1007276.8197, 152673.9883 ], [ 1007283.4417, 152720.6282 ], [ 1007299.8162, 152734.4881 ], [ 1007352.0148, 152754.9398 ], [ 1007389.7878, 152756.7973 ], [ 1007432.2687, 152773.2324 ], [ 1007502.2372, 152800.2592 ], [ 1007543.6136, 152809.7713 ], [ 1007572.7645, 152823.6435 ], [ 1007604.4173, 152835.3323 ], [ 1007641.3671, 152826.624 ], [ 1007650.2433, 152839.0196 ], [ 1007666.3316, 152861.2589 ], [ 1007720.4887, 152866.4117 ], [ 1007751.5884, 152875.5498 ], [ 1007760.7553, 152874.4657 ], [ 1007800.4632, 152885.7982 ], [ 1007874.9065, 152880.4055 ], [ 1007915.4564, 152882.6308 ], [ 1007934.9059, 152875.7276 ], [ 1007992.695, 152859.0249 ], [ 1008022.685, 152866.7051 ], [ 1008062.4405, 152829.2184 ], [ 1008121.3351, 152818.3464 ], [ 1008143.5541, 152819.8255 ], [ 1008183.8521, 152795.8196 ], [ 1008216.3494, 152795.8516 ], [ 1008248.8144, 152828.6729 ], [ 1008308.2635, 152818.8948 ], [ 1008329.9323, 152814.9087 ], [ 1008350.7913, 152787.2406 ], [ 1008391.064, 152789.1022 ], [ 1008419.4116, 152772.3713 ], [ 1008433.3088, 152762.9127 ], [ 1008473.6119, 152734.1711 ], [ 1008497.2621, 152693.0259 ], [ 1008732.3579, 152855.7504 ], [ 1008836.6765, 152696.6454 ], [ 1008927.7039, 152772.1529 ], [ 1009124.3131, 152812.7932 ], [ 1009496.3586, 152953.4417 ], [ 1009673.7532, 153039.2429 ], [ 1009872.5603, 153099.5651 ], [ 1010108.8793, 153144.2628 ], [ 1010243.2729, 153179.7456 ], [ 1010322.7099, 153179.4663 ], [ 1010336.7834, 153265.0978 ], [ 1010422.9445, 153210.5415 ], [ 1010557.6658, 153199.0284 ], [ 1010623.8067, 153165.5821 ], [ 1010698.2885, 153124.4942 ], [ 1010781.3214, 153138.0646 ], [ 1010853.8422, 153112.641 ], [ 1010877.6821, 153155.2932 ], [ 1011028.7576, 153174.4039 ], [ 1011051.7655, 153215.598 ], [ 1011146.9939, 153251.7713 ], [ 1011220.8446, 153279.5418 ], [ 1011341.3796, 153286.9622 ], [ 1011445.8157, 153284.8928 ], [ 1011513.5424, 153324.3157 ], [ 1011577.3509, 153389.9659 ], [ 1011703.6477, 153459.6942 ], [ 1011799.1003, 153541.411 ], [ 1011948.2388, 153551.4171 ], [ 1012039.9433, 153509.26 ], [ 1012090.1896, 153531.9056 ], [ 1012184.6492, 153509.4257 ], [ 1012275.5697, 153425.0067 ], [ 1012339.5538, 153336.5495 ], [ 1012428.8677, 153201.488 ], [ 1012495.9294, 153094.8184 ], [ 1012489.082, 153011.7443 ], [ 1012572.8822, 152842.7947 ], [ 1012609.685, 152723.3389 ], [ 1012592.0165, 152630.7796 ], [ 1012513.2487, 152531.5915 ], [ 1012593.668, 152405.2642 ], [ 1012673.504, 152303.3462 ], [ 1012771.7007, 152177.7689 ], [ 1012861.587, 152033.9659 ], [ 1012873.677, 151909.7452 ], [ 1009599.8608, 151182.9286 ], [ 1008738.984, 151239.6103 ], [ 1008656.4819, 151243.1706 ], [ 1008558.4286, 151242.7082 ], [ 1008451.2135, 151237.5007 ], [ 1008355.9527, 151222.1045 ], [ 1008242.9251, 151195.7614 ], [ 1008176.8119, 151198.9752 ], [ 1008062.0718, 151219.2649 ], [ 1007987.6347, 151212.9986 ], [ 1007902.1179, 151174.6612 ], [ 1007772.6745, 151175.6287 ], [ 1007632.928, 151203.1827 ], [ 1007443.7424, 151226.3184 ], [ 1007355.6387, 151278.6974 ], [ 1007265.6113, 151309.5797 ], [ 1007205.5903, 151333.2042 ], [ 1007122.786, 151363.3652 ], [ 1007040.2866, 151364.7451 ], [ 1006965.269, 151385.4415 ], [ 1006830.4995, 151439.9648 ], [ 1006716.2892, 151490.5003 ], [ 1006609.8649, 151532.2996 ], [ 1006494.8405, 151562.7975 ], [ 1006382.0339, 151598.3985 ], [ 1006282.834, 151638.7486 ], [ 1006165.305, 151675.4393 ], [ 1006011.9249, 151733.958 ], [ 1005843.832, 151783.3564 ], [ 1005654.0744, 151832.3727 ], [ 1005527.6783, 151846.8348 ], [ 1005411.0047, 151860.5774 ], [ 1005331.567, 151856.8652 ], [ 1005196.2664, 151890.2663 ], [ 1005013.5119, 151872.622 ], [ 1004807.1274, 151878.276 ], [ 1004652.6786, 151891.626 ], [ 1004419.9116, 151891.4319 ], [ 1004202.7113, 151876.6798 ], [ 1003988.5688, 151858.6533 ], [ 1003856.3674, 151839.9658 ], [ 1003790.5311, 151847.1993 ], [ 1003657.5189, 151800.0949 ], [ 1003581.7056, 151778.9037 ], [ 1003505.3458, 151746.0539 ], [ 1003455.1155, 151688.4508 ], [ 1003451.2635, 151641.8142 ], [ 1003487.9355, 151633.4637 ], [ 1003477.6863, 151597.7517 ], [ 1003441.5666, 151610.1102 ], [ 1003431.307, 151587.514 ], [ 1003387.4124, 151596.5875 ], [ 1003216.2912, 151616.8558 ], [ 1003211.5246, 151674.0511 ], [ 1003199.2793, 151704.2805 ], [ 1003182.05, 151714.1039 ], [ 1003153.4606, 151330.083 ], [ 1002999.262, 151015.5511 ], [ 1003067.2752, 150710.2992 ], [ 1003103.5125, 150547.474 ], [ 1003109.0871, 150523.0685 ], [ 1003128.8788, 150433.8243 ], [ 1003151.4277, 150371.1779 ], [ 1003162.8517, 150326.3748 ], [ 1003188.4944, 150214.9113 ], [ 1003187.461, 150115.0854 ], [ 1003204.4715, 150030.9396 ], [ 1003226.2178, 149929.6742 ], [ 1003246.2361, 149907.1017 ], [ 1003256.8472, 149836.4309 ], [ 1003295.5773, 149686.3593 ], [ 1003385.7026, 149178.9254 ], [ 1003323.5537, 149080.1445 ], [ 1003307.7433, 149049.5288 ], [ 1003279.9772, 149032.0195 ], [ 1003261.0969, 149019.2534 ], [ 1003154.4299, 149009.6978 ], [ 1002963.0353, 148998.9845 ], [ 1002879.9756, 148996.3705 ], [ 1002777.4731, 148989.7344 ], [ 1002680.8018, 148986.382 ], [ 1002539.959, 148985.1828 ], [ 1002443.0085, 148983.6528 ], [ 1002388.8387, 148982.5194 ], [ 1002342.448, 148980.2989 ], [ 1002333.562, 148975.5561 ], [ 1002334.6859, 148958.4337 ], [ 1002332.2163, 148917.2631 ], [ 1002327.5286, 148870.2617 ], [ 1002321.6948, 148870.2574 ], [ 1002319.4535, 148895.7585 ], [ 1002318.325, 148919.0744 ], [ 1002312.7244, 148979.1839 ], [ 1002299.3863, 148984.2745 ], [ 1002258.5375, 149001.0032 ], [ 1002207.406, 149023.5536 ], [ 1002122.105, 149046.8076 ], [ 1002077.3681, 149062.4407 ], [ 1002048.1933, 149070.7988 ], [ 1002015.1282, 149080.6114 ], [ 1001956.7831, 149091.1343 ], [ 1001911.7798, 149091.466 ], [ 1001867.0597, 149084.147 ], [ 1001859.5792, 149056.4529 ], [ 1001847.6703, 149006.1675 ], [ 1001846.8841, 148940.9528 ], [ 1001837.7278, 148925.6445 ], [ 1001820.7868, 148919.0744 ], [ 1001808.2519, 148966.0633 ], [ 1001790.4691, 148971.151 ], [ 1001563.235, 148964.0661 ], [ 1001340.4517, 148948.2426 ], [ 1000299.8447, 148907.094 ], [ 1000271.2316, 148906.7108 ], [ 1000249.5614, 148909.6112 ], [ 1000223.9979, 148918.7025 ], [ 1000223.7108, 148932.911 ], [ 1000239.5348, 148948.9517 ], [ 1000233.1294, 148973.3572 ], [ 1000204.2264, 148991.5545 ], [ 1000155.0466, 149006.0953 ], [ 1000062.5224, 149032.995 ], [ 1000007.2338, 149043.5246 ], [ 999921.6644, 149055.492 ], [ 999828.3173, 149066.7262 ], [ 999750.2558, 149067.405 ], [ 999680.5358, 149056.0666 ], [ 999658.8722, 149048.7664 ], [ 999629.7187, 149024.7025 ], [ 999630.8423, 149005.0297 ], [ 999649.7941, 148907.7669 ], [ 999654.2472, 148894.654 ], [ 999650.3739, 148869.5132 ], [ 999643.1576, 148859.3075 ], [ 999626.7642, 148864.3977 ], [ 999617.5759, 148897.5454 ], [ 999616.4442, 148929.9696 ], [ 999609.2097, 148948.5456 ], [ 999600.3151, 148956.5552 ], [ 999566.9731, 148966.3709 ], [ 999488.3511, 148974.3367 ], [ 999402.5098, 148976.8334 ], [ 999336.3968, 148972.0561 ], [ 999268.3456, 148956.7124 ], [ 999233.3558, 148935.9243 ], [ 999195.0471, 148891.0888 ], [ 999188.1167, 148867.4034 ], [ 999193.4103, 148842.2682 ], [ 999201.7467, 148838.2658 ], [ 999265.3586, 148845.2271 ], [ 999276.4864, 148819.7312 ], [ 999271.7692, 148810.9845 ], [ 999225.9411, 148796.3833 ], [ 999159.8302, 148787.2346 ], [ 999098.163, 148779.9104 ], [ 999032.3293, 148771.4908 ], [ 998770.9426, 148731.622 ], [ 998715.9421, 148724.6671 ], [ 998504.273, 148698.3108 ], [ 998453.995, 148691.3592 ], [ 998401.2199, 148678.9415 ], [ 998337.061, 148655.9518 ], [ 998266.5081, 148640.6094 ], [ 998198.1815, 148618.3463 ], [ 998176.7943, 148612.1405 ], [ 998152.9064, 148606.662 ], [ 998131.5139, 148609.5644 ], [ 998080.6773, 148607.3495 ], [ 998052.9022, 148598.2256 ], [ 997998.7328, 148594.5517 ], [ 997944.288, 148586.5058 ], [ 997855.3986, 148572.976 ], [ 997817.3443, 148564.5753 ], [ 997804.8444, 148562.3823 ], [ 997780.3993, 148559.4541 ], [ 997752.8934, 148565.6324 ], [ 997687.8903, 148560.4959 ], [ 997637.3321, 148556.8247 ], [ 997600.3851, 148555.3471 ], [ 997547.0537, 148542.9309 ], [ 997519.5599, 148526.8856 ], [ 997473.739, 148496.2574 ], [ 997445.1292, 148488.9553 ], [ 997422.6282, 148486.7572 ], [ 997376.236, 148484.9105 ], [ 997330.1172, 148491.0792 ], [ 997273.9914, 148508.5367 ], [ 997239.2677, 148505.2392 ], [ 997190.0949, 148508.1276 ], [ 997160.6479, 148507.7476 ], [ 997128.4258, 148501.9014 ], [ 997092.8689, 148498.2393 ], [ 997044.8128, 148490.5632 ], [ 997029.5273, 148502.5779 ], [ 997023.4162, 148501.4817 ], [ 997024.2638, 148474.5221 ], [ 997017.8961, 148432.9857 ], [ 997008.1742, 148430.4304 ], [ 996999.8311, 148447.5493 ], [ 997001.4819, 148478.1534 ], [ 996999.5224, 148506.5697 ], [ 996981.1776, 148525.1407 ], [ 996821.7104, 148540.7237 ], [ 996715.8677, 148539.9406 ], [ 996640.0313, 148532.2511 ], [ 996558.3617, 148523.1015 ], [ 996482.2485, 148513.2264 ], [ 996405.584, 148494.6074 ], [ 996366.148, 148470.178 ], [ 996367.5514, 148441.397 ], [ 996383.7007, 148367.8115 ], [ 996391.4965, 148333.2045 ], [ 996371.7738, 148330.2801 ], [ 996365.0968, 148349.586 ], [ 996344.216, 148441.0211 ], [ 996328.0959, 148455.9504 ], [ 996217.523, 148469.7401 ], [ 996123.9039, 148467.8726 ], [ 995970.2874, 148448.8533 ], [ 995781.1111, 148430.911 ], [ 995682.504, 148402.0828 ], [ 995643.0675, 148376.9259 ], [ 995649.512, 148259.6163 ], [ 995648.4296, 148198.0449 ], [ 995631.7588, 148203.1377 ], [ 995627.0081, 148262.8847 ], [ 995623.6528, 148309.1524 ], [ 995621.1372, 148341.9404 ], [ 995609.1851, 148355.7792 ], [ 995522.5031, 148370.3119 ], [ 995524.7928, 148824.626 ], [ 995074.7701, 148794.547 ], [ 994561.6871, 148760.4419 ], [ 994053.3412, 148687.0026 ], [ 993485.7855, 148705.3611 ], [ 993227.9678, 148754.0841 ], [ 992990.4252, 148817.7545 ], [ 992919.855, 148842.8677 ], [ 992898.4612, 148851.9682 ], [ 992842.3372, 148875.9937 ], [ 992606.1725, 148978.2868 ], [ 992651.3703, 149219.4853 ], [ 992668.2778, 149329.5173 ], [ 992726.4783, 149720.8224 ], [ 992698.4189, 149728.4634 ], [ 992718.6502, 149864.3637 ], [ 992731.6857, 149923.3888 ], [ 992826.2574, 150359.8832 ], [ 992824.2265, 150605.0732 ], [ 992851.1444, 150680.8623 ], [ 993001.5474, 151106.4475 ], [ 993034.014, 151197.9047 ], [ 992867.0616, 151228.4484 ], [ 992484.823, 151297.9021 ], [ 992268.1527, 151322.9681 ], [ 992328.6351, 151539.0329 ], [ 992381.6184, 151750.359 ], [ 992372.1751, 151748.1699 ], [ 992015.8286, 151659.8869 ], [ 991693.3649, 151579.6346 ], [ 991314.791, 151494.2697 ], [ 991300.3158, 151602.1057 ], [ 991298.3582, 151647.6458 ], [ 991294.7258, 151721.6027 ] ] ] ] } },
{ "type": "Feature", "properties": { "ZCTA5CE20": "11364", "GEOID20": "11364", "CLASSFP20": "B5", "MTFCC20": "G6350", "FUNCSTAT20": "S", "ALAND20": 6498280, "AWATER20": 0, "INTPTLAT20": "+40.7462507", "INTPTLON20": "-073.7560621" }, "geometry": { "type": "MultiPolygon", "coordinates": [ [ [ [ 1045257.9838, 213288.9745 ], [ 1045520.9537, 213385.0923 ], [ 1045765.3778, 213473.515 ], [ 1046009.7992, 213562.3045 ], [ 1045924.1156, 213808.376 ], [ 1046239.7881, 213768.7393 ], [ 1046345.0182, 213789.4109 ], [ 1046384.0611, 213798.2549 ], [ 1046352.6716, 213938.443 ], [ 1046538.6947, 214000.8564 ], [ 1046549.8602, 213968.4594 ], [ 1046616.0233, 213989.3963 ], [ 1046595.3817, 214043.629 ], [ 1046621.9472, 214056.0846 ], [ 1046781.6598, 214114.0603 ], [ 1046805.9392, 214045.9925 ], [ 1046878.4685, 214069.1326 ], [ 1046886.2806, 214048.0214 ], [ 1046903.5803, 214000.7027 ], [ 1046964.4469, 214034.0142 ], [ 1047140.6774, 214132.476 ], [ 1047196.5743, 214158.8529 ], [ 1047390.5874, 214236.96 ], [ 1047447.891, 214254.9615 ], [ 1047614.8037, 214312.9615 ], [ 1047703.9307, 214345.2557 ], [ 1047935.0627, 214424.5572 ], [ 1047915.243, 214481.3413 ], [ 1047894.5874, 214539.9448 ], [ 1048127.6648, 214615.9743 ], [ 1048248.0966, 214648.3529 ], [ 1048245.2982, 214658.9112 ], [ 1048292.0858, 214671.7863 ], [ 1048322.0301, 214558.1932 ], [ 1048438.0088, 214598.2121 ], [ 1048484.5425, 214602.3429 ], [ 1048761.424, 214666.1071 ], [ 1049037.825, 214701.8194 ], [ 1049112.3168, 214714.7701 ], [ 1049139.1787, 214719.2139 ], [ 1049115.8965, 214826.6301 ], [ 1049193.4149, 214847.2401 ], [ 1049186.6947, 214873.8185 ], [ 1049258.9529, 214892.9573 ], [ 1049270.7353, 214838.3388 ], [ 1049520.2081, 214893.2942 ], [ 1049540.9781, 214793.5226 ], [ 1049793.7222, 214868.1637 ], [ 1049766.5025, 214996.3357 ], [ 1050069.3551, 215083.5024 ], [ 1050102.9572, 214952.069 ], [ 1050226.7053, 214985.9238 ], [ 1050232.8851, 215056.6214 ], [ 1050999.168, 215368.4008 ], [ 1051171.2952, 215438.4626 ], [ 1051174.8595, 215451.9528 ], [ 1051180.9232, 215463.2639 ], [ 1051358.5749, 215638.9992 ], [ 1051776.2163, 215687.1568 ], [ 1051876.8266, 215472.1155 ], [ 1051889.3685, 215445.1898 ], [ 1051971.6594, 215640.338 ], [ 1052002.8965, 215664.8356 ], [ 1052047.7062, 215690.0998 ], [ 1052100.2923, 215708.4634 ], [ 1052130.75, 215714.3779 ], [ 1052337.9497, 215723.3381 ], [ 1052391.432, 215718.3875 ], [ 1052437.9997, 215709.41 ], [ 1052486.8002, 215694.6095 ], [ 1052533.9528, 215674.7037 ], [ 1052578.6244, 215650.4191 ], [ 1052618.5958, 215622.8422 ], [ 1052740.9567, 215851.2604 ], [ 1052870.2865, 216063.6683 ], [ 1053188.4412, 215924.3013 ], [ 1053350.2122, 215541.4819 ], [ 1053496.0862, 215682.895 ], [ 1054039.4865, 214771.7948 ], [ 1054314.1945, 214143.3815 ], [ 1054139.9891, 214025.1993 ], [ 1054177.7506, 213900.7059 ], [ 1054242.3266, 213701.2371 ], [ 1054319.4398, 213478.1229 ], [ 1054383.9856, 213385.7685 ], [ 1054400.4008, 213362.1343 ], [ 1054438.4596, 213327.2683 ], [ 1054478.4506, 213294.9582 ], [ 1054515.9491, 213262.2767 ], [ 1054566.4298, 213243.4776 ], [ 1054685.9926, 213192.8175 ], [ 1055348.6867, 213210.4162 ], [ 1055454.5181, 213213.2768 ], [ 1055519.0699, 213214.9236 ], [ 1055588.3568, 213113.8423 ], [ 1055713.1982, 212965.1971 ], [ 1055785.2208, 212876.5118 ], [ 1055875.261, 212785.3295 ], [ 1055951.9518, 212711.2319 ], [ 1056079.7677, 212588.8293 ], [ 1056593.0436, 212172.0986 ], [ 1056621.6542, 212148.1379 ], [ 1056764.4289, 212029.0626 ], [ 1056898.6613, 211894.6605 ], [ 1056987.3337, 211800.1993 ], [ 1057028.4739, 211756.2382 ], [ 1057156.9277, 211609.4329 ], [ 1057273.4564, 211466.6001 ], [ 1057335.7681, 211385.5412 ], [ 1057388.6241, 211316.1127 ], [ 1057449.8182, 211238.3297 ], [ 1057480.1296, 211202.3521 ], [ 1057514.0542, 211162.7422 ], [ 1057581.3308, 211089.7142 ], [ 1057668.6002, 211002.9023 ], [ 1057727.2703, 210935.6781 ], [ 1057990.2418, 210658.8534 ], [ 1058125.8274, 210539.7643 ], [ 1058317.4647, 210395.7078 ], [ 1058180.1849, 210160.6585 ], [ 1058024.8324, 210035.9481 ], [ 1057821.6853, 209863.0018 ], [ 1057559.8451, 209671.2988 ], [ 1057521.9631, 209644.2238 ], [ 1057074.8209, 209330.2801 ], [ 1057033.331, 209304.6523 ], [ 1056924.9058, 209236.9258 ], [ 1056841.3895, 209179.4755 ], [ 1056756.2439, 209110.7264 ], [ 1056593.7734, 208952.121 ], [ 1056574.984, 208933.8483 ], [ 1056515.0368, 208871.0045 ], [ 1056466.7185, 208811.4743 ], [ 1056414.5505, 208741.7315 ], [ 1056347.7871, 208640.9772 ], [ 1056220.6162, 208444.9529 ], [ 1055957.5098, 208015.7184 ], [ 1055860.4275, 207857.6756 ], [ 1055838.6215, 207828.1003 ], [ 1055649.8021, 207577.6117 ], [ 1055632.6833, 207556.0657 ], [ 1055455.1483, 207330.7508 ], [ 1055269.2427, 207123.6294 ], [ 1055239.9634, 207090.3895 ], [ 1055011.1627, 206860.9204 ], [ 1054949.2685, 206797.3461 ], [ 1054871.3381, 206720.6094 ], [ 1054775.996, 206627.063 ], [ 1054626.4931, 206478.3456 ], [ 1054579.5246, 206427.9316 ], [ 1054476.1948, 206316.5109 ], [ 1054440.2777, 206277.7878 ], [ 1054437.421, 206307.2905 ], [ 1054436.949, 206374.6907 ], [ 1054442.8502, 206442.4737 ], [ 1054455.1298, 206508.8178 ], [ 1054473.5118, 206573.3578 ], [ 1054515.8015, 206612.4638 ], [ 1054554.1984, 206655.9306 ], [ 1054588.1494, 206703.3922 ], [ 1054617.1022, 206754.1184 ], [ 1054640.5048, 206807.3789 ], [ 1054657.824, 206855.8854 ], [ 1054505.9685, 207424.5335 ], [ 1054491.507, 207441.9796 ], [ 1054165.5486, 207363.0714 ], [ 1053909.0876, 207305.4982 ], [ 1053654.5644, 207248.2976 ], [ 1053403.0863, 207191.837 ], [ 1053149.1109, 207136.1006 ], [ 1053110.0711, 207123.2382 ], [ 1052797.3734, 207056.0446 ], [ 1052509.6122, 206990.3825 ], [ 1052371.6823, 206960.1198 ], [ 1052094.4419, 206897.4068 ], [ 1051819.138, 206835.4311 ], [ 1051563.2213, 206777.5199 ], [ 1051308.1338, 206719.978 ], [ 1051052.2137, 206662.4366 ], [ 1050796.5694, 206604.8986 ], [ 1050541.7624, 206544.8152 ], [ 1050275.3072, 206487.2531 ], [ 1050009.6822, 206429.6963 ], [ 1049739.0812, 206367.0283 ], [ 1049458.2489, 206811.1225 ], [ 1049365.856, 206953.6929 ], [ 1050004.7122, 207241.4162 ], [ 1050060.5145, 207511.9023 ], [ 1050072.5324, 207576.7861 ], [ 1050078.4494, 207643.1108 ], [ 1050078.2676, 207710.1475 ], [ 1050075.7013, 207736.7369 ], [ 1050071.7129, 207776.8027 ], [ 1050059.0634, 207842.7126 ], [ 1050040.6003, 207906.4208 ], [ 1050016.6007, 207967.9281 ], [ 1049874.7851, 208350.8225 ], [ 1049758.0963, 208666.384 ], [ 1049560.9834, 209211.6237 ], [ 1049327.5958, 209853.6805 ], [ 1049211.2432, 210152.4863 ], [ 1049042.7431, 210264.6149 ], [ 1049015.5398, 210282.3946 ], [ 1048966.1142, 210320.5178 ], [ 1048928.8909, 210355.0302 ], [ 1048902.2138, 210383.3771 ], [ 1048866.627, 210427.731 ], [ 1048819.32, 210503.0221 ], [ 1048641.8276, 210977.2768 ], [ 1048615.3069, 211051.5304 ], [ 1048602.4642, 211087.9297 ], [ 1048522.451, 211062.943 ], [ 1048458.2308, 211038.3627 ], [ 1048361.6342, 210997.3021 ], [ 1048125.8755, 210874.2645 ], [ 1047861.9749, 210703.7922 ], [ 1047574.568, 210513.9518 ], [ 1047528.3547, 210490.1496 ], [ 1047305.0003, 210388.6481 ], [ 1046753.6319, 210258.2481 ], [ 1046387.2159, 210184.8051 ], [ 1046361.2694, 210253.5976 ], [ 1046335.8083, 210349.3521 ], [ 1046273.0694, 210502.5759 ], [ 1046098.951, 210977.222 ], [ 1046070.7137, 210966.9488 ], [ 1046006.7651, 210943.4687 ], [ 1045963.2157, 211070.5102 ], [ 1045905.6292, 211051.4185 ], [ 1045770.0097, 211427.4306 ], [ 1045917.0143, 211478.0816 ], [ 1045887.159, 211559.6164 ], [ 1045746.5296, 211508.253 ], [ 1045518.1397, 212085.1437 ], [ 1045324.6542, 212669.0467 ], [ 1045388.5989, 212692.525 ], [ 1045464.4465, 212720.4055 ], [ 1045359.8204, 213007.9653 ], [ 1045257.9838, 213288.9745 ] ] ] ] } },
{ "type": "Feature", "properties": { "ZCTA5CE20": "11365", "GEOID20": "11365", "CLASSFP20": "B5", "MTFCC20": "G6350", "FUNCSTAT20": "S", "ALAND20": 6439314, "AWATER20": 46201, "INTPTLAT20": "+40.7396342", "INTPTLON20": "-073.7944896" }, "geometry": { "type": "MultiPolygon", "coordinates": [ [ [ [ 1035849.3027, 210592.9437 ], [ 1035861.5791, 210683.6886 ], [ 1035870.8066, 210774.7914 ], [ 1035876.7081, 210866.2515 ], [ 1035879.2845, 210957.7045 ], [ 1035870.0654, 210993.0252 ], [ 1035855.8617, 211026.8779 ], [ 1035837.5064, 211058.5359 ], [ 1035743.6137, 211169.8224 ], [ 1036243.7433, 211565.8254 ], [ 1036447.3306, 211727.2975 ], [ 1036961.2674, 212134.2751 ], [ 1037584.7124, 212630.4014 ], [ 1037649.8387, 212623.9866 ], [ 1037909.7891, 212598.6923 ], [ 1038168.358, 212571.9404 ], [ 1038426.0954, 212545.5536 ], [ 1038686.327, 212519.1753 ], [ 1038867.2901, 212504.2798 ], [ 1038868.1483, 212492.2588 ], [ 1039046.9231, 212464.9724 ], [ 1039033.5875, 212235.4124 ], [ 1039177.9763, 212221.5298 ], [ 1039436.2735, 212194.7907 ], [ 1039694.2934, 212168.4181 ], [ 1039952.5901, 212142.4132 ], [ 1040081.7308, 212132.873 ], [ 1040095.0309, 212253.1335 ], [ 1040179.9211, 212207.7873 ], [ 1040220.7421, 212168.5334 ], [ 1040241.2911, 212148.9068 ], [ 1040302.3796, 212212.0775 ], [ 1040370.1404, 212145.5611 ], [ 1040429.8474, 212206.9072 ], [ 1040340.703, 212294.5053 ], [ 1040416.2341, 212342.4076 ], [ 1040414.4823, 212381.0229 ], [ 1040649.3596, 212536.0448 ], [ 1040759.1954, 212605.8879 ], [ 1041080.2319, 212290.032 ], [ 1041108.5311, 212274.0676 ], [ 1041107.0078, 212214.6777 ], [ 1041105.2381, 212142.1713 ], [ 1041648.3697, 212117.9463 ], [ 1041642.5557, 211998.7956 ], [ 1041716.2638, 211996.784 ], [ 1041798.0073, 211994.7917 ], [ 1042035.1751, 212116.6781 ], [ 1042288.4823, 212208.7302 ], [ 1042543.4492, 212301.1532 ], [ 1042787.3382, 212390.6375 ], [ 1043032.887, 212480.4926 ], [ 1042986.8718, 212603.5258 ], [ 1043234.9096, 212694.1177 ], [ 1043280.3761, 212569.2619 ], [ 1043475.5325, 212643.3327 ], [ 1043528.1245, 212664.5924 ], [ 1043773.6802, 212749.3544 ], [ 1044017.8382, 212838.4874 ], [ 1044262.5494, 212927.2599 ], [ 1044506.1515, 213015.6678 ], [ 1044750.8591, 213104.4453 ], [ 1044868.7847, 213146.6379 ], [ 1045257.9838, 213288.9745 ], [ 1045359.8204, 213007.9653 ], [ 1045464.4465, 212720.4055 ], [ 1045388.5989, 212692.525 ], [ 1045324.6542, 212669.0467 ], [ 1045518.1397, 212085.1437 ], [ 1045746.5296, 211508.253 ], [ 1045887.159, 211559.6164 ], [ 1045917.0143, 211478.0816 ], [ 1045770.0097, 211427.4306 ], [ 1045905.6292, 211051.4185 ], [ 1045963.2157, 211070.5102 ], [ 1046006.7651, 210943.4687 ], [ 1046070.7137, 210966.9488 ], [ 1046098.951, 210977.222 ], [ 1046273.0694, 210502.5759 ], [ 1046335.8083, 210349.3521 ], [ 1046361.2694, 210253.5976 ], [ 1046387.2159, 210184.8051 ], [ 1046398.6441, 210158.6024 ], [ 1046409.2523, 210128.0255 ], [ 1046414.8353, 210112.0092 ], [ 1046434.9368, 210053.403 ], [ 1046722.1263, 209256.6155 ], [ 1046804.5263, 209003.6164 ], [ 1046823.0121, 208927.5184 ], [ 1046942.8071, 208466.9464 ], [ 1047075.9897, 207975.0771 ], [ 1047196.9492, 207603.4067 ], [ 1047005.9224, 207528.5883 ], [ 1046776.685, 207440.1926 ], [ 1046670.9268, 207398.7508 ], [ 1046562.1208, 207356.9374 ], [ 1046497.6154, 207330.9043 ], [ 1046371.1823, 207679.2468 ], [ 1046022.6312, 207539.5466 ], [ 1046070.145, 207381.9115 ], [ 1045151.2082, 207035.6588 ], [ 1045191.8007, 206873.2683 ], [ 1045099.1569, 206794.3401 ], [ 1045109.4814, 206766.3124 ], [ 1044870.0158, 206661.8785 ], [ 1044630.5472, 206557.8113 ], [ 1044383.0476, 206450.4475 ], [ 1044134.161, 206342.7186 ], [ 1043895.514, 206240.118 ], [ 1043655.4829, 206136.0591 ], [ 1043421.2848, 206025.8231 ], [ 1043184.8728, 205913.398 ], [ 1042947.8998, 205802.7955 ], [ 1042707.2516, 205721.3331 ], [ 1042460.7772, 205641.6808 ], [ 1042214.0319, 205558.7513 ], [ 1041971.1486, 205482.7558 ], [ 1041723.8388, 205402.7447 ], [ 1041475.6967, 205322.3698 ], [ 1041331.4094, 205275.0312 ], [ 1041291.4826, 205399.9033 ], [ 1041042.5008, 205322.4455 ], [ 1041036.4611, 205179.2489 ], [ 1040782.7748, 205097.4108 ], [ 1040533.2374, 205018.4996 ], [ 1040290.9078, 204938.1503 ], [ 1040050.2329, 204860.7218 ], [ 1039807.8952, 204782.5633 ], [ 1039568.0488, 204705.1416 ], [ 1039322.881, 204651.3918 ], [ 1039074.9009, 204615.126 ], [ 1038828.3068, 204578.5015 ], [ 1038809.1715, 204706.7034 ], [ 1038404.9229, 204647.1409 ], [ 1038422.9474, 204518.9362 ], [ 1038255.0394, 204494.5162 ], [ 1038158.6169, 204480.4573 ], [ 1038118.4409, 204474.5388 ], [ 1038113.3695, 204511.6895 ], [ 1038099.3101, 204602.3769 ], [ 1037739.9425, 204550.2117 ], [ 1037713.0688, 204545.0519 ], [ 1037717.5701, 204514.8222 ], [ 1037731.9173, 204418.6702 ], [ 1037609.451, 204399.8198 ], [ 1037590.616, 204520.3723 ], [ 1037340.9691, 204484.1206 ], [ 1037359.8069, 204361.7462 ], [ 1037237.0621, 204343.2615 ], [ 1037149.7818, 204330.6838 ], [ 1037117.3636, 204325.8769 ], [ 1037108.6882, 204364.1129 ], [ 1037095.475, 204449.7021 ], [ 1036739.4314, 204396.466 ], [ 1036752.6425, 204311.2409 ], [ 1036747.4591, 204272.9748 ], [ 1036666.2735, 204261.5051 ], [ 1036394.4769, 204470.4107 ], [ 1036457.0958, 204480.0179 ], [ 1036416.745, 204813.2949 ], [ 1036477.0641, 204860.7877 ], [ 1036466.5498, 204981.359 ], [ 1036395.1471, 205061.7229 ], [ 1036394.701, 205269.3912 ], [ 1036567.8723, 205293.4453 ], [ 1036617.2481, 205402.4871 ], [ 1036331.4528, 205812.4745 ], [ 1036276.2384, 206099.8142 ], [ 1036207.0064, 206074.1627 ], [ 1036227.5871, 206558.4042 ], [ 1036228.6231, 206592.2893 ], [ 1036233.5532, 206619.6248 ], [ 1036251.5236, 206640.0659 ], [ 1036318.5555, 206656.9688 ], [ 1036302.0004, 206752.024 ], [ 1036288.3597, 206780.4127 ], [ 1036271.1498, 206793.1274 ], [ 1036229.7961, 206821.0924 ], [ 1036217.5794, 206831.6319 ], [ 1036211.7221, 206849.1073 ], [ 1036192.952, 206943.4292 ], [ 1036159.3672, 207356.1459 ], [ 1036155.9762, 207386.7425 ], [ 1036081.5182, 207474.0232 ], [ 1036077.3418, 207483.1226 ], [ 1036080.6339, 207498.7959 ], [ 1036087.5186, 207519.2132 ], [ 1036087.4432, 207554.5533 ], [ 1036099.3356, 207565.873 ], [ 1036111.5317, 207564.806 ], [ 1036200.4925, 207563.9033 ], [ 1036205.4692, 207569.3789 ], [ 1036211.5465, 207578.5002 ], [ 1036225.8334, 207765.7976 ], [ 1036234.707, 207763.2663 ], [ 1036496.0724, 207747.7968 ], [ 1036766.0284, 207732.713 ], [ 1036770.5086, 207839.4721 ], [ 1036773.1679, 207891.213 ], [ 1036776.6239, 207958.9863 ], [ 1036676.57, 207964.235 ], [ 1036677.1022, 207974.4375 ], [ 1036637.1923, 207976.173 ], [ 1036641.1321, 208333.5916 ], [ 1036794.1192, 208326.2713 ], [ 1037063.7799, 208316.6552 ], [ 1037064.7235, 208392.4384 ], [ 1037065.2025, 208427.051 ], [ 1037851.4753, 208390.5195 ], [ 1037921.8694, 208388.1247 ], [ 1037747.193, 208428.9087 ], [ 1037445.5456, 208492.7327 ], [ 1037332.763, 208490.2998 ], [ 1037072.5024, 208510.8634 ], [ 1036804.2215, 208524.1257 ], [ 1036810.057, 208644.7324 ], [ 1036669.5468, 208649.8935 ], [ 1036688.1202, 209031.7542 ], [ 1036827.8016, 209024.4053 ], [ 1036830.1772, 209079.0603 ], [ 1036833.6163, 209154.4846 ], [ 1036693.1067, 209160.7387 ], [ 1036724.1465, 209800.2095 ], [ 1036597.1755, 209826.5316 ], [ 1036337.4145, 209879.5297 ], [ 1036080.4272, 209931.8079 ], [ 1035705.3261, 210016.628 ], [ 1035849.3027, 210592.9437 ] ] ] ] } },
{ "type": "Feature", "properties": { "ZCTA5CE20": "11366", "GEOID20": "11366", "CLASSFP20": "B5", "MTFCC20": "G6350", "FUNCSTAT20": "S", "ALAND20": 3946393, "AWATER20": 0, "INTPTLAT20": "+40.7311205", "INTPTLON20": "-073.7804580" }, "geometry": { "type": "MultiPolygon", "coordinates": [ [ [ [ 1036666.2735, 204261.5051 ], [ 1036747.4591, 204272.9748 ], [ 1036752.6425, 204311.2409 ], [ 1036739.4314, 204396.466 ], [ 1037095.475, 204449.7021 ], [ 1037108.6882, 204364.1129 ], [ 1037117.3636, 204325.8769 ], [ 1037149.7818, 204330.6838 ], [ 1037237.0621, 204343.2615 ], [ 1037359.8069, 204361.7462 ], [ 1037340.9691, 204484.1206 ], [ 1037590.616, 204520.3723 ], [ 1037609.451, 204399.8198 ], [ 1037731.9173, 204418.6702 ], [ 1037717.5701, 204514.8222 ], [ 1037713.0688, 204545.0519 ], [ 1037739.9425, 204550.2117 ], [ 1038099.3101, 204602.3769 ], [ 1038113.3695, 204511.6895 ], [ 1038118.4409, 204474.5388 ], [ 1038158.6169, 204480.4573 ], [ 1038255.0394, 204494.5162 ], [ 1038422.9474, 204518.9362 ], [ 1038404.9229, 204647.1409 ], [ 1038809.1715, 204706.7034 ], [ 1038828.3068, 204578.5015 ], [ 1039074.9009, 204615.126 ], [ 1039322.881, 204651.3918 ], [ 1039568.0488, 204705.1416 ], [ 1039807.8952, 204782.5633 ], [ 1040050.2329, 204860.7218 ], [ 1040290.9078, 204938.1503 ], [ 1040533.2374, 205018.4996 ], [ 1040782.7748, 205097.4108 ], [ 1041036.4611, 205179.2489 ], [ 1041042.5008, 205322.4455 ], [ 1041291.4826, 205399.9033 ], [ 1041331.4094, 205275.0312 ], [ 1041475.6967, 205322.3698 ], [ 1041723.8388, 205402.7447 ], [ 1041971.1486, 205482.7558 ], [ 1042214.0319, 205558.7513 ], [ 1042460.7772, 205641.6808 ], [ 1042707.2516, 205721.3331 ], [ 1042947.8998, 205802.7955 ], [ 1043184.8728, 205913.398 ], [ 1043421.2848, 206025.8231 ], [ 1043655.4829, 206136.0591 ], [ 1043895.514, 206240.118 ], [ 1044134.161, 206342.7186 ], [ 1044383.0476, 206450.4475 ], [ 1044630.5472, 206557.8113 ], [ 1044870.0158, 206661.8785 ], [ 1045109.4814, 206766.3124 ], [ 1045099.1569, 206794.3401 ], [ 1045191.8007, 206873.2683 ], [ 1045151.2082, 207035.6588 ], [ 1046070.145, 207381.9115 ], [ 1046022.6312, 207539.5466 ], [ 1046371.1823, 207679.2468 ], [ 1046497.6154, 207330.9043 ], [ 1046562.1208, 207356.9374 ], [ 1046670.9268, 207398.7508 ], [ 1046776.685, 207440.1926 ], [ 1047005.9224, 207528.5883 ], [ 1047196.9492, 207603.4067 ], [ 1047075.9897, 207975.0771 ], [ 1046942.8071, 208466.9464 ], [ 1046823.0121, 208927.5184 ], [ 1046804.5263, 209003.6164 ], [ 1046722.1263, 209256.6155 ], [ 1046434.9368, 210053.403 ], [ 1046414.8353, 210112.0092 ], [ 1046409.2523, 210128.0255 ], [ 1046398.6441, 210158.6024 ], [ 1046387.2159, 210184.8051 ], [ 1046753.6319, 210258.2481 ], [ 1047305.0003, 210388.6481 ], [ 1047528.3547, 210490.1496 ], [ 1047574.568, 210513.9518 ], [ 1047861.9749, 210703.7922 ], [ 1048125.8755, 210874.2645 ], [ 1048361.6342, 210997.3021 ], [ 1048458.2308, 211038.3627 ], [ 1048522.451, 211062.943 ], [ 1048602.4642, 211087.9297 ], [ 1048615.3069, 211051.5304 ], [ 1048641.8276, 210977.2768 ], [ 1048819.32, 210503.0221 ], [ 1048866.627, 210427.731 ], [ 1048902.2138, 210383.3771 ], [ 1048928.8909, 210355.0302 ], [ 1048966.1142, 210320.5178 ], [ 1049015.5398, 210282.3946 ], [ 1049042.7431, 210264.6149 ], [ 1049211.2432, 210152.4863 ], [ 1049327.5958, 209853.6805 ], [ 1049560.9834, 209211.6237 ], [ 1049758.0963, 208666.384 ], [ 1049874.7851, 208350.8225 ], [ 1050016.6007, 207967.9281 ], [ 1050040.6003, 207906.4208 ], [ 1050059.0634, 207842.7126 ], [ 1050071.7129, 207776.8027 ], [ 1050075.7013, 207736.7369 ], [ 1050078.2676, 207710.1475 ], [ 1050078.4494, 207643.1108 ], [ 1050072.5324, 207576.7861 ], [ 1050060.5145, 207511.9023 ], [ 1050004.7122, 207241.4162 ], [ 1049365.856, 206953.6929 ], [ 1049458.2489, 206811.1225 ], [ 1049739.0812, 206367.0283 ], [ 1049581.759, 206331.2641 ], [ 1049432.4696, 206296.9799 ], [ 1049402.0023, 206289.9758 ], [ 1049226.4013, 206249.0642 ], [ 1049272.0276, 206183.9709 ], [ 1049509.0328, 205858.1648 ], [ 1049589.3819, 205764.3831 ], [ 1049820.9809, 205493.5797 ], [ 1050140.5583, 205180.7547 ], [ 1050203.07, 205125.1815 ], [ 1050330.3016, 205017.6851 ], [ 1050465.2858, 204913.4894 ], [ 1050585.5478, 204821.6416 ], [ 1050717.7227, 204732.013 ], [ 1050761.0388, 204703.3493 ], [ 1050801.8365, 204683.4228 ], [ 1051080.8751, 204506.0308 ], [ 1051199.4343, 204430.2119 ], [ 1051592.839, 204092.8351 ], [ 1051599.2351, 204085.2018 ], [ 1051665.1377, 204008.5106 ], [ 1051662.714, 203983.0006 ], [ 1051635.8557, 203973.0891 ], [ 1051595.4222, 203960.9539 ], [ 1051470.2581, 203918.3445 ], [ 1051321.2387, 203882.2278 ], [ 1051170.7978, 203858.8597 ], [ 1051042.5124, 203842.1115 ], [ 1050916.7083, 203830.1071 ], [ 1050774.8092, 203824.9816 ], [ 1050544.6737, 203854.5917 ], [ 1050275.1428, 203897.9415 ], [ 1050209.1493, 203907.5991 ], [ 1050105.7141, 203925.8993 ], [ 1049690.8669, 203998.737 ], [ 1049547.2173, 204026.4039 ], [ 1049468.1867, 204040.0361 ], [ 1049373.3859, 204043.0606 ], [ 1049258.3741, 204037.6517 ], [ 1049040.3106, 204011.2012 ], [ 1048780.1825, 203959.8663 ], [ 1048629.4935, 203924.8547 ], [ 1048424.7893, 203876.9495 ], [ 1048210.1119, 203826.8339 ], [ 1047919.8925, 203728.0657 ], [ 1047706.8881, 203673.2226 ], [ 1047450.4679, 203579.2847 ], [ 1047240.2754, 203508.058 ], [ 1047005.7835, 203400.7015 ], [ 1046819.5494, 203281.4486 ], [ 1046638.5818, 203161.482 ], [ 1046323.5559, 202893.9835 ], [ 1045956.0263, 202560.0472 ], [ 1045922.6454, 202606.5969 ], [ 1045902.067, 202632.7765 ], [ 1045854.7606, 202705.5229 ], [ 1045819.3779, 202776.4779 ], [ 1045774.2461, 202866.3535 ], [ 1045835.4527, 202886.5469 ], [ 1045900.2404, 202915.4935 ], [ 1045953.6626, 202944.7758 ], [ 1046011.2155, 202984.6343 ], [ 1046064.3194, 203029.9466 ], [ 1046108.0026, 203073.7777 ], [ 1046153.8679, 203131.4591 ], [ 1046187.0031, 203181.0928 ], [ 1046221.2078, 203246.0311 ], [ 1046244.355, 203299.2827 ], [ 1046549.6408, 203580.2355 ], [ 1046458.3213, 203846.6925 ], [ 1046346.3898, 204153.5381 ], [ 1046132.5773, 204742.1174 ], [ 1045896.1903, 205383.834 ], [ 1045643.9321, 205292.476 ], [ 1045400.5346, 205203.6933 ], [ 1045156.0267, 205114.9102 ], [ 1044903.2068, 205024.2872 ], [ 1045004.2565, 204737.446 ], [ 1044348.0875, 204451.2695 ], [ 1044227.6601, 204731.1431 ], [ 1044123.5569, 204686.4377 ], [ 1043889.8789, 204585.3068 ], [ 1043650.6637, 204480.8857 ], [ 1043510.8432, 204420.0649 ], [ 1043411.1693, 204376.4663 ], [ 1043180.5315, 204276.4427 ], [ 1042940.4787, 204172.0266 ], [ 1042701.5291, 204069.0728 ], [ 1042605.7274, 204027.6728 ], [ 1042461.4757, 203963.2041 ], [ 1042221.9675, 203860.2538 ], [ 1041972.7382, 203764.9336 ], [ 1041532.4563, 203584.6396 ], [ 1041286.3062, 203474.0318 ], [ 1041039.3259, 203361.9673 ], [ 1040826.9523, 203266.3809 ], [ 1040586.3361, 203157.2505 ], [ 1040349.0388, 203050.3162 ], [ 1040110.0789, 202942.2873 ], [ 1039871.9484, 202834.2628 ], [ 1039633.2614, 202726.2393 ], [ 1039395.1242, 202619.3124 ], [ 1039134.0055, 202500.3129 ], [ 1038918.2931, 202403.6427 ], [ 1038754.6261, 202335.8734 ], [ 1038677.1071, 202293.8014 ], [ 1038432.864, 202186.5059 ], [ 1038388.2834, 202165.2753 ], [ 1038163.1624, 202058.7539 ], [ 1038083.9646, 202022.8736 ], [ 1038013.0751, 201990.2911 ], [ 1037924.739, 201950.0191 ], [ 1037687.6979, 201842.0185 ], [ 1037448.1639, 201732.193 ], [ 1037183.6902, 201617.5793 ], [ 1037152.3369, 201758.5073 ], [ 1037037.1138, 201716.7227 ], [ 1036943.4153, 201974.8303 ], [ 1037099.148, 201998.1216 ], [ 1037028.7473, 202250.086 ], [ 1037014.2226, 202301.0608 ], [ 1036956.129, 202502.7744 ], [ 1036878.8041, 202753.6312 ], [ 1036803.9729, 203005.5867 ], [ 1036740.5046, 203259.0243 ], [ 1036721.9399, 203512.5591 ], [ 1036722.7865, 203762.1282 ], [ 1036706.3452, 203931.1426 ], [ 1036720.0274, 204012.7825 ], [ 1036666.2735, 204261.5051 ] ] ] ] } },
{ "type": "Feature", "properties": { "ZCTA5CE20": "11228", "GEOID20": "11228", "CLASSFP20": "B5", "MTFCC20": "G6350", "FUNCSTAT20": "S", "ALAND20": 3877759, "AWATER20": 0, "INTPTLAT20": "+40.6167251", "INTPTLON20": "-074.0134316" }, "geometry": { "type": "MultiPolygon", "coordinates": [ [ [ [ 976288.4188, 162915.4248 ], [ 976333.6968, 162985.3607 ], [ 976369.2604, 163065.1365 ], [ 976638.4023, 163420.6332 ], [ 976849.481, 163674.5034 ], [ 976856.1471, 163684.3382 ], [ 976901.9744, 163744.8024 ], [ 976947.8074, 163824.9404 ], [ 976852.3223, 163887.9977 ], [ 977063.4126, 164202.7123 ], [ 977162.8521, 164373.9164 ], [ 977436.4274, 164792.0849 ], [ 977683.325, 165145.4135 ], [ 977757.987, 165084.9153 ], [ 977785.2046, 165127.8985 ], [ 978069.8677, 165555.908 ], [ 978208.7178, 165739.4936 ], [ 978363.6802, 165978.0894 ], [ 978376.4547, 165997.3957 ], [ 978390.6178, 166019.2518 ], [ 978415.6113, 166057.5001 ], [ 978516.9742, 166217.4153 ], [ 978635.8294, 166398.0935 ], [ 978643.0498, 166410.479 ], [ 978693.8709, 166499.7273 ], [ 978759.688, 166616.2968 ], [ 978807.736, 166722.305 ], [ 978848.2651, 166723.0246 ], [ 978863.8106, 166723.7498 ], [ 978915.1663, 166725.9245 ], [ 979009.2715, 166727.3613 ], [ 979297.308, 167560.8801 ], [ 979469.242, 168110.979 ], [ 979549.513, 168371.8212 ], [ 979563.401, 168419.181 ], [ 979630.3404, 168648.3297 ], [ 979713.6608, 168906.986 ], [ 979795.594, 169179.123 ], [ 980113.3669, 168931.3246 ], [ 980128.8843, 168774.6615 ], [ 980684.2387, 168312.9717 ], [ 980879.6547, 168323.145 ], [ 980898.5279, 168308.205 ], [ 980979.5719, 168243.7082 ], [ 980901.5585, 168142.436 ], [ 981174.1143, 167927.4472 ], [ 981248.7966, 168030.5423 ], [ 981285.4337, 168001.3917 ], [ 981335.3936, 167962.0384 ], [ 981307.6312, 167926.702 ], [ 981268.2084, 167876.7941 ], [ 981378.6761, 167790.7997 ], [ 981365.9053, 167774.4065 ], [ 981759.487, 167462.1351 ], [ 981806.1278, 167523.3373 ], [ 981916.8768, 167439.1669 ], [ 981946.3046, 167476.6898 ], [ 981991.8256, 167440.6172 ], [ 982039.8448, 167402.7228 ], [ 981961.5555, 167302.1759 ], [ 982370.4193, 166978.9832 ], [ 982443.989, 167082.4464 ], [ 982473.4121, 167059.4916 ], [ 982558.073, 166992.8138 ], [ 982578.8913, 166976.4177 ], [ 982603.3181, 166957.1067 ], [ 982550.0154, 166887.8883 ], [ 982598.5918, 166849.995 ], [ 982573.3288, 166822.3079 ], [ 982978.3221, 166493.2965 ], [ 983025.7943, 166550.8577 ], [ 983136.5519, 166465.9643 ], [ 983169.5879, 166507.496 ], [ 983222.885, 166465.2318 ], [ 983277.2926, 166422.2391 ], [ 983195.1188, 166319.8668 ], [ 983584.5836, 166011.9971 ], [ 983666.4792, 166113.2778 ], [ 983727.2731, 166064.821 ], [ 983779.7393, 166023.2867 ], [ 983793.3411, 165977.017 ], [ 983793.8939, 165848.7741 ], [ 984187.8155, 165536.1778 ], [ 984391.3031, 165539.0928 ], [ 984363.2647, 165503.0243 ], [ 984456.5423, 165421.4158 ], [ 984426.5606, 165378.425 ], [ 984495.4087, 165327.0556 ], [ 984552.318, 165411.58 ], [ 984640.0441, 165341.9949 ], [ 984628.9405, 165288.0744 ], [ 984750.5366, 165191.1658 ], [ 984729.9938, 165159.8333 ], [ 984746.9285, 165146.7179 ], [ 984724.1648, 165113.9281 ], [ 984810.7821, 165041.429 ], [ 984730.5534, 164937.9586 ], [ 984785.2448, 164894.9692 ], [ 984841.0468, 164850.887 ], [ 984678.6444, 164647.2252 ], [ 984520.126, 164441.0143 ], [ 984452.3858, 164495.2982 ], [ 984409.3558, 164294.9185 ], [ 984392.1437, 164213.6736 ], [ 984355.4971, 164237.7189 ], [ 984195.3076, 164035.5177 ], [ 984021.2338, 163816.1943 ], [ 983847.7121, 163596.5079 ], [ 983686.1259, 163393.2171 ], [ 983524.2594, 163189.563 ], [ 983430.6985, 163263.8886 ], [ 983274.6592, 163055.8641 ], [ 983249.6727, 163075.5387 ], [ 983090.8543, 162869.3372 ], [ 983003.9469, 162749.1138 ], [ 983106.1147, 162661.6706 ], [ 983039.7541, 162578.6074 ], [ 982877.8767, 162374.2291 ], [ 982717.1072, 162170.9448 ], [ 982580.2151, 161998.6275 ], [ 982394.4496, 161764.0151 ], [ 982220.0655, 161543.9761 ], [ 982157.8641, 161465.2869 ], [ 982134.5385, 161435.7786 ], [ 982074.5691, 161484.6035 ], [ 982007.0897, 161386.2416 ], [ 981931.2948, 161442.355 ], [ 981895.1945, 161390.2598 ], [ 981877.1481, 161403.013 ], [ 981746.6228, 161142.8973 ], [ 981640.8187, 160994.9921 ], [ 981729.3853, 160925.0322 ], [ 981672.1793, 160852.5373 ], [ 981645.2423, 160818.2936 ], [ 981537.7963, 160904.6505 ], [ 981222.3231, 160510.4871 ], [ 981329.2139, 160420.1213 ], [ 981281.4477, 160360.0133 ], [ 981244.7898, 160314.1127 ], [ 981203.1329, 160261.2906 ], [ 981188.9694, 160243.0761 ], [ 981077.0782, 160317.0486 ], [ 980704.6559, 159847.8484 ], [ 980733.2535, 159828.1706 ], [ 980313.8839, 159326.1939 ], [ 980387.1634, 159149.4842 ], [ 980367.9989, 159121.7985 ], [ 980217.7355, 158897.7626 ], [ 980230.212, 158780.812 ], [ 980236.0341, 158723.9762 ], [ 980147.1544, 158606.6782 ], [ 979992.7703, 158667.1828 ], [ 979935.2903, 158674.8437 ], [ 979796.1754, 158710.5727 ], [ 979620.1286, 158746.6738 ], [ 979471.5697, 158764.9189 ], [ 979287.1859, 158764.9558 ], [ 979164.4422, 158735.4707 ], [ 979127.5111, 158741.3077 ], [ 979060.5939, 158766.096 ], [ 978939.8088, 158805.4693 ], [ 978849.0272, 158903.4929 ], [ 978907.3621, 158999.2977 ], [ 978920.1389, 159014.5966 ], [ 979048.4628, 159173.7791 ], [ 979073.7385, 159204.7414 ], [ 979187.6223, 159369.757 ], [ 979385.1091, 159652.7979 ], [ 979441.4934, 159733.667 ], [ 979450.6589, 159744.9593 ], [ 979946.4193, 160365.6777 ], [ 979741.8042, 160508.1662 ], [ 979524.4211, 160661.953 ], [ 979362.7817, 160471.0782 ], [ 979264.4733, 160401.5119 ], [ 979144.2406, 160389.5141 ], [ 978931.5517, 160411.4192 ], [ 978689.7167, 160471.2227 ], [ 978591.4318, 160510.9569 ], [ 978440.1248, 160600.2524 ], [ 978279.6648, 160725.2551 ], [ 977501.8145, 161318.9454 ], [ 977371.0604, 161398.7694 ], [ 977376.3468, 161437.3865 ], [ 977393.5797, 161502.2317 ], [ 977424.7047, 161600.5909 ], [ 977922.9525, 163191.1039 ], [ 977597.897, 163397.0349 ], [ 977440.7853, 163500.547 ], [ 977481.8945, 163570.8505 ], [ 977518.5348, 163545.3375 ], [ 977751.0078, 163900.8567 ], [ 977625.5417, 163980.678 ], [ 977665.5372, 164044.0599 ], [ 977586.4279, 164095.8157 ], [ 977530.5936, 163981.797 ], [ 977470.3591, 164019.7036 ], [ 977288.4287, 163722.8291 ], [ 977410.286, 163643.7358 ], [ 977355.2907, 163557.7703 ], [ 977305.5627, 163445.9363 ], [ 977222.0101, 163497.6947 ], [ 977182.0382, 163522.4804 ], [ 976782.2531, 162635.83 ], [ 976803.9063, 162626.3509 ], [ 976750.0037, 162496.6674 ], [ 976600.9359, 162582.6948 ], [ 976416.8979, 162704.8026 ], [ 976391.3586, 162716.1049 ], [ 976335.2831, 162740.8973 ], [ 976206.1988, 162798.1389 ], [ 976288.4188, 162915.4248 ] ] ] ] } },
{ "type": "Feature", "properties": { "ZCTA5CE20": "11367", "GEOID20": "11367", "CLASSFP20": "B5", "MTFCC20": "G6350", "FUNCSTAT20": "S", "ALAND20": 4952610, "AWATER20": 0, "INTPTLAT20": "+40.7304720", "INTPTLON20": "-073.8227409" }, "geometry": { "type": "MultiPolygon", "coordinates": [ [ [ [ 1029225.1302, 210098.8469 ], [ 1029291.0518, 210114.2711 ], [ 1029323.7347, 210122.347 ], [ 1029331.4915, 210123.4545 ], [ 1029351.9908, 210126.7715 ], [ 1029377.4753, 210131.5552 ], [ 1029402.6853, 210134.8811 ], [ 1029471.9467, 210142.2967 ], [ 1029648.1674, 210150.6409 ], [ 1029653.1552, 210150.6503 ], [ 1029723.2573, 210152.9675 ], [ 1029733.0603, 210097.243 ], [ 1029795.7048, 210086.7948 ], [ 1029858.3467, 210077.8041 ], [ 1029921.5394, 210070.6363 ], [ 1029984.7294, 210064.9259 ], [ 1030304.0333, 210021.4454 ], [ 1030549.6139, 209985.8437 ], [ 1030801.5624, 209953.5356 ], [ 1031053.5101, 209921.9589 ], [ 1031259.1752, 209893.9384 ], [ 1031411.0608, 209877.1094 ], [ 1031962.6384, 209805.6851 ], [ 1031961.2772, 209793.2951 ], [ 1031946.8599, 209656.2778 ], [ 1032308.0158, 209612.9059 ], [ 1032668.9038, 209565.5312 ], [ 1032642.8089, 209727.9715 ], [ 1032637.1971, 209762.9362 ], [ 1032678.3156, 209848.272 ], [ 1032806.7267, 209792.4213 ], [ 1032853.5893, 209914.9309 ], [ 1032867.1775, 209909.8574 ], [ 1033150.0747, 209785.0953 ], [ 1033128.8433, 209732.5886 ], [ 1033093.8966, 209748.1846 ], [ 1033067.9888, 209678.5449 ], [ 1033094.8914, 209666.9404 ], [ 1033193.6409, 209617.5901 ], [ 1033311.5162, 209565.7285 ], [ 1033365.0243, 209689.7098 ], [ 1033546.9688, 209609.5611 ], [ 1033529.8644, 209572.0001 ], [ 1033745.3025, 209510.5019 ], [ 1034331.8909, 209266.145 ], [ 1034852.5133, 209033.6875 ], [ 1035486.3002, 208758.1243 ], [ 1035490.1234, 208653.569 ], [ 1035755.7237, 208596.5665 ], [ 1036013.5123, 208564.6893 ], [ 1036274.036, 208549.9443 ], [ 1036534.2783, 208537.3874 ], [ 1036537.7301, 208607.3467 ], [ 1036540.1222, 208654.7151 ], [ 1036669.5468, 208649.8935 ], [ 1036810.057, 208644.7324 ], [ 1036804.2215, 208524.1257 ], [ 1037072.5024, 208510.8634 ], [ 1037332.763, 208490.2998 ], [ 1037445.5456, 208492.7327 ], [ 1037747.193, 208428.9087 ], [ 1037921.8694, 208388.1247 ], [ 1037851.4753, 208390.5195 ], [ 1037065.2025, 208427.051 ], [ 1037064.7235, 208392.4384 ], [ 1037063.7799, 208316.6552 ], [ 1036794.1192, 208326.2713 ], [ 1036641.1321, 208333.5916 ], [ 1036637.1923, 207976.173 ], [ 1036677.1022, 207974.4375 ], [ 1036676.57, 207964.235 ], [ 1036776.6239, 207958.9863 ], [ 1036773.1679, 207891.213 ], [ 1036770.5086, 207839.4721 ], [ 1036766.0284, 207732.713 ], [ 1036496.0724, 207747.7968 ], [ 1036234.707, 207763.2663 ], [ 1036225.8334, 207765.7976 ], [ 1036211.5465, 207578.5002 ], [ 1036205.4692, 207569.3789 ], [ 1036200.4925, 207563.9033 ], [ 1036111.5317, 207564.806 ], [ 1036099.3356, 207565.873 ], [ 1036087.4432, 207554.5533 ], [ 1036087.5186, 207519.2132 ], [ 1036080.6339, 207498.7959 ], [ 1036077.3418, 207483.1226 ], [ 1036081.5182, 207474.0232 ], [ 1036155.9762, 207386.7425 ], [ 1036159.3672, 207356.1459 ], [ 1036192.952, 206943.4292 ], [ 1036211.7221, 206849.1073 ], [ 1036217.5794, 206831.6319 ], [ 1036229.7961, 206821.0924 ], [ 1036271.1498, 206793.1274 ], [ 1036288.3597, 206780.4127 ], [ 1036302.0004, 206752.024 ], [ 1036318.5555, 206656.9688 ], [ 1036251.5236, 206640.0659 ], [ 1036233.5532, 206619.6248 ], [ 1036228.6231, 206592.2893 ], [ 1036227.5871, 206558.4042 ], [ 1036207.0064, 206074.1627 ], [ 1036276.2384, 206099.8142 ], [ 1036331.4528, 205812.4745 ], [ 1036617.2481, 205402.4871 ], [ 1036567.8723, 205293.4453 ], [ 1036394.701, 205269.3912 ], [ 1036395.1471, 205061.7229 ], [ 1036466.5498, 204981.359 ], [ 1036477.0641, 204860.7877 ], [ 1036416.745, 204813.2949 ], [ 1036457.0958, 204480.0179 ], [ 1036394.4769, 204470.4107 ], [ 1036666.2735, 204261.5051 ], [ 1036720.0274, 204012.7825 ], [ 1036706.3452, 203931.1426 ], [ 1036722.7865, 203762.1282 ], [ 1036721.9399, 203512.5591 ], [ 1036740.5046, 203259.0243 ], [ 1036803.9729, 203005.5867 ], [ 1036878.8041, 202753.6312 ], [ 1036956.129, 202502.7744 ], [ 1037014.2226, 202301.0608 ], [ 1037028.7473, 202250.086 ], [ 1037099.148, 201998.1216 ], [ 1036943.4153, 201974.8303 ], [ 1037037.1138, 201716.7227 ], [ 1037152.3369, 201758.5073 ], [ 1037183.6902, 201617.5793 ], [ 1037305.4627, 201072.4407 ], [ 1036429.0161, 200779.4408 ], [ 1036410.5193, 200873.0342 ], [ 1036387.5428, 200987.3849 ], [ 1036331.141, 201306.0539 ], [ 1036280.7302, 201287.3649 ], [ 1036217.8547, 201264.2774 ], [ 1036260.8137, 201138.3107 ], [ 1036163.5918, 201102.3982 ], [ 1036134.3166, 201181.3955 ], [ 1036031.2773, 201143.6494 ], [ 1036056.6629, 201068.6513 ], [ 1035951.9653, 201028.3517 ], [ 1035924.36, 201104.4382 ], [ 1035819.3805, 201066.3246 ], [ 1035843.0875, 200998.2449 ], [ 1035511.8048, 200877.314 ], [ 1035488.0994, 200945.0296 ], [ 1035384.5045, 200906.9207 ], [ 1035406.5457, 200839.5658 ], [ 1035309.3214, 200803.6567 ], [ 1035287.8333, 200871.7415 ], [ 1035179.2519, 200831.8014 ], [ 1035198.7909, 200767.7201 ], [ 1035005.1686, 200697.7273 ], [ 1034971.9967, 200785.8262 ], [ 1034960.5741, 200813.1272 ], [ 1034927.3512, 200793.0196 ], [ 1035045.2498, 200487.2276 ], [ 1034642.2355, 200328.9968 ], [ 1034606.9555, 200364.6281 ], [ 1034580.0184, 200387.5251 ], [ 1034531.9899, 200421.6727 ], [ 1034496.1875, 200442.0012 ], [ 1034454.2857, 200462.6814 ], [ 1034426.5195, 200484.4839 ], [ 1034412.3509, 200499.3922 ], [ 1034340.3453, 200600.1633 ], [ 1034132.9598, 200480.9644 ], [ 1034058.5023, 200426.1619 ], [ 1033990.8516, 200431.4882 ], [ 1033947.3072, 200442.329 ], [ 1033916.7983, 200449.9175 ], [ 1033874.6414, 200460.0326 ], [ 1033834.1553, 200466.5079 ], [ 1033793.12, 200470.4317 ], [ 1033752.0899, 200471.8054 ], [ 1033711.0642, 200470.9931 ], [ 1033670.3209, 200467.6312 ], [ 1033629.5829, 200461.719 ], [ 1033623.485, 200461.3423 ], [ 1033550.3214, 200451.3567 ], [ 1033516.7951, 200443.2734 ], [ 1033459.717, 200429.6774 ], [ 1033370.7802, 200405.8158 ], [ 1033323.9639, 200389.6905 ], [ 1033295.9855, 200379.7971 ], [ 1033212.0609, 200344.6519 ], [ 1033153.6213, 200318.6666 ], [ 1033047.8119, 200275.827 ], [ 1032960.8183, 200250.1492 ], [ 1032884.6132, 200235.7875 ], [ 1032841.9304, 200231.6944 ], [ 1032822.8063, 200229.8345 ], [ 1032804.7904, 200228.3411 ], [ 1032726.8854, 200232.1931 ], [ 1032693.8934, 200233.9489 ], [ 1032683.3586, 200234.2923 ], [ 1032605.1772, 200237.7798 ], [ 1032571.4138, 200209.2947 ], [ 1032566.9856, 200205.6426 ], [ 1032558.3493, 200227.1209 ], [ 1032555.8268, 200240.9605 ], [ 1032493.168, 200245.2079 ], [ 1032468.2159, 200246.6157 ], [ 1032352.6022, 200254.4017 ], [ 1032345.3109, 200296.6497 ], [ 1032326.7913, 200409.5557 ], [ 1032333.1147, 200576.0676 ], [ 1032335.7634, 200638.3735 ], [ 1032338.1609, 200687.5629 ], [ 1032344.2978, 200808.1688 ], [ 1032367.4453, 201017.7051 ], [ 1032402.4872, 201379.5556 ], [ 1032405.0142, 201503.069 ], [ 1032400.6135, 201625.4756 ], [ 1032389.039, 201731.1087 ], [ 1032369.1703, 201825.7955 ], [ 1032321.7291, 201986.3717 ], [ 1032268.8189, 202109.4111 ], [ 1032203.1196, 202252.0992 ], [ 1032084.56, 202493.7814 ], [ 1031994.9346, 202682.3288 ], [ 1031972.4088, 202719.8106 ], [ 1031961.0063, 202739.0978 ], [ 1031889.5282, 202862.1015 ], [ 1031786.9773, 202999.9822 ], [ 1031740.3039, 203054.5406 ], [ 1031702.2418, 203099.6433 ], [ 1031648.0672, 203163.2955 ], [ 1031600.5714, 203213.4806 ], [ 1031535.3038, 203280.3904 ], [ 1031449.7763, 203360.7413 ], [ 1031424.5107, 203382.5521 ], [ 1031254.3168, 203529.0476 ], [ 1031178.8018, 203592.6596 ], [ 1031103.0101, 203656.2713 ], [ 1031024.1551, 203727.5282 ], [ 1030938.6211, 203812.9815 ], [ 1030885.5643, 203873.723 ], [ 1030834.7154, 203939.5694 ], [ 1030788.0222, 204006.5169 ], [ 1030746.5961, 204073.1102 ], [ 1030708.4922, 204141.8959 ], [ 1030672.8774, 204213.6012 ], [ 1030563.4313, 204485.5479 ], [ 1030555.3546, 204505.9351 ], [ 1030266.8423, 205228.2208 ], [ 1030227.8562, 205325.4236 ], [ 1030210.0314, 205371.2956 ], [ 1030115.3411, 205613.3973 ], [ 1030053.2359, 205772.4931 ], [ 1030024.8285, 205845.6702 ], [ 1029966.6245, 205994.2079 ], [ 1029922.351, 206104.1529 ], [ 1029803.7358, 206397.5816 ], [ 1029702.3694, 206657.1603 ], [ 1029648.3175, 206810.4429 ], [ 1029626.8416, 206883.2692 ], [ 1029607.0151, 206963.3852 ], [ 1029587.1704, 207053.3381 ], [ 1029573.704, 207141.117 ], [ 1029564.9768, 207213.9672 ], [ 1029538.9903, 207625.2496 ], [ 1029536.1347, 207670.4215 ], [ 1029528.9163, 207825.9779 ], [ 1029503.4703, 208096.6292 ], [ 1029496.9953, 208150.9027 ], [ 1029471.6559, 208364.7185 ], [ 1029464.914, 208413.5264 ], [ 1029455.6429, 208481.275 ], [ 1029449.7318, 208530.4488 ], [ 1029416.4917, 208671.7479 ], [ 1029367.0465, 208884.426 ], [ 1029351.6834, 208949.9773 ], [ 1029335.2018, 209020.9914 ], [ 1029288.5447, 209225.2953 ], [ 1029269.2991, 209292.6611 ], [ 1029240.5704, 209393.1635 ], [ 1029268.701, 209465.7178 ], [ 1029233.1849, 209640.1672 ], [ 1029225.1613, 209782.9707 ], [ 1029225.1302, 210098.8469 ] ] ] ] } },
{ "type": "Feature", "properties": { "ZCTA5CE20": "11230", "GEOID20": "11230", "CLASSFP20": "B5", "MTFCC20": "G6350", "FUNCSTAT20": "S", "ALAND20": 4773124, "AWATER20": 0, "INTPTLAT20": "+40.6220886", "INTPTLON20": "-073.9651896" }, "geometry": { "type": "MultiPolygon", "coordinates": [ [ [ [ 989966.6653, 168502.4679 ], [ 990437.0819, 168791.8584 ], [ 990518.3971, 168843.978 ], [ 990511.4412, 168908.462 ], [ 990499.1995, 169019.9429 ], [ 990564.9728, 169060.7645 ], [ 990588.2848, 169075.3436 ], [ 990614.4234, 168895.373 ], [ 990984.3616, 169126.0915 ], [ 991819.6693, 169681.207 ], [ 991797.4195, 169825.8378 ], [ 991905.3691, 169893.6364 ], [ 991976.9655, 169937.3782 ], [ 992048.2844, 169980.3916 ], [ 992333.5552, 170159.0049 ], [ 992612.9952, 170331.7904 ], [ 992682.4284, 170203.207 ], [ 993148.0619, 170491.5555 ], [ 993079.7379, 170618.3164 ], [ 993235.1318, 170712.3697 ], [ 993258.4852, 170606.7235 ], [ 993376.99, 170632.2706 ], [ 993637.826, 170793.0381 ], [ 993616.1199, 170941.6751 ], [ 993858.082, 171091.8723 ], [ 993976.0099, 171164.7846 ], [ 994099.209, 171240.9785 ], [ 994103.6618, 171211.1055 ], [ 994113.9596, 171140.4302 ], [ 994240.5106, 171164.1632 ], [ 994279.7529, 170901.1352 ], [ 994158.494, 170828.5844 ], [ 994168.7927, 170756.4519 ], [ 994182.1535, 170662.461 ], [ 994214.8961, 170682.8767 ], [ 994277.6681, 170572.5114 ], [ 994323.73, 170600.5837 ], [ 994357.6908, 170361.2349 ], [ 994478.9757, 170376.2231 ], [ 994485.6597, 170322.3055 ], [ 994490.3936, 170285.5105 ], [ 994618.5894, 170366.8097 ], [ 994740.6799, 170444.0994 ], [ 994987.9113, 170599.4106 ], [ 995238.4688, 170757.6405 ], [ 995358.3356, 170833.475 ], [ 995483.7509, 170912.9559 ], [ 995795.8987, 171110.203 ], [ 995852.1434, 170732.0584 ], [ 996137.9991, 170774.4584 ], [ 996262.4938, 169904.1425 ], [ 996361.637, 169237.4735 ], [ 996343.3288, 169214.8761 ], [ 996318.9232, 169174.0594 ], [ 996303.3989, 169134.7044 ], [ 996293.7042, 169093.895 ], [ 996290.3909, 169058.5537 ], [ 996292.0751, 169020.6645 ], [ 996102.5092, 168991.7896 ], [ 996151.249, 168654.4468 ], [ 996293.3595, 168669.0898 ], [ 996435.7476, 168683.3695 ], [ 996451.0516, 168608.6902 ], [ 996515.6741, 168162.0581 ], [ 996640.4733, 167291.3806 ], [ 996767.5022, 166420.7052 ], [ 996480.7632, 166379.026 ], [ 996485.2202, 166348.4249 ], [ 996642.0774, 166322.6371 ], [ 996732.3729, 165634.8349 ], [ 996654.4262, 165514.9316 ], [ 996893.1525, 165549.3012 ], [ 997019.6443, 164678.6272 ], [ 997145.0348, 163807.5892 ], [ 997014.0038, 163788.5751 ], [ 997155.5539, 162819.1777 ], [ 997272.0275, 162034.8457 ], [ 997113.2281, 162004.5221 ], [ 997124.0966, 161928.748 ], [ 997133.2926, 161865.3602 ], [ 996800.9686, 161817.824 ], [ 996538.6071, 161779.4358 ], [ 996270.969, 161741.7765 ], [ 996003.3309, 161702.2984 ], [ 995890.8895, 161685.4854 ], [ 995848.4115, 161679.2715 ], [ 995746.7969, 161665.3789 ], [ 995489.4292, 161628.4617 ], [ 995232.8935, 161591.9119 ], [ 994974.9692, 161554.2712 ], [ 994716.2115, 161515.9042 ], [ 994695.3886, 161512.9807 ], [ 994420.5262, 161473.8813 ], [ 994163.4323, 161436.6139 ], [ 993905.7824, 161398.9847 ], [ 993607.596, 161355.5133 ], [ 993301.9121, 161311.3142 ], [ 993227.2262, 161300.3567 ], [ 993151.4297, 161289.3991 ], [ 992846.0216, 161245.5701 ], [ 992588.0901, 161207.5904 ], [ 992330.9903, 161171.0711 ], [ 992048.6243, 161129.4457 ], [ 991748.488, 161084.9036 ], [ 991697.8476, 161432.0907 ], [ 991530.7069, 161404.3513 ], [ 991475.0417, 161855.0059 ], [ 991345.3843, 161835.2942 ], [ 991335.6462, 161905.2419 ], [ 991325.9081, 161974.8254 ], [ 991315.8931, 162042.5871 ], [ 991452.2132, 162061.572 ], [ 991340.6533, 162825.1667 ], [ 991470.5414, 162985.1441 ], [ 991345.0724, 163856.2111 ], [ 991338.1175, 163905.0288 ], [ 991330.8843, 163956.0324 ], [ 991293.3295, 164215.4218 ], [ 991242.4237, 164565.1603 ], [ 991227.6808, 164666.0745 ], [ 991108.0714, 165492.697 ], [ 991085.3197, 165448.9714 ], [ 990625.8044, 165717.3551 ], [ 990649.6717, 165743.5929 ], [ 990741.5265, 165867.4882 ], [ 990867.0008, 165879.9092 ], [ 990909.7509, 165883.9284 ], [ 990844.9427, 166349.1557 ], [ 990691.9861, 166345.4714 ], [ 990680.8602, 166428.1706 ], [ 990667.7892, 166518.5201 ], [ 990786.594, 166545.1476 ], [ 990689.0122, 167092.7043 ], [ 990846.8955, 167337.2098 ], [ 990787.1128, 167713.1787 ], [ 990769.3195, 167817.3713 ], [ 990751.5269, 167919.378 ], [ 990488.8965, 168066.4972 ], [ 990418.3712, 168144.8094 ], [ 990345.9083, 168203.0834 ], [ 990305.929, 168235.1342 ], [ 990081.3257, 168411.7777 ], [ 989966.6653, 168502.4679 ] ] ] ] } },
{ "type": "Feature", "properties": { "ZCTA5CE20": "11374", "GEOID20": "11374", "CLASSFP20": "B5", "MTFCC20": "G6350", "FUNCSTAT20": "S", "ALAND20": 2445084, "AWATER20": 0, "INTPTLAT20": "+40.7264570", "INTPTLON20": "-073.8614588" }, "geometry": { "type": "MultiPolygon", "coordinates": [ [ [ [ 1019286.5159, 204599.2721 ], [ 1019688.9083, 205013.0081 ], [ 1019709.1558, 205002.8364 ], [ 1019835.6358, 204937.8061 ], [ 1019884.6203, 204987.427 ], [ 1019867.864, 205073.749 ], [ 1020054.4804, 205201.5395 ], [ 1020071.3692, 205213.5874 ], [ 1019982.3404, 205255.3543 ], [ 1020035.3905, 205366.5536 ], [ 1020060.885, 205369.1415 ], [ 1020076.4169, 205361.5135 ], [ 1020086.641, 205382.2955 ], [ 1020098.0124, 205376.8473 ], [ 1020108.7886, 205399.0874 ], [ 1020119.8828, 205393.6388 ], [ 1020131.7708, 205413.6946 ], [ 1020140.9234, 205409.3362 ], [ 1020151.1474, 205430.1182 ], [ 1020162.2411, 205425.034 ], [ 1020171.3591, 205443.9927 ], [ 1020182.4533, 205438.5441 ], [ 1020216.1662, 205505.9954 ], [ 1020325.2946, 205739.6939 ], [ 1020455.6449, 205679.7732 ], [ 1020584.1532, 205925.1604 ], [ 1020631.9327, 206036.7175 ], [ 1020671.7719, 206083.4117 ], [ 1020714.9405, 206127.5606 ], [ 1020760.8854, 206168.4348 ], [ 1020735.6427, 206183.3345 ], [ 1020699.8593, 206204.412 ], [ 1020628.8479, 206245.8393 ], [ 1020545.6228, 206300.3645 ], [ 1020694.0795, 206362.1589 ], [ 1020737.0055, 206382.9903 ], [ 1021053.3255, 206500.4183 ], [ 1021445.5241, 206653.6711 ], [ 1021658.5138, 206738.8876 ], [ 1021780.927, 206792.269 ], [ 1021769.521, 206820.3049 ], [ 1022261.971, 207013.4382 ], [ 1022395.7475, 207064.6545 ], [ 1022639.4801, 207157.5791 ], [ 1022753.8665, 207201.8444 ], [ 1023120.2903, 207342.3318 ], [ 1023206.9794, 207375.6249 ], [ 1023362.6393, 207430.525 ], [ 1023389.0572, 207374.4605 ], [ 1023410.66, 207382.875 ], [ 1023586.2533, 207449.8316 ], [ 1023974.818, 207603.1194 ], [ 1024068.4296, 207638.613 ], [ 1024409.952, 207746.2892 ], [ 1024660.3824, 207802.4476 ], [ 1024674.3327, 207745.9994 ], [ 1024697.4691, 207665.1562 ], [ 1024735.5942, 207570.1291 ], [ 1024114.9469, 207325.7282 ], [ 1024210.6792, 207083.6048 ], [ 1024305.8585, 206841.8453 ], [ 1024401.5952, 206599.3584 ], [ 1024519.0464, 206299.3435 ], [ 1024617.6242, 206350.878 ], [ 1024740.7287, 206153.2508 ], [ 1025221.8108, 206343.5105 ], [ 1025317.2808, 206101.3912 ], [ 1024827.8851, 205908.201 ], [ 1024919.474, 205665.345 ], [ 1025412.475, 205859.6361 ], [ 1025507.6716, 205617.517 ], [ 1025023.8095, 205425.0611 ], [ 1025126.7564, 205187.6899 ], [ 1025232.4756, 204951.0525 ], [ 1025344.847, 204715.5199 ], [ 1025355.4581, 204668.9034 ], [ 1025361.0828, 204620.8212 ], [ 1025361.7198, 204572.0018 ], [ 1025356.8122, 204523.9017 ], [ 1025346.9145, 204476.5219 ], [ 1025332.0247, 204430.9552 ], [ 1024830.6978, 204225.3577 ], [ 1024814.9206, 204212.5798 ], [ 1024746.3495, 204112.6385 ], [ 1024743.861, 204108.991 ], [ 1024630.3276, 203878.5444 ], [ 1024544.1499, 203697.6928 ], [ 1024686.1551, 203642.5505 ], [ 1024473.5004, 203177.6747 ], [ 1024329.5462, 203236.8226 ], [ 1024278.7327, 203123.0674 ], [ 1024248.6773, 203027.5631 ], [ 1024208.0666, 202945.5216 ], [ 1024156.6065, 202887.144 ], [ 1024083.4065, 202732.5473 ], [ 1023970.6978, 202498.462 ], [ 1023858.2641, 202264.3776 ], [ 1023788.7007, 202257.3419 ], [ 1023673.434, 202229.8297 ], [ 1023466.4516, 202180.6741 ], [ 1023547.1452, 201476.5524 ], [ 1023677.3458, 200332.7638 ], [ 1023768.2355, 199332.8231 ], [ 1023811.7065, 198514.6069 ], [ 1023565.1669, 198563.3912 ], [ 1023742.8154, 198258.0059 ], [ 1023609.894, 198164.1571 ], [ 1023168.0703, 198106.2451 ], [ 1023156.2664, 198206.0528 ], [ 1023124.3479, 198575.0688 ], [ 1023129.215, 198651.9503 ], [ 1022861.3233, 198705.8082 ], [ 1022485.8344, 198780.6306 ], [ 1023163.3999, 199290.677 ], [ 1023160.6854, 199427.6611 ], [ 1023152.0022, 199483.3898 ], [ 1023141.0943, 199543.4869 ], [ 1023126.8586, 199604.3074 ], [ 1023107.357, 199664.3908 ], [ 1023077.3235, 199723.0 ], [ 1023050.0705, 199776.5131 ], [ 1022886.4671, 199978.4559 ], [ 1022720.6517, 200178.5746 ], [ 1022551.2318, 200380.8749 ], [ 1022387.0822, 200582.8202 ], [ 1022222.3781, 200786.5874 ], [ 1022068.7599, 200993.6521 ], [ 1021915.422, 201200.3538 ], [ 1021758.7525, 201412.152 ], [ 1021605.43, 201612.2977 ], [ 1021539.5641, 201722.9531 ], [ 1021382.3256, 201948.5975 ], [ 1021235.0878, 202161.8708 ], [ 1021084.5247, 202376.2331 ], [ 1021037.0255, 202442.105 ], [ 1020933.1349, 202589.1376 ], [ 1020789.1301, 202501.1167 ], [ 1020721.8795, 202615.0512 ], [ 1020705.5403, 202605.1898 ], [ 1020638.5709, 202716.939 ], [ 1020710.5711, 202762.2241 ], [ 1020770.6549, 202805.6698 ], [ 1020703.1263, 202920.697 ], [ 1020625.1022, 203011.2985 ], [ 1020574.4243, 202980.2545 ], [ 1020466.6984, 202914.5139 ], [ 1020328.5971, 203144.2013 ], [ 1020388.9681, 203180.7243 ], [ 1020479.2476, 203235.1442 ], [ 1020366.3282, 203493.6512 ], [ 1019957.0691, 203593.237 ], [ 1019888.5824, 203609.8956 ], [ 1019902.073, 203671.8517 ], [ 1019936.2128, 203828.2001 ], [ 1020013.4832, 203869.4832 ], [ 1019964.441, 204046.1117 ], [ 1019925.9877, 204184.8655 ], [ 1020033.472, 204223.6428 ], [ 1020089.4297, 204244.1279 ], [ 1020067.7101, 204312.2258 ], [ 1019999.2133, 204525.2588 ], [ 1019967.1288, 204668.3938 ], [ 1019570.7584, 204306.0328 ], [ 1019382.8355, 204499.9488 ], [ 1019286.5159, 204599.2721 ] ] ] ] } },
{ "type": "Feature", "properties": { "ZCTA5CE20": "11434", "GEOID20": "11434", "CLASSFP20": "B5", "MTFCC20": "G6350", "FUNCSTAT20": "S", "ALAND20": 8405426, "AWATER20": 106288, "INTPTLAT20": "+40.6778566", "INTPTLON20": "-073.7770725" }, "geometry": { "type": "MultiPolygon", "coordinates": [ [ [ [ 1039189.6252, 181944.1882 ], [ 1039228.9858, 182081.6293 ], [ 1039240.2619, 182125.01 ], [ 1039273.2561, 182255.8788 ], [ 1039327.0761, 182255.6364 ], [ 1039346.4962, 182255.3161 ], [ 1039531.8333, 182246.2645 ], [ 1039597.6014, 182237.6703 ], [ 1039651.4397, 182229.4134 ], [ 1039684.47, 182221.8378 ], [ 1039768.3087, 182196.5261 ], [ 1039882.0839, 182182.2132 ], [ 1039945.8945, 182180.5377 ], [ 1039988.3388, 182180.9993 ], [ 1040040.202, 182187.3119 ], [ 1040106.1875, 182204.9513 ], [ 1040263.1269, 182239.9238 ], [ 1040456.2904, 182325.6229 ], [ 1040535.072, 182327.9912 ], [ 1040801.666, 182330.4318 ], [ 1041416.3804, 182350.0865 ], [ 1041611.6194, 182377.1426 ], [ 1041658.2142, 182381.989 ], [ 1041904.6011, 182365.4488 ], [ 1042147.4019, 182340.523 ], [ 1042377.4463, 182313.7475 ], [ 1042398.2587, 182311.247 ], [ 1042671.5563, 182294.779 ], [ 1042740.1529, 182840.345 ], [ 1042829.5623, 183381.5895 ], [ 1042926.7181, 183929.7755 ], [ 1043033.6979, 184543.2007 ], [ 1042775.0384, 184596.4971 ], [ 1042533.8627, 184646.9235 ], [ 1042419.7983, 184670.3316 ], [ 1042370.6757, 184680.4153 ], [ 1042272.6547, 184955.2499 ], [ 1042479.1347, 185028.2454 ], [ 1042659.5611, 185092.0718 ], [ 1042629.7635, 185140.8204 ], [ 1042581.2859, 185229.236 ], [ 1042531.0893, 185340.6005 ], [ 1042404.4266, 185645.6052 ], [ 1042315.1774, 185617.3384 ], [ 1042265.2864, 185601.5531 ], [ 1042211.9356, 185756.9945 ], [ 1042112.6854, 185735.2625 ], [ 1042022.5967, 186060.0302 ], [ 1042046.1545, 186068.1015 ], [ 1041998.4273, 186192.5888 ], [ 1042089.0321, 186233.2449 ], [ 1042185.4554, 186276.4656 ], [ 1042163.638, 186352.9228 ], [ 1042092.8853, 186595.3979 ], [ 1042019.3379, 186847.3391 ], [ 1041899.8856, 186808.0721 ], [ 1041841.6095, 186937.271 ], [ 1041785.9083, 186916.3722 ], [ 1041729.5263, 187065.9783 ], [ 1041785.228, 187086.5127 ], [ 1041725.8514, 187212.4303 ], [ 1041817.6038, 187235.6003 ], [ 1041915.4536, 187260.6067 ], [ 1041861.0667, 187504.5787 ], [ 1041804.4344, 187760.2041 ], [ 1041761.1611, 187996.9161 ], [ 1041756.3849, 188022.7722 ], [ 1041771.4129, 188235.5765 ], [ 1041731.2325, 188220.5439 ], [ 1041673.0906, 188412.044 ], [ 1041665.4059, 188495.0931 ], [ 1041617.3942, 188625.4098 ], [ 1041761.768, 188677.8503 ], [ 1041737.6741, 188780.17 ], [ 1041715.3194, 188850.7972 ], [ 1041703.3454, 188871.1713 ], [ 1041581.1438, 188825.7057 ], [ 1041566.909, 188863.9268 ], [ 1041529.5004, 188849.994 ], [ 1041460.2843, 189034.5463 ], [ 1041449.7471, 189033.7928 ], [ 1041414.8591, 189127.3435 ], [ 1041405.4373, 189124.0424 ], [ 1041387.2971, 189172.0913 ], [ 1041503.1202, 189216.8122 ], [ 1041424.3117, 189353.2504 ], [ 1041407.0465, 189383.0849 ], [ 1041530.0338, 189447.1323 ], [ 1041463.4656, 189567.9331 ], [ 1041839.3133, 189777.9466 ], [ 1042197.7062, 189978.0875 ], [ 1042188.5152, 189994.4604 ], [ 1042302.3481, 190057.397 ], [ 1042382.8415, 189913.3147 ], [ 1042593.1739, 189981.22 ], [ 1042709.8299, 190023.0341 ], [ 1042855.5937, 190069.6552 ], [ 1043142.9589, 190163.2544 ], [ 1043307.0016, 190219.3952 ], [ 1043476.2764, 190290.4874 ], [ 1043651.9099, 190369.2472 ], [ 1043932.5142, 190502.9155 ], [ 1044124.4431, 190607.5863 ], [ 1044355.1413, 190734.2143 ], [ 1044267.3665, 190903.4109 ], [ 1044233.9289, 190967.8148 ], [ 1044461.2934, 191095.1643 ], [ 1044476.3372, 191067.5125 ], [ 1044587.4974, 190862.306 ], [ 1044815.6976, 190987.8392 ], [ 1045043.0635, 191113.3725 ], [ 1044790.9246, 191580.9075 ], [ 1045017.4505, 191707.5314 ], [ 1045192.4264, 191821.2766 ], [ 1045412.5472, 192067.0243 ], [ 1045635.9937, 192202.0259 ], [ 1045856.9993, 192314.4349 ], [ 1045904.1161, 192105.793 ], [ 1045956.3864, 191833.7708 ], [ 1045998.3157, 191593.7835 ], [ 1046005.6073, 191561.7409 ], [ 1046162.8708, 191660.1462 ], [ 1046423.0639, 191848.0767 ], [ 1046635.6413, 192002.7335 ], [ 1046673.8348, 192031.9781 ], [ 1046883.3605, 192185.9006 ], [ 1047093.7146, 192340.1915 ], [ 1047304.6206, 192494.4856 ], [ 1047513.8667, 192646.2269 ], [ 1047723.6601, 192799.7932 ], [ 1047932.8962, 192953.3598 ], [ 1048057.1161, 193062.6207 ], [ 1048223.4912, 193169.0785 ], [ 1048361.7735, 192992.3783 ], [ 1048698.7281, 192560.0807 ], [ 1048858.7245, 192354.2945 ], [ 1049021.7643, 192152.1608 ], [ 1049358.6201, 191765.4135 ], [ 1049309.4108, 191501.5062 ], [ 1049127.1248, 191535.2657 ], [ 1049085.7819, 191543.8993 ], [ 1049164.1896, 191363.4007 ], [ 1049407.7909, 190802.6194 ], [ 1049503.7722, 190482.6304 ], [ 1049534.4808, 190510.4021 ], [ 1049811.6137, 189759.8989 ], [ 1049964.9087, 189273.5675 ], [ 1050255.8297, 188766.4796 ], [ 1050425.8173, 188470.3772 ], [ 1050644.7702, 188120.4888 ], [ 1050831.8675, 187758.1278 ], [ 1050968.7124, 187516.9523 ], [ 1051110.2982, 187267.4109 ], [ 1051359.7531, 186827.6235 ], [ 1051186.8833, 186752.0946 ], [ 1050866.8467, 186734.8201 ], [ 1050906.8261, 186619.8015 ], [ 1051030.0368, 186396.8054 ], [ 1051156.3139, 186169.0822 ], [ 1051281.4869, 185940.2636 ], [ 1051374.6389, 185756.534 ], [ 1051373.7307, 185683.6655 ], [ 1051360.6382, 185502.9217 ], [ 1051030.2129, 185323.4896 ], [ 1051021.2926, 185339.4956 ], [ 1050958.0186, 185451.5354 ], [ 1050734.7847, 185328.1444 ], [ 1050503.7907, 185201.4553 ], [ 1050569.0239, 185082.4973 ], [ 1050436.6378, 185007.0844 ], [ 1050453.3644, 184976.5262 ], [ 1050419.5737, 184957.8534 ], [ 1050402.8472, 184988.4115 ], [ 1050259.6627, 184905.3192 ], [ 1050133.4894, 184993.1446 ], [ 1049882.2532, 185169.5291 ], [ 1049802.5797, 185192.9954 ], [ 1049791.6295, 185036.304 ], [ 1049789.7291, 185020.9971 ], [ 1049772.9152, 184878.4987 ], [ 1049768.0333, 184837.3163 ], [ 1049760.9488, 184789.9343 ], [ 1049701.8109, 184500.8614 ], [ 1049737.0516, 184496.5843 ], [ 1050135.02, 184224.0485 ], [ 1050156.1426, 184209.1682 ], [ 1050200.9022, 184172.8567 ], [ 1050063.9611, 184138.2384 ], [ 1050011.5686, 184124.9807 ], [ 1050032.3248, 184040.5123 ], [ 1050101.0554, 183757.2499 ], [ 1050060.2843, 183754.5892 ], [ 1050037.264, 183753.0695 ], [ 1050018.9986, 183634.6129 ], [ 1049960.1606, 183645.0193 ], [ 1049896.5121, 183279.7889 ], [ 1050027.758, 183268.1209 ], [ 1050018.7455, 183215.633 ], [ 1050013.0166, 183179.9132 ], [ 1049957.5025, 183191.7859 ], [ 1049918.7208, 183068.5377 ], [ 1049842.6655, 183085.0914 ], [ 1049810.478, 182985.1782 ], [ 1049821.0274, 182982.2921 ], [ 1049781.1203, 182864.5059 ], [ 1049821.0911, 182855.8698 ], [ 1049785.5811, 182753.3974 ], [ 1049819.4432, 182746.9308 ], [ 1049872.4566, 182736.8727 ], [ 1049836.6661, 182532.7515 ], [ 1049818.9064, 182431.7843 ], [ 1049787.0714, 182406.5597 ], [ 1049700.7634, 182417.9856 ], [ 1049470.4157, 182451.6133 ], [ 1048956.1608, 182526.3834 ], [ 1048899.9539, 182381.2306 ], [ 1048884.5261, 182340.749 ], [ 1048852.5665, 182257.5969 ], [ 1049098.4574, 182221.4545 ], [ 1049347.4015, 182184.9585 ], [ 1049594.68, 182149.1892 ], [ 1049851.12, 182111.2612 ], [ 1049754.0028, 181809.6987 ], [ 1049678.0735, 181571.9513 ], [ 1049534.4618, 181123.0755 ], [ 1049458.5252, 180886.4219 ], [ 1049382.3136, 180648.3104 ], [ 1049309.6662, 180425.5106 ], [ 1049039.5769, 180477.6168 ], [ 1048563.5606, 180450.4851 ], [ 1048597.8407, 180182.4295 ], [ 1049014.7041, 180233.0856 ], [ 1049110.2139, 180207.1086 ], [ 1049073.8909, 180094.7982 ], [ 1049013.6353, 180113.5827 ], [ 1048991.9813, 180014.4274 ], [ 1049163.8612, 179961.6938 ], [ 1049128.3694, 179849.75 ], [ 1049025.9424, 179868.0576 ], [ 1048627.3258, 179944.2362 ], [ 1048659.9668, 179667.0681 ], [ 1048689.7595, 179417.9459 ], [ 1048710.7595, 179241.302 ], [ 1048951.7923, 179269.6315 ], [ 1049130.9711, 179290.8759 ], [ 1049156.0534, 179041.3774 ], [ 1049185.851, 178792.6202 ], [ 1049224.9963, 178472.4795 ], [ 1048800.8969, 178418.886 ], [ 1048552.9438, 178590.9208 ], [ 1048404.7574, 178704.1998 ], [ 1048131.502, 178898.7605 ], [ 1047926.0854, 179041.7671 ], [ 1047228.4477, 179512.8485 ], [ 1047144.1966, 179583.6745 ], [ 1047000.4903, 179686.0439 ], [ 1046950.4294, 179732.5488 ], [ 1046898.2937, 179722.9418 ], [ 1046526.3166, 179907.4293 ], [ 1046270.2583, 180006.2364 ], [ 1046223.3368, 180019.2326 ], [ 1046149.1804, 180050.0116 ], [ 1046053.0617, 180098.2227 ], [ 1045820.7326, 180250.2869 ], [ 1045625.3317, 180392.2454 ], [ 1045066.7322, 180657.8944 ], [ 1043883.304, 181059.7314 ], [ 1043189.3678, 181204.8632 ], [ 1042551.8637, 181306.0663 ], [ 1042517.9981, 181314.0003 ], [ 1042506.0617, 181316.8863 ], [ 1042493.5695, 181320.1353 ], [ 1042440.5561, 181330.2096 ], [ 1042430.5643, 181332.0073 ], [ 1042382.269, 181341.3643 ], [ 1042180.4854, 181379.8657 ], [ 1041947.3521, 181418.6586 ], [ 1041800.2583, 181442.3555 ], [ 1041097.4851, 181580.2395 ], [ 1040393.4757, 181656.205 ], [ 1039532.7651, 181714.7104 ], [ 1039207.6194, 181715.7945 ], [ 1039135.2313, 181706.887 ], [ 1039189.6252, 181944.1882 ] ] ] ] } },
{ "type": "Feature", "properties": { "ZCTA5CE20": "11379", "GEOID20": "11379", "CLASSFP20": "B5", "MTFCC20": "G6350", "FUNCSTAT20": "S", "ALAND20": 5738388, "AWATER20": 0, "INTPTLAT20": "+40.7170611", "INTPTLON20": "-073.8805189" }, "geometry": { "type": "MultiPolygon", "coordinates": [ [ [ [ 1011405.2538, 199492.9161 ], [ 1011650.9747, 199648.0326 ], [ 1011730.2027, 199698.3998 ], [ 1011798.4473, 199899.952 ], [ 1012535.316, 200354.3909 ], [ 1012597.1865, 200309.6504 ], [ 1012612.4915, 200259.7549 ], [ 1012663.7392, 200291.1473 ], [ 1012631.7976, 200344.3022 ], [ 1012600.7031, 200384.3423 ], [ 1012576.0007, 200410.5453 ], [ 1012535.7635, 200446.2028 ], [ 1012509.406, 200465.4816 ], [ 1012468.9049, 200489.8447 ], [ 1012243.0659, 200654.2608 ], [ 1012297.6802, 200650.6805 ], [ 1012727.8537, 200933.5376 ], [ 1012428.0277, 201316.0996 ], [ 1012011.7378, 201015.7758 ], [ 1011954.216, 200895.8452 ], [ 1011917.3606, 200884.5089 ], [ 1011876.6092, 200886.2842 ], [ 1011877.449, 201122.7359 ], [ 1011796.3304, 201521.586 ], [ 1011943.9055, 201672.2226 ], [ 1011959.9971, 201659.8537 ], [ 1012499.8808, 201742.8146 ], [ 1012698.8592, 201784.2163 ], [ 1012690.6416, 202173.6765 ], [ 1012020.2474, 202058.5006 ], [ 1011939.0061, 202808.5654 ], [ 1012237.3042, 203007.4679 ], [ 1012424.987, 202742.0876 ], [ 1013052.785, 202997.4916 ], [ 1013125.6457, 203029.6393 ], [ 1013161.0585, 202852.6165 ], [ 1013490.1983, 202750.6336 ], [ 1013524.0038, 202759.7826 ], [ 1013557.2726, 202754.3578 ], [ 1013531.79, 202739.0252 ], [ 1013362.2737, 202638.2659 ], [ 1013469.5374, 202413.9668 ], [ 1013508.7083, 202341.5121 ], [ 1013434.2268, 202272.9282 ], [ 1013978.9858, 201301.9184 ], [ 1014078.9792, 201363.9772 ], [ 1014089.5343, 201346.5023 ], [ 1014197.8366, 201414.0369 ], [ 1014187.0038, 201431.8757 ], [ 1014347.3781, 201532.265 ], [ 1014389.5968, 201464.1875 ], [ 1014420.4283, 201413.9481 ], [ 1014716.5281, 201595.026 ], [ 1014767.2158, 201626.4221 ], [ 1014834.7997, 201668.0409 ], [ 1015062.7565, 201807.1392 ], [ 1015284.3399, 201942.5882 ], [ 1015506.1975, 202078.4039 ], [ 1015728.0527, 202214.2217 ], [ 1015660.5525, 202324.5266 ], [ 1015758.0527, 202378.9382 ], [ 1015794.3379, 202399.3879 ], [ 1015586.8799, 202707.7077 ], [ 1015393.8686, 202994.188 ], [ 1015427.1047, 203014.2689 ], [ 1015515.1804, 203067.2102 ], [ 1015555.0751, 203082.1991 ], [ 1015549.8027, 203301.8841 ], [ 1015543.385, 203549.9854 ], [ 1015533.5747, 203849.8174 ], [ 1015245.3043, 203858.5559 ], [ 1015243.4771, 203987.1625 ], [ 1015363.2109, 203990.2303 ], [ 1015357.9502, 204202.2644 ], [ 1015406.6854, 204238.3957 ], [ 1015503.0492, 204308.8355 ], [ 1015508.5339, 204354.384 ], [ 1015512.8902, 204415.233 ], [ 1015512.8081, 204478.9908 ], [ 1015583.7105, 204519.1587 ], [ 1015635.2358, 204540.3565 ], [ 1015671.524, 204556.0697 ], [ 1015754.9087, 204588.2389 ], [ 1015766.2667, 204592.6256 ], [ 1015879.3005, 204630.2987 ], [ 1015954.1064, 204651.8919 ], [ 1016077.959, 204681.9291 ], [ 1016150.8378, 204693.319 ], [ 1016237.0219, 204703.6337 ], [ 1016273.8791, 204707.6899 ], [ 1016419.9223, 204723.9136 ], [ 1016916.2496, 204776.3114 ], [ 1017014.3559, 204783.0015 ], [ 1017112.1785, 204794.428 ], [ 1017209.717, 204810.9551 ], [ 1017251.5554, 204820.4846 ], [ 1017306.1397, 204832.5818 ], [ 1017401.17, 204858.9432 ], [ 1017494.5301, 204890.4034 ], [ 1017585.9439, 204926.2332 ], [ 1017792.0066, 205030.7158 ], [ 1017943.2274, 205108.5279 ], [ 1018072.8448, 205175.0164 ], [ 1018190.5421, 205242.582 ], [ 1018254.7954, 205276.1904 ], [ 1018319.3251, 205310.1637 ], [ 1018522.0695, 205404.811 ], [ 1018697.1296, 205476.4677 ], [ 1018730.9252, 205488.5386 ], [ 1018828.4333, 205523.6531 ], [ 1018906.3689, 205484.7808 ], [ 1018962.1157, 205457.5356 ], [ 1019106.8877, 205389.613 ], [ 1019149.0492, 205365.992 ], [ 1019612.7838, 205138.5915 ], [ 1019633.3099, 205127.3271 ], [ 1019884.6203, 204987.427 ], [ 1019835.6358, 204937.8061 ], [ 1019709.1558, 205002.8364 ], [ 1019688.9083, 205013.0081 ], [ 1019286.5159, 204599.2721 ], [ 1019382.8355, 204499.9488 ], [ 1019570.7584, 204306.0328 ], [ 1019967.1288, 204668.3938 ], [ 1019999.2133, 204525.2588 ], [ 1020067.7101, 204312.2258 ], [ 1020089.4297, 204244.1279 ], [ 1020033.472, 204223.6428 ], [ 1019925.9877, 204184.8655 ], [ 1019964.441, 204046.1117 ], [ 1020013.4832, 203869.4832 ], [ 1019936.2128, 203828.2001 ], [ 1019902.073, 203671.8517 ], [ 1019888.5824, 203609.8956 ], [ 1019957.0691, 203593.237 ], [ 1020366.3282, 203493.6512 ], [ 1020479.2476, 203235.1442 ], [ 1020388.9681, 203180.7243 ], [ 1020328.5971, 203144.2013 ], [ 1020466.6984, 202914.5139 ], [ 1020574.4243, 202980.2545 ], [ 1020625.1022, 203011.2985 ], [ 1020703.1263, 202920.697 ], [ 1020770.6549, 202805.6698 ], [ 1020710.5711, 202762.2241 ], [ 1020638.5709, 202716.939 ], [ 1020705.5403, 202605.1898 ], [ 1020721.8795, 202615.0512 ], [ 1020789.1301, 202501.1167 ], [ 1020933.1349, 202589.1376 ], [ 1021037.0255, 202442.105 ], [ 1021084.5247, 202376.2331 ], [ 1021235.0878, 202161.8708 ], [ 1021382.3256, 201948.5975 ], [ 1021539.5641, 201722.9531 ], [ 1021605.43, 201612.2977 ], [ 1021758.7525, 201412.152 ], [ 1021915.422, 201200.3538 ], [ 1022068.7599, 200993.6521 ], [ 1022222.3781, 200786.5874 ], [ 1022387.0822, 200582.8202 ], [ 1022551.2318, 200380.8749 ], [ 1022720.6517, 200178.5746 ], [ 1022886.4671, 199978.4559 ], [ 1023050.0705, 199776.5131 ], [ 1023077.3235, 199723.0 ], [ 1023107.357, 199664.3908 ], [ 1023126.8586, 199604.3074 ], [ 1023141.0943, 199543.4869 ], [ 1023152.0022, 199483.3898 ], [ 1023160.6854, 199427.6611 ], [ 1023163.3999, 199290.677 ], [ 1022485.8344, 198780.6306 ], [ 1021674.0735, 198260.5591 ], [ 1021516.9468, 198217.3265 ], [ 1021228.4865, 198123.2525 ], [ 1020245.7708, 197686.7653 ], [ 1020114.1905, 197612.2472 ], [ 1019690.6526, 197360.2374 ], [ 1019407.0091, 197182.7605 ], [ 1019253.304, 197066.317 ], [ 1019041.4389, 196904.9785 ], [ 1019007.3835, 196872.5044 ], [ 1018929.2828, 196813.3712 ], [ 1018614.0893, 196783.0481 ], [ 1018291.1141, 196765.4697 ], [ 1017251.85, 196648.9069 ], [ 1017178.9317, 196649.1722 ], [ 1016459.1777, 196650.0287 ], [ 1015986.7039, 196674.5454 ], [ 1015801.099, 196768.3008 ], [ 1015106.966, 197118.9878 ], [ 1014892.2381, 197227.6507 ], [ 1014691.3835, 197329.0463 ], [ 1014658.6424, 197349.7721 ], [ 1014599.543, 197386.4956 ], [ 1014453.8758, 197477.3966 ], [ 1014397.2812, 197506.837 ], [ 1014231.383, 197592.6136 ], [ 1014056.32, 197692.2247 ], [ 1013875.7095, 197795.1092 ], [ 1013608.5419, 197947.4392 ], [ 1012346.824, 198666.5925 ], [ 1011921.7926, 198941.174 ], [ 1011807.5681, 198946.8734 ], [ 1011789.4851, 199002.5955 ], [ 1011181.1448, 199345.477 ], [ 1011405.2538, 199492.9161 ] ] ] ] } },
{ "type": "Feature", "properties": { "ZCTA5CE20": "11435", "GEOID20": "11435", "CLASSFP20": "B5", "MTFCC20": "G6350", "FUNCSTAT20": "S", "ALAND20": 3912570, "AWATER20": 0, "INTPTLAT20": "+40.7010799", "INTPTLON20": "-073.8096404" }, "geometry": { "type": "MultiPolygon", "coordinates": [ [ [ [ 1032571.4138, 200209.2947 ], [ 1032605.1772, 200237.7798 ], [ 1032683.3586, 200234.2923 ], [ 1032693.8934, 200233.9489 ], [ 1032726.8854, 200232.1931 ], [ 1032804.7904, 200228.3411 ], [ 1032822.8063, 200229.8345 ], [ 1032841.9304, 200231.6944 ], [ 1032884.6132, 200235.7875 ], [ 1032960.8183, 200250.1492 ], [ 1033047.8119, 200275.827 ], [ 1033153.6213, 200318.6666 ], [ 1033212.0609, 200344.6519 ], [ 1033295.9855, 200379.7971 ], [ 1033323.9639, 200389.6905 ], [ 1033370.7802, 200405.8158 ], [ 1033459.717, 200429.6774 ], [ 1033516.7951, 200443.2734 ], [ 1033550.3214, 200451.3567 ], [ 1033623.485, 200461.3423 ], [ 1033629.5829, 200461.719 ], [ 1033670.3209, 200467.6312 ], [ 1033711.0642, 200470.9931 ], [ 1033752.0899, 200471.8054 ], [ 1033793.12, 200470.4317 ], [ 1033834.1553, 200466.5079 ], [ 1033874.6414, 200460.0326 ], [ 1033916.7983, 200449.9175 ], [ 1033947.3072, 200442.329 ], [ 1033990.8516, 200431.4882 ], [ 1034058.5023, 200426.1619 ], [ 1034132.9598, 200480.9644 ], [ 1034340.3453, 200600.1633 ], [ 1034412.3509, 200499.3922 ], [ 1034426.5195, 200484.4839 ], [ 1034454.2857, 200462.6814 ], [ 1034496.1875, 200442.0012 ], [ 1034531.9899, 200421.6727 ], [ 1034580.0184, 200387.5251 ], [ 1034606.9555, 200364.6281 ], [ 1034642.2355, 200328.9968 ], [ 1035045.2498, 200487.2276 ], [ 1034927.3512, 200793.0196 ], [ 1034960.5741, 200813.1272 ], [ 1034971.9967, 200785.8262 ], [ 1035005.1686, 200697.7273 ], [ 1035198.7909, 200767.7201 ], [ 1035179.2519, 200831.8014 ], [ 1035287.8333, 200871.7415 ], [ 1035309.3214, 200803.6567 ], [ 1035406.5457, 200839.5658 ], [ 1035384.5045, 200906.9207 ], [ 1035488.0994, 200945.0296 ], [ 1035511.8048, 200877.314 ], [ 1035843.0875, 200998.2449 ], [ 1035819.3805, 201066.3246 ], [ 1035924.36, 201104.4382 ], [ 1035951.9653, 201028.3517 ], [ 1036056.6629, 201068.6513 ], [ 1036031.2773, 201143.6494 ], [ 1036134.3166, 201181.3955 ], [ 1036163.5918, 201102.3982 ], [ 1036260.8137, 201138.3107 ], [ 1036217.8547, 201264.2774 ], [ 1036280.7302, 201287.3649 ], [ 1036331.141, 201306.0539 ], [ 1036387.5428, 200987.3849 ], [ 1036410.5193, 200873.0342 ], [ 1036429.0161, 200779.4408 ], [ 1036440.2273, 200722.2648 ], [ 1036486.6921, 200513.9672 ], [ 1036522.1734, 200514.7722 ], [ 1036529.1096, 200383.2635 ], [ 1036706.521, 200385.4677 ], [ 1036795.8714, 200344.8558 ], [ 1036827.7507, 200344.9248 ], [ 1036828.2969, 200220.689 ], [ 1036854.0786, 200220.3805 ], [ 1037076.7038, 200210.2982 ], [ 1037518.3447, 200193.0464 ], [ 1037524.5146, 200160.6344 ], [ 1037528.7551, 200123.1176 ], [ 1037537.9768, 200089.6194 ], [ 1037237.1907, 200092.6045 ], [ 1036859.6392, 200084.8613 ], [ 1036863.2475, 199826.9225 ], [ 1036867.6937, 199566.071 ], [ 1036882.4732, 199270.266 ], [ 1036969.2111, 199030.3599 ], [ 1037060.1187, 198786.0912 ], [ 1037151.5826, 198541.824 ], [ 1037175.4055, 198550.6199 ], [ 1037222.7741, 198568.2111 ], [ 1037229.4801, 198544.1798 ], [ 1037264.6158, 198450.6234 ], [ 1037319.187, 198470.7808 ], [ 1037355.6783, 198264.6492 ], [ 1037520.4931, 197949.8637 ], [ 1037406.4013, 197889.8634 ], [ 1037440.9235, 197823.9951 ], [ 1037467.6511, 197772.683 ], [ 1037585.7023, 197544.8707 ], [ 1037678.838, 197301.338 ], [ 1037773.3826, 197048.3361 ], [ 1037873.7821, 196781.503 ], [ 1037999.8598, 196438.582 ], [ 1038136.2627, 196067.2668 ], [ 1038257.6019, 195738.9099 ], [ 1038472.705, 195142.6153 ], [ 1038560.0384, 194897.9802 ], [ 1038606.6758, 194749.4376 ], [ 1038672.1621, 194603.8519 ], [ 1038725.9815, 194468.0772 ], [ 1038996.3487, 194582.7206 ], [ 1039123.0226, 194601.5874 ], [ 1039033.6351, 194401.7324 ], [ 1038939.3402, 194040.8325 ], [ 1038998.6664, 193800.508 ], [ 1039051.5429, 193592.5945 ], [ 1039117.4184, 193400.0123 ], [ 1039152.015, 193306.0932 ], [ 1039378.346, 192669.0274 ], [ 1039411.545, 192702.9855 ], [ 1039550.382, 192620.9625 ], [ 1039529.0697, 192603.4262 ], [ 1039555.7644, 192571.0615 ], [ 1039525.5958, 192545.8541 ], [ 1039537.8302, 192531.3087 ], [ 1039507.1086, 192505.3713 ], [ 1039571.9082, 192422.8158 ], [ 1039528.7195, 192391.7494 ], [ 1039611.3101, 192290.2893 ], [ 1039578.9278, 192262.8907 ], [ 1039656.5084, 192169.799 ], [ 1039688.3394, 192195.7391 ], [ 1039768.9843, 192096.8254 ], [ 1039786.4213, 192111.4384 ], [ 1039864.014, 192013.6111 ], [ 1039844.6384, 191997.9005 ], [ 1039781.5323, 191945.2926 ], [ 1039868.0227, 191837.2844 ], [ 1039923.0844, 191770.0094 ], [ 1040038.7682, 191629.6433 ], [ 1040190.6383, 191431.0682 ], [ 1040259.1204, 191317.1906 ], [ 1040325.13, 191193.4706 ], [ 1040378.8869, 191091.9465 ], [ 1040431.5098, 191121.2146 ], [ 1040501.8581, 191160.3608 ], [ 1040619.9519, 190940.2147 ], [ 1040503.628, 190875.0942 ], [ 1040611.0446, 190715.4022 ], [ 1040644.4221, 190672.8531 ], [ 1040796.3218, 190466.2666 ], [ 1040975.2438, 190565.0529 ], [ 1041103.3541, 190334.0027 ], [ 1040931.6329, 190238.8755 ], [ 1041044.1518, 190034.3848 ], [ 1041218.0935, 190129.1535 ], [ 1041337.8601, 189910.1079 ], [ 1041164.7681, 189807.325 ], [ 1041278.1195, 189604.2946 ], [ 1041350.4088, 189644.9051 ], [ 1041405.2489, 189675.6377 ], [ 1041463.4656, 189567.9331 ], [ 1041530.0338, 189447.1323 ], [ 1041407.0465, 189383.0849 ], [ 1041261.8545, 189326.2725 ], [ 1041221.3748, 189439.4842 ], [ 1041129.1002, 189405.7497 ], [ 1041122.4032, 189423.2218 ], [ 1040925.3878, 189349.5311 ], [ 1040974.5045, 189218.8512 ], [ 1040730.9346, 189127.5655 ], [ 1040487.9174, 189036.2836 ], [ 1040244.3446, 188944.6384 ], [ 1040001.0473, 188852.9964 ], [ 1039757.4701, 188761.7205 ], [ 1039504.4703, 188666.418 ], [ 1039251.7443, 188571.8474 ], [ 1039008.4395, 188480.2153 ], [ 1038764.3009, 188388.5838 ], [ 1038520.7152, 188296.9559 ], [ 1038280.1752, 188206.7947 ], [ 1038140.2304, 188153.656 ], [ 1038086.4679, 188133.863 ], [ 1037847.3423, 188784.0275 ], [ 1037701.7544, 189153.8659 ], [ 1037665.225, 189243.7751 ], [ 1037581.0129, 189451.2582 ], [ 1037493.4949, 189649.2617 ], [ 1037288.6451, 190111.1485 ], [ 1037194.9862, 190329.5422 ], [ 1037175.471, 190376.4983 ], [ 1036991.2111, 190812.565 ], [ 1036731.9954, 191417.156 ], [ 1036636.9592, 191635.9134 ], [ 1036519.6075, 191916.1949 ], [ 1036412.0393, 192161.5222 ], [ 1036391.6756, 192217.5854 ], [ 1036058.1264, 192974.3145 ], [ 1035904.3167, 193323.0155 ], [ 1035885.3741, 193363.7802 ], [ 1035770.0762, 193598.8928 ], [ 1035706.5271, 193753.2342 ], [ 1035686.992, 193812.2144 ], [ 1035548.7585, 194143.0985 ], [ 1035540.9538, 194162.3915 ], [ 1035420.2611, 194460.888 ], [ 1035417.4653, 194471.812 ], [ 1035411.8921, 194484.9162 ], [ 1035135.5021, 195251.2515 ], [ 1034933.2816, 195825.7425 ], [ 1034658.4479, 196524.6856 ], [ 1034623.6277, 196603.3088 ], [ 1034426.4184, 197044.8339 ], [ 1034403.4041, 197180.3174 ], [ 1034304.218, 197415.8349 ], [ 1034282.6777, 197374.6211 ], [ 1034048.323, 197819.7161 ], [ 1033969.5932, 197951.807 ], [ 1033865.6139, 198094.4121 ], [ 1033829.1946, 198143.8867 ], [ 1033392.9475, 198629.7462 ], [ 1033341.272, 198684.2914 ], [ 1033201.5304, 198830.106 ], [ 1033054.4596, 199037.1144 ], [ 1033056.3613, 199056.4278 ], [ 1033030.6325, 199167.8614 ], [ 1033000.1912, 199279.2856 ], [ 1032987.0666, 199326.6223 ], [ 1032962.8181, 199391.4246 ], [ 1032880.148, 199558.4869 ], [ 1032826.4199, 199670.5933 ], [ 1032640.5381, 200021.0731 ], [ 1032633.2913, 200040.7326 ], [ 1032628.8355, 200050.925 ], [ 1032622.4313, 200065.1211 ], [ 1032607.9529, 200096.7891 ], [ 1032604.6119, 200104.0691 ], [ 1032566.9856, 200205.6426 ], [ 1032571.4138, 200209.2947 ] ] ] ] } },
{ "type": "Feature", "properties": { "ZCTA5CE20": "11436", "GEOID20": "11436", "CLASSFP20": "B5", "MTFCC20": "G6350", "FUNCSTAT20": "S", "ALAND20": 2065627, "AWATER20": 0, "INTPTLAT20": "+40.6758637", "INTPTLON20": "-073.7966472" }, "geometry": { "type": "MultiPolygon", "coordinates": [ [ [ [ 1038140.2304, 188153.656 ], [ 1038280.1752, 188206.7947 ], [ 1038520.7152, 188296.9559 ], [ 1038764.3009, 188388.5838 ], [ 1039008.4395, 188480.2153 ], [ 1039251.7443, 188571.8474 ], [ 1039504.4703, 188666.418 ], [ 1039757.4701, 188761.7205 ], [ 1040001.0473, 188852.9964 ], [ 1040244.3446, 188944.6384 ], [ 1040487.9174, 189036.2836 ], [ 1040730.9346, 189127.5655 ], [ 1040974.5045, 189218.8512 ], [ 1040925.3878, 189349.5311 ], [ 1041122.4032, 189423.2218 ], [ 1041129.1002, 189405.7497 ], [ 1041221.3748, 189439.4842 ], [ 1041261.8545, 189326.2725 ], [ 1041407.0465, 189383.0849 ], [ 1041424.3117, 189353.2504 ], [ 1041503.1202, 189216.8122 ], [ 1041387.2971, 189172.0913 ], [ 1041405.4373, 189124.0424 ], [ 1041414.8591, 189127.3435 ], [ 1041449.7471, 189033.7928 ], [ 1041460.2843, 189034.5463 ], [ 1041529.5004, 188849.994 ], [ 1041566.909, 188863.9268 ], [ 1041581.1438, 188825.7057 ], [ 1041703.3454, 188871.1713 ], [ 1041715.3194, 188850.7972 ], [ 1041737.6741, 188780.17 ], [ 1041761.768, 188677.8503 ], [ 1041617.3942, 188625.4098 ], [ 1041665.4059, 188495.0931 ], [ 1041673.0906, 188412.044 ], [ 1041731.2325, 188220.5439 ], [ 1041771.4129, 188235.5765 ], [ 1041756.3849, 188022.7722 ], [ 1041761.1611, 187996.9161 ], [ 1041804.4344, 187760.2041 ], [ 1041861.0667, 187504.5787 ], [ 1041915.4536, 187260.6067 ], [ 1041817.6038, 187235.6003 ], [ 1041725.8514, 187212.4303 ], [ 1041785.228, 187086.5127 ], [ 1041729.5263, 187065.9783 ], [ 1041785.9083, 186916.3722 ], [ 1041841.6095, 186937.271 ], [ 1041899.8856, 186808.0721 ], [ 1042019.3379, 186847.3391 ], [ 1042092.8853, 186595.3979 ], [ 1042163.638, 186352.9228 ], [ 1042185.4554, 186276.4656 ], [ 1042089.0321, 186233.2449 ], [ 1041998.4273, 186192.5888 ], [ 1042046.1545, 186068.1015 ], [ 1042022.5967, 186060.0302 ], [ 1042112.6854, 185735.2625 ], [ 1042211.9356, 185756.9945 ], [ 1042265.2864, 185601.5531 ], [ 1042315.1774, 185617.3384 ], [ 1042404.4266, 185645.6052 ], [ 1042531.0893, 185340.6005 ], [ 1042581.2859, 185229.236 ], [ 1042629.7635, 185140.8204 ], [ 1042659.5611, 185092.0718 ], [ 1042479.1347, 185028.2454 ], [ 1042272.6547, 184955.2499 ], [ 1042370.6757, 184680.4153 ], [ 1042419.7983, 184670.3316 ], [ 1042533.8627, 184646.9235 ], [ 1042775.0384, 184596.4971 ], [ 1043033.6979, 184543.2007 ], [ 1042926.7181, 183929.7755 ], [ 1042829.5623, 183381.5895 ], [ 1042740.1529, 182840.345 ], [ 1042671.5563, 182294.779 ], [ 1042398.2587, 182311.247 ], [ 1042377.4463, 182313.7475 ], [ 1042147.4019, 182340.523 ], [ 1041904.6011, 182365.4488 ], [ 1041658.2142, 182381.989 ], [ 1041611.6194, 182377.1426 ], [ 1041416.3804, 182350.0865 ], [ 1040801.666, 182330.4318 ], [ 1040535.072, 182327.9912 ], [ 1040456.2904, 182325.6229 ], [ 1040263.1269, 182239.9238 ], [ 1040106.1875, 182204.9513 ], [ 1040040.202, 182187.3119 ], [ 1039988.3388, 182180.9993 ], [ 1039945.8945, 182180.5377 ], [ 1039882.0839, 182182.2132 ], [ 1039768.3087, 182196.5261 ], [ 1039684.47, 182221.8378 ], [ 1039651.4397, 182229.4134 ], [ 1039597.6014, 182237.6703 ], [ 1039531.8333, 182246.2645 ], [ 1039346.4962, 182255.3161 ], [ 1039327.0761, 182255.6364 ], [ 1039273.2561, 182255.8788 ], [ 1039302.7708, 182453.0478 ], [ 1039375.5957, 182879.8424 ], [ 1039393.0983, 183113.0528 ], [ 1039381.8876, 183897.0641 ], [ 1039385.5835, 183979.7753 ], [ 1039383.3888, 184091.2551 ], [ 1039381.645, 184126.2268 ], [ 1039375.0029, 184241.7041 ], [ 1039342.0725, 184573.5336 ], [ 1039328.0212, 184653.6542 ], [ 1039296.326, 184808.0581 ], [ 1039230.063, 185038.5286 ], [ 1038868.4053, 186000.636 ], [ 1038793.8496, 186221.6166 ], [ 1038548.5959, 186866.6594 ], [ 1038452.6025, 187126.2122 ], [ 1038326.4099, 187496.4544 ], [ 1038086.4679, 188133.863 ], [ 1038140.2304, 188153.656 ] ] ] ] } },
{ "type": "Feature", "properties": { "ZCTA5CE20": "11411", "GEOID20": "11411", "CLASSFP20": "B5", "MTFCC20": "G6350", "FUNCSTAT20": "S", "ALAND20": 3054399, "AWATER20": 0, "INTPTLAT20": "+40.6940638", "INTPTLON20": "-073.7362653" }, "geometry": { "type": "MultiPolygon", "coordinates": [ [ [ [ 1053858.577, 194953.037 ], [ 1053944.7223, 194983.5236 ], [ 1054210.6526, 195071.7276 ], [ 1054456.6269, 195156.5979 ], [ 1054702.0471, 195240.7405 ], [ 1054947.1862, 195325.6133 ], [ 1055193.7174, 195407.9424 ], [ 1055269.0609, 195433.3015 ], [ 1055422.7855, 195488.0368 ], [ 1055464.2313, 195348.255 ], [ 1055674.4523, 195425.7463 ], [ 1055653.561, 195364.1128 ], [ 1055772.9003, 195325.8448 ], [ 1055753.6652, 195266.7665 ], [ 1055728.3858, 195188.7252 ], [ 1056024.0323, 195070.0963 ], [ 1056050.7413, 195133.2046 ], [ 1056202.152, 195126.7304 ], [ 1056221.5642, 195125.6949 ], [ 1056227.0091, 195253.2271 ], [ 1056835.7005, 195226.985 ], [ 1057343.9885, 195211.3858 ], [ 1057375.3311, 195207.8368 ], [ 1057915.2408, 195188.3371 ], [ 1057949.6213, 195188.8057 ], [ 1058424.3689, 195170.577 ], [ 1058455.4277, 195169.2146 ], [ 1058924.9046, 195152.0726 ], [ 1058920.5886, 195022.7216 ], [ 1058942.7726, 195022.0611 ], [ 1058989.36, 195020.3828 ], [ 1058994.503, 195151.1936 ], [ 1059744.6143, 195123.6384 ], [ 1059749.7345, 194992.8593 ], [ 1059759.1749, 194721.0973 ], [ 1059769.1655, 194450.7944 ], [ 1059778.2973, 194189.2328 ], [ 1059797.9638, 193661.0134 ], [ 1059807.645, 193401.2752 ], [ 1059940.6298, 193349.5898 ], [ 1059972.8354, 193336.9386 ], [ 1060016.693, 193322.5021 ], [ 1060063.3395, 193302.9738 ], [ 1060088.8936, 193289.209 ], [ 1060162.4035, 191062.2818 ], [ 1060163.9745, 191003.265 ], [ 1060164.0866, 190878.6642 ], [ 1060170.1499, 190713.2768 ], [ 1060172.545, 190656.813 ], [ 1060176.8306, 190527.8532 ], [ 1060181.9118, 190410.5545 ], [ 1060189.2253, 190288.8908 ], [ 1060194.1448, 190223.3266 ], [ 1060214.0733, 189969.8145 ], [ 1060240.8246, 189663.1315 ], [ 1060256.6855, 189468.9928 ], [ 1060261.0439, 189405.6129 ], [ 1060263.4062, 189359.7146 ], [ 1060265.3635, 189354.62 ], [ 1060275.1667, 189146.6178 ], [ 1060298.6768, 188724.0676 ], [ 1060292.7586, 188576.8594 ], [ 1060287.0845, 188440.2176 ], [ 1060282.4936, 188311.9588 ], [ 1060082.0257, 188382.3768 ], [ 1060034.5468, 188398.9879 ], [ 1059915.4135, 188447.0725 ], [ 1059729.6381, 188520.4538 ], [ 1059488.3281, 188615.1599 ], [ 1059246.7415, 188710.232 ], [ 1059005.9899, 188804.9446 ], [ 1058764.6833, 188900.3866 ], [ 1058516.7157, 188997.9966 ], [ 1058466.463, 188833.8942 ], [ 1058067.5078, 188968.5741 ], [ 1058133.5325, 189145.4752 ], [ 1058033.5684, 189185.2478 ], [ 1057842.2488, 189261.5413 ], [ 1057791.9888, 189281.7916 ], [ 1057550.4111, 189378.3378 ], [ 1057306.6188, 189474.1511 ], [ 1057066.7133, 189569.2499 ], [ 1057027.3742, 189462.3831 ], [ 1056015.5936, 189854.672 ], [ 1054412.3676, 190512.342 ], [ 1054375.9939, 190527.5389 ], [ 1054350.3006, 190493.582 ], [ 1054288.3617, 190526.5574 ], [ 1054351.7635, 190659.3567 ], [ 1054317.8724, 190679.2971 ], [ 1054229.5338, 190731.1418 ], [ 1054213.1435, 190740.9315 ], [ 1054464.1985, 191289.9737 ], [ 1054494.1823, 191278.4018 ], [ 1054621.0569, 191229.9487 ], [ 1054679.8283, 191332.496 ], [ 1054560.6726, 191397.0017 ], [ 1054633.746, 191540.3954 ], [ 1054645.411, 191534.2356 ], [ 1054754.8823, 191748.7796 ], [ 1054761.2689, 191745.8835 ], [ 1054797.8686, 191843.2661 ], [ 1054689.8465, 191894.3233 ], [ 1054638.5571, 191889.8027 ], [ 1054617.0323, 191949.1263 ], [ 1054585.4455, 192035.7456 ], [ 1054672.4258, 192068.423 ], [ 1054685.456, 192260.8276 ], [ 1054628.1453, 192420.6028 ], [ 1054645.3201, 192426.8461 ], [ 1054638.8883, 192445.4084 ], [ 1054656.3404, 192451.6526 ], [ 1054620.8275, 192553.5624 ], [ 1054662.6682, 192564.6136 ], [ 1054638.2686, 192659.2689 ], [ 1054593.1173, 192642.3789 ], [ 1054572.4336, 192698.7903 ], [ 1054537.5318, 192685.5734 ], [ 1054496.7248, 192796.5763 ], [ 1054676.5043, 192861.5835 ], [ 1054630.6454, 192993.3384 ], [ 1054545.6294, 193241.2017 ], [ 1054454.7458, 193505.0789 ], [ 1054384.1073, 193480.4647 ], [ 1054314.0233, 193455.8522 ], [ 1054232.0655, 193702.6325 ], [ 1054160.1146, 193941.4265 ], [ 1054056.5173, 194193.2458 ], [ 1053972.6111, 194444.3933 ], [ 1054024.6883, 194462.3951 ], [ 1054113.0533, 194492.8886 ], [ 1054032.5188, 194728.7438 ], [ 1053935.5662, 194695.6756 ], [ 1053888.7525, 194679.5107 ], [ 1053803.7322, 194933.5704 ], [ 1053858.577, 194953.037 ] ] ] ] } },
{ "type": "Feature", "properties": { "ZCTA5CE20": "11412", "GEOID20": "11412", "CLASSFP20": "B5", "MTFCC20": "G6350", "FUNCSTAT20": "S", "ALAND20": 4260491, "AWATER20": 0, "INTPTLAT20": "+40.6980199", "INTPTLON20": "-073.7590809" }, "geometry": { "type": "MultiPolygon", "coordinates": [ [ [ [ 1046457.6107, 196332.7141 ], [ 1046504.2152, 196322.9966 ], [ 1046622.962, 196291.9688 ], [ 1046860.4321, 196239.3874 ], [ 1046956.2197, 196295.3772 ], [ 1047209.4844, 196353.5968 ], [ 1047453.6136, 196405.9659 ], [ 1047703.8395, 196459.0821 ], [ 1048018.6246, 196527.6722 ], [ 1048263.8603, 196579.688 ], [ 1048519.6219, 196635.0132 ], [ 1048780.6483, 196691.0837 ], [ 1048754.5511, 196808.6934 ], [ 1048819.6502, 196829.6333 ], [ 1048880.5942, 196849.1049 ], [ 1048848.9295, 196975.0793 ], [ 1049305.1753, 197120.2081 ], [ 1049344.3192, 196997.5333 ], [ 1049422.9918, 197022.5188 ], [ 1049470.0597, 197046.691 ], [ 1049506.3284, 197065.7337 ], [ 1049524.5642, 197089.0999 ], [ 1049655.8625, 197133.1729 ], [ 1049904.8962, 197212.5405 ], [ 1050151.4351, 197291.1752 ], [ 1050399.3595, 197369.4518 ], [ 1050647.5566, 197448.8247 ], [ 1050895.1977, 197528.1986 ], [ 1051143.946, 197607.5781 ], [ 1051391.3096, 197685.8633 ], [ 1051639.4993, 197765.6107 ], [ 1051886.5804, 197844.6289 ], [ 1052134.7698, 197923.2883 ], [ 1052381.8488, 198001.9472 ], [ 1052629.2003, 198081.7024 ], [ 1052755.2314, 198121.7697 ], [ 1052877.3829, 198161.0981 ], [ 1052894.4467, 198107.2252 ], [ 1052919.3423, 198028.9643 ], [ 1052795.801, 197990.7248 ], [ 1052927.2726, 197577.5798 ], [ 1053059.0289, 197163.3434 ], [ 1053182.8503, 197201.9494 ], [ 1053226.489, 197065.449 ], [ 1053348.9452, 196706.9305 ], [ 1053268.3421, 196679.3764 ], [ 1053207.6825, 196658.4372 ], [ 1053294.3376, 196410.2094 ], [ 1053381.8356, 196158.7052 ], [ 1053465.9885, 195914.1142 ], [ 1053546.8096, 195671.6999 ], [ 1053596.9457, 195688.9666 ], [ 1053689.4616, 195720.9278 ], [ 1053775.019, 195471.6055 ], [ 1053858.6132, 195230.6576 ], [ 1053944.7223, 194983.5236 ], [ 1053858.577, 194953.037 ], [ 1053803.7322, 194933.5704 ], [ 1053888.7525, 194679.5107 ], [ 1053935.5662, 194695.6756 ], [ 1054032.5188, 194728.7438 ], [ 1054113.0533, 194492.8886 ], [ 1054024.6883, 194462.3951 ], [ 1053972.6111, 194444.3933 ], [ 1054056.5173, 194193.2458 ], [ 1054160.1146, 193941.4265 ], [ 1054232.0655, 193702.6325 ], [ 1054314.0233, 193455.8522 ], [ 1054384.1073, 193480.4647 ], [ 1054454.7458, 193505.0789 ], [ 1054545.6294, 193241.2017 ], [ 1054630.6454, 192993.3384 ], [ 1054676.5043, 192861.5835 ], [ 1054496.7248, 192796.5763 ], [ 1054537.5318, 192685.5734 ], [ 1054572.4336, 192698.7903 ], [ 1054593.1173, 192642.3789 ], [ 1054638.2686, 192659.2689 ], [ 1054662.6682, 192564.6136 ], [ 1054620.8275, 192553.5624 ], [ 1054656.3404, 192451.6526 ], [ 1054638.8883, 192445.4084 ], [ 1054645.3201, 192426.8461 ], [ 1054628.1453, 192420.6028 ], [ 1054685.456, 192260.8276 ], [ 1054672.4258, 192068.423 ], [ 1054585.4455, 192035.7456 ], [ 1054617.0323, 191949.1263 ], [ 1054638.5571, 191889.8027 ], [ 1054689.8465, 191894.3233 ], [ 1054797.8686, 191843.2661 ], [ 1054761.2689, 191745.8835 ], [ 1054754.8823, 191748.7796 ], [ 1054645.411, 191534.2356 ], [ 1054633.746, 191540.3954 ], [ 1054560.6726, 191397.0017 ], [ 1054679.8283, 191332.496 ], [ 1054621.0569, 191229.9487 ], [ 1054494.1823, 191278.4018 ], [ 1054464.1985, 191289.9737 ], [ 1054213.1435, 190740.9315 ], [ 1054100.9055, 190810.1957 ], [ 1053945.3851, 190500.0679 ], [ 1053800.2802, 190231.5046 ], [ 1053720.272, 190085.5434 ], [ 1053601.3717, 190350.8007 ], [ 1053487.2691, 190295.8256 ], [ 1053471.0887, 190329.298 ], [ 1053247.0484, 190217.1754 ], [ 1053032.7652, 190086.5017 ], [ 1052806.1845, 189988.585 ], [ 1052675.9441, 189951.056 ], [ 1052573.7802, 189889.9253 ], [ 1052375.1192, 189724.3256 ], [ 1052405.5264, 189661.0174 ], [ 1052291.6901, 189607.8704 ], [ 1052244.5442, 189706.4719 ], [ 1052205.4903, 189787.6084 ], [ 1052093.8749, 189733.7398 ], [ 1052132.3708, 189653.6946 ], [ 1052177.5821, 189552.5371 ], [ 1052067.9029, 189500.1314 ], [ 1052022.4339, 189594.3661 ], [ 1052011.5538, 189617.2886 ], [ 1051890.4713, 189576.5105 ], [ 1051487.1942, 189386.6678 ], [ 1051512.8544, 189334.2753 ], [ 1051542.9774, 189272.7868 ], [ 1051318.6372, 189162.1386 ], [ 1051298.2747, 189204.3448 ], [ 1051262.5723, 189277.841 ], [ 1051039.3372, 189168.2915 ], [ 1050812.4976, 189057.6411 ], [ 1050609.731, 188966.7325 ], [ 1050619.6311, 188896.0794 ], [ 1050644.7397, 188740.5789 ], [ 1050657.7724, 188640.0594 ], [ 1050675.0899, 188494.0102 ], [ 1050684.9933, 188422.2642 ], [ 1050689.8049, 188386.9373 ], [ 1050695.7478, 188343.5983 ], [ 1050686.7188, 188298.3966 ], [ 1050664.5144, 188202.8814 ], [ 1050644.7702, 188120.4888 ], [ 1050425.8173, 188470.3772 ], [ 1050255.8297, 188766.4796 ], [ 1049964.9087, 189273.5675 ], [ 1049811.6137, 189759.8989 ], [ 1049534.4808, 190510.4021 ], [ 1049503.7722, 190482.6304 ], [ 1049407.7909, 190802.6194 ], [ 1049164.1896, 191363.4007 ], [ 1049085.7819, 191543.8993 ], [ 1049127.1248, 191535.2657 ], [ 1049309.4108, 191501.5062 ], [ 1049358.6201, 191765.4135 ], [ 1049021.7643, 192152.1608 ], [ 1048858.7245, 192354.2945 ], [ 1048698.7281, 192560.0807 ], [ 1048361.7735, 192992.3783 ], [ 1048223.4912, 193169.0785 ], [ 1048057.1161, 193062.6207 ], [ 1047437.6396, 193913.5355 ], [ 1047130.8987, 194472.7161 ], [ 1047198.1406, 194525.7183 ], [ 1046643.5913, 195708.7276 ], [ 1046559.6794, 195885.9414 ], [ 1046504.3966, 196035.9041 ], [ 1046441.1777, 196253.6122 ], [ 1046457.6107, 196332.7141 ] ] ] ] } },
{ "type": "Feature", "properties": { "ZCTA5CE20": "11414", "GEOID20": "11414", "CLASSFP20": "B5", "MTFCC20": "G6350", "FUNCSTAT20": "S", "ALAND20": 5979139, "AWATER20": 178512, "INTPTLAT20": "+40.6576043", "INTPTLON20": "-073.8448040" }, "geometry": { "type": "MultiPolygon", "coordinates": [ [ [ [ 1022213.7871, 179134.0988 ], [ 1022674.7479, 179416.449 ], [ 1022754.0001, 179478.8746 ], [ 1022992.9153, 179634.0938 ], [ 1023054.4913, 179645.1219 ], [ 1023262.7982, 179680.7952 ], [ 1023504.936, 179727.0905 ], [ 1023754.2308, 179807.6467 ], [ 1023668.3456, 180244.7014 ], [ 1023639.5318, 180391.1148 ], [ 1023542.9545, 180923.2424 ], [ 1023526.1489, 181021.9483 ], [ 1023774.0876, 181075.1779 ], [ 1024036.1719, 181129.8905 ], [ 1024167.6378, 181152.3302 ], [ 1024287.4525, 181174.0226 ], [ 1024181.5995, 181772.8048 ], [ 1024167.043, 181852.2045 ], [ 1024080.2632, 182327.1468 ], [ 1024070.7558, 182373.0366 ], [ 1023962.2582, 182898.9498 ], [ 1023856.2341, 183441.9911 ], [ 1023848.9598, 183479.8695 ], [ 1023840.57, 183521.3893 ], [ 1023833.0166, 183560.3602 ], [ 1023742.4054, 184010.8876 ], [ 1023486.7165, 183965.6609 ], [ 1023254.8923, 183914.646 ], [ 1023231.8758, 183909.8728 ], [ 1022978.1203, 183868.6622 ], [ 1022870.1539, 184428.4639 ], [ 1022785.679, 184870.9895 ], [ 1022789.0989, 184988.3089 ], [ 1022718.2515, 185235.2117 ], [ 1023001.883, 185144.9445 ], [ 1023197.0111, 185066.5614 ], [ 1023283.0611, 185029.1736 ], [ 1023569.2337, 184914.1427 ], [ 1023885.5121, 184710.2679 ], [ 1024059.2767, 184638.4148 ], [ 1025072.1491, 184240.0621 ], [ 1025406.0715, 184113.4746 ], [ 1025592.0578, 184037.2812 ], [ 1026282.4528, 183745.9094 ], [ 1026451.1995, 183696.2888 ], [ 1026577.79, 183641.8597 ], [ 1026720.1975, 183584.9085 ], [ 1027018.8943, 183465.5682 ], [ 1027744.5678, 183166.2848 ], [ 1027787.5745, 183161.6256 ], [ 1027834.7476, 183154.0592 ], [ 1027882.4664, 183151.5946 ], [ 1027921.8544, 183153.8513 ], [ 1027953.1875, 183007.4474 ], [ 1027961.8515, 182971.7587 ], [ 1028030.421, 182944.5575 ], [ 1028310.1843, 182871.4687 ], [ 1028330.1612, 182869.6833 ], [ 1028352.9043, 182872.2749 ], [ 1028376.7445, 182881.7907 ], [ 1028398.9062, 182898.9544 ], [ 1028415.7846, 182923.0308 ], [ 1028424.6114, 182950.7358 ], [ 1028462.671, 182920.9301 ], [ 1028484.3289, 182910.0396 ], [ 1028518.708, 182921.0321 ], [ 1028542.6005, 182901.7662 ], [ 1028610.9447, 182846.5129 ], [ 1028790.0001, 182778.7109 ], [ 1028836.0826, 182761.3076 ], [ 1029095.6066, 182684.1831 ], [ 1029118.6441, 182677.6677 ], [ 1029092.2383, 182555.2044 ], [ 1029217.436, 182510.259 ], [ 1029378.4297, 182460.6444 ], [ 1029401.7421, 182455.5871 ], [ 1029458.6341, 182444.0343 ], [ 1029615.1274, 182427.9312 ], [ 1029829.3086, 182419.9524 ], [ 1030057.9328, 182402.8945 ], [ 1030120.9731, 182367.6735 ], [ 1030492.404, 182238.6764 ], [ 1030596.2061, 181923.001 ], [ 1030611.8335, 181874.9394 ], [ 1030661.7385, 181746.0622 ], [ 1030919.2902, 181115.5379 ], [ 1031147.0583, 180542.5229 ], [ 1031354.0287, 179969.4698 ], [ 1031452.0847, 179766.0004 ], [ 1031471.5513, 179599.9043 ], [ 1031775.439, 178707.5273 ], [ 1031864.961, 178332.4442 ], [ 1032281.1233, 176243.4754 ], [ 1032297.6534, 176163.3559 ], [ 1032316.7402, 176053.3665 ], [ 1032420.5021, 175503.0719 ], [ 1032396.0132, 175537.9989 ], [ 1032380.7222, 175552.5418 ], [ 1032374.819, 175590.7845 ], [ 1032353.9348, 175627.176 ], [ 1032332.1793, 175683.2395 ], [ 1032308.5773, 175690.8437 ], [ 1032268.3091, 175706.7946 ], [ 1032190.5614, 175731.7798 ], [ 1032128.0717, 175758.9812 ], [ 1032075.0943, 175746.8541 ], [ 1032043.696, 175767.9234 ], [ 1031991.5067, 175778.3864 ], [ 1031947.9476, 175774.6576 ], [ 1031876.8681, 175795.6492 ], [ 1031821.0309, 175826.8721 ], [ 1031778.2202, 175866.1358 ], [ 1031736.5282, 175901.0298 ], [ 1031705.3411, 175956.3468 ], [ 1031678.5932, 176012.0368 ], [ 1031668.5141, 176057.9225 ], [ 1031667.0996, 176071.7642 ], [ 1031636.5368, 176091.7427 ], [ 1031606.5211, 176115.7298 ], [ 1031591.7468, 176150.3122 ], [ 1031577.2933, 176162.6713 ], [ 1031511.4203, 176218.2853 ], [ 1031459.1105, 176291.4136 ], [ 1031442.036, 176367.5251 ], [ 1031419.0856, 176468.7638 ], [ 1031316.5309, 176552.7248 ], [ 1031274.7801, 176618.9518 ], [ 1031228.1109, 176645.8218 ], [ 1031194.4581, 176685.8329 ], [ 1031161.9139, 176726.5748 ], [ 1031145.9963, 176779.0074 ], [ 1031115.1313, 176956.3758 ], [ 1031051.5216, 177135.1384 ], [ 1031060.3374, 177312.2189 ], [ 1031062.1134, 177398.5682 ], [ 1030817.1808, 177358.0216 ], [ 1030947.109, 176744.0133 ], [ 1031070.3285, 176158.7748 ], [ 1031084.8716, 176099.7817 ], [ 1031114.9042, 175922.7761 ], [ 1031133.4512, 175802.2192 ], [ 1031135.863, 175702.7623 ], [ 1031134.8514, 175651.7544 ], [ 1031125.2445, 175597.0866 ], [ 1031094.3098, 175521.9754 ], [ 1031056.3953, 175468.7104 ], [ 1031030.6387, 175442.4292 ], [ 1030991.846, 175412.844 ], [ 1030961.3557, 175394.9333 ], [ 1030260.8684, 175438.774 ], [ 1030147.6335, 175447.3038 ], [ 1030067.6796, 175465.7337 ], [ 1029942.7078, 175517.9617 ], [ 1029879.3418, 175569.5773 ], [ 1029848.7114, 175625.9907 ], [ 1029836.1053, 175689.3601 ], [ 1029846.8059, 175754.2306 ], [ 1029833.9756, 175789.182 ], [ 1029817.5339, 175826.3127 ], [ 1029758.5809, 175892.8743 ], [ 1029533.0458, 175857.4776 ], [ 1029782.5716, 174492.0778 ], [ 1029669.4705, 174426.6515 ], [ 1028705.7354, 174397.9096 ], [ 1028541.1339, 174266.8154 ], [ 1028339.6606, 174267.1779 ], [ 1028051.3419, 174259.0057 ], [ 1027839.1581, 174196.6886 ], [ 1027679.3492, 174175.6359 ], [ 1027437.433, 174134.0358 ], [ 1027069.24, 174096.9517 ], [ 1026959.6978, 174054.1326 ], [ 1026844.5412, 174047.737 ], [ 1026660.8619, 174028.1065 ], [ 1026389.6951, 174049.1303 ], [ 1026232.6667, 174023.72 ], [ 1026092.4608, 174059.5467 ], [ 1025829.7513, 174166.2083 ], [ 1025691.3752, 174269.0768 ], [ 1025495.438, 174441.435 ], [ 1025367.2124, 174615.3665 ], [ 1025279.1017, 174699.013 ], [ 1025179.498, 174851.4985 ], [ 1025126.5225, 175000.0551 ], [ 1025147.0298, 175181.5249 ], [ 1025179.9062, 175268.2903 ], [ 1025230.1873, 175400.9904 ], [ 1025286.2774, 175544.2659 ], [ 1025313.5912, 175637.9444 ], [ 1025387.3053, 175696.7258 ], [ 1025442.3561, 175797.3736 ], [ 1025536.4439, 175786.9677 ], [ 1025619.8556, 175853.7815 ], [ 1025627.8272, 175898.2431 ], [ 1025653.9623, 176031.2674 ], [ 1025711.0263, 176089.2928 ], [ 1025706.0735, 176227.3647 ], [ 1025768.5137, 176224.1923 ], [ 1025784.1755, 176314.9368 ], [ 1025881.7745, 176359.5518 ], [ 1025977.8963, 176456.2635 ], [ 1026061.0865, 176488.4674 ], [ 1026074.5372, 176573.379 ], [ 1026032.5257, 176638.1571 ], [ 1025907.598, 176673.2825 ], [ 1025773.1269, 176610.0237 ], [ 1025687.8379, 176506.7732 ], [ 1025615.6871, 176509.565 ], [ 1025465.6017, 176489.6363 ], [ 1025410.4989, 176420.6849 ], [ 1025318.1666, 176378.9953 ], [ 1025234.1935, 176316.5535 ], [ 1025042.1822, 176310.7656 ], [ 1024851.7415, 176361.4527 ], [ 1024753.786, 176363.1109 ], [ 1024662.4272, 176402.6706 ], [ 1024509.9774, 176469.0896 ], [ 1024476.932, 176483.9724 ], [ 1024444.9924, 176501.4073 ], [ 1024416.1046, 176519.2116 ], [ 1024362.4816, 176560.6565 ], [ 1024344.3965, 176590.1372 ], [ 1024323.5931, 176585.3666 ], [ 1024295.5805, 176577.3052 ], [ 1024228.6909, 176587.032 ], [ 1024176.9797, 176647.4255 ], [ 1024126.8864, 176736.6036 ], [ 1024117.064, 176803.9882 ], [ 1024120.3191, 176849.5345 ], [ 1024097.4188, 176939.1217 ], [ 1024064.0604, 176976.2285 ], [ 1024060.0928, 177026.8636 ], [ 1024017.1913, 177130.6269 ], [ 1023973.8257, 177179.0116 ], [ 1023927.7271, 177201.889 ], [ 1023875.5812, 177189.7811 ], [ 1023855.3593, 177168.9815 ], [ 1023836.517, 177152.9203 ], [ 1023802.6661, 177152.1366 ], [ 1023770.2167, 177142.6113 ], [ 1023728.6413, 177114.1261 ], [ 1023691.4245, 177135.561 ], [ 1023627.2642, 177174.4401 ], [ 1023581.7074, 177205.6986 ], [ 1023541.1046, 177262.1038 ], [ 1023507.1479, 177326.8993 ], [ 1023495.6379, 177409.5832 ], [ 1023493.0494, 177466.0499 ], [ 1023459.9167, 177536.3118 ], [ 1023439.2874, 177596.0283 ], [ 1023440.609, 177636.8352 ], [ 1023413.1, 177661.2009 ], [ 1023372.5553, 177682.2666 ], [ 1023330.3124, 177724.0964 ], [ 1023299.3745, 177810.3924 ], [ 1023291.5146, 177866.8507 ], [ 1023293.9428, 177909.8453 ], [ 1023288.0808, 177931.6956 ], [ 1023262.2553, 177944.7699 ], [ 1023229.7501, 177970.5851 ], [ 1023203.0735, 177995.3166 ], [ 1023186.9565, 178010.2283 ], [ 1023037.0493, 177883.2024 ], [ 1023010.7264, 177860.2077 ], [ 1022961.6829, 177817.1388 ], [ 1022938.3222, 177850.6198 ], [ 1022930.8137, 177861.1734 ], [ 1022919.412, 177877.1857 ], [ 1022908.0103, 177893.198 ], [ 1022827.919, 178006.7411 ], [ 1022821.2413, 178018.389 ], [ 1022634.8219, 178345.2607 ], [ 1022485.9671, 178606.978 ], [ 1022417.7439, 178763.1677 ], [ 1022344.8414, 178896.0331 ], [ 1022213.7871, 179134.0988 ] ] ] ] } },
{ "type": "Feature", "properties": { "ZCTA5CE20": "11415", "GEOID20": "11415", "CLASSFP20": "B5", "MTFCC20": "G6350", "FUNCSTAT20": "S", "ALAND20": 1450699, "AWATER20": 0, "INTPTLAT20": "+40.7080854", "INTPTLON20": "-073.8280442" }, "geometry": { "type": "MultiPolygon", "coordinates": [ [ [ [ 1029722.4209, 198612.7589 ], [ 1029989.0416, 198800.8901 ], [ 1030204.9793, 198960.5104 ], [ 1030371.0869, 199081.4189 ], [ 1030469.9332, 199146.4577 ], [ 1030505.9274, 199170.2078 ], [ 1030714.1227, 199315.9733 ], [ 1031017.2868, 199522.038 ], [ 1031040.273, 199534.1052 ], [ 1031073.7796, 199553.4793 ], [ 1031105.3624, 199564.1058 ], [ 1031118.6605, 199568.5035 ], [ 1031392.6642, 199655.3803 ], [ 1031406.2395, 199659.7787 ], [ 1031583.528, 199727.8892 ], [ 1031794.0311, 199821.9335 ], [ 1032169.9799, 199942.1731 ], [ 1032215.1309, 199960.1145 ], [ 1032375.7257, 200056.6157 ], [ 1032410.0534, 200080.3652 ], [ 1032415.3133, 200084.019 ], [ 1032429.4317, 200093.8839 ], [ 1032500.2865, 200150.496 ], [ 1032507.2053, 200156.339 ], [ 1032526.3033, 200171.3145 ], [ 1032566.9856, 200205.6426 ], [ 1032604.6119, 200104.0691 ], [ 1032607.9529, 200096.7891 ], [ 1032622.4313, 200065.1211 ], [ 1032628.8355, 200050.925 ], [ 1032633.2913, 200040.7326 ], [ 1032640.5381, 200021.0731 ], [ 1032826.4199, 199670.5933 ], [ 1032880.148, 199558.4869 ], [ 1032962.8181, 199391.4246 ], [ 1032987.0666, 199326.6223 ], [ 1033000.1912, 199279.2856 ], [ 1033030.6325, 199167.8614 ], [ 1033056.3613, 199056.4278 ], [ 1033054.4596, 199037.1144 ], [ 1033201.5304, 198830.106 ], [ 1033341.272, 198684.2914 ], [ 1033392.9475, 198629.7462 ], [ 1033829.1946, 198143.8867 ], [ 1033865.6139, 198094.4121 ], [ 1033969.5932, 197951.807 ], [ 1034048.323, 197819.7161 ], [ 1034282.6777, 197374.6211 ], [ 1034304.218, 197415.8349 ], [ 1034403.4041, 197180.3174 ], [ 1034426.4184, 197044.8339 ], [ 1034623.6277, 196603.3088 ], [ 1034565.1821, 196576.5915 ], [ 1034512.8262, 196554.6232 ], [ 1034428.4686, 196723.4983 ], [ 1034399.7836, 196785.3753 ], [ 1034360.7219, 196770.3571 ], [ 1034364.0925, 196749.2329 ], [ 1034368.8509, 196727.3828 ], [ 1034380.1057, 196647.6176 ], [ 1034392.157, 196584.9776 ], [ 1034387.5257, 196545.256 ], [ 1034381.2112, 196515.0035 ], [ 1034346.3168, 196495.6219 ], [ 1034172.8932, 196427.8636 ], [ 1034070.6827, 196380.2908 ], [ 1033991.913, 196529.5049 ], [ 1033954.2622, 196502.103 ], [ 1033945.0978, 196509.3709 ], [ 1033893.4188, 196562.8218 ], [ 1033530.9362, 196343.1208 ], [ 1033596.5496, 196254.3573 ], [ 1033663.8345, 196161.9541 ], [ 1033716.3959, 195811.575 ], [ 1033730.7345, 195714.3279 ], [ 1033475.9821, 195687.2141 ], [ 1033204.4324, 195739.8575 ], [ 1033218.2821, 195609.0907 ], [ 1033084.4498, 195565.4659 ], [ 1032974.1745, 195526.9897 ], [ 1032723.1357, 195443.7844 ], [ 1032712.7387, 195512.9865 ], [ 1032703.1844, 195576.7252 ], [ 1032574.8449, 195558.9817 ], [ 1032578.7767, 195533.8507 ], [ 1032451.2723, 195514.2878 ], [ 1032460.2576, 195457.4701 ], [ 1032474.8629, 195363.1374 ], [ 1032199.4426, 195268.9592 ], [ 1032152.0294, 195409.4972 ], [ 1031907.366, 195325.2199 ], [ 1031953.6653, 195186.5008 ], [ 1031705.6674, 195104.405 ], [ 1031533.5923, 195047.2338 ], [ 1031459.0556, 195021.5857 ], [ 1031212.1628, 194939.8613 ], [ 1030964.9938, 194856.6817 ], [ 1030934.2506, 194838.7704 ], [ 1030904.6207, 194818.6753 ], [ 1030878.3174, 194798.9509 ], [ 1030848.9737, 194774.1201 ], [ 1030823.2339, 194749.6606 ], [ 1030801.9284, 194726.3026 ], [ 1030776.7549, 194695.6506 ], [ 1030755.737, 194666.8283 ], [ 1030739.7282, 194628.5429 ], [ 1030493.8178, 194755.5891 ], [ 1030579.1729, 194779.7976 ], [ 1030530.0912, 194927.2579 ], [ 1030506.5382, 194919.1977 ], [ 1030483.9508, 194986.5559 ], [ 1030507.781, 194994.6165 ], [ 1030465.3935, 195121.6872 ], [ 1030590.0907, 195161.2725 ], [ 1030548.2625, 195285.7937 ], [ 1030480.3737, 195263.4402 ], [ 1030426.0628, 195245.4847 ], [ 1030296.9594, 195628.8797 ], [ 1030278.117, 195622.6503 ], [ 1030252.7423, 195698.383 ], [ 1030393.7823, 195744.9206 ], [ 1030354.7453, 195860.7035 ], [ 1030321.4945, 195849.7105 ], [ 1030233.1034, 195820.0322 ], [ 1030108.9657, 195779.3568 ], [ 1030066.5718, 195764.7036 ], [ 1029994.6293, 195981.3447 ], [ 1029932.4484, 196168.1293 ], [ 1030046.0561, 196204.7763 ], [ 1029963.4711, 196478.9617 ], [ 1029943.3948, 196539.4028 ], [ 1029896.5503, 196680.675 ], [ 1029848.3382, 196664.5539 ], [ 1029779.7499, 196869.179 ], [ 1029975.342, 196947.8776 ], [ 1030001.429, 196934.4465 ], [ 1030021.0177, 196985.4897 ], [ 1030045.0457, 197034.7197 ], [ 1029892.1161, 197122.2355 ], [ 1029955.6495, 197246.5918 ], [ 1029958.3335, 197293.5955 ], [ 1030160.3389, 197350.8121 ], [ 1030122.6671, 197479.714 ], [ 1030192.4948, 197499.8842 ], [ 1030221.5896, 197508.3189 ], [ 1030197.3274, 197583.3251 ], [ 1030167.5225, 197657.2279 ], [ 1030132.1778, 197728.5699 ], [ 1030091.8484, 197796.988 ], [ 1030046.8131, 197861.7539 ], [ 1030257.5272, 198002.4195 ], [ 1030028.328, 198255.1964 ], [ 1029790.4902, 198534.191 ], [ 1029775.4869, 198551.6508 ], [ 1029749.6476, 198581.8418 ], [ 1029743.5348, 198589.117 ], [ 1029722.4209, 198612.7589 ] ], [ [ 1031355.1409, 199420.314 ], [ 1032100.2599, 199027.5645 ], [ 1032175.7519, 198983.9937 ], [ 1032289.3154, 199174.7632 ], [ 1032397.628, 199356.4146 ], [ 1032151.3218, 199844.4955 ], [ 1031668.4331, 199689.0714 ], [ 1031175.2875, 199530.3581 ], [ 1031355.1409, 199420.314 ] ] ] ] } },
{ "type": "Feature", "properties": { "ZCTA5CE20": "11416", "GEOID20": "11416", "CLASSFP20": "B5", "MTFCC20": "G6350", "FUNCSTAT20": "S", "ALAND20": 1708434, "AWATER20": 0, "INTPTLAT20": "+40.6845860", "INTPTLON20": "-073.8497132" }, "geometry": { "type": "MultiPolygon", "coordinates": [ [ [ [ 1021333.1673, 188208.8994 ], [ 1021555.4753, 188291.9425 ], [ 1021601.489, 188309.1367 ], [ 1021768.0791, 188372.058 ], [ 1021877.5686, 188413.0322 ], [ 1022005.3519, 188460.9576 ], [ 1022129.8088, 188507.4212 ], [ 1022246.2268, 188550.9582 ], [ 1022366.8011, 188596.6883 ], [ 1022489.5931, 188642.7867 ], [ 1022612.9422, 188687.0651 ], [ 1022703.5809, 188720.7267 ], [ 1022854.9225, 188776.7091 ], [ 1022945.8321, 188814.0153 ], [ 1023096.0632, 188869.9975 ], [ 1023190.8572, 188905.8536 ], [ 1023339.7045, 188959.2847 ], [ 1023441.9796, 188999.1614 ], [ 1023576.9653, 189048.564 ], [ 1023805.6297, 189136.01 ], [ 1024039.5613, 189223.8311 ], [ 1024273.7668, 189312.7479 ], [ 1024508.2497, 189400.5745 ], [ 1024742.1762, 189488.4024 ], [ 1024979.7046, 189577.3315 ], [ 1025209.4695, 189664.064 ], [ 1025448.9346, 189753.7297 ], [ 1025691.4454, 189845.2246 ], [ 1025943.711, 189907.5923 ], [ 1026131.0567, 189983.3308 ], [ 1026170.1345, 189998.3357 ], [ 1026204.4951, 190014.7898 ], [ 1026238.5783, 190031.2436 ], [ 1026436.2169, 190087.6927 ], [ 1026667.0647, 190183.9134 ], [ 1026990.2194, 190303.6157 ], [ 1027236.8794, 190394.769 ], [ 1027437.2497, 190471.6337 ], [ 1027469.676, 190483.3499 ], [ 1027854.0673, 190627.5828 ], [ 1028331.2959, 190805.5084 ], [ 1028825.4212, 190990.3966 ], [ 1028987.2599, 191053.3589 ], [ 1029069.2929, 191082.2922 ], [ 1029310.9402, 191176.372 ], [ 1029325.4317, 191138.1443 ], [ 1029358.5961, 191050.038 ], [ 1029237.7698, 191004.2727 ], [ 1029308.0021, 190816.7729 ], [ 1029429.9412, 190861.0833 ], [ 1029443.597, 190825.0401 ], [ 1029474.8115, 190742.0309 ], [ 1029521.077, 190618.6093 ], [ 1029399.9682, 190574.6643 ], [ 1029470.2043, 190386.4364 ], [ 1029591.3113, 190431.839 ], [ 1029607.7551, 190388.1501 ], [ 1029635.6265, 190313.8789 ], [ 1029679.3834, 190198.1038 ], [ 1029558.8321, 190151.6088 ], [ 1029693.7439, 189785.7093 ], [ 1029719.7947, 189795.5949 ], [ 1029764.9704, 189663.4278 ], [ 1029866.1254, 189701.8722 ], [ 1029941.7839, 189730.4321 ], [ 1029978.0176, 189634.6815 ], [ 1029895.1549, 189602.4647 ], [ 1029904.6363, 189574.7934 ], [ 1030069.1716, 189093.8236 ], [ 1030010.972, 189071.4898 ], [ 1029933.6501, 189041.4692 ], [ 1029956.2278, 188981.3973 ], [ 1029980.758, 188915.4998 ], [ 1029747.9569, 188826.1662 ], [ 1029408.4476, 188698.3817 ], [ 1029158.455, 188604.6499 ], [ 1028919.2696, 188514.9482 ], [ 1028685.0714, 188427.0796 ], [ 1028665.6703, 188419.7576 ], [ 1028451.1488, 188339.2138 ], [ 1028294.2769, 188279.5432 ], [ 1028278.7553, 188274.0501 ], [ 1028206.1384, 188246.9582 ], [ 1027968.8868, 188157.6337 ], [ 1027920.6732, 188286.5197 ], [ 1027803.9862, 188243.3193 ], [ 1027821.5428, 188196.7166 ], [ 1027699.312, 188151.3209 ], [ 1027730.246, 188068.6734 ], [ 1027492.4375, 187978.6239 ], [ 1027375.4682, 187936.8824 ], [ 1027259.3216, 187900.2436 ], [ 1027226.6119, 187889.9845 ], [ 1027188.3583, 187877.894 ], [ 1027152.0442, 187866.8999 ], [ 1027009.2823, 187823.6574 ], [ 1026764.5355, 187733.2385 ], [ 1026525.3543, 187631.1732 ], [ 1026444.9796, 187597.1508 ], [ 1026232.3998, 187668.5555 ], [ 1026285.3453, 187525.4656 ], [ 1026047.8022, 187436.1594 ], [ 1025813.0279, 187348.6819 ], [ 1025796.9516, 187342.4608 ], [ 1025579.3619, 187260.8442 ], [ 1025524.7577, 187239.6203 ], [ 1025475.4452, 187368.8735 ], [ 1025180.5201, 187257.983 ], [ 1025228.4487, 187126.1766 ], [ 1025112.0305, 187081.8967 ], [ 1025105.6223, 187099.0094 ], [ 1025090.2982, 187140.1528 ], [ 1025029.312, 187120.0123 ], [ 1025014.8243, 187158.6069 ], [ 1024976.8495, 187144.3344 ], [ 1024972.9493, 187154.529 ], [ 1024926.9194, 187147.1653 ], [ 1024921.9043, 187160.6371 ], [ 1024845.6777, 187131.7276 ], [ 1024839.2247, 187175.8007 ], [ 1024769.0958, 187149.4519 ], [ 1024782.0046, 187059.4841 ], [ 1024697.1417, 187053.1491 ], [ 1024647.5408, 187191.5117 ], [ 1024549.6918, 187155.2806 ], [ 1024585.9062, 187060.6151 ], [ 1024532.378, 187058.7046 ], [ 1024531.0142, 187044.8579 ], [ 1024460.3304, 187018.1447 ], [ 1024318.6785, 186968.7263 ], [ 1024311.1549, 186989.845 ], [ 1024174.7616, 186946.9939 ], [ 1024150.8066, 187008.8905 ], [ 1024104.7916, 186992.0559 ], [ 1023841.7284, 186896.1715 ], [ 1023854.8174, 186863.7675 ], [ 1023693.4083, 186852.5751 ], [ 1023581.0898, 186843.2848 ], [ 1023472.3788, 186832.9078 ], [ 1023213.0754, 186811.3595 ], [ 1022951.8346, 186786.8962 ], [ 1022691.4207, 186765.3517 ], [ 1022430.7279, 186744.5382 ], [ 1022171.1645, 186710.6134 ], [ 1022161.6539, 186761.969 ], [ 1022152.4223, 186812.232 ], [ 1022100.5832, 186793.9348 ], [ 1022091.8657, 186870.4303 ], [ 1022009.2339, 186855.3643 ], [ 1021924.487, 187309.9156 ], [ 1022004.9029, 187322.0633 ], [ 1021984.7547, 187436.7958 ], [ 1022029.9377, 187453.9895 ], [ 1021942.1353, 187912.5437 ], [ 1021845.6697, 187877.783 ], [ 1021694.5954, 187823.2646 ], [ 1021408.2054, 187745.9514 ], [ 1021395.0438, 187828.2697 ], [ 1021360.045, 188043.8992 ], [ 1021333.1673, 188208.8994 ] ] ] ] } },
{ "type": "Feature", "properties": { "ZCTA5CE20": "11417", "GEOID20": "11417", "CLASSFP20": "B5", "MTFCC20": "G6350", "FUNCSTAT20": "S", "ALAND20": 2883937, "AWATER20": 0, "INTPTLAT20": "+40.6764060", "INTPTLON20": "-073.8445955" }, "geometry": { "type": "MultiPolygon", "coordinates": [ [ [ [ 1022393.1993, 186267.9367 ], [ 1022519.6646, 186278.7011 ], [ 1022430.7279, 186744.5382 ], [ 1022691.4207, 186765.3517 ], [ 1022951.8346, 186786.8962 ], [ 1023213.0754, 186811.3595 ], [ 1023472.3788, 186832.9078 ], [ 1023581.0898, 186843.2848 ], [ 1023693.4083, 186852.5751 ], [ 1023854.8174, 186863.7675 ], [ 1023841.7284, 186896.1715 ], [ 1024104.7916, 186992.0559 ], [ 1024150.8066, 187008.8905 ], [ 1024174.7616, 186946.9939 ], [ 1024311.1549, 186989.845 ], [ 1024318.6785, 186968.7263 ], [ 1024460.3304, 187018.1447 ], [ 1024531.0142, 187044.8579 ], [ 1024532.378, 187058.7046 ], [ 1024585.9062, 187060.6151 ], [ 1024549.6918, 187155.2806 ], [ 1024647.5408, 187191.5117 ], [ 1024697.1417, 187053.1491 ], [ 1024782.0046, 187059.4841 ], [ 1024769.0958, 187149.4519 ], [ 1024839.2247, 187175.8007 ], [ 1024845.6777, 187131.7276 ], [ 1024921.9043, 187160.6371 ], [ 1024926.9194, 187147.1653 ], [ 1024972.9493, 187154.529 ], [ 1024976.8495, 187144.3344 ], [ 1025014.8243, 187158.6069 ], [ 1025029.312, 187120.0123 ], [ 1025090.2982, 187140.1528 ], [ 1025105.6223, 187099.0094 ], [ 1025112.0305, 187081.8967 ], [ 1025228.4487, 187126.1766 ], [ 1025180.5201, 187257.983 ], [ 1025475.4452, 187368.8735 ], [ 1025524.7577, 187239.6203 ], [ 1025579.3619, 187260.8442 ], [ 1025796.9516, 187342.4608 ], [ 1025813.0279, 187348.6819 ], [ 1026047.8022, 187436.1594 ], [ 1026285.3453, 187525.4656 ], [ 1026232.3998, 187668.5555 ], [ 1026444.9796, 187597.1508 ], [ 1026525.3543, 187631.1732 ], [ 1026764.5355, 187733.2385 ], [ 1027009.2823, 187823.6574 ], [ 1027152.0442, 187866.8999 ], [ 1027188.3583, 187877.894 ], [ 1027226.6119, 187889.9845 ], [ 1027259.3216, 187900.2436 ], [ 1027375.4682, 187936.8824 ], [ 1027492.4375, 187978.6239 ], [ 1027730.246, 188068.6734 ], [ 1027699.312, 188151.3209 ], [ 1027821.5428, 188196.7166 ], [ 1027803.9862, 188243.3193 ], [ 1027920.6732, 188286.5197 ], [ 1027968.8868, 188157.6337 ], [ 1028206.1384, 188246.9582 ], [ 1028278.7553, 188274.0501 ], [ 1028294.2769, 188279.5432 ], [ 1028451.1488, 188339.2138 ], [ 1028665.6703, 188419.7576 ], [ 1028685.0714, 188427.0796 ], [ 1028919.2696, 188514.9482 ], [ 1029158.455, 188604.6499 ], [ 1029408.4476, 188698.3817 ], [ 1029747.9569, 188826.1662 ], [ 1029980.758, 188915.4998 ], [ 1029956.2278, 188981.3973 ], [ 1029933.6501, 189041.4692 ], [ 1030010.972, 189071.4898 ], [ 1030069.1716, 189093.8236 ], [ 1030167.0004, 189132.2629 ], [ 1030187.0708, 189078.38 ], [ 1030215.2249, 189003.017 ], [ 1030241.4281, 188932.751 ], [ 1030264.0074, 188872.315 ], [ 1030146.2199, 188828.0083 ], [ 1030264.6919, 188510.9013 ], [ 1030382.4813, 188554.8442 ], [ 1030399.2073, 188510.0634 ], [ 1030421.788, 188449.2633 ], [ 1030348.0916, 188407.9541 ], [ 1030396.8725, 188279.074 ], [ 1030403.0047, 188263.0551 ], [ 1030263.5922, 188212.8775 ], [ 1030276.6933, 188178.291 ], [ 1030294.432, 188184.5183 ], [ 1030458.3395, 187750.9129 ], [ 1030498.2503, 187765.9264 ], [ 1030543.9747, 187641.0484 ], [ 1030626.0125, 187672.5372 ], [ 1030653.6114, 187598.9953 ], [ 1030673.404, 187546.5697 ], [ 1030550.8965, 187501.8877 ], [ 1030802.876, 186851.3124 ], [ 1030952.6219, 186435.1712 ], [ 1031102.7666, 186390.2834 ], [ 1031142.4524, 186379.0658 ], [ 1030871.8082, 185474.6438 ], [ 1030828.8006, 185336.8448 ], [ 1030558.2472, 185391.3414 ], [ 1030363.3758, 185323.2056 ], [ 1030015.5448, 185465.7293 ], [ 1029769.415, 185514.4514 ], [ 1029649.5979, 185211.1053 ], [ 1029469.186, 185121.8726 ], [ 1029628.0812, 184553.0866 ], [ 1029894.1463, 183790.6798 ], [ 1030492.404, 182238.6764 ], [ 1030120.9731, 182367.6735 ], [ 1030057.9328, 182402.8945 ], [ 1029829.3086, 182419.9524 ], [ 1029615.1274, 182427.9312 ], [ 1029458.6341, 182444.0343 ], [ 1029401.7421, 182455.5871 ], [ 1029378.4297, 182460.6444 ], [ 1029217.436, 182510.259 ], [ 1029092.2383, 182555.2044 ], [ 1029118.6441, 182677.6677 ], [ 1029095.6066, 182684.1831 ], [ 1028836.0826, 182761.3076 ], [ 1028790.0001, 182778.7109 ], [ 1028610.9447, 182846.5129 ], [ 1028542.6005, 182901.7662 ], [ 1028518.708, 182921.0321 ], [ 1028484.3289, 182910.0396 ], [ 1028462.671, 182920.9301 ], [ 1028424.6114, 182950.7358 ], [ 1028415.7846, 182923.0308 ], [ 1028398.9062, 182898.9544 ], [ 1028376.7445, 182881.7907 ], [ 1028352.9043, 182872.2749 ], [ 1028330.1612, 182869.6833 ], [ 1028310.1843, 182871.4687 ], [ 1028030.421, 182944.5575 ], [ 1027961.8515, 182971.7587 ], [ 1027953.1875, 183007.4474 ], [ 1027921.8544, 183153.8513 ], [ 1027882.4664, 183151.5946 ], [ 1027834.7476, 183154.0592 ], [ 1027787.5745, 183161.6256 ], [ 1027744.5678, 183166.2848 ], [ 1027018.8943, 183465.5682 ], [ 1026720.1975, 183584.9085 ], [ 1026577.79, 183641.8597 ], [ 1026451.1995, 183696.2888 ], [ 1026282.4528, 183745.9094 ], [ 1025592.0578, 184037.2812 ], [ 1025406.0715, 184113.4746 ], [ 1025072.1491, 184240.0621 ], [ 1024059.2767, 184638.4148 ], [ 1023885.5121, 184710.2679 ], [ 1023569.2337, 184914.1427 ], [ 1023283.0611, 185029.1736 ], [ 1023197.0111, 185066.5614 ], [ 1023001.883, 185144.9445 ], [ 1022718.2515, 185235.2117 ], [ 1022702.8714, 185313.5181 ], [ 1022696.1572, 185349.5761 ], [ 1022652.2406, 185581.9486 ], [ 1022608.0476, 185814.3208 ], [ 1022477.1425, 185803.1846 ], [ 1022393.1993, 186267.9367 ] ] ] ] } },
{ "type": "Feature", "properties": { "ZCTA5CE20": "11581", "GEOID20": "11581", "CLASSFP20": "B5", "MTFCC20": "G6350", "FUNCSTAT20": "S", "ALAND20": 7053851, "AWATER20": 414322, "INTPTLAT20": "+40.6510280", "INTPTLON20": "-073.7153252" }, "geometry": { "type": "MultiPolygon", "coordinates": [ [ [ [ 1055774.063, 172594.9327 ], [ 1056010.9402, 172734.44 ], [ 1055836.9981, 173088.0548 ], [ 1055886.0429, 173208.4277 ], [ 1055917.4527, 173285.758 ], [ 1055944.4541, 173352.1455 ], [ 1055949.1895, 173440.327 ], [ 1055952.0853, 173493.5276 ], [ 1055954.4433, 173540.8973 ], [ 1055990.0183, 174463.4829 ], [ 1055994.3962, 174578.6238 ], [ 1055999.5398, 174716.3553 ], [ 1056001.605, 174768.8248 ], [ 1056001.604, 174863.186 ], [ 1056001.574, 175061.3809 ], [ 1056623.7801, 175512.4432 ], [ 1056663.9312, 175541.3447 ], [ 1056732.0907, 175576.5235 ], [ 1057057.0943, 175743.6288 ], [ 1057103.0871, 175767.448 ], [ 1057236.3564, 175835.9774 ], [ 1057303.9603, 175870.7917 ], [ 1057747.2502, 176102.3841 ], [ 1057954.4358, 176135.4367 ], [ 1058559.0595, 176235.6465 ], [ 1058775.6876, 176265.456 ], [ 1058878.8455, 176287.6323 ], [ 1059170.2042, 176379.2466 ], [ 1059243.6502, 176407.8908 ], [ 1059310.7139, 176436.5154 ], [ 1059450.8924, 176510.9076 ], [ 1059530.7209, 176539.208 ], [ 1059578.6612, 176560.1233 ], [ 1059995.9551, 176752.6931 ], [ 1060037.8059, 176768.4897 ], [ 1060053.0265, 176781.653 ], [ 1060093.6934, 176821.1274 ], [ 1060136.903, 176846.0367 ], [ 1060160.4456, 176859.9547 ], [ 1060227.2385, 176885.6665 ], [ 1060294.5521, 176922.3099 ], [ 1060367.696, 176957.8788 ], [ 1060419.242, 176978.8071 ], [ 1060487.9675, 177007.4402 ], [ 1060542.184, 177061.5311 ], [ 1060560.6671, 177184.3681 ], [ 1060605.5043, 177309.1096 ], [ 1060590.3095, 177464.6306 ], [ 1060613.8155, 177666.5429 ], [ 1060460.2502, 178148.0689 ], [ 1060340.6955, 178757.5821 ], [ 1060305.9537, 178953.847 ], [ 1060293.247, 179024.4872 ], [ 1060265.1995, 179120.9468 ], [ 1060213.5979, 179296.7567 ], [ 1060148.1745, 179545.3895 ], [ 1060045.9088, 179775.691 ], [ 1059934.7736, 180003.7794 ], [ 1059827.4737, 180248.2751 ], [ 1059732.68, 180486.6165 ], [ 1059670.2915, 180743.2753 ], [ 1059620.2413, 180958.0746 ], [ 1059688.4593, 180968.1232 ], [ 1059763.4705, 181024.0986 ], [ 1059776.7579, 181301.395 ], [ 1059761.5335, 181558.2002 ], [ 1059759.1828, 181600.4552 ], [ 1059754.1869, 181690.4292 ], [ 1059722.2312, 181796.3499 ], [ 1059700.6717, 181860.0407 ], [ 1059646.6249, 182022.3641 ], [ 1059677.9701, 182023.5544 ], [ 1059957.8607, 182033.1687 ], [ 1060810.0024, 182066.0777 ], [ 1060978.1262, 182064.422 ], [ 1061231.9452, 182071.7827 ], [ 1061460.3456, 182046.2755 ], [ 1061699.3152, 182012.4246 ], [ 1061931.9537, 181963.2539 ], [ 1062179.6697, 181884.2587 ], [ 1062535.446, 181761.8943 ], [ 1062780.9831, 181671.604 ], [ 1062994.859, 181592.5078 ], [ 1063217.9019, 181510.1643 ], [ 1063472.048, 181418.816 ], [ 1063695.6514, 181335.75 ], [ 1064497.5775, 181038.9055 ], [ 1065053.6098, 180856.3969 ], [ 1065697.1993, 180627.56 ], [ 1065723.8626, 180618.9054 ], [ 1066014.9034, 180534.6296 ], [ 1066612.4604, 180304.2048 ], [ 1066738.0016, 180182.2157 ], [ 1066834.9166, 180075.0674 ], [ 1066928.0239, 179945.6825 ], [ 1066965.9994, 179874.403 ], [ 1066989.2643, 179804.8952 ], [ 1067073.4535, 179769.1132 ], [ 1067139.0179, 179743.8337 ], [ 1067242.594, 179718.3197 ], [ 1067347.7889, 179706.2919 ], [ 1067624.0503, 179729.4622 ], [ 1067784.7198, 179721.9987 ], [ 1067873.8343, 179706.6389 ], [ 1067911.8747, 179698.0259 ], [ 1068122.1414, 179629.5279 ], [ 1068592.4165, 179471.2145 ], [ 1068802.6808, 179404.544 ], [ 1068895.9982, 179377.9084 ], [ 1069109.5706, 179317.8101 ], [ 1069124.9222, 179371.0559 ], [ 1069135.3648, 179399.8744 ], [ 1070289.932, 179142.3453 ], [ 1070266.3082, 179075.2249 ], [ 1070240.5097, 178995.3453 ], [ 1070223.2208, 178941.3633 ], [ 1070190.8056, 178849.4375 ], [ 1070295.323, 178795.1577 ], [ 1070521.2389, 178699.4111 ], [ 1070737.9746, 178610.9205 ], [ 1070929.984, 178531.8163 ], [ 1070863.669, 178376.3752 ], [ 1070776.1725, 178169.1241 ], [ 1070483.1256, 177476.5842 ], [ 1070405.1549, 177241.6792 ], [ 1070336.6441, 176999.1571 ], [ 1070252.9993, 177033.8367 ], [ 1070221.8896, 177042.8349 ], [ 1070178.8972, 177037.9465 ], [ 1070127.1247, 177004.9739 ], [ 1070105.0037, 176983.0359 ], [ 1070041.2883, 176795.9097 ], [ 1069953.4129, 176535.1039 ], [ 1070055.2626, 176453.1247 ], [ 1070114.258, 176405.6058 ], [ 1070149.8366, 176388.608 ], [ 1070180.4527, 176362.4845 ], [ 1070210.7927, 176335.9957 ], [ 1070271.5141, 176271.3598 ], [ 1070309.6653, 176233.2402 ], [ 1070224.3719, 176184.1182 ], [ 1070139.357, 176134.6331 ], [ 1070092.0145, 176103.8621 ], [ 1070010.0887, 176043.8229 ], [ 1069964.9903, 176006.1378 ], [ 1069867.0682, 175917.9892 ], [ 1069768.0559, 175824.008 ], [ 1069682.0338, 175744.6459 ], [ 1069500.0326, 175576.0509 ], [ 1069417.8822, 175499.9824 ], [ 1069321.112, 175398.7242 ], [ 1069122.4329, 175236.6316 ], [ 1069078.9648, 175208.0622 ], [ 1068957.8921, 175151.8976 ], [ 1068878.9189, 175118.8328 ], [ 1068822.0808, 175104.4261 ], [ 1068660.0001, 175029.9039 ], [ 1068446.901, 174942.8187 ], [ 1068361.5502, 174907.9119 ], [ 1067857.1865, 174705.4264 ], [ 1067771.5277, 174678.9002 ], [ 1067563.1312, 174594.3893 ], [ 1067253.9348, 174446.8711 ], [ 1067139.5018, 174394.3815 ], [ 1067004.902, 174314.8634 ], [ 1066991.6064, 174307.5316 ], [ 1066992.9205, 174410.6413 ], [ 1066677.2449, 174371.6786 ], [ 1066510.7399, 174371.1146 ], [ 1066104.1606, 174378.486 ], [ 1066070.6316, 174446.1384 ], [ 1066023.9704, 174540.3427 ], [ 1065931.2065, 174728.0248 ], [ 1065920.8814, 174745.1136 ], [ 1065906.0659, 174777.1248 ], [ 1065800.1794, 174989.1734 ], [ 1065661.0418, 175269.9694 ], [ 1065566.8741, 175464.2061 ], [ 1065452.0626, 175691.5283 ], [ 1065378.5245, 175692.0114 ], [ 1065331.0597, 175695.8606 ], [ 1065184.6443, 175915.0634 ], [ 1065097.168, 175934.8104 ], [ 1064121.8323, 176171.6791 ], [ 1063889.6644, 176313.0058 ], [ 1063448.8377, 175429.5239 ], [ 1063440.7846, 175346.0663 ], [ 1063308.3438, 174941.9583 ], [ 1063262.451, 174803.3639 ], [ 1063189.6036, 174761.2294 ], [ 1063188.5669, 174738.6376 ], [ 1063108.3418, 174489.9046 ], [ 1063067.1094, 174025.9798 ], [ 1062459.2386, 173802.14 ], [ 1062174.7613, 173808.8774 ], [ 1061728.7544, 173820.2033 ], [ 1061505.7236, 173616.1979 ], [ 1061476.6225, 173604.0825 ], [ 1061317.5298, 173539.8201 ], [ 1061297.8514, 173531.7425 ], [ 1061257.9731, 173505.0201 ], [ 1061124.9613, 173442.2988 ], [ 1061109.996, 173435.6936 ], [ 1061092.0598, 173403.2116 ], [ 1061073.018, 173369.2688 ], [ 1060681.5336, 172984.3964 ], [ 1060045.5862, 172849.0609 ], [ 1059722.1111, 172809.4356 ], [ 1059659.9486, 172808.1497 ], [ 1059594.6455, 172745.647 ], [ 1059550.8211, 172737.496 ], [ 1059452.2096, 172676.3478 ], [ 1058993.7671, 172393.3078 ], [ 1058802.0959, 172359.201 ], [ 1058643.4215, 172425.3871 ], [ 1058599.4022, 172389.9126 ], [ 1058518.8388, 172324.8158 ], [ 1058515.186, 172248.6599 ], [ 1058511.2745, 172166.3097 ], [ 1058603.7755, 171958.1963 ], [ 1058595.6789, 171883.1198 ], [ 1058395.8024, 171898.9042 ], [ 1058345.9724, 171857.2188 ], [ 1058312.9221, 171773.6868 ], [ 1058348.1031, 171340.2429 ], [ 1058328.3342, 171269.8672 ], [ 1058282.4814, 171106.5083 ], [ 1058301.3156, 171028.235 ], [ 1058367.6926, 170923.1462 ], [ 1058121.9994, 170395.215 ], [ 1058174.2947, 170357.4838 ], [ 1058252.3928, 170323.1101 ], [ 1058135.8464, 170314.0118 ], [ 1058002.5448, 170246.9349 ], [ 1057861.4206, 170104.7834 ], [ 1057617.6882, 169932.448 ], [ 1057529.057, 169869.8805 ], [ 1057426.0954, 169773.0234 ], [ 1057200.2392, 170023.7313 ], [ 1057003.8158, 169901.0927 ], [ 1057036.3469, 170067.6882 ], [ 1056944.4044, 170183.9983 ], [ 1056725.3352, 170674.8234 ], [ 1056691.5819, 170824.8262 ], [ 1056546.012, 170869.5696 ], [ 1056424.1448, 170783.5903 ], [ 1056559.2575, 170988.7445 ], [ 1056534.9409, 171045.8717 ], [ 1056332.025, 171523.2684 ], [ 1056226.4048, 171762.6837 ], [ 1056123.0231, 171996.6412 ], [ 1056096.741, 172062.1427 ], [ 1056069.3575, 172124.7263 ], [ 1056058.4508, 172152.7474 ], [ 1055982.8898, 172270.9311 ], [ 1055774.063, 172594.9327 ] ] ] ] } },
{ "type": "Feature", "properties": { "ZCTA5CE20": "11418", "GEOID20": "11418", "CLASSFP20": "B5", "MTFCC20": "G6350", "FUNCSTAT20": "S", "ALAND20": 4298206, "AWATER20": 0, "INTPTLAT20": "+40.7003154", "INTPTLON20": "-073.8360186" }, "geometry": { "type": "MultiPolygon", "coordinates": [ [ [ [ 1024522.0427, 196804.149 ], [ 1025070.5889, 197050.9879 ], [ 1025532.4796, 197218.9964 ], [ 1025689.2985, 197279.7424 ], [ 1025970.7779, 197398.6318 ], [ 1026231.5935, 197440.9793 ], [ 1026495.0378, 197406.096 ], [ 1026770.0742, 197401.4754 ], [ 1027034.5124, 197432.5436 ], [ 1027513.8499, 197599.8919 ], [ 1027772.639, 197687.4293 ], [ 1028416.3025, 198044.5426 ], [ 1028682.2865, 198135.0175 ], [ 1029146.0305, 198325.6867 ], [ 1029242.7079, 198367.7637 ], [ 1029337.1562, 198415.6662 ], [ 1029428.8224, 198468.6646 ], [ 1029517.7069, 198526.3944 ], [ 1029602.7003, 198589.2179 ], [ 1029684.0818, 198656.0426 ], [ 1029708.53, 198628.3992 ], [ 1029722.4209, 198612.7589 ], [ 1029743.5348, 198589.117 ], [ 1029749.6476, 198581.8418 ], [ 1029775.4869, 198551.6508 ], [ 1029790.4902, 198534.191 ], [ 1030028.328, 198255.1964 ], [ 1030257.5272, 198002.4195 ], [ 1030046.8131, 197861.7539 ], [ 1030091.8484, 197796.988 ], [ 1030132.1778, 197728.5699 ], [ 1030167.5225, 197657.2279 ], [ 1030197.3274, 197583.3251 ], [ 1030221.5896, 197508.3189 ], [ 1030192.4948, 197499.8842 ], [ 1030122.6671, 197479.714 ], [ 1030160.3389, 197350.8121 ], [ 1029958.3335, 197293.5955 ], [ 1029955.6495, 197246.5918 ], [ 1029892.1161, 197122.2355 ], [ 1030045.0457, 197034.7197 ], [ 1030021.0177, 196985.4897 ], [ 1030001.429, 196934.4465 ], [ 1029975.342, 196947.8776 ], [ 1029779.7499, 196869.179 ], [ 1029848.3382, 196664.5539 ], [ 1029896.5503, 196680.675 ], [ 1029943.3948, 196539.4028 ], [ 1029963.4711, 196478.9617 ], [ 1030046.0561, 196204.7763 ], [ 1029932.4484, 196168.1293 ], [ 1029994.6293, 195981.3447 ], [ 1030066.5718, 195764.7036 ], [ 1030108.9657, 195779.3568 ], [ 1030233.1034, 195820.0322 ], [ 1030321.4945, 195849.7105 ], [ 1030354.7453, 195860.7035 ], [ 1030393.7823, 195744.9206 ], [ 1030252.7423, 195698.383 ], [ 1030278.117, 195622.6503 ], [ 1030296.9594, 195628.8797 ], [ 1030426.0628, 195245.4847 ], [ 1030480.3737, 195263.4402 ], [ 1030548.2625, 195285.7937 ], [ 1030590.0907, 195161.2725 ], [ 1030465.3935, 195121.6872 ], [ 1030507.781, 194994.6165 ], [ 1030483.9508, 194986.5559 ], [ 1030506.5382, 194919.1977 ], [ 1030530.0912, 194927.2579 ], [ 1030579.1729, 194779.7976 ], [ 1030493.8178, 194755.5891 ], [ 1030739.7282, 194628.5429 ], [ 1030755.737, 194666.8283 ], [ 1030776.7549, 194695.6506 ], [ 1030801.9284, 194726.3026 ], [ 1030823.2339, 194749.6606 ], [ 1030848.9737, 194774.1201 ], [ 1030878.3174, 194798.9509 ], [ 1030904.6207, 194818.6753 ], [ 1030934.2506, 194838.7704 ], [ 1030964.9938, 194856.6817 ], [ 1031212.1628, 194939.8613 ], [ 1031459.0556, 195021.5857 ], [ 1031533.5923, 195047.2338 ], [ 1031705.6674, 195104.405 ], [ 1031953.6653, 195186.5008 ], [ 1031907.366, 195325.2199 ], [ 1032152.0294, 195409.4972 ], [ 1032199.4426, 195268.9592 ], [ 1032474.8629, 195363.1374 ], [ 1032460.2576, 195457.4701 ], [ 1032451.2723, 195514.2878 ], [ 1032578.7767, 195533.8507 ], [ 1032574.8449, 195558.9817 ], [ 1032703.1844, 195576.7252 ], [ 1032712.7387, 195512.9865 ], [ 1032723.1357, 195443.7844 ], [ 1032974.1745, 195526.9897 ], [ 1033084.4498, 195565.4659 ], [ 1033218.2821, 195609.0907 ], [ 1033204.4324, 195739.8575 ], [ 1033475.9821, 195687.2141 ], [ 1033730.7345, 195714.3279 ], [ 1033716.3959, 195811.575 ], [ 1033663.8345, 196161.9541 ], [ 1033596.5496, 196254.3573 ], [ 1033530.9362, 196343.1208 ], [ 1033893.4188, 196562.8218 ], [ 1033945.0978, 196509.3709 ], [ 1033954.2622, 196502.103 ], [ 1033991.913, 196529.5049 ], [ 1034070.6827, 196380.2908 ], [ 1034172.8932, 196427.8636 ], [ 1034346.3168, 196495.6219 ], [ 1034381.2112, 196515.0035 ], [ 1034387.5257, 196545.256 ], [ 1034392.157, 196584.9776 ], [ 1034380.1057, 196647.6176 ], [ 1034368.8509, 196727.3828 ], [ 1034364.0925, 196749.2329 ], [ 1034360.7219, 196770.3571 ], [ 1034399.7836, 196785.3753 ], [ 1034428.4686, 196723.4983 ], [ 1034512.8262, 196554.6232 ], [ 1034565.1821, 196576.5915 ], [ 1034623.6277, 196603.3088 ], [ 1034658.4479, 196524.6856 ], [ 1034933.2816, 195825.7425 ], [ 1035135.5021, 195251.2515 ], [ 1035411.8921, 194484.9162 ], [ 1035417.4653, 194471.812 ], [ 1035420.2611, 194460.888 ], [ 1035540.9538, 194162.3915 ], [ 1035548.7585, 194143.0985 ], [ 1035686.992, 193812.2144 ], [ 1035706.5271, 193753.2342 ], [ 1035770.0762, 193598.8928 ], [ 1035885.3741, 193363.7802 ], [ 1035904.3167, 193323.0155 ], [ 1035842.208, 193320.6975 ], [ 1035778.4401, 193316.1901 ], [ 1035747.3996, 193308.4734 ], [ 1035713.5908, 193298.5648 ], [ 1035667.8707, 193282.8018 ], [ 1035590.0146, 193252.762 ], [ 1035461.7356, 193201.4849 ], [ 1035224.0005, 193113.9099 ], [ 1034992.0847, 193027.4424 ], [ 1034756.0131, 192938.4181 ], [ 1034473.9408, 192833.6348 ], [ 1034410.209, 192810.9146 ], [ 1034379.1712, 192801.3779 ], [ 1034352.8384, 192796.223 ], [ 1034340.36, 192796.1972 ], [ 1034296.2756, 192793.1917 ], [ 1034224.9905, 192802.5175 ], [ 1034196.9699, 192809.0179 ], [ 1034158.122, 192821.6896 ], [ 1034106.2254, 192841.9855 ], [ 1034074.3228, 192848.478 ], [ 1034046.0309, 192852.0633 ], [ 1034017.1905, 192852.7328 ], [ 1033988.9099, 192850.8532 ], [ 1033965.6222, 192848.2553 ], [ 1033935.1328, 192841.6349 ], [ 1033909.9099, 192836.1184 ], [ 1033867.2418, 192818.5434 ], [ 1033379.2874, 192636.115 ], [ 1033130.4627, 192540.8872 ], [ 1032841.7352, 192430.2802 ], [ 1032547.4372, 192330.5954 ], [ 1032247.8342, 192248.0273 ], [ 1031954.3343, 192163.2888 ], [ 1031713.7991, 192077.9287 ], [ 1031484.361, 191989.3136 ], [ 1031256.2957, 191906.8969 ], [ 1031032.1176, 191821.2109 ], [ 1030797.1179, 191738.0566 ], [ 1030566.0156, 191646.168 ], [ 1030323.263, 191554.9882 ], [ 1030060.5497, 191459.7655 ], [ 1029800.0685, 191356.1703 ], [ 1029556.2043, 191263.1744 ], [ 1029310.9402, 191176.372 ], [ 1029069.2929, 191082.2922 ], [ 1028987.2599, 191053.3589 ], [ 1028825.4212, 190990.3966 ], [ 1028331.2959, 190805.5084 ], [ 1027854.0673, 190627.5828 ], [ 1027469.676, 190483.3499 ], [ 1027437.2497, 190471.6337 ], [ 1027236.8794, 190394.769 ], [ 1027217.3661, 190451.5699 ], [ 1027425.2147, 190533.5483 ], [ 1027419.4928, 190632.2716 ], [ 1027344.4392, 190731.6004 ], [ 1027268.3033, 190972.6518 ], [ 1027190.7977, 191204.9571 ], [ 1027116.3229, 191449.291 ], [ 1027028.0026, 191683.0351 ], [ 1026934.1373, 191917.1342 ], [ 1026875.1976, 192160.7674 ], [ 1026727.618, 192508.0798 ], [ 1026405.5865, 193195.374 ], [ 1026098.2369, 193740.6091 ], [ 1025646.2147, 194416.3958 ], [ 1025380.9683, 194514.6787 ], [ 1025532.2192, 194599.0956 ], [ 1025244.2895, 195160.041 ], [ 1025097.4179, 195440.6922 ], [ 1025079.3453, 195470.5369 ], [ 1024886.6606, 195791.9175 ], [ 1024854.6864, 195845.0563 ], [ 1024815.7588, 195911.2994 ], [ 1024797.9762, 195933.8582 ], [ 1024740.4603, 196007.357 ], [ 1024533.2347, 196241.2769 ], [ 1024526.2893, 196249.645 ], [ 1024552.0472, 196266.0826 ], [ 1024619.424, 196264.3728 ], [ 1024633.4909, 196308.4802 ], [ 1024617.5794, 196373.3046 ], [ 1024632.3532, 196492.4652 ], [ 1024617.1816, 196612.6691 ], [ 1024581.2227, 196728.8308 ], [ 1024522.0427, 196804.149 ] ] ] ] } },
{ "type": "Feature", "properties": { "ZCTA5CE20": "11419", "GEOID20": "11419", "CLASSFP20": "B5", "MTFCC20": "G6350", "FUNCSTAT20": "S", "ALAND20": 2917756, "AWATER20": 0, "INTPTLAT20": "+40.6886125", "INTPTLON20": "-073.8230616" }, "geometry": { "type": "MultiPolygon", "coordinates": [ [ [ [ 1029237.7698, 191004.2727 ], [ 1029358.5961, 191050.038 ], [ 1029325.4317, 191138.1443 ], [ 1029310.9402, 191176.372 ], [ 1029556.2043, 191263.1744 ], [ 1029800.0685, 191356.1703 ], [ 1030060.5497, 191459.7655 ], [ 1030323.263, 191554.9882 ], [ 1030566.0156, 191646.168 ], [ 1030797.1179, 191738.0566 ], [ 1031032.1176, 191821.2109 ], [ 1031256.2957, 191906.8969 ], [ 1031484.361, 191989.3136 ], [ 1031713.7991, 192077.9287 ], [ 1031954.3343, 192163.2888 ], [ 1032247.8342, 192248.0273 ], [ 1032547.4372, 192330.5954 ], [ 1032841.7352, 192430.2802 ], [ 1033130.4627, 192540.8872 ], [ 1033379.2874, 192636.115 ], [ 1033867.2418, 192818.5434 ], [ 1033909.9099, 192836.1184 ], [ 1033935.1328, 192841.6349 ], [ 1033965.6222, 192848.2553 ], [ 1033988.9099, 192850.8532 ], [ 1034017.1905, 192852.7328 ], [ 1034046.0309, 192852.0633 ], [ 1034074.3228, 192848.478 ], [ 1034106.2254, 192841.9855 ], [ 1034158.122, 192821.6896 ], [ 1034196.9699, 192809.0179 ], [ 1034224.9905, 192802.5175 ], [ 1034296.2756, 192793.1917 ], [ 1034340.36, 192796.1972 ], [ 1034352.8384, 192796.223 ], [ 1034379.1712, 192801.3779 ], [ 1034410.209, 192810.9146 ], [ 1034473.9408, 192833.6348 ], [ 1034756.0131, 192938.4181 ], [ 1034992.0847, 193027.4424 ], [ 1035224.0005, 193113.9099 ], [ 1035461.7356, 193201.4849 ], [ 1035590.0146, 193252.762 ], [ 1035667.8707, 193282.8018 ], [ 1035713.5908, 193298.5648 ], [ 1035747.3996, 193308.4734 ], [ 1035778.4401, 193316.1901 ], [ 1035842.208, 193320.6975 ], [ 1035904.3167, 193323.0155 ], [ 1036058.1264, 192974.3145 ], [ 1036391.6756, 192217.5854 ], [ 1036412.0393, 192161.5222 ], [ 1036519.6075, 191916.1949 ], [ 1036636.9592, 191635.9134 ], [ 1036731.9954, 191417.156 ], [ 1036991.2111, 190812.565 ], [ 1037175.471, 190376.4983 ], [ 1037194.9862, 190329.5422 ], [ 1037288.6451, 190111.1485 ], [ 1037493.4949, 189649.2617 ], [ 1037426.7348, 189613.7755 ], [ 1037174.33, 189499.9177 ], [ 1036937.1614, 189393.0178 ], [ 1036705.2939, 189270.4655 ], [ 1036488.4271, 189135.5605 ], [ 1036269.0618, 189000.6521 ], [ 1036275.0806, 189039.2839 ], [ 1036244.9594, 189117.9147 ], [ 1036107.506, 189067.3434 ], [ 1036113.9199, 189050.9622 ], [ 1036057.3889, 189028.9818 ], [ 1036064.9183, 189009.6884 ], [ 1035953.2452, 188964.6379 ], [ 1035949.1798, 188789.7509 ], [ 1035853.5829, 188748.7427 ], [ 1035761.8553, 188713.9367 ], [ 1035621.9057, 188661.9055 ], [ 1035520.7539, 188624.1659 ], [ 1035387.4556, 188573.9718 ], [ 1035274.1105, 188531.1069 ], [ 1035189.0308, 188499.596 ], [ 1035028.8498, 188439.1462 ], [ 1034959.5653, 188413.8628 ], [ 1034788.3006, 188347.9265 ], [ 1034779.987, 188344.6303 ], [ 1034727.3323, 188324.4827 ], [ 1034540.2657, 188254.5077 ], [ 1034299.7114, 188164.0215 ], [ 1034056.6591, 188073.5326 ], [ 1033997.8178, 188229.7095 ], [ 1033757.5645, 188126.4778 ], [ 1033811.9446, 187981.2211 ], [ 1033560.5769, 187886.3482 ], [ 1033321.6802, 187795.5108 ], [ 1033092.203, 187709.0666 ], [ 1032863.5555, 187622.9905 ], [ 1032633.794, 187538.3717 ], [ 1032409.3001, 187454.1299 ], [ 1032182.5893, 187368.0641 ], [ 1031941.7358, 187279.7867 ], [ 1031686.7493, 187184.1975 ], [ 1031405.1551, 187077.6295 ], [ 1031161.5286, 186986.0755 ], [ 1030917.8996, 186894.8882 ], [ 1030856.9232, 186871.8184 ], [ 1030802.876, 186851.3124 ], [ 1030550.8965, 187501.8877 ], [ 1030673.404, 187546.5697 ], [ 1030653.6114, 187598.9953 ], [ 1030626.0125, 187672.5372 ], [ 1030543.9747, 187641.0484 ], [ 1030498.2503, 187765.9264 ], [ 1030458.3395, 187750.9129 ], [ 1030294.432, 188184.5183 ], [ 1030276.6933, 188178.291 ], [ 1030263.5922, 188212.8775 ], [ 1030403.0047, 188263.0551 ], [ 1030396.8725, 188279.074 ], [ 1030348.0916, 188407.9541 ], [ 1030421.788, 188449.2633 ], [ 1030399.2073, 188510.0634 ], [ 1030382.4813, 188554.8442 ], [ 1030264.6919, 188510.9013 ], [ 1030146.2199, 188828.0083 ], [ 1030264.0074, 188872.315 ], [ 1030241.4281, 188932.751 ], [ 1030215.2249, 189003.017 ], [ 1030187.0708, 189078.38 ], [ 1030167.0004, 189132.2629 ], [ 1030069.1716, 189093.8236 ], [ 1029904.6363, 189574.7934 ], [ 1029895.1549, 189602.4647 ], [ 1029978.0176, 189634.6815 ], [ 1029941.7839, 189730.4321 ], [ 1029866.1254, 189701.8722 ], [ 1029764.9704, 189663.4278 ], [ 1029719.7947, 189795.5949 ], [ 1029693.7439, 189785.7093 ], [ 1029558.8321, 190151.6088 ], [ 1029679.3834, 190198.1038 ], [ 1029635.6265, 190313.8789 ], [ 1029607.7551, 190388.1501 ], [ 1029591.3113, 190431.839 ], [ 1029470.2043, 190386.4364 ], [ 1029399.9682, 190574.6643 ], [ 1029521.077, 190618.6093 ], [ 1029474.8115, 190742.0309 ], [ 1029443.597, 190825.0401 ], [ 1029429.9412, 190861.0833 ], [ 1029308.0021, 190816.7729 ], [ 1029237.7698, 191004.2727 ] ] ] ] } },
{ "type": "Feature", "properties": { "ZCTA5CE20": "11420", "GEOID20": "11420", "CLASSFP20": "B5", "MTFCC20": "G6350", "FUNCSTAT20": "S", "ALAND20": 5459080, "AWATER20": 0, "INTPTLAT20": "+40.6735016", "INTPTLON20": "-073.8177023" }, "geometry": { "type": "MultiPolygon", "coordinates": [ [ [ [ 1029469.186, 185121.8726 ], [ 1029649.5979, 185211.1053 ], [ 1029769.415, 185514.4514 ], [ 1030015.5448, 185465.7293 ], [ 1030363.3758, 185323.2056 ], [ 1030558.2472, 185391.3414 ], [ 1030828.8006, 185336.8448 ], [ 1030871.8082, 185474.6438 ], [ 1031142.4524, 186379.0658 ], [ 1031102.7666, 186390.2834 ], [ 1030952.6219, 186435.1712 ], [ 1030802.876, 186851.3124 ], [ 1030856.9232, 186871.8184 ], [ 1030917.8996, 186894.8882 ], [ 1031161.5286, 186986.0755 ], [ 1031405.1551, 187077.6295 ], [ 1031686.7493, 187184.1975 ], [ 1031941.7358, 187279.7867 ], [ 1032182.5893, 187368.0641 ], [ 1032409.3001, 187454.1299 ], [ 1032633.794, 187538.3717 ], [ 1032863.5555, 187622.9905 ], [ 1033092.203, 187709.0666 ], [ 1033321.6802, 187795.5108 ], [ 1033560.5769, 187886.3482 ], [ 1033811.9446, 187981.2211 ], [ 1033757.5645, 188126.4778 ], [ 1033997.8178, 188229.7095 ], [ 1034056.6591, 188073.5326 ], [ 1034299.7114, 188164.0215 ], [ 1034540.2657, 188254.5077 ], [ 1034727.3323, 188324.4827 ], [ 1034779.987, 188344.6303 ], [ 1034788.3006, 188347.9265 ], [ 1034959.5653, 188413.8628 ], [ 1035028.8498, 188439.1462 ], [ 1035189.0308, 188499.596 ], [ 1035274.1105, 188531.1069 ], [ 1035387.4556, 188573.9718 ], [ 1035520.7539, 188624.1659 ], [ 1035621.9057, 188661.9055 ], [ 1035761.8553, 188713.9367 ], [ 1035853.5829, 188748.7427 ], [ 1035949.1798, 188789.7509 ], [ 1035953.2452, 188964.6379 ], [ 1036064.9183, 189009.6884 ], [ 1036057.3889, 189028.9818 ], [ 1036113.9199, 189050.9622 ], [ 1036107.506, 189067.3434 ], [ 1036244.9594, 189117.9147 ], [ 1036275.0806, 189039.2839 ], [ 1036269.0618, 189000.6521 ], [ 1036488.4271, 189135.5605 ], [ 1036705.2939, 189270.4655 ], [ 1036937.1614, 189393.0178 ], [ 1037174.33, 189499.9177 ], [ 1037426.7348, 189613.7755 ], [ 1037493.4949, 189649.2617 ], [ 1037581.0129, 189451.2582 ], [ 1037665.225, 189243.7751 ], [ 1037701.7544, 189153.8659 ], [ 1037847.3423, 188784.0275 ], [ 1038086.4679, 188133.863 ], [ 1038326.4099, 187496.4544 ], [ 1038452.6025, 187126.2122 ], [ 1038548.5959, 186866.6594 ], [ 1038793.8496, 186221.6166 ], [ 1038868.4053, 186000.636 ], [ 1039230.063, 185038.5286 ], [ 1039296.326, 184808.0581 ], [ 1039328.0212, 184653.6542 ], [ 1039342.0725, 184573.5336 ], [ 1039375.0029, 184241.7041 ], [ 1039381.645, 184126.2268 ], [ 1039383.3888, 184091.2551 ], [ 1039385.5835, 183979.7753 ], [ 1039381.8876, 183897.0641 ], [ 1039393.0983, 183113.0528 ], [ 1039375.5957, 182879.8424 ], [ 1039302.7708, 182453.0478 ], [ 1039273.2561, 182255.8788 ], [ 1039240.2619, 182125.01 ], [ 1039228.9858, 182081.6293 ], [ 1039189.6252, 181944.1882 ], [ 1038123.0149, 182032.1539 ], [ 1037944.0929, 182025.2 ], [ 1037628.0383, 182057.2933 ], [ 1037344.7608, 182070.8816 ], [ 1036806.5075, 182096.3075 ], [ 1036686.1051, 181582.7078 ], [ 1036599.3429, 181291.4219 ], [ 1036576.6246, 181148.1917 ], [ 1036376.095, 180993.6496 ], [ 1036331.8565, 180923.2393 ], [ 1036389.0742, 180892.394 ], [ 1036036.9078, 180809.667 ], [ 1035725.027, 180829.7711 ], [ 1033637.5354, 181134.3902 ], [ 1033353.0764, 181179.3548 ], [ 1033340.5163, 181079.5034 ], [ 1033049.7582, 181083.654 ], [ 1032721.8251, 181087.3697 ], [ 1032540.3609, 181099.0313 ], [ 1032292.273, 181130.9649 ], [ 1032056.0571, 181192.4349 ], [ 1031861.4613, 181251.8028 ], [ 1031582.4158, 181368.5716 ], [ 1030929.0548, 181664.9645 ], [ 1030661.7385, 181746.0622 ], [ 1030611.8335, 181874.9394 ], [ 1030596.2061, 181923.001 ], [ 1030492.404, 182238.6764 ], [ 1029894.1463, 183790.6798 ], [ 1029628.0812, 184553.0866 ], [ 1029469.186, 185121.8726 ] ] ] ] } },
{ "type": "Feature", "properties": { "ZCTA5CE20": "11421", "GEOID20": "11421", "CLASSFP20": "B5", "MTFCC20": "G6350", "FUNCSTAT20": "S", "ALAND20": 3327832, "AWATER20": 0, "INTPTLAT20": "+40.6940354", "INTPTLON20": "-073.8586591" }, "geometry": { "type": "MultiPolygon", "coordinates": [ [ [ [ 1020075.2562, 193558.2865 ], [ 1020487.0594, 194097.3772 ], [ 1020428.826, 194844.5316 ], [ 1020540.7372, 194916.8359 ], [ 1020528.9448, 195386.44 ], [ 1020563.0428, 195390.4986 ], [ 1020782.0487, 195414.8728 ], [ 1021058.1625, 195445.1648 ], [ 1021254.7132, 195466.5946 ], [ 1021503.6587, 195493.5713 ], [ 1021756.4837, 195521.6495 ], [ 1022015.4085, 195549.3755 ], [ 1022165.0995, 195570.7399 ], [ 1022214.1825, 195566.4446 ], [ 1022291.8279, 195559.6438 ], [ 1022672.8446, 195527.0895 ], [ 1022878.3491, 195496.0831 ], [ 1022964.8757, 195484.1979 ], [ 1023074.4208, 195469.0709 ], [ 1023414.9846, 195420.4331 ], [ 1023474.6114, 195411.7854 ], [ 1023542.2878, 195397.6859 ], [ 1023580.5585, 195393.0116 ], [ 1023462.5867, 194788.0325 ], [ 1023547.164, 194783.0686 ], [ 1023791.7268, 194779.8222 ], [ 1023892.6812, 194763.9562 ], [ 1023923.8651, 195024.5033 ], [ 1024091.9204, 195007.6549 ], [ 1024373.626, 195010.3046 ], [ 1024372.8961, 195284.2798 ], [ 1025244.2895, 195160.041 ], [ 1025532.2192, 194599.0956 ], [ 1025380.9683, 194514.6787 ], [ 1025646.2147, 194416.3958 ], [ 1026098.2369, 193740.6091 ], [ 1026405.5865, 193195.374 ], [ 1026727.618, 192508.0798 ], [ 1026875.1976, 192160.7674 ], [ 1026934.1373, 191917.1342 ], [ 1027028.0026, 191683.0351 ], [ 1027116.3229, 191449.291 ], [ 1027190.7977, 191204.9571 ], [ 1027268.3033, 190972.6518 ], [ 1027344.4392, 190731.6004 ], [ 1027419.4928, 190632.2716 ], [ 1027425.2147, 190533.5483 ], [ 1027217.3661, 190451.5699 ], [ 1027236.8794, 190394.769 ], [ 1026990.2194, 190303.6157 ], [ 1026667.0647, 190183.9134 ], [ 1026436.2169, 190087.6927 ], [ 1026238.5783, 190031.2436 ], [ 1026204.4951, 190014.7898 ], [ 1026170.1345, 189998.3357 ], [ 1026131.0567, 189983.3308 ], [ 1025943.711, 189907.5923 ], [ 1025691.4454, 189845.2246 ], [ 1025448.9346, 189753.7297 ], [ 1025209.4695, 189664.064 ], [ 1024979.7046, 189577.3315 ], [ 1024742.1762, 189488.4024 ], [ 1024508.2497, 189400.5745 ], [ 1024273.7668, 189312.7479 ], [ 1024039.5613, 189223.8311 ], [ 1023805.6297, 189136.01 ], [ 1023576.9653, 189048.564 ], [ 1023441.9796, 188999.1614 ], [ 1023339.7045, 188959.2847 ], [ 1023190.8572, 188905.8536 ], [ 1023096.0632, 188869.9975 ], [ 1022945.8321, 188814.0153 ], [ 1022854.9225, 188776.7091 ], [ 1022703.5809, 188720.7267 ], [ 1022612.9422, 188687.0651 ], [ 1022489.5931, 188642.7867 ], [ 1022366.8011, 188596.6883 ], [ 1022246.2268, 188550.9582 ], [ 1022129.8088, 188507.4212 ], [ 1022005.3519, 188460.9576 ], [ 1021877.5686, 188413.0322 ], [ 1021768.0791, 188372.058 ], [ 1021601.489, 188309.1367 ], [ 1021555.4753, 188291.9425 ], [ 1021333.1673, 188208.8994 ], [ 1021274.4875, 188676.9732 ], [ 1021247.9755, 188966.939 ], [ 1021171.6737, 189353.3766 ], [ 1021130.6291, 189535.1147 ], [ 1021058.2942, 189868.3665 ], [ 1021006.8958, 190112.3895 ], [ 1020994.8632, 190183.4156 ], [ 1020961.5667, 190378.2816 ], [ 1020920.9926, 190617.9493 ], [ 1020881.5203, 190863.0836 ], [ 1020864.4451, 190968.3492 ], [ 1020839.5338, 191120.9658 ], [ 1020664.4771, 192092.006 ], [ 1020668.0794, 192093.833 ], [ 1020664.3761, 192159.4069 ], [ 1020655.1818, 192373.2547 ], [ 1020599.4334, 192565.5374 ], [ 1020226.8263, 193256.481 ], [ 1020163.9852, 193373.3379 ], [ 1020123.1109, 193449.4225 ], [ 1020114.7696, 193464.712 ], [ 1020101.4182, 193492.7457 ], [ 1020075.2562, 193558.2865 ] ] ] ] } },
{ "type": "Feature", "properties": { "ZCTA5CE20": "11423", "GEOID20": "11423", "CLASSFP20": "B5", "MTFCC20": "G6350", "FUNCSTAT20": "S", "ALAND20": 3645124, "AWATER20": 0, "INTPTLAT20": "+40.7156688", "INTPTLON20": "-073.7682985" }, "geometry": { "type": "MultiPolygon", "coordinates": [ [ [ [ 1044903.2068, 205024.2872 ], [ 1045156.0267, 205114.9102 ], [ 1045400.5346, 205203.6933 ], [ 1045643.9321, 205292.476 ], [ 1045896.1903, 205383.834 ], [ 1046132.5773, 204742.1174 ], [ 1046346.3898, 204153.5381 ], [ 1046458.3213, 203846.6925 ], [ 1046549.6408, 203580.2355 ], [ 1046244.355, 203299.2827 ], [ 1046221.2078, 203246.0311 ], [ 1046187.0031, 203181.0928 ], [ 1046153.8679, 203131.4591 ], [ 1046108.0026, 203073.7777 ], [ 1046064.3194, 203029.9466 ], [ 1046011.2155, 202984.6343 ], [ 1045953.6626, 202944.7758 ], [ 1045900.2404, 202915.4935 ], [ 1045835.4527, 202886.5469 ], [ 1045774.2461, 202866.3535 ], [ 1045661.3797, 203106.1625 ], [ 1045487.7581, 203477.7071 ], [ 1045350.8853, 203787.0445 ], [ 1045268.3029, 204001.4285 ], [ 1045179.542, 204248.5871 ], [ 1045133.2061, 204378.5375 ], [ 1045091.8998, 204492.4699 ], [ 1045004.2565, 204737.446 ], [ 1044903.2068, 205024.2872 ] ] ], [ [ [ 1044796.2113, 199026.0244 ], [ 1044745.402, 199167.9871 ], [ 1045076.1462, 199273.7408 ], [ 1045315.2001, 199350.1217 ], [ 1045335.9753, 199356.7319 ], [ 1045356.9577, 199281.0037 ], [ 1045395.7452, 199290.574 ], [ 1045411.1586, 199224.6688 ], [ 1045592.0722, 199270.3022 ], [ 1045552.3073, 199428.3217 ], [ 1045793.027, 199502.5255 ], [ 1045817.3928, 199404.9464 ], [ 1045830.2762, 199353.244 ], [ 1045949.6752, 199386.7013 ], [ 1045955.5589, 199362.306 ], [ 1046080.2276, 199394.6843 ], [ 1046063.4134, 199465.6861 ], [ 1046036.2318, 199580.0171 ], [ 1046110.3335, 199438.4807 ], [ 1046228.0014, 199498.1668 ], [ 1046236.9172, 199480.7017 ], [ 1046356.8004, 199541.1227 ], [ 1046336.4608, 199581.1471 ], [ 1046295.779, 199662.2891 ], [ 1046426.245, 199703.428 ], [ 1046541.4766, 199739.4278 ], [ 1046578.8128, 199665.9286 ], [ 1046616.4274, 199592.0658 ], [ 1046725.2307, 199648.4526 ], [ 1046734.9822, 199629.5324 ], [ 1046845.7246, 199686.289 ], [ 1046811.1767, 199753.237 ], [ 1046778.8571, 199816.1832 ], [ 1047020.1114, 199895.1369 ], [ 1046922.1632, 200144.8154 ], [ 1046831.1238, 200403.6205 ], [ 1046647.4821, 200884.4302 ], [ 1046512.8451, 200850.9304 ], [ 1046389.8411, 200821.1044 ], [ 1046241.0632, 201222.9465 ], [ 1046349.035, 201276.7791 ], [ 1046312.6841, 201399.8304 ], [ 1046145.4137, 201663.544 ], [ 1046165.798, 201713.8738 ], [ 1046178.182, 201857.8165 ], [ 1046226.4102, 201859.3968 ], [ 1046236.3882, 201859.7866 ], [ 1046284.048, 201866.8307 ], [ 1046136.3981, 202264.3044 ], [ 1046118.5363, 202311.9863 ], [ 1046102.3925, 202338.1771 ], [ 1046013.0478, 202482.2251 ], [ 1045993.0199, 202509.8634 ], [ 1045956.0263, 202560.0472 ], [ 1046323.5559, 202893.9835 ], [ 1046638.5818, 203161.482 ], [ 1046819.5494, 203281.4486 ], [ 1047005.7835, 203400.7015 ], [ 1047240.2754, 203508.058 ], [ 1047450.4679, 203579.2847 ], [ 1047706.8881, 203673.2226 ], [ 1047919.8925, 203728.0657 ], [ 1048210.1119, 203826.8339 ], [ 1048424.7893, 203876.9495 ], [ 1048629.4935, 203924.8547 ], [ 1048780.1825, 203959.8663 ], [ 1049040.3106, 204011.2012 ], [ 1049063.1562, 203967.178 ], [ 1049092.9672, 203909.6931 ], [ 1049177.0733, 203760.1773 ], [ 1049226.0858, 203674.326 ], [ 1049321.6115, 203504.803 ], [ 1049363.0279, 203461.1941 ], [ 1049443.3344, 203385.9929 ], [ 1050065.0826, 202963.9519 ], [ 1050146.9838, 202915.3535 ], [ 1050231.9541, 202859.4771 ], [ 1050349.996, 202771.9941 ], [ 1050448.901, 202688.8315 ], [ 1050536.4401, 202606.3669 ], [ 1050551.4509, 202590.7416 ], [ 1050206.8231, 202417.1096 ], [ 1050273.2653, 202345.881 ], [ 1050351.9667, 202251.7331 ], [ 1050393.6941, 202197.197 ], [ 1050450.4615, 202116.4699 ], [ 1050670.7243, 202256.6107 ], [ 1050776.4273, 202323.9372 ], [ 1050931.2409, 202070.7867 ], [ 1051017.8624, 201920.1912 ], [ 1050887.7762, 201848.7891 ], [ 1051116.977, 201461.0412 ], [ 1051123.9852, 201432.6426 ], [ 1051410.0556, 200932.1113 ], [ 1051433.0263, 200945.6551 ], [ 1051651.5433, 200518.1706 ], [ 1051807.7422, 200272.6806 ], [ 1051790.5834, 200262.4316 ], [ 1052120.4214, 199684.4278 ], [ 1052204.2753, 199537.8366 ], [ 1052213.6845, 199543.6923 ], [ 1052224.5502, 199524.4131 ], [ 1052349.6437, 199599.8159 ], [ 1052436.5355, 199457.9703 ], [ 1052528.31, 199256.024 ], [ 1052556.57, 199163.5632 ], [ 1052674.8793, 198793.7352 ], [ 1052540.2656, 198750.7295 ], [ 1052755.2314, 198121.7697 ], [ 1052629.2003, 198081.7024 ], [ 1052381.8488, 198001.9472 ], [ 1052134.7698, 197923.2883 ], [ 1051886.5804, 197844.6289 ], [ 1051639.4993, 197765.6107 ], [ 1051391.3096, 197685.8633 ], [ 1051143.946, 197607.5781 ], [ 1050895.1977, 197528.1986 ], [ 1050647.5566, 197448.8247 ], [ 1050399.3595, 197369.4518 ], [ 1050151.4351, 197291.1752 ], [ 1049904.8962, 197212.5405 ], [ 1049655.8625, 197133.1729 ], [ 1049524.5642, 197089.0999 ], [ 1049506.3284, 197065.7337 ], [ 1049470.0597, 197046.691 ], [ 1049422.9918, 197022.5188 ], [ 1049344.3192, 196997.5333 ], [ 1049305.1753, 197120.2081 ], [ 1048848.9295, 196975.0793 ], [ 1048880.5942, 196849.1049 ], [ 1048819.6502, 196829.6333 ], [ 1048754.5511, 196808.6934 ], [ 1048780.6483, 196691.0837 ], [ 1048519.6219, 196635.0132 ], [ 1048263.8603, 196579.688 ], [ 1048018.6246, 196527.6722 ], [ 1047703.8395, 196459.0821 ], [ 1047453.6136, 196405.9659 ], [ 1047209.4844, 196353.5968 ], [ 1046956.2197, 196295.3772 ], [ 1046860.4321, 196239.3874 ], [ 1046622.962, 196291.9688 ], [ 1046504.2152, 196322.9966 ], [ 1046457.6107, 196332.7141 ], [ 1046405.7356, 196343.5112 ], [ 1046215.1923, 197021.4091 ], [ 1046137.0193, 197234.3435 ], [ 1045726.7552, 197099.2276 ], [ 1045690.4661, 197087.1129 ], [ 1045595.9987, 197057.3632 ], [ 1045518.4114, 197260.0999 ], [ 1045418.4041, 197228.5153 ], [ 1045331.739, 197513.9329 ], [ 1045277.5691, 197666.8159 ], [ 1045198.6272, 197637.8355 ], [ 1045157.814, 197661.0503 ], [ 1044901.3573, 198440.4419 ], [ 1044878.3651, 198433.0978 ], [ 1044681.2655, 198984.2043 ], [ 1044796.2113, 199026.0244 ] ] ] ] } },
{ "type": "Feature", "properties": { "ZCTA5CE20": "11426", "GEOID20": "11426", "CLASSFP20": "B5", "MTFCC20": "G6350", "FUNCSTAT20": "S", "ALAND20": 3555218, "AWATER20": 0, "INTPTLAT20": "+40.7364067", "INTPTLON20": "-073.7223571" }, "geometry": { "type": "MultiPolygon", "coordinates": [ [ [ [ 1058274.1609, 205694.948 ], [ 1058542.1947, 205686.2941 ], [ 1058725.0559, 206338.2818 ], [ 1058806.0367, 206320.678 ], [ 1058879.2149, 206316.8952 ], [ 1058952.6557, 206317.8497 ], [ 1059026.082, 206323.5408 ], [ 1059098.9371, 206334.6953 ], [ 1059179.5307, 206352.7962 ], [ 1059240.7242, 206370.8375 ], [ 1059574.1129, 206465.8675 ], [ 1059676.8026, 206954.0284 ], [ 1059791.6073, 206931.7967 ], [ 1059907.4736, 207369.3574 ], [ 1059903.2621, 207386.8323 ], [ 1060152.3234, 207679.0764 ], [ 1060035.4097, 208111.5391 ], [ 1059760.0181, 209246.6725 ], [ 1059865.5744, 209254.2877 ], [ 1059976.331, 209282.6867 ], [ 1059920.1924, 209334.6113 ], [ 1059828.4854, 209418.1223 ], [ 1059668.4998, 209537.1261 ], [ 1059555.4618, 209619.1145 ], [ 1059453.8254, 209688.3871 ], [ 1059426.063, 209705.0605 ], [ 1059348.0499, 209752.1824 ], [ 1059269.4492, 209810.2327 ], [ 1058685.6653, 210145.8083 ], [ 1058549.5974, 210239.7538 ], [ 1058527.3827, 210254.9879 ], [ 1058422.4401, 210319.8827 ], [ 1058458.88, 210364.8071 ], [ 1058799.8746, 210763.34 ], [ 1059122.51, 211271.1213 ], [ 1059221.7798, 211427.3625 ], [ 1059279.3798, 211528.0966 ], [ 1059327.5562, 211629.5304 ], [ 1059436.0605, 211934.4494 ], [ 1059469.7461, 212062.0706 ], [ 1059492.4341, 212161.9684 ], [ 1059521.3794, 212299.0477 ], [ 1059525.7584, 212316.5493 ], [ 1059553.1212, 212427.756 ], [ 1059580.279, 212515.6448 ], [ 1059624.1988, 212648.3987 ], [ 1059663.0315, 212723.9365 ], [ 1059727.5023, 212841.0881 ], [ 1059789.7979, 212944.7528 ], [ 1059819.0367, 212986.7422 ], [ 1059885.5102, 213083.1335 ], [ 1059929.1016, 213142.6558 ], [ 1059961.4001, 213180.6473 ], [ 1060012.4843, 213236.1855 ], [ 1060064.4029, 213290.6334 ], [ 1060093.1128, 213324.2418 ], [ 1060186.513, 213403.5944 ], [ 1060230.7347, 213438.3445 ], [ 1060297.3377, 213492.4746 ], [ 1060421.732, 213583.2195 ], [ 1060499.3846, 213647.5862 ], [ 1060782.8956, 213887.1174 ], [ 1060893.3653, 213999.3167 ], [ 1060913.25, 214019.4178 ], [ 1060917.3875, 214025.2603 ], [ 1061012.5868, 214147.2488 ], [ 1061080.669, 213995.5369 ], [ 1061088.8017, 213964.5942 ], [ 1061096.0744, 213942.7572 ], [ 1061108.3848, 213904.9054 ], [ 1061135.1093, 213864.9133 ], [ 1061168.1958, 213828.2204 ], [ 1061197.3746, 213800.6235 ], [ 1061237.6371, 213772.6974 ], [ 1061394.5817, 213645.3145 ], [ 1061477.4632, 213545.7505 ], [ 1061523.6411, 213400.5282 ], [ 1061545.0785, 213281.0948 ], [ 1061569.2264, 213180.6155 ], [ 1061595.8727, 213078.6869 ], [ 1061632.4948, 212976.4257 ], [ 1061670.4851, 212879.634 ], [ 1061712.3583, 212781.7617 ], [ 1061862.3145, 212416.4494 ], [ 1062126.4312, 211533.4211 ], [ 1062194.9393, 211339.8154 ], [ 1062237.7315, 211216.0793 ], [ 1062252.8546, 211166.2142 ], [ 1062281.0842, 211090.5235 ], [ 1062139.0976, 211040.1537 ], [ 1062296.0105, 210584.8761 ], [ 1062438.5407, 210639.2562 ], [ 1062495.3299, 210472.21 ], [ 1062556.6216, 210284.0471 ], [ 1062412.9648, 210234.7633 ], [ 1062615.7769, 209556.2992 ], [ 1062651.7678, 209566.6168 ], [ 1062688.765, 209437.0335 ], [ 1062648.8979, 209425.6104 ], [ 1062659.5492, 209388.1184 ], [ 1062679.4834, 209393.6478 ], [ 1062779.2608, 209045.6674 ], [ 1062818.8514, 209057.0899 ], [ 1062831.1847, 209013.7741 ], [ 1062980.1355, 209056.1551 ], [ 1063010.628, 208967.721 ], [ 1063104.8248, 208718.8226 ], [ 1063198.4194, 208485.2247 ], [ 1063293.7095, 208242.16 ], [ 1063406.446, 208003.5245 ], [ 1063589.5125, 207614.6497 ], [ 1063707.5751, 207359.2737 ], [ 1063816.1221, 207133.0139 ], [ 1063925.5253, 206899.835 ], [ 1063964.0382, 206818.3508 ], [ 1064043.0215, 206650.2882 ], [ 1064064.5121, 206604.4529 ], [ 1064105.2635, 206516.7826 ], [ 1064212.473, 206278.1328 ], [ 1064355.1394, 205793.6756 ], [ 1064376.442, 205721.2435 ], [ 1064235.1649, 205699.6463 ], [ 1064256.1903, 205543.0523 ], [ 1064207.4319, 205536.6981 ], [ 1064242.4111, 205266.8424 ], [ 1064292.2776, 205273.5647 ], [ 1064309.9129, 205136.6336 ], [ 1064340.1014, 205143.2912 ], [ 1064457.5342, 205168.4535 ], [ 1064456.0767, 205022.3511 ], [ 1064279.0373, 205002.0929 ], [ 1064320.5599, 204681.6167 ], [ 1064473.6462, 204654.0684 ], [ 1064490.6464, 204374.3168 ], [ 1064494.0241, 204358.6616 ], [ 1064490.1474, 204357.5558 ], [ 1064375.4656, 204337.5031 ], [ 1064135.2991, 204295.1777 ], [ 1063962.721, 204265.0995 ], [ 1063862.7198, 204247.6478 ], [ 1063673.7978, 204214.6034 ], [ 1063499.5568, 204184.1587 ], [ 1063481.2744, 204180.82 ], [ 1063276.8347, 204146.2708 ], [ 1063251.071, 204142.1793 ], [ 1063003.6848, 204102.7563 ], [ 1062980.9699, 204098.6749 ], [ 1062829.4481, 204070.4948 ], [ 1062717.2734, 204045.7217 ], [ 1062615.3761, 204014.0599 ], [ 1062543.3812, 203992.332 ], [ 1062452.8463, 203961.072 ], [ 1062332.6878, 203919.1513 ], [ 1061862.0164, 203755.1497 ], [ 1061751.5523, 203714.7202 ], [ 1061604.2655, 203661.058 ], [ 1061527.5765, 203633.1245 ], [ 1061487.4325, 203618.4234 ], [ 1061290.8687, 203545.2967 ], [ 1061166.5624, 203498.9966 ], [ 1061145.5212, 203491.279 ], [ 1061053.3242, 203458.5616 ], [ 1061047.7876, 203456.3581 ], [ 1060908.8004, 203406.7339 ], [ 1060821.8518, 203379.4989 ], [ 1060744.05, 203352.2931 ], [ 1060712.2113, 203340.5341 ], [ 1060639.3983, 203313.3443 ], [ 1060598.7047, 203296.8214 ], [ 1060551.9212, 203277.729 ], [ 1060516.487, 203263.4087 ], [ 1060452.2536, 203240.254 ], [ 1060328.7688, 203196.1469 ], [ 1060285.3098, 203177.4298 ], [ 1060188.7029, 203135.9578 ], [ 1060072.1876, 203078.7578 ], [ 1060068.8671, 203076.9258 ], [ 1059939.6305, 203010.214 ], [ 1059861.8741, 202967.7092 ], [ 1059829.2188, 202950.8482 ], [ 1059783.2791, 202927.388 ], [ 1059648.2222, 202859.931 ], [ 1059625.8043, 202848.9314 ], [ 1059595.6332, 202835.3575 ], [ 1059571.8282, 202824.718 ], [ 1059427.3493, 202756.14 ], [ 1059302.5317, 202693.453 ], [ 1059228.0927, 202653.1464 ], [ 1059222.4972, 202669.8884 ], [ 1059141.9352, 202907.1847 ], [ 1059115.9025, 202899.8177 ], [ 1059042.7879, 203149.5246 ], [ 1058968.8489, 203397.4074 ], [ 1058895.1807, 203647.8417 ], [ 1058821.238, 203897.9111 ], [ 1058747.8556, 204146.525 ], [ 1058623.2413, 204109.7097 ], [ 1058548.1674, 204368.5204 ], [ 1058671.3834, 204408.9744 ], [ 1058660.745, 204443.5534 ], [ 1058648.7052, 204483.2288 ], [ 1058641.3739, 204524.0116 ], [ 1058638.7522, 204565.5375 ], [ 1058639.5368, 204580.8419 ], [ 1058496.9277, 204628.4973 ], [ 1058613.2998, 205002.6589 ], [ 1058735.2639, 205450.0693 ], [ 1058602.4873, 205456.2203 ], [ 1058312.5413, 205469.543 ], [ 1058290.3751, 205558.3726 ], [ 1058274.1609, 205694.948 ] ] ] ] } },
{ "type": "Feature", "properties": { "ZCTA5CE20": "11697", "GEOID20": "11697", "CLASSFP20": "B5", "MTFCC20": "G6350", "FUNCSTAT20": "S", "ALAND20": 5302645, "AWATER20": 0, "INTPTLAT20": "+40.5571317", "INTPTLON20": "-073.9137216" }, "geometry": { "type": "MultiPolygon", "coordinates": [ [ [ [ 1000721.4809, 136681.7444 ], [ 1000888.65, 138934.4728 ], [ 1000888.8371, 139474.0368 ], [ 1000900.2525, 139849.2984 ], [ 1000884.6312, 139935.2682 ], [ 1000870.963, 140009.9453 ], [ 1000860.0737, 140084.9886 ], [ 1000851.6853, 140160.398 ], [ 1000845.7977, 140236.1734 ], [ 1000842.9755, 140299.5638 ], [ 1000841.526, 140387.7293 ], [ 1000843.4196, 140463.51 ], [ 1000847.5363, 140539.2922 ], [ 1000854.432, 140615.0763 ], [ 1000862.1713, 140676.2881 ], [ 1000876.0052, 140765.1926 ], [ 1000892.6209, 140849.7272 ], [ 1000907.3053, 140913.8583 ], [ 1000926.7075, 140987.1007 ], [ 1000948.611, 141059.6162 ], [ 1000973.0156, 141131.7692 ], [ 1000999.9219, 141202.8309 ], [ 1001029.8839, 141274.9877 ], [ 1001060.4054, 141341.6801 ], [ 1001099.2556, 141419.308 ], [ 1001130.339, 141476.5284 ], [ 1001168.6414, 141542.1334 ], [ 1001209.1677, 141606.2827 ], [ 1001251.64, 141668.976 ], [ 1001296.3358, 141730.5781 ], [ 1001344.6569, 141773.6023 ], [ 1001393.8122, 141815.5341 ], [ 1001468.7963, 141877.1578 ], [ 1001545.4488, 141936.597 ], [ 1001623.4916, 141994.2158 ], [ 1001703.2029, 142049.6502 ], [ 1001778.7499, 142099.2525 ], [ 1001853.1871, 142145.9398 ], [ 1001923.1818, 142187.5235 ], [ 1001993.7333, 142227.2861 ], [ 1002065.3971, 142265.5925 ], [ 1002090.1168, 142280.9122 ], [ 1002115.6708, 142295.1396 ], [ 1002142.0601, 142307.1817 ], [ 1002169.284, 142317.7672 ], [ 1002191.231, 142324.7055 ], [ 1002213.4566, 142330.5511 ], [ 1002244.2963, 142336.403 ], [ 1002275.1374, 142340.4334 ], [ 1002306.5358, 142342.2783 ], [ 1002337.6582, 142341.5728 ], [ 1002368.782, 142339.0456 ], [ 1002399.9075, 142334.3326 ], [ 1002430.2012, 142327.0687 ], [ 1002457.7094, 142328.9109 ], [ 1002507.4516, 142325.3049 ], [ 1002558.8539, 142331.1727 ], [ 1002607.2087, 142325.0156 ], [ 1002656.9457, 142328.3321 ], [ 1002706.4032, 142333.8344 ], [ 1002755.5811, 142341.5226 ], [ 1002804.4791, 142351.7609 ], [ 1002852.8194, 142364.5491 ], [ 1002900.3247, 142379.1585 ], [ 1002947.2725, 142395.9534 ], [ 1002993.3846, 142415.2981 ], [ 1003038.3837, 142436.4636 ], [ 1003082.5475, 142459.8144 ], [ 1003236.7237, 142159.0023 ], [ 1003371.4458, 142219.95 ], [ 1003610.8976, 142316.6852 ], [ 1003845.3482, 142410.5041 ], [ 1004110.0752, 142516.3727 ], [ 1004198.968, 142548.506 ], [ 1004291.7447, 142587.9292 ], [ 1004375.3496, 142629.5312 ], [ 1004454.5053, 142674.773 ], [ 1004534.2112, 142726.209 ], [ 1004610.5784, 142782.3787 ], [ 1004583.5953, 142818.0599 ], [ 1004632.5911, 143041.4318 ], [ 1004664.4418, 143165.3288 ], [ 1004682.1389, 143268.0831 ], [ 1004689.8594, 143339.1328 ], [ 1004733.785, 143641.559 ], [ 1004997.4039, 143723.391 ], [ 1005294.0453, 143852.2522 ], [ 1005348.7828, 143852.6639 ], [ 1005528.8346, 143852.092 ], [ 1005711.0965, 143866.0963 ], [ 1005747.5092, 143850.8269 ], [ 1005899.8623, 144064.8204 ], [ 1006178.8262, 144067.256 ], [ 1006376.0567, 144118.0756 ], [ 1006420.9648, 144232.5144 ], [ 1006423.4595, 144239.0745 ], [ 1006411.2363, 144236.5131 ], [ 1006405.9346, 144261.2824 ], [ 1006445.6581, 144271.5196 ], [ 1006450.9602, 144246.3861 ], [ 1006438.182, 144243.0955 ], [ 1006431.2487, 144228.8805 ], [ 1006438.1976, 144225.9723 ], [ 1006392.1686, 144122.0979 ], [ 1006428.5588, 144131.6034 ], [ 1006582.7308, 144171.8201 ], [ 1006741.0683, 144213.8632 ], [ 1007127.999, 144339.9158 ], [ 1007256.3066, 144403.0649 ], [ 1007366.8268, 144470.934 ], [ 1007451.2403, 144526.3916 ], [ 1007560.0797, 144607.3757 ], [ 1007678.0747, 144701.4847 ], [ 1007721.3883, 144733.2227 ], [ 1007819.6769, 144804.7253 ], [ 1007912.9828, 144856.5499 ], [ 1007996.0166, 144899.6211 ], [ 1008181.5281, 144990.1553 ], [ 1008354.6075, 145007.8137 ], [ 1008385.7325, 145001.2867 ], [ 1008643.9748, 145153.4675 ], [ 1008655.9527, 145122.8762 ], [ 1008732.6302, 145129.8754 ], [ 1008727.0536, 145149.5433 ], [ 1008720.3605, 145174.3107 ], [ 1008716.0581, 145308.3778 ], [ 1008712.3539, 145400.1839 ], [ 1008712.3249, 145428.9655 ], [ 1008659.5473, 145417.2542 ], [ 1008654.8032, 145438.0159 ], [ 1008708.1361, 145450.0922 ], [ 1008773.1489, 145451.6149 ], [ 1008773.4484, 145430.12 ], [ 1008720.3812, 145430.0666 ], [ 1008720.6872, 145402.0139 ], [ 1008724.1154, 145308.3859 ], [ 1008730.645, 145169.9491 ], [ 1008734.8317, 145151.0085 ], [ 1008739.5744, 145131.704 ], [ 1008842.054, 145175.5263 ], [ 1008884.0255, 145158.4455 ], [ 1008930.7062, 145155.2139 ], [ 1008957.3813, 145153.055 ], [ 1009034.0441, 145174.2638 ], [ 1009034.0694, 145149.4897 ], [ 1009099.9313, 145136.4412 ], [ 1009163.5534, 145140.1495 ], [ 1009170.5039, 145135.7847 ], [ 1009167.1844, 145121.5726 ], [ 1009207.2097, 145105.9477 ], [ 1009113.5376, 144872.3197 ], [ 1009074.0034, 144678.4587 ], [ 1009096.9814, 144487.9404 ], [ 1009188.9831, 144184.1878 ], [ 1009325.9784, 143901.2484 ], [ 1009381.9753, 143758.1266 ], [ 1009431.759, 143712.6375 ], [ 1009443.2074, 143658.365 ], [ 1009469.3782, 143608.1153 ], [ 1009471.0654, 143588.8079 ], [ 1009510.247, 143585.5696 ], [ 1009690.0185, 143589.4001 ], [ 1009724.1873, 143597.0866 ], [ 1009848.3691, 143617.6191 ], [ 1010019.4889, 143657.1467 ], [ 1010635.855, 143845.0699 ], [ 1010865.2891, 143914.5414 ], [ 1011107.2153, 143993.1369 ], [ 1011394.6878, 144090.0018 ], [ 1013273.5481, 144781.8363 ], [ 1013548.4957, 144881.9907 ], [ 1013479.8636, 145116.8976 ], [ 1013425.7316, 145309.1961 ], [ 1013405.4604, 145531.7742 ], [ 1013318.7675, 145770.6675 ], [ 1013320.0618, 145850.0919 ], [ 1013358.9054, 145894.5859 ], [ 1013413.8985, 145909.5891 ], [ 1013409.6983, 145936.9084 ], [ 1013462.9827, 145986.5205 ], [ 1013486.5735, 146007.3153 ], [ 1013534.3177, 146043.0765 ], [ 1013598.9787, 146104.361 ], [ 1013663.9163, 146166.3746 ], [ 1013710.2664, 146205.7777 ], [ 1013794.6488, 146270.0012 ], [ 1013851.2679, 146317.7965 ], [ 1013904.5675, 146353.5653 ], [ 1013938.435, 146376.1947 ], [ 1014031.4539, 146420.0273 ], [ 1014085.8759, 146446.3254 ], [ 1014120.6231, 146431.0663 ], [ 1014176.4812, 146419.1122 ], [ 1014215.1019, 146416.9738 ], [ 1014269.8415, 146410.8478 ], [ 1014329.5898, 146398.5345 ], [ 1014404.0657, 146384.0537 ], [ 1014475.4991, 146358.6395 ], [ 1014516.6363, 146343.7533 ], [ 1014600.856, 146313.6193 ], [ 1014671.7196, 146299.8634 ], [ 1014732.0135, 146295.9313 ], [ 1014765.3269, 146316.7395 ], [ 1014829.5767, 146259.9855 ], [ 1014914.356, 146227.3029 ], [ 1014923.821, 146212.3775 ], [ 1014975.7826, 146206.6139 ], [ 1015058.3027, 146203.075 ], [ 1015147.4791, 146208.6529 ], [ 1015183.3021, 146222.1784 ], [ 1015255.2084, 146262.71 ], [ 1015314.407, 146246.3909 ], [ 1015364.7016, 146240.6259 ], [ 1015415.8087, 146251.2567 ], [ 1015513.0101, 146281.6203 ], [ 1015690.6979, 146376.938 ], [ 1015799.5805, 146397.1168 ], [ 1015849.3012, 146405.1965 ], [ 1015913.4519, 146426.4107 ], [ 1015941.8103, 146411.146 ], [ 1016012.926, 146417.4322 ], [ 1016053.7295, 146445.9028 ], [ 1016081.507, 146449.9467 ], [ 1016103.1737, 146452.8897 ], [ 1016119.8572, 146442.3461 ], [ 1016159.3182, 146435.1113 ], [ 1016196.0019, 146427.1443 ], [ 1016228.7985, 146417.3506 ], [ 1016391.7889, 146488.973 ], [ 1016393.1935, 146477.3164 ], [ 1016231.5911, 146406.4245 ], [ 1016268.0733, 146340.5297 ], [ 1016303.595, 146371.1797 ], [ 1016384.3877, 146413.1836 ], [ 1016394.9697, 146394.617 ], [ 1016312.2303, 146354.0678 ], [ 1016278.6519, 146324.5133 ], [ 1016351.3328, 146197.4597 ], [ 1016432.1303, 146236.1848 ], [ 1016407.0568, 146288.2501 ], [ 1016415.3816, 146295.9119 ], [ 1016434.899, 146243.475 ], [ 1016470.1611, 146260.2806 ], [ 1016458.1532, 146306.5339 ], [ 1016468.1502, 146310.1904 ], [ 1016486.5424, 146268.3174 ], [ 1016531.7977, 146291.6942 ], [ 1016471.6183, 146418.7638 ], [ 1016482.1781, 146416.9562 ], [ 1016549.5778, 146292.4464 ], [ 1016595.6712, 146312.1812 ], [ 1016563.6314, 146379.5387 ], [ 1016616.6626, 146405.1119 ], [ 1016561.7511, 146540.2035 ], [ 1016504.4852, 146565.6303 ], [ 1016571.7427, 146547.8676 ], [ 1016626.6581, 146409.8615 ], [ 1016653.4004, 146356.7056 ], [ 1016719.4997, 146374.6456 ], [ 1016803.7239, 146135.3967 ], [ 1016820.1779, 146089.1495 ], [ 1016826.8663, 146073.8568 ], [ 1016918.2801, 145861.5779 ], [ 1017009.4157, 145650.7564 ], [ 1017021.6788, 145622.3555 ], [ 1017077.9743, 145494.5534 ], [ 1017373.1126, 144827.8746 ], [ 1017690.23, 144152.1216 ], [ 1017765.1933, 143991.9218 ], [ 1017725.7554, 143979.1162 ], [ 1017681.0422, 143963.3888 ], [ 1017652.4481, 143945.1333 ], [ 1017563.0438, 143897.2842 ], [ 1017510.2885, 143869.8877 ], [ 1017511.9785, 143853.1311 ], [ 1017510.3522, 143823.2542 ], [ 1017494.239, 143821.4106 ], [ 1017482.2633, 143841.7964 ], [ 1017460.0114, 143858.8893 ], [ 1017397.2262, 143851.1529 ], [ 1017315.8344, 143836.1049 ], [ 1017249.1626, 143825.8133 ], [ 1017194.7302, 143805.3374 ], [ 1017149.1995, 143777.2228 ], [ 1017107.5666, 143743.2844 ], [ 1017044.2582, 143711.1384 ], [ 1016973.7335, 143672.7894 ], [ 1016939.2976, 143658.8988 ], [ 1016933.5096, 143623.9159 ], [ 1016938.537, 143604.6134 ], [ 1016919.0902, 143602.0371 ], [ 1016896.252, 143642.0821 ], [ 1016865.6875, 143642.0411 ], [ 1016797.6149, 143639.7641 ], [ 1016745.6479, 143645.1595 ], [ 1016690.9257, 143633.0638 ], [ 1016605.4099, 143584.1305 ], [ 1016554.0508, 143550.1801 ], [ 1016524.3439, 143531.9244 ], [ 1016452.1571, 143488.8385 ], [ 1016295.8096, 143421.5964 ], [ 1016236.3927, 143386.9074 ], [ 1016249.2352, 143340.6551 ], [ 1016242.0338, 143323.158 ], [ 1016210.5616, 143379.2227 ], [ 1016114.1811, 143350.3147 ], [ 1016002.7786, 143334.5031 ], [ 1015944.7314, 143314.3896 ], [ 1015902.7992, 143295.0259 ], [ 1015851.1635, 143258.8906 ], [ 1015802.5591, 143242.0686 ], [ 1015751.7619, 143201.9271 ], [ 1015697.3227, 143184.7335 ], [ 1015665.1181, 143163.1968 ], [ 1015650.1393, 143143.1396 ], [ 1015663.237, 143113.6462 ], [ 1015655.7506, 143101.2495 ], [ 1015642.407, 143105.9685 ], [ 1015630.3991, 143152.2222 ], [ 1015598.1673, 143151.8164 ], [ 1015567.8786, 143152.8704 ], [ 1015501.4699, 143152.0563 ], [ 1015411.7279, 143145.3834 ], [ 1015353.4275, 143105.2332 ], [ 1015312.0405, 143093.5219 ], [ 1015273.4446, 143071.9776 ], [ 1015219.5734, 143044.5846 ], [ 1015192.9159, 143030.7064 ], [ 1015163.2092, 143010.9951 ], [ 1015129.6054, 142996.7438 ], [ 1015088.4936, 142986.8549 ], [ 1015064.0708, 142963.5072 ], [ 1015005.7547, 142935.0161 ], [ 1014963.8293, 142909.0962 ], [ 1014925.2393, 142882.4518 ], [ 1014928.8956, 142847.4813 ], [ 1014915.8551, 142832.1632 ], [ 1014895.2433, 142871.4843 ], [ 1014868.2851, 142875.4579 ], [ 1014811.3157, 142880.4869 ], [ 1014768.2453, 142881.1615 ], [ 1014739.3516, 142877.482 ], [ 1014702.4139, 142862.4985 ], [ 1014662.9762, 142846.7832 ], [ 1014632.1619, 142823.428 ], [ 1014598.2833, 142806.2625 ], [ 1014548.8426, 142790.1706 ], [ 1014506.3585, 142766.0723 ], [ 1014462.7638, 142741.2441 ], [ 1014417.2181, 142721.1498 ], [ 1014368.0662, 142695.9505 ], [ 1014317.8154, 142660.5489 ], [ 1014296.7049, 142654.3293 ], [ 1014267.8306, 142634.6202 ], [ 1014235.9096, 142606.8922 ], [ 1014228.4659, 142559.1565 ], [ 1014221.5393, 142542.7533 ], [ 1014214.3164, 142541.2872 ], [ 1014204.8495, 142556.9415 ], [ 1014203.4422, 142571.5127 ], [ 1014165.3438, 142595.8756 ], [ 1014147.8191, 142611.1557 ], [ 1014122.7857, 142631.5271 ], [ 1014068.8797, 142630.7324 ], [ 1013999.7068, 142616.8034 ], [ 1013918.8752, 142593.0237 ], [ 1013847.2168, 142566.3407 ], [ 1013807.502, 142549.1692 ], [ 1013780.0373, 142512.3391 ], [ 1013739.4786, 142503.5462 ], [ 1013689.5021, 142469.9678 ], [ 1013642.5782, 142439.6722 ], [ 1013577.8755, 142404.9833 ], [ 1013524.8346, 142377.5951 ], [ 1013489.2904, 142357.8789 ], [ 1013470.966, 142345.1055 ], [ 1013441.2496, 142331.5898 ], [ 1013455.2067, 142278.7795 ], [ 1013459.6724, 142262.3903 ], [ 1013449.6803, 142252.9059 ], [ 1013439.1097, 142262.3656 ], [ 1013421.2571, 142319.5432 ], [ 1013401.5171, 142328.6276 ], [ 1013384.5354, 142354.8387 ], [ 1013352.2755, 142377.0239 ], [ 1013289.4782, 142375.1272 ], [ 1013221.4187, 142358.6515 ], [ 1013195.0332, 142348.0547 ], [ 1013170.0514, 142325.4369 ], [ 1013147.8331, 142315.5738 ], [ 1013112.8357, 142303.1452 ], [ 1013071.7314, 142285.2446 ], [ 1013028.4135, 142259.3263 ], [ 1012975.9115, 142245.42 ], [ 1012941.7607, 142221.6986 ], [ 1012894.8315, 142194.6833 ], [ 1012868.7275, 142180.8083 ], [ 1012854.0262, 142158.5672 ], [ 1012850.1646, 142134.153 ], [ 1012852.4112, 142114.1178 ], [ 1012838.257, 142099.1638 ], [ 1012833.2377, 142114.0952 ], [ 1012822.9011, 142161.0809 ], [ 1012809.2638, 142179.2812 ], [ 1012796.7418, 142194.2038 ], [ 1012776.1491, 142219.6823 ], [ 1012745.2922, 142230.5759 ], [ 1012733.6129, 142237.8488 ], [ 1012701.9257, 142245.8268 ], [ 1012667.7403, 142251.6161 ], [ 1012640.7822, 142255.2279 ], [ 1012612.9879, 142261.0247 ], [ 1012591.8706, 142259.9071 ], [ 1012569.9211, 142257.6956 ], [ 1012558.809, 142255.1324 ], [ 1012542.1382, 142253.6557 ], [ 1012518.8031, 142248.1637 ], [ 1012488.8061, 142236.4705 ], [ 1012457.4214, 142223.3185 ], [ 1012417.7012, 142209.4282 ], [ 1012386.0394, 142195.5472 ], [ 1012361.5998, 142183.8606 ], [ 1012327.4379, 142169.2482 ], [ 1012305.2187, 142159.7501 ], [ 1012289.1095, 142153.1737 ], [ 1012287.7792, 142101.8024 ], [ 1012284.7306, 142094.8768 ], [ 1012277.5096, 142091.5895 ], [ 1012269.7265, 142093.7665 ], [ 1012260.8193, 142106.8719 ], [ 1012256.3607, 142117.7966 ], [ 1012230.2366, 142121.0454 ], [ 1012205.7826, 142121.746 ], [ 1012183.8324, 142119.8992 ], [ 1012159.9396, 142115.8642 ], [ 1012136.6059, 142108.9153 ], [ 1012114.1083, 142099.7814 ], [ 1012092.7248, 142088.4629 ], [ 1012094.6824, 142077.5354 ], [ 1012095.2507, 142066.6063 ], [ 1012093.0435, 142052.7594 ], [ 1012087.4897, 142049.4742 ], [ 1012079.7066, 142051.6512 ], [ 1012073.0263, 142061.4803 ], [ 1012068.012, 142072.4043 ], [ 1012064.9421, 142084.0592 ], [ 1012038.8191, 142086.2153 ], [ 1012012.6991, 142085.8212 ], [ 1011986.5816, 142083.2412 ], [ 1011961.0227, 142078.1115 ], [ 1011936.0221, 142070.7966 ], [ 1011911.5796, 142061.2963 ], [ 1011888.2512, 142049.6115 ], [ 1011888.2669, 142035.7671 ], [ 1011889.1121, 142025.567 ], [ 1011881.3439, 142014.6285 ], [ 1011873.8441, 142012.0697 ], [ 1011865.2217, 142019.3464 ], [ 1011863.2683, 142026.6307 ], [ 1011859.3585, 142043.7495 ], [ 1011856.5599, 142061.2339 ], [ 1011854.8724, 142079.0839 ], [ 1011843.4708, 142086.7217 ], [ 1011832.6245, 142094.7246 ], [ 1011798.4308, 142107.8015 ], [ 1011763.6835, 142119.0563 ], [ 1011728.105, 142128.1242 ], [ 1011692.2511, 142135.0059 ], [ 1011676.6872, 142137.5387 ], [ 1011654.455, 142139.3352 ], [ 1011593.5952, 142143.6387 ], [ 1011533.0165, 142145.028 ], [ 1011472.162, 142144.5956 ], [ 1011449.9327, 142143.8421 ], [ 1011394.6394, 142140.1371 ], [ 1011323.7886, 142133.136 ], [ 1011262.3864, 142125.417 ], [ 1011199.0443, 142112.9598 ], [ 1011137.0931, 142099.0469 ], [ 1011075.9783, 142082.5849 ], [ 1011015.6994, 142063.938 ], [ 1010909.8669, 142028.4824 ], [ 1010804.8693, 141991.5708 ], [ 1010700.7078, 141952.1104 ], [ 1010597.3815, 141910.8297 ], [ 1010494.8909, 141867.3644 ], [ 1010393.236, 141821.7144 ], [ 1010300.1828, 141787.3682 ], [ 1010207.9654, 141750.8372 ], [ 1010116.8619, 141711.7575 ], [ 1010026.8724, 141670.1291 ], [ 1009937.7185, 141626.3159 ], [ 1009849.956, 141580.3186 ], [ 1009763.307, 141532.1368 ], [ 1009677.7715, 141481.7706 ], [ 1009593.9052, 141429.2204 ], [ 1008776.5031, 141019.6112 ], [ 1007521.8828, 140385.5483 ], [ 1007311.635, 140258.9277 ], [ 1007091.38, 140133.0282 ], [ 1006852.7576, 140032.6163 ], [ 1006626.3957, 139894.3283 ], [ 1004699.0672, 138993.1169 ], [ 1004331.8259, 138800.4481 ], [ 1004017.6626, 138605.6419 ], [ 1003552.3463, 138360.4428 ], [ 1002990.8766, 138092.9546 ], [ 1002569.9676, 137901.7285 ], [ 1002482.1671, 137869.9664 ], [ 1002377.6968, 137830.1771 ], [ 1002282.9531, 137791.1241 ], [ 1002189.0442, 137750.2504 ], [ 1002095.9706, 137706.8275 ], [ 1002004.0097, 137661.5841 ], [ 1001912.8836, 137614.52 ], [ 1001823.1484, 137565.2714 ], [ 1001734.2481, 137513.8377 ], [ 1001646.7384, 137460.5837 ], [ 1001560.3416, 137405.1449 ], [ 1001475.3354, 137347.8857 ], [ 1001428.9451, 137313.6065 ], [ 1001381.4416, 137281.1482 ], [ 1001332.825, 137250.5109 ], [ 1001282.8174, 137221.6942 ], [ 1001231.9743, 137195.0631 ], [ 1001179.7402, 137170.2527 ], [ 1001126.9485, 137147.6279 ], [ 1001073.0436, 137127.1885 ], [ 1001018.5811, 137108.9347 ], [ 1000963.2836, 137092.5021 ], [ 1000907.4283, 137078.6196 ], [ 1000851.0159, 137066.5583 ], [ 1000794.3237, 137057.0473 ], [ 1000771.4967, 136701.0874 ], [ 1000721.4809, 136681.7444 ] ] ] ] } },
{ "type": "Feature", "properties": { "ZCTA5CE20": "11427", "GEOID20": "11427", "CLASSFP20": "B5", "MTFCC20": "G6350", "FUNCSTAT20": "S", "ALAND20": 4062875, "AWATER20": 0, "INTPTLAT20": "+40.7309425", "INTPTLON20": "-073.7457159" }, "geometry": { "type": "MultiPolygon", "coordinates": [ [ [ [ 1049040.3106, 204011.2012 ], [ 1049258.3741, 204037.6517 ], [ 1049373.3859, 204043.0606 ], [ 1049468.1867, 204040.0361 ], [ 1049547.2173, 204026.4039 ], [ 1049690.8669, 203998.737 ], [ 1050105.7141, 203925.8993 ], [ 1050209.1493, 203907.5991 ], [ 1050275.1428, 203897.9415 ], [ 1050544.6737, 203854.5917 ], [ 1050774.8092, 203824.9816 ], [ 1050916.7083, 203830.1071 ], [ 1051042.5124, 203842.1115 ], [ 1051170.7978, 203858.8597 ], [ 1051321.2387, 203882.2278 ], [ 1051470.2581, 203918.3445 ], [ 1051595.4222, 203960.9539 ], [ 1051635.8557, 203973.0891 ], [ 1051662.714, 203983.0006 ], [ 1051665.1377, 204008.5106 ], [ 1051599.2351, 204085.2018 ], [ 1051592.839, 204092.8351 ], [ 1051199.4343, 204430.2119 ], [ 1051080.8751, 204506.0308 ], [ 1050801.8365, 204683.4228 ], [ 1050761.0388, 204703.3493 ], [ 1050717.7227, 204732.013 ], [ 1050585.5478, 204821.6416 ], [ 1050465.2858, 204913.4894 ], [ 1050330.3016, 205017.6851 ], [ 1050203.07, 205125.1815 ], [ 1050140.5583, 205180.7547 ], [ 1049820.9809, 205493.5797 ], [ 1049589.3819, 205764.3831 ], [ 1049509.0328, 205858.1648 ], [ 1049272.0276, 206183.9709 ], [ 1049226.4013, 206249.0642 ], [ 1049402.0023, 206289.9758 ], [ 1049432.4696, 206296.9799 ], [ 1049581.759, 206331.2641 ], [ 1049739.0812, 206367.0283 ], [ 1050009.6822, 206429.6963 ], [ 1050275.3072, 206487.2531 ], [ 1050541.7624, 206544.8152 ], [ 1050796.5694, 206604.8986 ], [ 1051052.2137, 206662.4366 ], [ 1051308.1338, 206719.978 ], [ 1051563.2213, 206777.5199 ], [ 1051819.138, 206835.4311 ], [ 1052094.4419, 206897.4068 ], [ 1052371.6823, 206960.1198 ], [ 1052509.6122, 206990.3825 ], [ 1052797.3734, 207056.0446 ], [ 1053110.0711, 207123.2382 ], [ 1053149.1109, 207136.1006 ], [ 1053403.0863, 207191.837 ], [ 1053654.5644, 207248.2976 ], [ 1053909.0876, 207305.4982 ], [ 1054165.5486, 207363.0714 ], [ 1054491.507, 207441.9796 ], [ 1054505.9685, 207424.5335 ], [ 1054657.824, 206855.8854 ], [ 1054640.5048, 206807.3789 ], [ 1054617.1022, 206754.1184 ], [ 1054588.1494, 206703.3922 ], [ 1054554.1984, 206655.9306 ], [ 1054515.8015, 206612.4638 ], [ 1054473.5118, 206573.3578 ], [ 1054455.1298, 206508.8178 ], [ 1054442.8502, 206442.4737 ], [ 1054436.949, 206374.6907 ], [ 1054437.421, 206307.2905 ], [ 1054440.2777, 206277.7878 ], [ 1054476.1948, 206316.5109 ], [ 1054579.5246, 206427.9316 ], [ 1054626.4931, 206478.3456 ], [ 1054775.996, 206627.063 ], [ 1054871.3381, 206720.6094 ], [ 1054949.2685, 206797.3461 ], [ 1055011.1627, 206860.9204 ], [ 1055239.9634, 207090.3895 ], [ 1055269.2427, 207123.6294 ], [ 1055455.1483, 207330.7508 ], [ 1055632.6833, 207556.0657 ], [ 1055649.8021, 207577.6117 ], [ 1055838.6215, 207828.1003 ], [ 1055860.4275, 207857.6756 ], [ 1055957.5098, 208015.7184 ], [ 1056220.6162, 208444.9529 ], [ 1056347.7871, 208640.9772 ], [ 1056414.5505, 208741.7315 ], [ 1056466.7185, 208811.4743 ], [ 1056515.0368, 208871.0045 ], [ 1056574.984, 208933.8483 ], [ 1056593.7734, 208952.121 ], [ 1056756.2439, 209110.7264 ], [ 1056841.3895, 209179.4755 ], [ 1056924.9058, 209236.9258 ], [ 1057033.331, 209304.6523 ], [ 1057074.8209, 209330.2801 ], [ 1057521.9631, 209644.2238 ], [ 1057559.8451, 209671.2988 ], [ 1057821.6853, 209863.0018 ], [ 1058024.8324, 210035.9481 ], [ 1058180.1849, 210160.6585 ], [ 1058317.4647, 210395.7078 ], [ 1058366.8981, 210359.7897 ], [ 1058422.4401, 210319.8827 ], [ 1058527.3827, 210254.9879 ], [ 1058549.5974, 210239.7538 ], [ 1058685.6653, 210145.8083 ], [ 1059269.4492, 209810.2327 ], [ 1059348.0499, 209752.1824 ], [ 1059426.063, 209705.0605 ], [ 1059453.8254, 209688.3871 ], [ 1059555.4618, 209619.1145 ], [ 1059668.4998, 209537.1261 ], [ 1059828.4854, 209418.1223 ], [ 1059920.1924, 209334.6113 ], [ 1059976.331, 209282.6867 ], [ 1059865.5744, 209254.2877 ], [ 1059760.0181, 209246.6725 ], [ 1060035.4097, 208111.5391 ], [ 1060152.3234, 207679.0764 ], [ 1059903.2621, 207386.8323 ], [ 1059907.4736, 207369.3574 ], [ 1059791.6073, 206931.7967 ], [ 1059676.8026, 206954.0284 ], [ 1059574.1129, 206465.8675 ], [ 1059240.7242, 206370.8375 ], [ 1059179.5307, 206352.7962 ], [ 1059098.9371, 206334.6953 ], [ 1059026.082, 206323.5408 ], [ 1058952.6557, 206317.8497 ], [ 1058879.2149, 206316.8952 ], [ 1058806.0367, 206320.678 ], [ 1058725.0559, 206338.2818 ], [ 1058542.1947, 205686.2941 ], [ 1058274.1609, 205694.948 ], [ 1058290.3751, 205558.3726 ], [ 1058312.5413, 205469.543 ], [ 1058602.4873, 205456.2203 ], [ 1058735.2639, 205450.0693 ], [ 1058613.2998, 205002.6589 ], [ 1058482.0857, 205040.8767 ], [ 1058233.5265, 205114.0775 ], [ 1058221.7342, 205072.872 ], [ 1058096.0675, 205110.0157 ], [ 1057954.5108, 204629.7592 ], [ 1057831.6239, 204663.6338 ], [ 1057571.9565, 204743.3657 ], [ 1057614.4894, 204884.8553 ], [ 1057370.9245, 204956.6228 ], [ 1057330.6065, 204815.5046 ], [ 1057100.3597, 204882.5785 ], [ 1057104.8123, 204968.9388 ], [ 1057045.4762, 204976.7761 ], [ 1057062.997, 205049.3309 ], [ 1056989.7606, 205071.3356 ], [ 1056970.8299, 205006.792 ], [ 1056845.7256, 205041.7579 ], [ 1056822.6774, 204963.7218 ], [ 1056754.4364, 204983.5562 ], [ 1056667.6052, 205010.2576 ], [ 1056485.6674, 204864.3469 ], [ 1056538.5188, 204800.3816 ], [ 1056458.0643, 204733.105 ], [ 1056470.8625, 204716.7481 ], [ 1056503.4151, 204674.9467 ], [ 1056301.8546, 204508.9406 ], [ 1056100.8413, 204344.3952 ], [ 1055900.6578, 204179.4896 ], [ 1055697.6946, 204016.3991 ], [ 1055495.0069, 203852.9469 ], [ 1055293.9827, 203688.4082 ], [ 1055083.2653, 203520.1996 ], [ 1054874.7729, 203348.356 ], [ 1054672.6337, 203183.0906 ], [ 1054470.7647, 203019.285 ], [ 1054269.1681, 202856.2105 ], [ 1054056.6706, 202723.7104 ], [ 1053853.0752, 202579.2146 ], [ 1053663.9192, 202424.9249 ], [ 1053475.8717, 202269.9111 ], [ 1053245.576, 202056.85 ], [ 1053045.9686, 201870.8385 ], [ 1052902.0706, 201784.4489 ], [ 1052680.9477, 201657.4014 ], [ 1052460.0956, 201531.8141 ], [ 1052233.7095, 201401.8413 ], [ 1052007.593, 201273.6931 ], [ 1051781.7524, 201145.1834 ], [ 1051539.5807, 201007.1579 ], [ 1051433.0263, 200945.6551 ], [ 1051410.0556, 200932.1113 ], [ 1051123.9852, 201432.6426 ], [ 1051116.977, 201461.0412 ], [ 1050887.7762, 201848.7891 ], [ 1051017.8624, 201920.1912 ], [ 1050931.2409, 202070.7867 ], [ 1050776.4273, 202323.9372 ], [ 1050670.7243, 202256.6107 ], [ 1050450.4615, 202116.4699 ], [ 1050393.6941, 202197.197 ], [ 1050351.9667, 202251.7331 ], [ 1050273.2653, 202345.881 ], [ 1050206.8231, 202417.1096 ], [ 1050551.4509, 202590.7416 ], [ 1050536.4401, 202606.3669 ], [ 1050448.901, 202688.8315 ], [ 1050349.996, 202771.9941 ], [ 1050231.9541, 202859.4771 ], [ 1050146.9838, 202915.3535 ], [ 1050065.0826, 202963.9519 ], [ 1049443.3344, 203385.9929 ], [ 1049363.0279, 203461.1941 ], [ 1049321.6115, 203504.803 ], [ 1049226.0858, 203674.326 ], [ 1049177.0733, 203760.1773 ], [ 1049092.9672, 203909.6931 ], [ 1049063.1562, 203967.178 ], [ 1049040.3106, 204011.2012 ] ] ] ] } },
{ "type": "Feature", "properties": { "ZCTA5CE20": "11428", "GEOID20": "11428", "CLASSFP20": "B5", "MTFCC20": "G6350", "FUNCSTAT20": "S", "ALAND20": 2154074, "AWATER20": 0, "INTPTLAT20": "+40.7209926", "INTPTLON20": "-073.7422028" }, "geometry": { "type": "MultiPolygon", "coordinates": [ [ [ [ 1051539.5807, 201007.1579 ], [ 1051781.7524, 201145.1834 ], [ 1052007.593, 201273.6931 ], [ 1052233.7095, 201401.8413 ], [ 1052460.0956, 201531.8141 ], [ 1052680.9477, 201657.4014 ], [ 1052902.0706, 201784.4489 ], [ 1053045.9686, 201870.8385 ], [ 1053245.576, 202056.85 ], [ 1053475.8717, 202269.9111 ], [ 1053663.9192, 202424.9249 ], [ 1053853.0752, 202579.2146 ], [ 1054056.6706, 202723.7104 ], [ 1054269.1681, 202856.2105 ], [ 1054470.7647, 203019.285 ], [ 1054672.6337, 203183.0906 ], [ 1054874.7729, 203348.356 ], [ 1055083.2653, 203520.1996 ], [ 1055293.9827, 203688.4082 ], [ 1055495.0069, 203852.9469 ], [ 1055697.6946, 204016.3991 ], [ 1055900.6578, 204179.4896 ], [ 1056100.8413, 204344.3952 ], [ 1056301.8546, 204508.9406 ], [ 1056503.4151, 204674.9467 ], [ 1056470.8625, 204716.7481 ], [ 1056458.0643, 204733.105 ], [ 1056538.5188, 204800.3816 ], [ 1056485.6674, 204864.3469 ], [ 1056667.6052, 205010.2576 ], [ 1056754.4364, 204983.5562 ], [ 1056822.6774, 204963.7218 ], [ 1056845.7256, 205041.7579 ], [ 1056970.8299, 205006.792 ], [ 1056989.7606, 205071.3356 ], [ 1057062.997, 205049.3309 ], [ 1057045.4762, 204976.7761 ], [ 1057104.8123, 204968.9388 ], [ 1057100.3597, 204882.5785 ], [ 1057330.6065, 204815.5046 ], [ 1057370.9245, 204956.6228 ], [ 1057614.4894, 204884.8553 ], [ 1057571.9565, 204743.3657 ], [ 1057831.6239, 204663.6338 ], [ 1057954.5108, 204629.7592 ], [ 1058096.0675, 205110.0157 ], [ 1058221.7342, 205072.872 ], [ 1058233.5265, 205114.0775 ], [ 1058482.0857, 205040.8767 ], [ 1058613.2998, 205002.6589 ], [ 1058496.9277, 204628.4973 ], [ 1058639.5368, 204580.8419 ], [ 1058638.7522, 204565.5375 ], [ 1058641.3739, 204524.0116 ], [ 1058648.7052, 204483.2288 ], [ 1058660.745, 204443.5534 ], [ 1058671.3834, 204408.9744 ], [ 1058548.1674, 204368.5204 ], [ 1058623.2413, 204109.7097 ], [ 1058747.8556, 204146.525 ], [ 1058821.238, 203897.9111 ], [ 1058895.1807, 203647.8417 ], [ 1058968.8489, 203397.4074 ], [ 1059042.7879, 203149.5246 ], [ 1059115.9025, 202899.8177 ], [ 1059141.9352, 202907.1847 ], [ 1059222.4972, 202669.8884 ], [ 1059228.0927, 202653.1464 ], [ 1059187.9874, 202624.969 ], [ 1059122.4348, 202579.2252 ], [ 1059000.4603, 202492.8669 ], [ 1059177.1485, 201915.5802 ], [ 1059186.6721, 201883.5483 ], [ 1058944.0751, 201809.57 ], [ 1058493.8925, 201723.2999 ], [ 1058434.734, 201851.7284 ], [ 1058381.6205, 201816.2259 ], [ 1058210.2936, 201549.3765 ], [ 1057879.475, 201314.1054 ], [ 1057624.6497, 201155.5782 ], [ 1057608.3677, 200947.8596 ], [ 1057603.8996, 200866.9643 ], [ 1057593.4, 200672.0149 ], [ 1057590.5015, 200622.0926 ], [ 1057018.7007, 200593.4118 ], [ 1057032.239, 200700.9303 ], [ 1055231.5162, 200119.9551 ], [ 1054412.6205, 199831.2103 ], [ 1053822.8706, 199673.5794 ], [ 1052528.31, 199256.024 ], [ 1052436.5355, 199457.9703 ], [ 1052349.6437, 199599.8159 ], [ 1052224.5502, 199524.4131 ], [ 1052213.6845, 199543.6923 ], [ 1052204.2753, 199537.8366 ], [ 1052120.4214, 199684.4278 ], [ 1051790.5834, 200262.4316 ], [ 1051807.7422, 200272.6806 ], [ 1051651.5433, 200518.1706 ], [ 1051433.0263, 200945.6551 ], [ 1051539.5807, 201007.1579 ] ] ] ] } },
{ "type": "Feature", "properties": { "ZCTA5CE20": "11429", "GEOID20": "11429", "CLASSFP20": "B5", "MTFCC20": "G6350", "FUNCSTAT20": "S", "ALAND20": 3420397, "AWATER20": 0, "INTPTLAT20": "+40.7095558", "INTPTLON20": "-073.7384796" }, "geometry": { "type": "MultiPolygon", "coordinates": [ [ [ [ 1052528.31, 199256.024 ], [ 1053822.8706, 199673.5794 ], [ 1054412.6205, 199831.2103 ], [ 1055231.5162, 200119.9551 ], [ 1057032.239, 200700.9303 ], [ 1057018.7007, 200593.4118 ], [ 1057590.5015, 200622.0926 ], [ 1057593.4, 200672.0149 ], [ 1057603.8996, 200866.9643 ], [ 1057608.3677, 200947.8596 ], [ 1057624.6497, 201155.5782 ], [ 1057879.475, 201314.1054 ], [ 1058210.2936, 201549.3765 ], [ 1058381.6205, 201816.2259 ], [ 1058434.734, 201851.7284 ], [ 1058493.8925, 201723.2999 ], [ 1058944.0751, 201809.57 ], [ 1059186.6721, 201883.5483 ], [ 1059250.5678, 201658.5881 ], [ 1059300.4539, 201482.4054 ], [ 1059322.5937, 201404.5067 ], [ 1059388.9835, 201091.0218 ], [ 1059491.3824, 200608.2343 ], [ 1059497.5736, 200578.3782 ], [ 1059512.4825, 200508.4726 ], [ 1059535.8467, 200393.7804 ], [ 1059565.398, 200250.6894 ], [ 1059600.5855, 200078.1051 ], [ 1059635.4951, 199905.8843 ], [ 1059738.5296, 199400.147 ], [ 1059791.176, 199141.2705 ], [ 1059832.562, 198937.7377 ], [ 1059841.5694, 198894.0459 ], [ 1059845.7914, 198873.6564 ], [ 1059888.6428, 198644.9893 ], [ 1059908.661, 198537.5737 ], [ 1059910.9175, 198525.1934 ], [ 1059943.417, 198327.0981 ], [ 1059963.9162, 198065.5716 ], [ 1059965.049, 198057.9242 ], [ 1059923.7299, 197883.2804 ], [ 1059970.0697, 196536.4899 ], [ 1059977.3634, 196331.3938 ], [ 1059988.2888, 196028.6682 ], [ 1060004.6938, 195569.2971 ], [ 1060005.32, 195546.3462 ], [ 1060007.4063, 195499.7183 ], [ 1060008.8858, 195469.8477 ], [ 1060010.3903, 195431.9619 ], [ 1060015.1619, 195324.4989 ], [ 1060020.5244, 195205.3792 ], [ 1060014.2222, 195181.3137 ], [ 1060005.4552, 195147.4035 ], [ 1060018.3859, 195002.0755 ], [ 1060025.4768, 194951.0912 ], [ 1060042.218, 194828.728 ], [ 1060075.1396, 194053.169 ], [ 1060081.2326, 193789.0477 ], [ 1060085.6572, 193615.2754 ], [ 1060086.5064, 193520.9163 ], [ 1060088.8936, 193289.209 ], [ 1060063.3395, 193302.9738 ], [ 1060016.693, 193322.5021 ], [ 1059972.8354, 193336.9386 ], [ 1059940.6298, 193349.5898 ], [ 1059807.645, 193401.2752 ], [ 1059797.9638, 193661.0134 ], [ 1059778.2973, 194189.2328 ], [ 1059769.1655, 194450.7944 ], [ 1059759.1749, 194721.0973 ], [ 1059749.7345, 194992.8593 ], [ 1059744.6143, 195123.6384 ], [ 1058994.503, 195151.1936 ], [ 1058989.36, 195020.3828 ], [ 1058942.7726, 195022.0611 ], [ 1058920.5886, 195022.7216 ], [ 1058924.9046, 195152.0726 ], [ 1058455.4277, 195169.2146 ], [ 1058424.3689, 195170.577 ], [ 1057949.6213, 195188.8057 ], [ 1057915.2408, 195188.3371 ], [ 1057375.3311, 195207.8368 ], [ 1057343.9885, 195211.3858 ], [ 1056835.7005, 195226.985 ], [ 1056227.0091, 195253.2271 ], [ 1056221.5642, 195125.6949 ], [ 1056202.152, 195126.7304 ], [ 1056050.7413, 195133.2046 ], [ 1056024.0323, 195070.0963 ], [ 1055728.3858, 195188.7252 ], [ 1055753.6652, 195266.7665 ], [ 1055772.9003, 195325.8448 ], [ 1055653.561, 195364.1128 ], [ 1055674.4523, 195425.7463 ], [ 1055464.2313, 195348.255 ], [ 1055422.7855, 195488.0368 ], [ 1055269.0609, 195433.3015 ], [ 1055193.7174, 195407.9424 ], [ 1054947.1862, 195325.6133 ], [ 1054702.0471, 195240.7405 ], [ 1054456.6269, 195156.5979 ], [ 1054210.6526, 195071.7276 ], [ 1053944.7223, 194983.5236 ], [ 1053858.6132, 195230.6576 ], [ 1053775.019, 195471.6055 ], [ 1053689.4616, 195720.9278 ], [ 1053596.9457, 195688.9666 ], [ 1053546.8096, 195671.6999 ], [ 1053465.9885, 195914.1142 ], [ 1053381.8356, 196158.7052 ], [ 1053294.3376, 196410.2094 ], [ 1053207.6825, 196658.4372 ], [ 1053268.3421, 196679.3764 ], [ 1053348.9452, 196706.9305 ], [ 1053226.489, 197065.449 ], [ 1053182.8503, 197201.9494 ], [ 1053059.0289, 197163.3434 ], [ 1052927.2726, 197577.5798 ], [ 1052795.801, 197990.7248 ], [ 1052919.3423, 198028.9643 ], [ 1052894.4467, 198107.2252 ], [ 1052877.3829, 198161.0981 ], [ 1052755.2314, 198121.7697 ], [ 1052540.2656, 198750.7295 ], [ 1052674.8793, 198793.7352 ], [ 1052556.57, 199163.5632 ], [ 1052528.31, 199256.024 ] ] ] ] } },
{ "type": "Feature", "properties": { "ZCTA5CE20": "11432", "GEOID20": "11432", "CLASSFP20": "B5", "MTFCC20": "G6350", "FUNCSTAT20": "S", "ALAND20": 5240658, "AWATER20": 0, "INTPTLAT20": "+40.7149339", "INTPTLON20": "-073.7929549" }, "geometry": { "type": "MultiPolygon", "coordinates": [ [ [ [ 1036429.0161, 200779.4408 ], [ 1037305.4627, 201072.4407 ], [ 1037183.6902, 201617.5793 ], [ 1037448.1639, 201732.193 ], [ 1037687.6979, 201842.0185 ], [ 1037924.739, 201950.0191 ], [ 1038013.0751, 201990.2911 ], [ 1038083.9646, 202022.8736 ], [ 1038163.1624, 202058.7539 ], [ 1038388.2834, 202165.2753 ], [ 1038432.864, 202186.5059 ], [ 1038677.1071, 202293.8014 ], [ 1038754.6261, 202335.8734 ], [ 1038918.2931, 202403.6427 ], [ 1039134.0055, 202500.3129 ], [ 1039395.1242, 202619.3124 ], [ 1039633.2614, 202726.2393 ], [ 1039871.9484, 202834.2628 ], [ 1040110.0789, 202942.2873 ], [ 1040289.8447, 202396.5682 ], [ 1040455.9711, 201878.8725 ], [ 1040216.1424, 201782.1349 ], [ 1039966.2793, 201708.694 ], [ 1040108.5774, 201185.112 ], [ 1040219.327, 200761.2851 ], [ 1040320.1286, 200805.6018 ], [ 1040418.4223, 200855.378 ], [ 1040513.6537, 200910.6126 ], [ 1040605.5439, 200972.0333 ], [ 1040676.6721, 201021.019 ], [ 1040750.5788, 201067.0966 ], [ 1040826.9893, 201109.1726 ], [ 1040905.6275, 201146.8822 ], [ 1040986.216, 201180.2245 ], [ 1040916.3517, 201302.8411 ], [ 1041104.1054, 201383.7973 ], [ 1041064.5009, 201487.1748 ], [ 1041188.9772, 201599.6805 ], [ 1041206.5484, 201553.8159 ], [ 1041646.0931, 201710.7849 ], [ 1042075.3647, 201872.4737 ], [ 1042377.4882, 201996.7035 ], [ 1042379.0308, 202162.8425 ], [ 1042332.8726, 202802.4988 ], [ 1042317.3322, 202925.9701 ], [ 1042301.6862, 202977.6679 ], [ 1042279.9224, 203037.7306 ], [ 1042215.2563, 203188.4096 ], [ 1042079.6095, 203465.3427 ], [ 1041972.7382, 203764.9336 ], [ 1042221.9675, 203860.2538 ], [ 1042461.4757, 203963.2041 ], [ 1042605.7274, 204027.6728 ], [ 1042701.5291, 204069.0728 ], [ 1042940.4787, 204172.0266 ], [ 1043180.5315, 204276.4427 ], [ 1043411.1693, 204376.4663 ], [ 1043510.8432, 204420.0649 ], [ 1043650.6637, 204480.8857 ], [ 1043889.8789, 204585.3068 ], [ 1044123.5569, 204686.4377 ], [ 1044227.6601, 204731.1431 ], [ 1044348.0875, 204451.2695 ], [ 1045004.2565, 204737.446 ], [ 1045091.8998, 204492.4699 ], [ 1045133.2061, 204378.5375 ], [ 1045179.542, 204248.5871 ], [ 1045268.3029, 204001.4285 ], [ 1045350.8853, 203787.0445 ], [ 1045487.7581, 203477.7071 ], [ 1045661.3797, 203106.1625 ], [ 1045774.2461, 202866.3535 ], [ 1045819.3779, 202776.4779 ], [ 1045854.7606, 202705.5229 ], [ 1045902.067, 202632.7765 ], [ 1045922.6454, 202606.5969 ], [ 1045956.0263, 202560.0472 ], [ 1045993.0199, 202509.8634 ], [ 1046013.0478, 202482.2251 ], [ 1046102.3925, 202338.1771 ], [ 1046118.5363, 202311.9863 ], [ 1046136.3981, 202264.3044 ], [ 1046284.048, 201866.8307 ], [ 1046236.3882, 201859.7866 ], [ 1046226.4102, 201859.3968 ], [ 1046178.182, 201857.8165 ], [ 1046165.798, 201713.8738 ], [ 1046145.4137, 201663.544 ], [ 1046312.6841, 201399.8304 ], [ 1046349.035, 201276.7791 ], [ 1046241.0632, 201222.9465 ], [ 1046389.8411, 200821.1044 ], [ 1046512.8451, 200850.9304 ], [ 1046647.4821, 200884.4302 ], [ 1046831.1238, 200403.6205 ], [ 1046922.1632, 200144.8154 ], [ 1047020.1114, 199895.1369 ], [ 1046778.8571, 199816.1832 ], [ 1046811.1767, 199753.237 ], [ 1046845.7246, 199686.289 ], [ 1046734.9822, 199629.5324 ], [ 1046725.2307, 199648.4526 ], [ 1046616.4274, 199592.0658 ], [ 1046578.8128, 199665.9286 ], [ 1046541.4766, 199739.4278 ], [ 1046426.245, 199703.428 ], [ 1046295.779, 199662.2891 ], [ 1046336.4608, 199581.1471 ], [ 1046356.8004, 199541.1227 ], [ 1046236.9172, 199480.7017 ], [ 1046228.0014, 199498.1668 ], [ 1046110.3335, 199438.4807 ], [ 1046036.2318, 199580.0171 ], [ 1046063.4134, 199465.6861 ], [ 1046080.2276, 199394.6843 ], [ 1045955.5589, 199362.306 ], [ 1045949.6752, 199386.7013 ], [ 1045830.2762, 199353.244 ], [ 1045817.3928, 199404.9464 ], [ 1045793.027, 199502.5255 ], [ 1045552.3073, 199428.3217 ], [ 1045592.0722, 199270.3022 ], [ 1045411.1586, 199224.6688 ], [ 1045395.7452, 199290.574 ], [ 1045356.9577, 199281.0037 ], [ 1045335.9753, 199356.7319 ], [ 1045315.2001, 199350.1217 ], [ 1045076.1462, 199273.7408 ], [ 1044745.402, 199167.9871 ], [ 1044796.2113, 199026.0244 ], [ 1044681.2655, 198984.2043 ], [ 1044878.3651, 198433.0978 ], [ 1044901.3573, 198440.4419 ], [ 1045157.814, 197661.0503 ], [ 1045198.6272, 197637.8355 ], [ 1045277.5691, 197666.8159 ], [ 1045331.739, 197513.9329 ], [ 1045144.4425, 197465.3708 ], [ 1045090.4144, 197451.3908 ], [ 1044842.1611, 197387.3766 ], [ 1044731.8872, 197359.0482 ], [ 1044652.0902, 197338.8114 ], [ 1044681.1831, 197234.685 ], [ 1044662.6221, 197228.8095 ], [ 1044677.7122, 197181.1197 ], [ 1044648.6238, 197171.939 ], [ 1044633.5337, 197219.6289 ], [ 1044585.8842, 197204.5729 ], [ 1044575.8246, 197236.2447 ], [ 1044501.5829, 197211.6502 ], [ 1044475.8701, 197294.654 ], [ 1044425.9819, 197287.9723 ], [ 1044328.1463, 197274.6142 ], [ 1044445.2139, 196911.3015 ], [ 1044310.8517, 196868.7065 ], [ 1044186.2102, 197268.4342 ], [ 1044055.0715, 197268.4752 ], [ 1043910.0704, 197268.4829 ], [ 1043702.4088, 197269.431 ], [ 1043644.7432, 197268.5613 ], [ 1043376.1281, 197252.6039 ], [ 1043104.6299, 197167.7839 ], [ 1043015.7125, 197134.7788 ], [ 1042835.3143, 197096.8169 ], [ 1042591.8277, 197006.6053 ], [ 1042604.6793, 196965.831 ], [ 1042636.2512, 196864.9872 ], [ 1042447.5886, 196803.6911 ], [ 1042469.7239, 196706.8321 ], [ 1042253.9375, 196625.0699 ], [ 1042228.2457, 196702.2468 ], [ 1042203.3155, 196692.7146 ], [ 1042198.5674, 196707.2766 ], [ 1042116.5734, 196676.4773 ], [ 1041831.2767, 196559.9419 ], [ 1042016.0881, 196143.5861 ], [ 1041685.4129, 195985.0465 ], [ 1041376.1729, 196495.4736 ], [ 1041116.9737, 196361.5201 ], [ 1041191.018, 196236.3637 ], [ 1041059.4828, 196166.4685 ], [ 1041107.9153, 196085.7004 ], [ 1040862.5606, 195957.247 ], [ 1040882.3243, 195923.7747 ], [ 1040811.1672, 195880.9821 ], [ 1040778.3196, 195937.0126 ], [ 1040635.1603, 195856.8914 ], [ 1040787.4889, 195571.2457 ], [ 1040501.014, 195476.2189 ], [ 1040143.3082, 195368.2798 ], [ 1039931.5961, 195314.9655 ], [ 1039726.241, 195270.0473 ], [ 1039178.4947, 195084.8153 ], [ 1039036.6276, 195041.8682 ], [ 1038788.9203, 194963.7082 ], [ 1038560.0384, 194897.9802 ], [ 1038472.705, 195142.6153 ], [ 1038257.6019, 195738.9099 ], [ 1038136.2627, 196067.2668 ], [ 1037999.8598, 196438.582 ], [ 1037873.7821, 196781.503 ], [ 1037773.3826, 197048.3361 ], [ 1037678.838, 197301.338 ], [ 1037585.7023, 197544.8707 ], [ 1037467.6511, 197772.683 ], [ 1037440.9235, 197823.9951 ], [ 1037406.4013, 197889.8634 ], [ 1037520.4931, 197949.8637 ], [ 1037355.6783, 198264.6492 ], [ 1037319.187, 198470.7808 ], [ 1037264.6158, 198450.6234 ], [ 1037229.4801, 198544.1798 ], [ 1037222.7741, 198568.2111 ], [ 1037175.4055, 198550.6199 ], [ 1037151.5826, 198541.824 ], [ 1037060.1187, 198786.0912 ], [ 1036969.2111, 199030.3599 ], [ 1036882.4732, 199270.266 ], [ 1036867.6937, 199566.071 ], [ 1036863.2475, 199826.9225 ], [ 1036859.6392, 200084.8613 ], [ 1037237.1907, 200092.6045 ], [ 1037537.9768, 200089.6194 ], [ 1037528.7551, 200123.1176 ], [ 1037524.5146, 200160.6344 ], [ 1037518.3447, 200193.0464 ], [ 1037076.7038, 200210.2982 ], [ 1036854.0786, 200220.3805 ], [ 1036828.2969, 200220.689 ], [ 1036827.7507, 200344.9248 ], [ 1036795.8714, 200344.8558 ], [ 1036706.521, 200385.4677 ], [ 1036529.1096, 200383.2635 ], [ 1036522.1734, 200514.7722 ], [ 1036486.6921, 200513.9672 ], [ 1036440.2273, 200722.2648 ], [ 1036429.0161, 200779.4408 ] ] ] ] } },
{ "type": "Feature", "properties": { "ZCTA5CE20": "11433", "GEOID20": "11433", "CLASSFP20": "B5", "MTFCC20": "G6350", "FUNCSTAT20": "S", "ALAND20": 3964952, "AWATER20": 0, "INTPTLAT20": "+40.6980905", "INTPTLON20": "-073.7867521" }, "geometry": { "type": "MultiPolygon", "coordinates": [ [ [ [ 1038560.0384, 194897.9802 ], [ 1038788.9203, 194963.7082 ], [ 1039036.6276, 195041.8682 ], [ 1039178.4947, 195084.8153 ], [ 1039726.241, 195270.0473 ], [ 1039931.5961, 195314.9655 ], [ 1040143.3082, 195368.2798 ], [ 1040190.0664, 195291.5136 ], [ 1040392.9867, 194949.8752 ], [ 1040601.2985, 194557.6091 ], [ 1040383.9022, 194441.6128 ], [ 1040070.4248, 194265.6473 ], [ 1039889.4367, 194110.7558 ], [ 1040390.5748, 193714.0599 ], [ 1040476.673, 193774.0093 ], [ 1040684.3588, 193894.72 ], [ 1040893.1585, 194012.5205 ], [ 1041228.6291, 194149.9292 ], [ 1041487.2968, 194283.8824 ], [ 1041191.5594, 194822.7612 ], [ 1041539.9304, 195010.4821 ], [ 1041820.4873, 195146.3122 ], [ 1041777.8111, 195253.3244 ], [ 1041571.8256, 195594.2154 ], [ 1041500.0076, 195714.2752 ], [ 1041424.0141, 195841.612 ], [ 1041215.2447, 195718.7063 ], [ 1040787.4889, 195571.2457 ], [ 1040635.1603, 195856.8914 ], [ 1040778.3196, 195937.0126 ], [ 1040811.1672, 195880.9821 ], [ 1040882.3243, 195923.7747 ], [ 1040862.5606, 195957.247 ], [ 1041107.9153, 196085.7004 ], [ 1041059.4828, 196166.4685 ], [ 1041191.018, 196236.3637 ], [ 1041116.9737, 196361.5201 ], [ 1041376.1729, 196495.4736 ], [ 1041685.4129, 195985.0465 ], [ 1042016.0881, 196143.5861 ], [ 1041831.2767, 196559.9419 ], [ 1042116.5734, 196676.4773 ], [ 1042198.5674, 196707.2766 ], [ 1042203.3155, 196692.7146 ], [ 1042228.2457, 196702.2468 ], [ 1042253.9375, 196625.0699 ], [ 1042469.7239, 196706.8321 ], [ 1042447.5886, 196803.6911 ], [ 1042636.2512, 196864.9872 ], [ 1042604.6793, 196965.831 ], [ 1042591.8277, 197006.6053 ], [ 1042835.3143, 197096.8169 ], [ 1043015.7125, 197134.7788 ], [ 1043104.6299, 197167.7839 ], [ 1043376.1281, 197252.6039 ], [ 1043644.7432, 197268.5613 ], [ 1043702.4088, 197269.431 ], [ 1043910.0704, 197268.4829 ], [ 1044055.0715, 197268.4752 ], [ 1044186.2102, 197268.4342 ], [ 1044310.8517, 196868.7065 ], [ 1044445.2139, 196911.3015 ], [ 1044328.1463, 197274.6142 ], [ 1044425.9819, 197287.9723 ], [ 1044475.8701, 197294.654 ], [ 1044501.5829, 197211.6502 ], [ 1044575.8246, 197236.2447 ], [ 1044585.8842, 197204.5729 ], [ 1044633.5337, 197219.6289 ], [ 1044648.6238, 197171.939 ], [ 1044677.7122, 197181.1197 ], [ 1044662.6221, 197228.8095 ], [ 1044681.1831, 197234.685 ], [ 1044652.0902, 197338.8114 ], [ 1044731.8872, 197359.0482 ], [ 1044842.1611, 197387.3766 ], [ 1045090.4144, 197451.3908 ], [ 1045144.4425, 197465.3708 ], [ 1045331.739, 197513.9329 ], [ 1045418.4041, 197228.5153 ], [ 1045518.4114, 197260.0999 ], [ 1045595.9987, 197057.3632 ], [ 1045690.4661, 197087.1129 ], [ 1045726.7552, 197099.2276 ], [ 1046137.0193, 197234.3435 ], [ 1046215.1923, 197021.4091 ], [ 1046405.7356, 196343.5112 ], [ 1046457.6107, 196332.7141 ], [ 1046441.1777, 196253.6122 ], [ 1046504.3966, 196035.9041 ], [ 1046559.6794, 195885.9414 ], [ 1046643.5913, 195708.7276 ], [ 1047198.1406, 194525.7183 ], [ 1047130.8987, 194472.7161 ], [ 1047437.6396, 193913.5355 ], [ 1048057.1161, 193062.6207 ], [ 1047932.8962, 192953.3598 ], [ 1047723.6601, 192799.7932 ], [ 1047513.8667, 192646.2269 ], [ 1047304.6206, 192494.4856 ], [ 1047093.7146, 192340.1915 ], [ 1046883.3605, 192185.9006 ], [ 1046673.8348, 192031.9781 ], [ 1046635.6413, 192002.7335 ], [ 1046423.0639, 191848.0767 ], [ 1046162.8708, 191660.1462 ], [ 1046005.6073, 191561.7409 ], [ 1045998.3157, 191593.7835 ], [ 1045956.3864, 191833.7708 ], [ 1045904.1161, 192105.793 ], [ 1045856.9993, 192314.4349 ], [ 1045635.9937, 192202.0259 ], [ 1045412.5472, 192067.0243 ], [ 1045192.4264, 191821.2766 ], [ 1045017.4505, 191707.5314 ], [ 1044790.9246, 191580.9075 ], [ 1045043.0635, 191113.3725 ], [ 1044815.6976, 190987.8392 ], [ 1044587.4974, 190862.306 ], [ 1044476.3372, 191067.5125 ], [ 1044461.2934, 191095.1643 ], [ 1044233.9289, 190967.8148 ], [ 1044267.3665, 190903.4109 ], [ 1044355.1413, 190734.2143 ], [ 1044124.4431, 190607.5863 ], [ 1043932.5142, 190502.9155 ], [ 1043651.9099, 190369.2472 ], [ 1043476.2764, 190290.4874 ], [ 1043307.0016, 190219.3952 ], [ 1043142.9589, 190163.2544 ], [ 1042855.5937, 190069.6552 ], [ 1042709.8299, 190023.0341 ], [ 1042593.1739, 189981.22 ], [ 1042382.8415, 189913.3147 ], [ 1042302.3481, 190057.397 ], [ 1042188.5152, 189994.4604 ], [ 1042197.7062, 189978.0875 ], [ 1041839.3133, 189777.9466 ], [ 1041463.4656, 189567.9331 ], [ 1041405.2489, 189675.6377 ], [ 1041350.4088, 189644.9051 ], [ 1041278.1195, 189604.2946 ], [ 1041164.7681, 189807.325 ], [ 1041337.8601, 189910.1079 ], [ 1041218.0935, 190129.1535 ], [ 1041044.1518, 190034.3848 ], [ 1040931.6329, 190238.8755 ], [ 1041103.3541, 190334.0027 ], [ 1040975.2438, 190565.0529 ], [ 1040796.3218, 190466.2666 ], [ 1040644.4221, 190672.8531 ], [ 1040611.0446, 190715.4022 ], [ 1040503.628, 190875.0942 ], [ 1040619.9519, 190940.2147 ], [ 1040501.8581, 191160.3608 ], [ 1040431.5098, 191121.2146 ], [ 1040378.8869, 191091.9465 ], [ 1040325.13, 191193.4706 ], [ 1040259.1204, 191317.1906 ], [ 1040190.6383, 191431.0682 ], [ 1040038.7682, 191629.6433 ], [ 1039923.0844, 191770.0094 ], [ 1039868.0227, 191837.2844 ], [ 1039781.5323, 191945.2926 ], [ 1039844.6384, 191997.9005 ], [ 1039864.014, 192013.6111 ], [ 1039786.4213, 192111.4384 ], [ 1039768.9843, 192096.8254 ], [ 1039688.3394, 192195.7391 ], [ 1039656.5084, 192169.799 ], [ 1039578.9278, 192262.8907 ], [ 1039611.3101, 192290.2893 ], [ 1039528.7195, 192391.7494 ], [ 1039571.9082, 192422.8158 ], [ 1039507.1086, 192505.3713 ], [ 1039537.8302, 192531.3087 ], [ 1039525.5958, 192545.8541 ], [ 1039555.7644, 192571.0615 ], [ 1039529.0697, 192603.4262 ], [ 1039550.382, 192620.9625 ], [ 1039411.545, 192702.9855 ], [ 1039378.346, 192669.0274 ], [ 1039152.015, 193306.0932 ], [ 1039117.4184, 193400.0123 ], [ 1039051.5429, 193592.5945 ], [ 1038998.6664, 193800.508 ], [ 1038939.3402, 194040.8325 ], [ 1039033.6351, 194401.7324 ], [ 1039123.0226, 194601.5874 ], [ 1038996.3487, 194582.7206 ], [ 1038725.9815, 194468.0772 ], [ 1038672.1621, 194603.8519 ], [ 1038606.6758, 194749.4376 ], [ 1038560.0384, 194897.9802 ] ] ] ] } },
{ "type": "Feature", "properties": { "ZCTA5CE20": "11439", "GEOID20": "11439", "CLASSFP20": "B5", "MTFCC20": "G6350", "FUNCSTAT20": "S", "ALAND20": 385423, "AWATER20": 0, "INTPTLAT20": "+40.7219354", "INTPTLON20": "-073.7945866" }, "geometry": { "type": "MultiPolygon", "coordinates": [ [ [ [ 1039966.2793, 201708.694 ], [ 1040216.1424, 201782.1349 ], [ 1040455.9711, 201878.8725 ], [ 1040289.8447, 202396.5682 ], [ 1040110.0789, 202942.2873 ], [ 1040349.0388, 203050.3162 ], [ 1040586.3361, 203157.2505 ], [ 1040826.9523, 203266.3809 ], [ 1041039.3259, 203361.9673 ], [ 1041286.3062, 203474.0318 ], [ 1041532.4563, 203584.6396 ], [ 1041972.7382, 203764.9336 ], [ 1042079.6095, 203465.3427 ], [ 1042215.2563, 203188.4096 ], [ 1042279.9224, 203037.7306 ], [ 1042301.6862, 202977.6679 ], [ 1042317.3322, 202925.9701 ], [ 1042332.8726, 202802.4988 ], [ 1042379.0308, 202162.8425 ], [ 1042377.4882, 201996.7035 ], [ 1042075.3647, 201872.4737 ], [ 1041646.0931, 201710.7849 ], [ 1041206.5484, 201553.8159 ], [ 1041188.9772, 201599.6805 ], [ 1041064.5009, 201487.1748 ], [ 1041104.1054, 201383.7973 ], [ 1040916.3517, 201302.8411 ], [ 1040986.216, 201180.2245 ], [ 1040905.6275, 201146.8822 ], [ 1040826.9893, 201109.1726 ], [ 1040750.5788, 201067.0966 ], [ 1040676.6721, 201021.019 ], [ 1040605.5439, 200972.0333 ], [ 1040513.6537, 200910.6126 ], [ 1040418.4223, 200855.378 ], [ 1040320.1286, 200805.6018 ], [ 1040219.327, 200761.2851 ], [ 1040108.5774, 201185.112 ], [ 1039966.2793, 201708.694 ] ] ] ] } }
]
}
